questionable	-5.97	1.00
garbage	-5.46	1.87
jerk	-5.46	2.25
painful	-5.34	2.10
complained	-5.33	2.14
suck	-5.32	1.57
practices	-5.17	1.25
crappy	-5.14	2.10
dislike	-5.09	1.85
unusable	-5.08	2.31
inconsistent	-4.96	2.33
washed	-4.73	2.70
ugh	-4.72	1.64
hideous	-4.69	2.11
logos	-4.68	1.82
grain	-4.63	2.25
ugly	-4.62	2.08
stupid	-4.61	1.90
sucks	-4.60	1.71
rid	-4.56	1.98
nightmare	-4.50	2.02
defending	-4.43	2.13
hating	-4.41	2.81
circlejerk	-4.40	2.50
unacceptable	-4.40	2.00
anti	-4.32	2.29
piece	-4.32	1.93
horribly	-4.25	2.33
bashing	-4.22	2.48
horrendous	-4.22	1.51
absurd	-4.17	1.93
fanboys	-4.15	2.52
circle	-4.15	2.55
bash	-4.14	2.47
wiz	-4.14	2.10
fanboy	-4.12	2.22
ridiculous	-4.05	2.12
burned	-4.03	2.23
truth	-4.03	2.21
complete	-3.98	1.96
touchwiz	-3.98	2.12
trash	-3.97	1.59
department	-3.96	2.51
pisses	-3.96	1.77
defend	-3.93	2.39
compared	-3.92	2.52
absolute	-3.91	2.29
ruined	-3.91	2.13
atrocious	-3.87	1.56
ruin	-3.83	2.14
shitty	-3.82	2.12
annoys	-3.81	1.66
tw	-3.71	2.53
bloated	-3.69	1.41
train	-3.67	2.73
retarded	-3.63	1.74
crap	-3.63	1.43
lies	-3.62	2.08
outdated	-3.60	1.78
misleading	-3.57	2.32
bitch	-3.53	2.25
bullshit	-3.53	1.36
pile	-3.53	1.41
utter	-3.53	1.38
complain	-3.52	2.55
pathetic	-3.52	2.00
trolling	-3.49	2.10
bloatware	-3.49	1.33
sucked	-3.49	2.29
flawed	-3.47	2.51
talks	-3.46	3.15
mediocre	-3.45	2.36
mentality	-3.45	2.43
relationship	-3.44	2.72
slap	-3.42	1.31
mess	-3.39	1.61
rip	-3.38	2.48
bs	-3.36	1.09
goddamn	-3.34	1.82
asks	-3.30	3.26
utterly	-3.30	2.10
junk	-3.26	1.31
preferred	-3.23	2.59
false	-3.21	2.69
disaster	-3.20	1.43
state	-3.20	3.07
fucked	-3.19	1.61
laggy	-3.18	1.59
decides	-3.18	3.23
cry	-3.18	2.49
le	-3.16	2.71
known	-3.16	2.29
unreliable	-3.12	1.70
itt	-3.11	3.04
buggy	-3.11	1.66
nonsense	-3.10	1.09
omg	-3.08	2.38
idiots	-3.08	1.26
poor	-3.06	2.39
fucking	-3.02	1.94
shady	-2.99	0.94
whining	-2.97	1.99
preinstalled	-2.97	1.21
clunky	-2.95	1.70
crippled	-2.94	1.48
inaccurate	-2.93	1.30
unnecessary	-2.92	1.28
pointless	-2.91	1.47
pays	-2.90	3.68
buys	-2.90	3.69
lying	-2.90	3.09
sticks	-2.90	1.24
customer	-2.89	2.37
logo	-2.89	1.22
dumb	-2.89	2.21
bitching	-2.88	1.85
sick	-2.85	2.46
bloat	-2.84	1.38
overpriced	-2.83	1.48
sees	-2.82	3.66
troll	-2.80	1.04
piss	-2.79	1.08
ignorant	-2.78	1.16
likes	-2.78	3.76
downvoting	-2.75	1.73
cares	-2.74	3.36
wants	-2.73	3.65
slow	-2.73	1.61
stand	-2.71	2.35
unfair	-2.71	1.10
total	-2.71	1.31
scenario	-2.69	2.55
balls	-2.68	1.26
skins	-2.64	1.32
redundant	-2.64	1.38
knows	-2.64	3.51
ditched	-2.63	2.94
obnoxious	-2.63	1.26
hurts	-2.62	0.89
hilarious	-2.62	2.12
thinks	-2.62	3.59
silly	-2.62	2.15
useless	-2.61	1.36
dated	-2.60	1.73
sluggish	-2.59	1.60
swear	-2.58	1.79
downvoted	-2.58	1.76
owns	-2.56	3.48
ass	-2.55	1.44
fucks	-2.55	1.00
confusing	-2.54	1.59
pos	-2.52	1.12
finds	-2.51	3.52
uses	-2.51	3.64
meaningless	-2.50	1.27
downvote	-2.50	1.72
tired	-2.48	2.73
somewhere	-2.46	3.55
improved	-2.45	2.36
business	-2.45	0.72
screw	-2.45	1.15
lacking	-2.40	2.10
dicks	-2.39	1.06
illegal	-2.38	0.76
lie	-2.36	0.91
lagging	-2.34	1.29
voting	-2.33	1.62
practice	-2.33	0.88
mad	-2.31	2.08
irrelevant	-2.30	1.22
gigantic	-2.28	1.39
prefer	-2.27	2.69
shit	-2.27	1.50
assholes	-2.27	1.42
obsolete	-2.27	1.36
meh	-2.27	2.09
software	-2.25	1.15
ex	-2.25	2.71
ancient	-2.25	3.34
asshole	-2.25	1.29
justified	-2.25	1.22
lame	-2.24	2.32
enormous	-2.22	1.50
waste	-2.22	1.04
unstable	-2.18	1.41
weak	-2.18	1.71
dump	-2.17	1.02
r/apple	-2.17	1.86
blogspam	-2.17	0.83
puts	-2.15	1.45
clearly	-2.15	3.39
voted	-2.15	1.50
cluttered	-2.14	1.60
pre-installed	-2.14	1.07
cumbersome	-2.14	1.58
cheap	-2.14	1.55
jokes	-2.13	1.09
fuck	-2.12	2.23
fan	-2.12	2.22
king	-2.12	1.14
poorly	-2.11	1.31
especially	-2.10	2.52
relative	-2.10	1.48
worse	-2.10	2.53
giant	-2.10	1.02
fly	-2.09	1.13
story	-2.08	3.10
implying	-2.08	3.24
dick	-2.08	1.32
skin	-2.06	1.37
fans	-2.04	1.87
suggesting	-2.04	3.04
complaining	-2.03	1.90
green	-2.02	1.49
scheme	-2.01	1.40
bias	-2.00	1.48
marketing	-1.98	1.14
pure	-1.97	0.99
screwed	-1.96	2.10
unreasonable	-1.96	1.20
above	-1.96	3.59
jumped	-1.95	3.59
orange	-1.94	1.47
facts	-1.94	1.45
aswell	-1.94	2.31
blurry	-1.93	1.52
votes	-1.92	1.41
bothers	-1.91	1.46
onscreen	-1.91	1.25
excessive	-1.91	1.14
overlay	-1.91	1.33
acceptable	-1.91	2.20
slows	-1.90	1.21
vague	-1.89	2.74
samsungs	-1.88	1.30
regards	-1.88	1.10
severely	-1.88	1.49
ea	-1.87	0.77
insane	-1.86	2.05
remove	-1.86	1.04
massive	-1.84	1.31
mentioning	-1.84	1.38
quality	-1.84	1.77
rant	-1.84	1.40
hard	-1.83	2.83
their	-1.83	1.23
filled	-1.83	0.88
re	-1.83	3.29
idiot	-1.82	1.13
worthless	-1.81	1.33
principle	-1.81	0.83
loses	-1.79	2.07
kick	-1.79	1.10
tries	-1.78	2.20
huge	-1.78	1.29
right	-1.78	3.52
destroyed	-1.77	1.13
pieces	-1.76	1.04
annoying	-1.76	2.65
horse	-1.76	1.16
manages	-1.76	2.36
terribly	-1.74	1.49
incompatible	-1.74	1.14
sarcastic	-1.74	3.10
contacted	-1.73	0.83
understood	-1.73	3.20
apply	-1.73	0.93
biggest	-1.73	2.96
policies	-1.73	0.61
limited	-1.72	1.46
boring	-1.72	1.64
pointing	-1.72	3.24
claiming	-1.71	1.33
pain	-1.71	1.18
downvotes	-1.70	1.47
bad	-1.69	2.14
reminds	-1.69	2.73
eat	-1.69	1.02
intrusive	-1.69	1.31
reputation	-1.68	1.34
ditch	-1.67	1.19
drunk	-1.67	1.14
world	-1.66	3.41
inconvenient	-1.66	1.82
behaviour	-1.66	0.73
behavior	-1.66	0.71
shade	-1.66	1.23
approval	-1.65	0.96
intentionally	-1.64	0.99
stating	-1.63	1.62
lazy	-1.63	1.26
whatnot	-1.63	0.91
virus	-1.62	0.77
thrown	-1.62	0.71
frustrating	-1.62	2.63
meanwhile	-1.62	0.63
shits	-1.61	1.13
logical	-1.61	1.17
americans	-1.60	1.34
awkward	-1.60	1.61
contrast	-1.60	1.52
bulky	-1.60	1.34
attempts	-1.59	0.86
angles	-1.59	1.55
jumping	-1.59	1.62
became	-1.58	1.08
quit	-1.58	1.59
vanilla	-1.57	1.44
malware	-1.57	0.75
affected	-1.57	0.96
reception	-1.57	1.50
ball	-1.56	1.02
evil	-1.56	0.58
tells	-1.55	2.52
reasonable	-1.55	1.33
attitude	-1.54	0.89
calibration	-1.54	1.51
greatest	-1.54	3.35
destroy	-1.54	1.14
ignoring	-1.53	1.03
needs	-1.52	2.53
tiny	-1.52	1.36
oem	-1.52	1.23
affects	-1.51	0.75
killed	-1.50	1.16
sits	-1.49	0.90
monster	-1.49	1.32
branding	-1.49	1.17
uninstall	-1.49	1.02
phenomenal	-1.49	2.00
thankfully	-1.48	0.72
crowd	-1.48	1.45
cared	-1.48	1.62
incorrect	-1.44	3.55
viewing	-1.44	1.48
fail	-1.44	1.06
says	-1.43	2.00
saying	-1.43	3.31
corporation	-1.43	0.75
entitled	-1.43	1.47
talked	-1.43	1.49
bleed	-1.42	1.34
blind	-1.42	1.53
lack	-1.42	1.35
ignore	-1.41	1.11
saturation	-1.41	1.50
laying	-1.41	0.91
blew	-1.40	2.75
arguing	-1.40	1.74
antenna	-1.39	1.45
failure	-1.39	0.94
loaded	-1.39	0.85
removes	-1.39	0.85
micromax	-1.38	1.09
police	-1.38	0.79
removing	-1.38	0.99
funny	-1.38	2.72
seriously	-1.38	2.42
dim	-1.37	1.36
colours	-1.37	1.55
acting	-1.37	1.31
karma	-1.37	1.12
unrelated	-1.36	0.97
owned	-1.36	3.56
specs	-1.36	1.49
throwing	-1.36	0.91
policy	-1.35	0.54
part	-1.35	2.79
piracy	-1.34	0.59
clarify	-1.33	3.53
scam	-1.33	0.79
praise	-1.33	2.51
express	-1.33	0.77
vote	-1.33	1.23
statements	-1.33	1.70
crazy	-1.32	2.05
vary	-1.32	1.13
biased	-1.32	0.94
dangerous	-1.31	1.22
buyer	-1.31	1.33
virtually	-1.31	1.17
distracting	-1.31	1.47
knox	-1.30	1.10
talking	-1.30	2.97
menus	-1.30	1.29
beyond	-1.29	1.04
tape	-1.29	0.79
upvoted	-1.29	1.59
demanding	-1.29	1.32
stock	-1.29	1.58
secondly	-1.28	0.83
sub	-1.28	1.45
ips	-1.27	1.50
businesses	-1.27	0.52
standing	-1.27	1.14
sue	-1.26	0.84
frustration	-1.26	0.92
spin	-1.26	1.05
law	-1.25	0.67
strong	-1.25	1.14
dot	-1.25	0.98
sells	-1.25	1.43
comments	-1.25	1.33
adds	-1.25	0.83
r/android	-1.25	1.43
flying	-1.25	0.95
claim	-1.24	1.11
implies	-1.24	2.09
mandatory	-1.24	1.02
mentions	-1.24	1.51
abandoned	-1.24	0.76
sometimes	-1.23	1.10
hurt	-1.23	1.08
applied	-1.23	0.64
merely	-1.22	1.56
claimed	-1.22	0.95
max	-1.22	0.90
wins	-1.21	2.03
notch	-1.20	2.18
longest	-1.20	1.00
complicated	-1.20	1.63
sit	-1.20	1.05
rep	-1.19	1.01
excuse	-1.19	1.00
amounts	-1.19	1.29
affect	-1.19	1.04
staff	-1.19	0.99
blame	-1.19	0.99
tier	-1.18	1.40
average	-1.18	1.89
walk	-1.18	1.17
color	-1.17	1.27
hanging	-1.17	1.11
evidence	-1.17	1.29
combined	-1.17	1.21
pr	-1.17	1.05
creepy	-1.17	1.55
stellar	-1.17	2.13
wild	-1.17	0.88
legally	-1.16	0.68
equal	-1.16	1.62
picks	-1.16	2.02
legitimate	-1.16	0.82
valid	-1.15	1.13
logic	-1.15	1.02
management	-1.15	1.08
whole	-1.15	1.01
claims	-1.15	1.52
discussion	-1.15	1.23
hide	-1.15	0.98
empty	-1.15	0.74
forgetting	-1.14	1.75
unlike	-1.14	0.85
debate	-1.14	1.10
speculation	-1.14	1.27
stop	-1.14	1.72
colour	-1.14	1.26
offerings	-1.14	1.28
neutrality	-1.14	0.64
suits	-1.14	0.73
kills	-1.14	0.99
headline	-1.13	1.19
whilst	-1.13	1.18
insecure	-1.13	0.89
layer	-1.12	0.73
fastest	-1.12	3.14
red	-1.12	1.17
life	-1.12	1.47
meant	-1.11	3.37
drives	-1.11	1.24
dots	-1.11	0.92
against	-1.11	1.31
title	-1.11	1.52
earth	-1.11	0.76
easiest	-1.11	2.72
behind	-1.10	0.80
warm	-1.10	1.24
rude	-1.09	1.24
constant	-1.09	1.20
font	-1.09	1.17
specially	-1.09	0.94
hides	-1.08	0.94
disagree	-1.08	3.12
proven	-1.07	1.32
bike	-1.07	0.95
ride	-1.07	1.11
hire	-1.06	0.83
redditors	-1.06	1.29
disabled	-1.06	0.98
hamburger	-1.06	1.29
enjoyed	-1.05	2.60
judge	-1.04	1.03
shame	-1.04	2.31
nature	-1.04	0.78
butt	-1.04	0.87
big	-1.04	1.04
reduced	-1.04	1.26
laugh	-1.04	1.44
screwing	-1.04	1.13
modifications	-1.03	0.95
refuses	-1.03	1.75
basis	-1.03	0.68
confuse	-1.03	1.24
theft	-1.03	0.73
blue	-1.03	1.18
upvotes	-1.03	1.12
fees	-1.03	1.35
stopped	-1.03	1.46
tough	-1.03	2.58
blow	-1.02	1.07
protector	-1.02	0.89
pink	-1.02	1.18
reads	-1.02	2.97
skills	-1.02	1.22
accuracy	-1.02	1.30
cuz	-1.01	1.03
table	-1.01	1.02
trademark	-1.01	0.64
saturated	-1.01	1.32
raised	-1.01	0.86
negligible	-1.01	0.98
spread	-1.01	0.73
who	-1.01	2.44
states	-1.01	0.79
hacked	-1.01	0.89
patent	-1.01	0.80
colors	-1.01	1.45
equally	-1.00	1.28
misunderstood	-1.00	3.32
small	-1.00	1.01
employees	-1.00	1.00
industry	-0.99	0.77
arbitrary	-0.99	1.12
norm	-0.99	1.02
deserve	-0.99	1.00
aside	-0.99	0.97
asked	-0.99	1.77
threw	-0.98	0.79
opinions	-0.98	1.18
anecdotal	-0.98	1.16
middle	-0.98	1.21
varies	-0.98	0.81
lay	-0.97	0.97
bottom	-0.97	0.91
hole	-0.97	0.80
standards	-0.97	0.53
grey	-0.97	1.12
dog	-0.97	0.99
badly	-0.97	1.05
discuss	-0.96	1.05
buttons	-0.96	1.05
extreme	-0.96	1.03
competing	-0.96	1.42
act	-0.96	0.98
includes	-0.96	0.70
greater	-0.95	1.32
rights	-0.95	0.79
joke	-0.95	1.55
obvious	-0.94	1.27
decrease	-0.94	1.22
white	-0.94	1.16
ignorance	-0.94	1.03
corporate	-0.94	0.71
team	-0.94	0.87
trend	-0.93	0.79
darker	-0.93	1.16
tos	-0.93	0.77
people	-0.92	1.22
weird	-0.92	2.43
uncomfortable	-0.92	1.24
top	-0.92	1.08
bound	-0.92	0.76
fee	-0.92	1.32
methods	-0.92	0.57
titles	-0.92	0.94
bed	-0.92	1.05
zone	-0.92	0.76
reducing	-0.92	1.15
desk	-0.92	1.05
charges	-0.91	1.29
significant	-0.91	0.93
whereas	-0.91	0.78
traditional	-0.91	1.06
aosp	-0.91	1.25
walking	-0.91	0.95
flagships	-0.90	1.30
yellow	-0.90	1.10
improves	-0.90	1.17
archive	-0.90	0.76
large	-0.90	1.07
on-screen	-0.90	1.03
brighter	-0.89	1.57
fonts	-0.89	1.30
serious	-0.89	0.77
black	-0.89	1.06
colored	-0.88	1.05
gray	-0.88	1.13
fighting	-0.88	0.98
laws	-0.88	0.45
constantly	-0.88	1.40
liked	-0.88	2.85
spam	-0.88	0.73
ridiculously	-0.88	1.45
bag	-0.87	0.79
decent	-0.87	2.04
pissed	-0.87	3.25
made	-0.87	0.85
subject	-0.87	0.94
enthusiast	-0.87	0.99
isnt	-0.86	1.24
eating	-0.86	0.78
lags	-0.86	1.43
blur	-0.86	0.67
flappy	-0.86	0.82
spots	-0.85	0.75
sued	-0.85	0.71
licensing	-0.85	0.89
placement	-0.85	0.83
navigating	-0.85	1.00
bird	-0.85	0.82
sitting	-0.85	1.04
shut	-0.85	0.84
areas	-0.85	1.17
compete	-0.84	1.31
falls	-0.84	0.94
commute	-0.84	1.03
rest	-0.84	1.18
cup	-0.84	0.78
slower	-0.84	1.44
capacitive	-0.84	1.04
increased	-0.83	1.25
levels	-0.83	0.85
nobody	-0.83	2.32
increase	-0.83	1.28
confused	-0.83	2.94
salt	-0.83	0.60
knowing	-0.83	1.92
guidelines	-0.83	1.19
opposed	-0.83	1.17
dark	-0.83	1.08
travel	-0.82	0.89
passing	-0.82	1.29
selection	-0.82	1.16
strange	-0.82	2.62
wasted	-0.82	0.77
bundled	-0.82	0.68
film	-0.82	0.87
gold	-0.81	1.32
brightness	-0.81	1.03
keeps	-0.81	1.58
pay	-0.81	1.28
copyright	-0.81	0.59
matters	-0.81	0.80
hot	-0.81	1.23
killing	-0.80	1.05
referring	-0.80	3.45
correctly	-0.80	3.29
banned	-0.80	1.03
front	-0.80	0.91
odd	-0.80	2.53
lacks	-0.80	0.67
arms	-0.80	0.94
stated	-0.80	1.43
negative	-0.80	0.91
miui	-0.80	1.16
priced	-0.79	1.10
generic	-0.79	0.81
expensive	-0.79	1.31
pointed	-0.79	1.58
covering	-0.79	0.69
bus	-0.79	1.20
arrow	-0.79	0.93
processing	-0.79	0.55
subjective	-0.78	1.31
engineering	-0.78	0.89
culture	-0.78	0.59
monthly	-0.78	1.31
sake	-0.77	1.09
upper	-0.77	1.07
increases	-0.77	1.23
proof	-0.77	0.78
asleep	-0.77	0.87
exclusivity	-0.77	0.69
comparable	-0.77	1.59
engineers	-0.77	0.87
noise	-0.77	0.65
bill	-0.77	1.27
rules	-0.77	0.68
teams	-0.77	0.79
sunlight	-0.77	1.12
corners	-0.77	0.89
consumer	-0.77	0.86
overly	-0.76	1.22
low	-0.76	1.58
confusion	-0.76	1.15
stories	-0.76	0.90
banking	-0.76	0.63
visibility	-0.75	1.10
ux	-0.75	1.26
permissions	-0.75	1.01
substantial	-0.75	0.87
circular	-0.75	1.02
ripped	-0.75	0.75
describing	-0.75	1.44
brain	-0.75	0.70
competitor	-0.75	1.04
legal	-0.74	0.58
major	-0.74	0.92
abandon	-0.74	0.86
scores	-0.74	0.64
doesnt	-0.74	1.75
becomes	-0.74	1.22
route	-0.74	0.90
walked	-0.74	0.90
border	-0.74	0.84
acts	-0.73	1.34
net	-0.73	0.59
nav	-0.73	0.74
corner	-0.73	1.12
station	-0.73	0.95
corporations	-0.73	0.74
race	-0.73	1.16
restrictions	-0.73	0.63
told	-0.73	2.16
arguments	-0.73	1.12
legit	-0.73	0.99
speaker	-0.73	0.79
causing	-0.73	0.78
googles	-0.73	0.77
avoid	-0.73	1.09
conclusion	-0.73	1.54
cold	-0.72	1.06
eu	-0.72	0.53
responsible	-0.72	0.91
noticeably	-0.72	1.60
contain	-0.72	0.77
conditions	-0.72	0.94
grow	-0.72	0.84
messed	-0.72	2.89
payment	-0.72	0.58
standpoint	-0.72	0.97
responses	-0.72	1.30
tone	-0.72	0.97
excellent	-0.72	1.93
traveling	-0.71	0.84
competitive	-0.71	0.97
stops	-0.71	1.38
position	-0.71	0.95
regard	-0.71	1.13
light	-0.71	1.03
hidden	-0.71	0.74
often	-0.71	1.12
rush	-0.71	1.09
standardized	-0.71	0.80
name	-0.70	0.57
deny	-0.70	1.03
seemingly	-0.70	0.86
metric	-0.70	0.81
balance	-0.70	0.88
relies	-0.70	0.71
tint	-0.69	0.96
designers	-0.69	0.88
denying	-0.69	1.36
ti	-0.69	0.74
return	-0.69	0.79
clone	-0.69	0.82
wall	-0.69	0.67
customers	-0.69	0.83
prove	-0.69	1.20
zero	-0.68	0.81
payments	-0.68	0.58
reflect	-0.68	0.74
article	-0.68	1.21
lose	-0.68	0.82
actively	-0.68	1.21
infinite	-0.68	1.39
filter	-0.67	0.64
forces	-0.67	1.48
comparison	-0.67	0.98
minority	-0.67	0.69
dies	-0.67	0.95
government	-0.67	0.61
due	-0.67	0.76
vastly	-0.67	1.56
intentional	-0.67	1.36
objective	-0.67	0.75
explained	-0.67	1.69
navigation	-0.67	0.72
feelings	-0.66	0.88
kept	-0.66	1.69
food	-0.66	0.69
unknown	-0.66	0.61
europe	-0.66	1.28
deserves	-0.66	0.80
topic	-0.66	0.96
bummer	-0.66	2.81
apparent	-0.66	1.22
commented	-0.66	1.18
country	-0.66	1.31
comparing	-0.65	1.34
stopping	-0.65	1.66
underneath	-0.65	0.69
applies	-0.65	0.65
figures	-0.65	0.66
versus	-0.65	0.98
cardboard	-0.65	0.84
plain	-0.65	1.25
backgrounds	-0.65	1.04
area	-0.65	0.73
ads	-0.65	0.71
interests	-0.64	0.74
america	-0.64	1.32
city	-0.64	0.71
dynamic	-0.64	0.88
disappointed	-0.64	3.33
tagged	-0.64	1.13
whoever	-0.64	1.37
purely	-0.64	0.74
completely	-0.64	1.08
service	-0.64	1.00
countries	-0.64	1.26
customized	-0.63	1.04
ad	-0.63	0.69
consistently	-0.63	1.49
opinion	-0.63	1.22
holo	-0.63	1.19
hiding	-0.63	0.71
named	-0.63	0.62
copying	-0.63	0.63
banks	-0.63	0.55
indicator	-0.63	0.84
portion	-0.62	0.74
high	-0.62	1.39
ignored	-0.62	1.29
directions	-0.62	0.89
purple	-0.62	0.98
reaction	-0.62	1.32
together	-0.62	0.76
importantly	-0.62	0.84
property	-0.62	0.57
r/androidcirclejerk	-0.62	1.50
ages	-0.62	0.73
bright	-0.61	1.18
discussing	-0.61	1.37
reduce	-0.61	1.08
signs	-0.61	1.03
china	-0.61	1.21
persistent	-0.61	0.80
lower	-0.61	1.34
transparent	-0.61	0.81
here	-0.61	0.84
situations	-0.61	0.91
self	-0.61	0.89
wallet	-0.61	0.56
candy	-0.61	0.71
agreement	-0.61	0.51
debit	-0.61	0.57
compare	-0.61	1.25
bar	-0.61	0.74
located	-0.61	0.68
branded	-0.60	1.24
higher	-0.60	1.34
strength	-0.60	0.95
permission	-0.60	1.05
status	-0.60	0.78
space	-0.60	0.69
meaningful	-0.60	0.82
korea	-0.60	1.30
tricky	-0.60	1.35
subreddits	-0.60	1.03
naming	-0.60	0.71
paying	-0.60	1.24
license	-0.60	0.53
copies	-0.60	0.70
usa	-0.60	1.29
execution	-0.60	1.32
structure	-0.59	0.72
defense	-0.59	1.01
hype	-0.59	0.95
said	-0.59	1.70
conversion	-0.59	0.74
park	-0.59	0.66
points	-0.59	1.00
scratch	-0.59	0.80
court	-0.59	0.79
gun	-0.59	0.79
thick	-0.59	1.21
posts	-0.59	0.94
scratched	-0.59	0.81
explicitly	-0.59	1.37
bulk	-0.59	0.75
tax	-0.58	0.56
hence	-0.58	1.49
mistaken	-0.58	3.10
established	-0.58	0.70
wtf	-0.58	1.62
paper	-0.58	0.78
preventing	-0.58	1.56
start	-0.58	1.46
thread	-0.58	1.12
currentc	-0.58	0.55
installs	-0.58	0.65
benchmark	-0.58	0.67
advertisement	-0.58	0.77
throw	-0.58	0.74
ton	-0.58	0.77
fault	-0.57	0.75
bezel	-0.57	0.79
reasoning	-0.57	1.05
nand	-0.57	0.98
understandable	-0.57	1.23
forgotten	-0.57	0.98
blog	-0.57	0.78
cheaper	-0.57	1.30
left	-0.57	1.22
dig	-0.57	0.86
subreddit	-0.57	1.03
stable	-0.57	0.99
partners	-0.57	0.62
increasing	-0.57	1.18
nfc	-0.56	0.54
signal	-0.56	0.99
positive	-0.56	1.10
listed	-0.56	1.03
argument	-0.56	1.08
everybody	-0.56	2.96
terminals	-0.56	0.53
android-related	-0.56	0.97
articles	-0.56	0.75
inspired	-0.56	0.99
requires	-0.56	1.01
accurate	-0.55	1.33
below	-0.55	1.43
filters	-0.55	0.63
driving	-0.55	0.72
division	-0.55	0.99
shares	-0.55	1.24
shape	-0.54	0.94
india	-0.54	1.25
subs	-0.54	1.00
caused	-0.54	0.73
restricted	-0.54	0.64
hits	-0.54	1.04
typical	-0.54	1.79
massively	-0.54	1.24
asia	-0.54	1.21
clarity	-0.54	1.09
joe	-0.54	2.10
started	-0.54	1.38
repeat	-0.54	0.61
deleting	-0.54	0.75
outside	-0.54	1.06
loyalty	-0.54	0.87
sized	-0.53	0.96
benchmarks	-0.53	0.69
addressed	-0.53	0.68
thicker	-0.53	1.34
mp3	-0.53	0.69
elements	-0.53	1.36
improving	-0.53	0.97
mid-range	-0.53	1.14
par	-0.53	2.23
minor	-0.53	0.86
cuts	-0.53	0.65
ban	-0.53	0.91
shorter	-0.53	1.38
compares	-0.53	1.17
without	-0.53	1.52
requested	-0.53	1.03
malicious	-0.53	0.71
bigger	-0.53	1.32
protectors	-0.53	0.75
drastically	-0.52	1.31
holds	-0.52	0.71
analogy	-0.52	0.74
immersive	-0.52	0.71
isis	-0.52	0.57
gimmicks	-0.52	1.10
navbar	-0.52	0.72
called	-0.52	0.59
enthusiasts	-0.52	0.83
background	-0.52	0.82
among	-0.52	0.65
vast	-0.51	0.62
uninstalled	-0.51	0.68
algorithms	-0.51	0.57
temperature	-0.51	0.83
md	-0.51	1.25
overhaul	-0.51	1.00
random	-0.51	1.04
us	-0.51	1.21
taste	-0.51	0.72
while	-0.51	1.15
enables	-0.51	1.01
main	-0.51	0.91
drains	-0.51	0.67
retailers	-0.51	0.52
placed	-0.51	0.68
angry	-0.51	1.44
serve	-0.50	0.64
noticeable	-0.50	0.82
slight	-0.50	0.88
mainly	-0.50	0.75
put	-0.50	0.73
accept	-0.50	0.61
consuming	-0.50	1.05
presentation	-0.50	0.93
angle	-0.50	0.88
subscribers	-0.50	0.65
midrange	-0.50	1.13
users	-0.50	0.80
sense	-0.49	1.05
independent	-0.49	0.77
substantially	-0.49	1.44
lately	-0.49	1.21
lights	-0.49	0.79
agree	-0.49	3.18
everyday	-0.49	0.72
asking	-0.49	1.71
influence	-0.49	0.69
copy	-0.49	0.71
replying	-0.49	1.72
opposite	-0.49	1.52
comparisons	-0.49	0.69
energy	-0.49	0.86
ratings	-0.49	0.66
verge	-0.49	0.73
exists	-0.48	1.11
improve	-0.48	1.32
lag	-0.48	1.07
normal	-0.48	0.76
altogether	-0.48	0.85
causes	-0.48	0.68
advertising	-0.48	0.67
compromised	-0.48	0.61
significantly	-0.48	1.43
consume	-0.48	0.76
support	-0.48	0.73
wasting	-0.47	0.82
associated	-0.47	0.58
comment	-0.47	1.96
somebody	-0.47	2.09
thinner	-0.47	1.41
perception	-0.47	0.76
blogs	-0.47	0.65
based	-0.47	0.73
challenge	-0.47	0.90
returns	-0.47	0.57
according	-0.47	0.80
performing	-0.47	1.04
halfway	-0.47	0.81
controlled	-0.46	0.68
depending	-0.46	0.77
stronger	-0.46	1.38
side	-0.46	1.11
disabling	-0.46	0.71
longer	-0.46	1.25
contrary	-0.46	0.88
generally	-0.46	0.99
general	-0.46	0.71
peace	-0.46	0.68
stick	-0.46	1.09
amount	-0.46	0.73
disappointing	-0.46	2.39
starbucks	-0.46	0.57
differ	-0.45	0.69
instead	-0.45	1.63
fell	-0.45	0.91
delete	-0.45	0.71
block	-0.45	0.72
fragmentation	-0.45	0.76
unfortunate	-0.45	2.44
heavier	-0.45	1.43
drops	-0.45	0.60
full	-0.45	0.79
engadget	-0.45	0.75
reported	-0.45	0.59
transactions	-0.45	0.59
author	-0.45	1.68
accepted	-0.45	0.53
national	-0.45	0.72
marketed	-0.45	0.61
practically	-0.45	0.77
mostly	-0.45	0.95
appropriate	-0.45	0.98
chunk	-0.44	0.68
faster	-0.44	1.35
appstore	-0.44	0.64
gives	-0.44	1.04
processes	-0.44	0.74
apple	-0.44	0.79
e.g	-0.44	0.74
rumor	-0.44	0.86
sufficient	-0.44	1.39
australia	-0.44	0.88
deleted	-0.44	1.13
habits	-0.44	0.70
inherently	-0.44	0.97
threads	-0.44	0.99
room	-0.44	0.61
aimed	-0.44	0.74
coffee	-0.44	0.64
occasionally	-0.44	0.83
hands	-0.44	0.82
maximum	-0.44	1.08
direction	-0.44	1.13
deep	-0.43	0.84
extra	-0.43	0.69
patents	-0.43	0.53
dependent	-0.43	0.63
overflow	-0.43	0.73
themselves	-0.43	0.81
bars	-0.43	0.73
grown	-0.43	1.08
backlight	-0.43	1.00
experimental	-0.43	0.77
miss	-0.43	2.56
ap	-0.43	0.70
slightly	-0.43	1.42
improvements	-0.43	1.01
true	-0.43	3.32
considerably	-0.43	1.41
symbol	-0.43	0.99
floor	-0.43	0.59
mods	-0.43	0.88
requiring	-0.43	0.78
lighting	-0.43	0.91
road	-0.43	0.63
usual	-0.42	0.72
steal	-0.42	0.59
security	-0.42	0.67
transaction	-0.42	0.61
luxury	-0.42	0.76
else	-0.42	1.81
xda	-0.42	1.02
occur	-0.42	0.89
widely	-0.42	0.71
drove	-0.42	0.99
icon	-0.42	0.94
testing	-0.42	0.78
forum	-0.42	0.96
replacement	-0.42	0.78
described	-0.42	0.94
draining	-0.42	0.70
edge	-0.42	0.96
rates	-0.42	0.73
quote	-0.42	1.78
locking	-0.42	0.74
accessories	-0.42	0.69
monopoly	-0.42	0.58
population	-0.41	1.06
suffer	-0.41	0.69
united	-0.41	0.82
gets	-0.41	1.29
cut	-0.41	0.62
promotion	-0.41	0.78
mentioned	-0.41	1.10
magnets	-0.41	0.78
ars	-0.41	0.77
hold	-0.41	0.98
oddly	-0.41	1.17
commercials	-0.41	1.01
lead	-0.41	0.65
visible	-0.41	0.78
financial	-0.41	0.66
audio	-0.41	0.78
visa	-0.41	0.57
physical	-0.41	1.05
ambient	-0.40	0.83
impossible	-0.40	1.18
about	-0.40	1.65
level	-0.40	0.85
managed	-0.40	1.53
baked	-0.40	0.75
frequent	-0.40	0.81
aware	-0.40	2.98
elsewhere	-0.40	1.42
handling	-0.40	0.90
boxes	-0.40	0.67
topics	-0.40	0.83
reviews	-0.40	0.67
refund	-0.40	0.61
north	-0.40	0.75
optimization	-0.39	0.98
regarding	-0.39	0.74
larger	-0.39	1.20
preferences	-0.39	0.69
kill	-0.39	0.79
competitors	-0.39	0.85
dealing	-0.39	1.28
request	-0.39	1.02
high-end	-0.39	1.07
dialog	-0.39	0.93
missing	-0.39	2.89
protect	-0.39	0.62
compression	-0.39	0.65
label	-0.39	0.63
ai	-0.39	1.43
output	-0.39	0.79
tower	-0.39	0.71
carrying	-0.39	0.81
reverse	-0.39	0.66
warrant	-0.39	0.73
requirement	-0.38	0.65
care	-0.38	1.34
fraction	-0.38	0.67
being	-0.38	0.99
breaks	-0.38	0.66
fool	-0.38	0.96
efficiency	-0.38	1.20
cause	-0.38	0.70
implementations	-0.38	0.73
vision	-0.38	0.67
utilize	-0.38	0.79
minimum	-0.38	0.67
performance	-0.38	1.09
cc	-0.38	0.57
birds	-0.38	0.77
region	-0.38	0.56
japan	-0.38	0.88
success	-0.38	0.74
assuming	-0.38	3.15
inferior	-0.38	1.92
square	-0.38	1.08
tinted	-0.38	0.67
statement	-0.38	1.48
majority	-0.38	0.57
instance	-0.38	0.71
game	-0.38	1.14
confidence	-0.38	0.87
harder	-0.37	1.28
despite	-0.37	0.83
spec	-0.37	0.83
specifically	-0.37	1.73
extent	-0.37	0.66
pricing	-0.37	0.80
tests	-0.37	0.64
modified	-0.37	0.81
south	-0.37	0.81
wiki	-0.37	0.79
crashes	-0.37	0.87
protection	-0.37	0.55
clash	-0.37	1.00
trouble	-0.37	1.66
fails	-0.37	1.22
bank	-0.37	0.55
fake	-0.37	0.59
taxes	-0.36	0.55
credit	-0.36	0.64
mouth	-0.36	0.73
relevant	-0.36	1.03
besides	-0.36	0.82
section	-0.36	0.83
recognized	-0.36	0.60
commonly	-0.36	0.56
freeze	-0.36	0.76
tend	-0.36	0.88
responded	-0.36	1.95
wide	-0.36	0.96
excited	-0.36	3.18
eyes	-0.36	0.81
blocking	-0.36	0.64
measure	-0.36	0.75
guessing	-0.35	2.88
replied	-0.35	2.11
seller	-0.35	0.54
inside	-0.35	0.70
feed	-0.35	0.67
context	-0.35	1.84
posted	-0.35	0.87
minds	-0.35	0.89
choices	-0.35	0.66
central	-0.35	0.50
paypal	-0.35	0.57
responsibility	-0.35	0.79
estate	-0.35	0.70
limit	-0.35	0.65
lcd	-0.35	1.06
tldr	-0.35	0.89
range	-0.35	1.05
occasional	-0.35	0.82
improvement	-0.35	0.88
parts	-0.35	0.83
ops	-0.35	0.67
objectively	-0.35	1.10
stars	-0.35	0.61
targeting	-0.35	0.74
disappointment	-0.35	0.86
pops	-0.35	0.98
limiting	-0.35	0.77
presence	-0.35	0.55
disappear	-0.35	0.74
wrote	-0.35	1.56
saves	-0.35	0.67
frequently	-0.34	0.88
perform	-0.34	1.01
heat	-0.34	0.80
site	-0.34	0.71
review	-0.34	0.66
case	-0.34	0.84
furthermore	-0.34	0.67
scary	-0.34	2.09
real	-0.34	0.95
brand	-0.34	0.89
invest	-0.34	0.68
strategy	-0.34	0.89
blank	-0.34	0.68
crashed	-0.34	0.77
falling	-0.34	0.61
company	-0.34	1.04
traffic	-0.34	0.58
greenify	-0.34	0.65
performs	-0.34	1.38
boost	-0.34	0.88
retailer	-0.34	0.59
chart	-0.34	0.68
than	-0.33	1.46
phones	-0.33	0.90
theme	-0.33	1.08
desired	-0.33	0.68
carrier	-0.33	1.10
apples	-0.33	0.73
hardware	-0.33	0.85
supports	-0.33	0.89
concrete	-0.33	0.56
gimmick	-0.33	1.19
decisions	-0.33	0.72
regularly	-0.33	0.76
depend	-0.33	0.65
<SPECIAL>	-0.33	0.56
<URL>	-0.33	0.56
insurance	-0.33	0.53
anonymous	-0.33	0.64
fraud	-0.33	0.59
newsstand	-0.33	0.82
wakelocks	-0.33	0.65
proprietary	-0.32	0.60
ground	-0.32	0.56
whenever	-0.32	1.02
lost	-0.32	0.64
samsung	-0.32	2.19
down	-0.32	1.03
adaway	-0.32	0.64
frankly	-0.32	1.12
led	-0.32	0.85
hit	-0.32	1.06
impact	-0.32	0.73
wars	-0.32	0.95
tizen	-0.32	0.87
adding	-0.32	0.96
latency	-0.32	1.03
tech	-0.32	0.65
included	-0.32	0.80
userbase	-0.32	0.55
arena	-0.32	0.61
providing	-0.32	0.96
beats	-0.32	1.31
sun	-0.32	0.87
center	-0.32	0.62
hell	-0.32	1.34
loose	-0.32	0.73
paragraph	-0.32	1.89
subscribed	-0.31	0.72
toilet	-0.31	0.64
dropped	-0.31	0.59
values	-0.31	0.66
oled	-0.31	1.02
reaching	-0.31	1.12
visit	-0.31	0.78
one-handed	-0.31	0.83
whatsoever	-0.31	0.68
scenarios	-0.31	0.72
along	-0.31	0.80
needing	-0.31	1.26
counter	-0.31	0.75
granted	-0.31	0.71
subscribe	-0.31	0.71
leaves	-0.31	0.57
read	-0.31	1.02
experiences	-0.30	0.74
tag	-0.30	0.62
cars	-0.30	0.63
readers	-0.30	0.52
campaign	-0.30	0.83
stealing	-0.30	0.60
onto	-0.30	0.59
star	-0.30	0.64
cases	-0.30	0.63
naturally	-0.30	0.83
complaints	-0.30	0.87
locked	-0.30	0.86
leads	-0.30	0.59
distance	-0.30	0.73
hand	-0.30	0.97
limits	-0.30	0.65
counts	-0.30	0.66
internally	-0.30	0.82
labels	-0.30	0.64
wakelock	-0.30	0.62
reach	-0.30	1.14
fat	-0.30	0.71
differently	-0.30	1.04
hdmi	-0.30	0.73
doors	-0.30	0.74
science	-0.30	0.80
leave	-0.30	0.85
heavily	-0.29	0.78
face	-0.29	0.71
limitations	-0.29	0.64
targeted	-0.29	0.61
warranty	-0.29	0.57
rounded	-0.29	0.95
rule	-0.29	0.77
framework	-0.29	0.65
reviewers	-0.29	0.74
invested	-0.29	0.68
post	-0.29	1.01
action	-0.29	0.76
percentage	-0.29	0.55
requirements	-0.29	0.55
xprivacy	-0.29	0.61
strictly	-0.29	0.79
budget	-0.29	1.04
waze	-0.29	0.61
terminal	-0.29	0.94
genuinely	-0.29	1.53
permanent	-0.29	0.62
anandtech	-0.29	0.63
argue	-0.29	1.19
views	-0.29	0.68
paint	-0.28	0.84
live	-0.28	0.72
owners	-0.28	1.24
resources	-0.28	0.69
low-end	-0.28	1.02
reached	-0.28	0.68
brick	-0.28	0.73
linked	-0.28	1.23
additional	-0.28	0.67
street	-0.28	0.57
reboots	-0.28	0.79
photographer	-0.28	1.02
prompt	-0.28	0.98
recommendations	-0.28	0.88
additionally	-0.28	0.64
episode	-0.28	0.75
connectivity	-0.28	0.80
displaying	-0.28	0.79
test	-0.28	0.61
stutters	-0.28	1.08
landscape	-0.28	0.73
simply	-0.27	1.63
gravitybox	-0.27	0.65
consumers	-0.27	0.82
stress	-0.27	0.68
savings	-0.27	0.69
disable	-0.27	0.68
transparency	-0.27	0.76
raise	-0.27	0.76
24/7	-0.27	0.66
sales	-0.27	0.55
juice	-0.27	0.67
dungeon	-0.27	0.92
narrow	-0.27	0.82
pocket	-0.27	0.69
circles	-0.27	0.97
loss	-0.27	0.67
rare	-0.27	1.58
blocks	-0.26	0.59
crashing	-0.26	0.80
length	-0.26	0.93
fair	-0.26	1.22
germany	-0.26	0.75
stage	-0.26	0.82
density	-0.26	1.00
pressy	-0.26	0.59
masses	-0.26	0.63
cards	-0.26	0.54
end	-0.26	1.01
guaranteed	-0.26	0.69
bother	-0.26	1.52
incredibly	-0.26	1.26
speaking	-0.26	0.86
western	-0.26	0.75
hdr	-0.25	0.65
maps	-0.25	0.57
professional	-0.25	0.59
id	-0.25	0.75
per	-0.25	0.57
responding	-0.25	2.00
patterns	-0.25	0.66
supporting	-0.25	0.77
hack	-0.25	0.64
telling	-0.25	1.84
style	-0.25	0.99
casual	-0.25	0.70
classic	-0.25	0.85
gains	-0.25	0.67
crack	-0.25	0.61
gap	-0.25	0.62
threat	-0.24	0.70
abuse	-0.24	0.63
canada	-0.24	0.73
lesser	-0.24	1.17
collection	-0.24	0.54
mute	-0.24	0.74
mod	-0.24	0.70
partner	-0.24	0.53
compromises	-0.24	1.08
consumption	-0.24	0.91
products	-0.24	0.65
leading	-0.24	0.85
standard	-0.24	0.60
limitation	-0.24	0.64
disk	-0.24	0.67
drop	-0.24	0.58
shots	-0.24	0.68
currency	-0.24	0.57
fill	-0.24	0.60
tends	-0.24	0.72
bundle	-0.24	0.56
drag	-0.24	1.03
score	-0.24	0.63
gain	-0.24	0.59
menu	-0.24	0.67
demand	-0.24	0.56
returned	-0.24	1.35
sounded	-0.24	1.40
protocol	-0.24	0.83
pool	-0.24	0.64
content	-0.24	0.57
refer	-0.24	1.33
similarly	-0.24	1.01
terms	-0.23	1.10
speed	-0.23	1.01
module	-0.23	0.62
suite	-0.23	0.57
price	-0.23	0.79
primary	-0.23	0.77
0	-0.23	0.57
lighter	-0.23	1.32
crush	-0.23	0.87
fcc	-0.23	0.55
changed	-0.23	0.80
become	-0.23	1.04
sends	-0.23	1.15
shattered	-0.23	0.61
prevents	-0.23	1.64
sites	-0.22	0.63
primarily	-0.22	0.63
brazil	-0.22	0.74
converted	-0.22	1.00
copied	-0.22	0.56
european	-0.22	0.57
optimizations	-0.22	0.79
voltage	-0.22	0.70
installer	-0.22	0.64
iso	-0.22	0.68
own	-0.22	0.59
loud	-0.22	0.79
randomly	-0.22	0.85
earn	-0.22	0.63
apps	-0.22	0.58
commercial	-0.22	0.96
mount	-0.22	0.58
popularity	-0.22	0.66
replies	-0.22	1.19
height	-0.22	0.90
permanently	-0.21	0.73
cat	-0.21	1.01
prices	-0.21	0.78
surprising	-0.21	2.36
blocked	-0.21	0.61
tinkering	-0.21	1.03
xposed	-0.21	0.62
torrent	-0.21	0.53
term	-0.21	1.34
forums	-0.21	0.89
prevent	-0.21	1.53
speakers	-0.21	0.81
tall	-0.21	0.99
begin	-0.21	0.78
stayed	-0.21	1.36
i.e	-0.21	0.88
folks	-0.21	1.15
medium	-0.21	0.85
modules	-0.21	0.61
shutter	-0.21	0.80
effort	-0.21	0.84
human	-0.21	0.68
knew	-0.21	1.46
caps	-0.21	0.75
former	-0.20	0.94
asian	-0.20	0.65
noticing	-0.20	1.03
exposure	-0.20	0.65
adoption	-0.20	0.57
remaining	-0.20	0.60
audience	-0.20	0.67
navigate	-0.20	0.88
installed	-0.20	0.70
contains	-0.20	0.58
handsets	-0.20	0.83
everywhere	-0.20	0.64
bored	-0.20	2.12
portrait	-0.20	0.74
effectively	-0.20	0.94
played	-0.20	0.97
handled	-0.20	0.84
slider	-0.20	0.68
smaller	-0.20	1.13
move	-0.20	0.97
drawer	-0.20	0.72
downloads	-0.19	0.56
iirc	-0.19	0.87
percent	-0.19	0.59
jealous	-0.19	2.96
distribution	-0.19	0.53
preference	-0.19	0.95
experiment	-0.19	1.04
systems	-0.19	0.56
availability	-0.19	0.60
sound	-0.19	0.79
created	-0.19	0.52
thickness	-0.19	1.03
manufacturing	-0.19	0.61
condition	-0.19	0.84
rma	-0.19	0.89
christ	-0.19	1.56
better	-0.19	1.63
goal	-0.19	0.61
slightest	-0.19	0.61
damage	-0.19	0.59
dammit	-0.19	1.47
circumstances	-0.19	0.67
door	-0.19	0.60
exposed	-0.19	0.60
treated	-0.19	0.67
iap	-0.19	0.64
role	-0.19	0.59
eg	-0.19	0.60
affordable	-0.18	1.06
offering	-0.18	0.64
u.s	-0.18	0.73
finished	-0.18	0.81
wider	-0.18	1.12
employee	-0.18	0.87
exchange	-0.18	0.55
nah	-0.18	1.56
covers	-0.18	0.55
adjust	-0.18	0.69
starts	-0.18	1.07
markets	-0.18	0.83
rgb	-0.18	0.96
promote	-0.18	0.66
clever	-0.18	2.35
latter	-0.18	0.88
matches	-0.18	0.89
product	-0.18	0.61
easier	-0.18	1.21
sidebar	-0.18	0.95
keep	-0.18	1.40
costs	-0.18	0.63
pirate	-0.17	0.64
worthy	-0.17	0.92
graphic	-0.17	0.87
separately	-0.17	0.97
comfortably	-0.17	0.74
static	-0.17	0.56
planet	-0.17	2.06
round	-0.17	1.03
remind	-0.17	0.87
partially	-0.17	0.92
impression	-0.17	1.73
critical	-0.17	0.73
scene	-0.17	0.53
names	-0.17	0.99
he	-0.17	1.93
power	-0.17	0.71
temporary	-0.17	0.80
manufacture	-0.17	0.58
discover	-0.17	0.54
entire	-0.17	1.09
selling	-0.16	0.75
suggested	-0.16	1.27
access	-0.16	0.69
income	-0.16	0.49
exception	-0.16	0.63
shop	-0.16	0.54
represent	-0.16	0.52
places	-0.16	0.56
components	-0.16	0.70
jump	-0.16	1.07
r/androidquestions	-0.16	0.87
largely	-0.16	0.69
spend	-0.16	0.64
drain	-0.16	0.68
experiencing	-0.16	0.62
degrees	-0.16	0.64
require	-0.16	0.82
depends	-0.16	0.98
redesign	-0.15	0.94
ebay	-0.15	0.60
specify	-0.15	0.62
forcing	-0.15	1.66
card	-0.15	0.55
mb	-0.15	0.68
around	-0.15	0.90
digital	-0.15	0.54
sky	-0.15	0.73
dropping	-0.15	0.63
providers	-0.15	0.54
provides	-0.15	0.61
anybody	-0.15	1.71
buyers	-0.15	0.88
gps	-0.15	0.62
resulting	-0.15	0.86
accepting	-0.15	1.02
compatibility	-0.15	0.58
stores	-0.15	0.50
breaker	-0.15	1.07
questions	-0.15	0.86
decided	-0.15	1.59
map	-0.15	0.64
designed	-0.15	0.74
pulls	-0.15	0.57
personal	-0.14	1.02
subsidized	-0.14	0.69
cities	-0.14	0.63
fork	-0.14	0.69
poster	-0.14	1.84
alot	-0.14	0.94
under	-0.14	0.55
towards	-0.14	0.81
discussed	-0.14	0.86
charged	-0.14	0.58
developing	-0.14	0.60
older	-0.14	1.27
functioning	-0.14	0.67
analysis	-0.14	0.91
stats	-0.14	0.58
glasses	-0.14	0.71
description	-0.14	1.35
amoled	-0.14	0.99
niche	-0.14	0.62
temporarily	-0.14	0.66
engineer	-0.14	0.73
decently	-0.14	1.14
confirmed	-0.14	0.79
radio	-0.14	0.63
widespread	-0.14	0.79
locations	-0.14	0.55
brings	-0.14	0.61
subscription	-0.13	0.55
sudden	-0.13	0.67
perspective	-0.13	0.66
focusing	-0.13	0.69
fortunately	-0.13	1.01
defined	-0.13	0.63
car	-0.13	0.58
links	-0.13	0.70
popular	-0.13	1.10
taller	-0.13	1.14
mainstream	-0.13	0.67
login	-0.13	0.90
organization	-0.13	0.63
judging	-0.13	0.72
short	-0.13	0.80
projects	-0.13	0.64
detail	-0.13	0.70
margin	-0.13	0.60
flight	-0.13	0.93
foot	-0.13	0.56
tad	-0.13	1.21
thumb	-0.13	1.12
change	-0.13	0.71
cap	-0.13	0.76
save	-0.13	0.58
noted	-0.13	1.31
equipment	-0.13	0.62
charger	-0.13	0.56
meet	-0.13	0.65
headphones	-0.12	0.65
flagship	-0.12	1.03
controlling	-0.12	0.59
favor	-0.12	0.83
holding	-0.12	1.04
internals	-0.12	1.26
shot	-0.12	0.67
removed	-0.12	0.78
upside	-0.12	0.66
important	-0.12	1.16
activities	-0.12	0.61
handed	-0.12	0.86
added	-0.12	0.79
building	-0.12	0.63
ultimately	-0.12	0.70
reporting	-0.12	0.58
orientation	-0.12	0.64
margins	-0.12	0.71
most	-0.12	0.95
stretch	-0.12	1.02
trim	-0.12	0.90
ships	-0.12	0.96
habit	-0.12	1.38
awake	-0.12	0.61
usage	-0.12	0.62
noob	-0.12	1.36
and/or	-0.11	0.77
serves	-0.11	0.61
suited	-0.11	0.63
browse	-0.11	0.63
lunch	-0.11	0.81
4mp	-0.11	0.71
posting	-0.11	0.95
solely	-0.11	0.65
paid	-0.11	0.59
struggle	-0.11	0.96
stolen	-0.11	0.54
apks	-0.11	0.58
modes	-0.11	0.65
covered	-0.11	0.57
comfortable	-0.11	1.02
intended	-0.11	1.06
stations	-0.11	0.54
ear	-0.11	0.66
cost	-0.11	0.66
quicker	-0.11	1.36
verification	-0.11	0.88
void	-0.11	0.68
pass	-0.11	0.91
mix	-0.11	0.53
mechanism	-0.11	0.85
optimize	-0.11	0.63
rarely	-0.11	0.99
cover	-0.11	0.59
electronics	-0.11	0.58
stereo	-0.11	0.64
lived	-0.11	0.60
wherever	-0.11	0.93
bootloaders	-0.11	0.73
modify	-0.11	0.65
designing	-0.10	0.75
carry	-0.10	0.66
heading	-0.10	1.14
trip	-0.10	0.66
yo	-0.10	1.28
idle	-0.10	0.69
failing	-0.10	0.94
r/pickanandroidforme	-0.10	0.85
podcast	-0.10	0.68
indicate	-0.10	1.25
turned	-0.10	0.63
wifi	-0.10	0.75
joking	-0.10	1.86
complaint	-0.10	0.83
hat	-0.10	0.88
collect	-0.10	0.69
scaling	-0.10	0.82
town	-0.10	0.54
panels	-0.10	0.98
headphone	-0.10	0.64
definition	-0.10	0.87
broken	-0.10	0.72
drivers	-0.10	0.62
tweak	-0.10	0.62
zoom	-0.10	0.65
explain	-0.10	1.40
competition	-0.09	0.68
solved	-0.09	0.65
pie	-0.09	0.72
billions	-0.09	0.60
install	-0.09	0.63
vice	-0.09	0.60
camera	-0.09	0.83
talk	-0.09	0.99
bold	-0.09	0.90
polish	-0.09	0.91
lens	-0.09	0.64
gsmarena	-0.09	0.57
numbers	-0.09	0.67
capacity	-0.09	0.77
toward	-0.09	0.81
pulling	-0.09	1.06
harm	-0.09	0.85
living	-0.09	0.86
website	-0.09	0.65
companies	-0.09	0.51
tiles	-0.09	0.84
interfaces	-0.09	1.12
gimmicky	-0.09	1.12
patented	-0.09	0.56
moves	-0.08	0.63
battery	-0.08	0.75
statistics	-0.08	0.81
reference	-0.08	1.07
activity	-0.08	0.60
ended	-0.08	1.64
achieve	-0.08	0.63
reading	-0.08	0.67
download	-0.08	0.60
overnight	-0.08	0.57
import	-0.08	0.43
sole	-0.08	0.61
volume	-0.08	0.65
sleeping	-0.08	0.72
flat	-0.08	0.95
upon	-0.08	0.81
oems	-0.08	0.61
lifetime	-0.08	0.61
photo	-0.08	0.65
everytime	-0.08	0.74
items	-0.08	0.58
necessary	-0.08	0.96
proper	-0.08	1.76
jack	-0.08	0.64
width	-0.08	0.97
ending	-0.08	0.89
dslr	-0.08	0.60
match	-0.08	1.00
essential	-0.08	0.74
custom	-0.08	0.78
appears	-0.07	0.66
putting	-0.07	1.15
chargers	-0.07	0.57
mkbhd	-0.07	0.98
bonus	-0.07	0.57
justify	-0.07	0.97
arent	-0.07	0.91
accident	-0.07	0.75
changes	-0.07	0.70
segment	-0.07	0.75
tweaks	-0.07	0.67
waking	-0.07	0.65
adopted	-0.07	0.69
advertise	-0.07	0.68
becoming	-0.07	0.88
downloading	-0.07	0.96
tags	-0.07	0.63
philosophy	-0.07	0.88
publicity	-0.07	0.97
forced	-0.07	1.79
less	-0.07	1.13
installing	-0.07	0.64
equivalent	-0.07	1.21
photography	-0.07	0.67
creative	-0.07	0.58
sheet	-0.06	0.55
spare	-0.06	0.63
optional	-0.06	0.64
alert	-0.06	0.60
defective	-0.06	0.61
mixed	-0.06	0.90
research	-0.06	0.66
marked	-0.06	0.66
such	-0.06	0.96
scrolling	-0.06	1.17
dpi	-0.06	0.76
enabling	-0.06	0.60
demographic	-0.06	0.65
thoughts	-0.06	1.07
vertical	-0.06	0.66
brought	-0.06	0.65
peoples	-0.06	0.73
failed	-0.06	0.86
rss	-0.06	0.60
feeds	-0.06	0.57
existing	-0.06	0.63
track	-0.06	0.59
shooting	-0.06	0.65
trivial	-0.05	1.09
ringtone	-0.05	0.80
particularly	-0.05	1.16
raw	-0.05	0.60
adapt	-0.05	0.63
burn	-0.05	0.77
browsing	-0.05	0.59
difficulty	-0.05	1.09
foreign	-0.05	0.48
dedicated	-0.05	0.54
ask	-0.05	1.32
sorta	-0.05	1.45
gravity	-0.05	0.62
potential	-0.05	0.74
count	-0.05	0.62
command	-0.05	0.92
shoot	-0.05	0.62
root	-0.05	0.60
absolutely	-0.05	1.95
ui	-0.05	1.30
manufacturer	-0.05	1.03
admit	-0.05	1.39
frequency	-0.05	0.89
defect	-0.05	0.61
normally	-0.05	0.94
reviewer	-0.05	1.37
purchases	-0.05	0.56
results	-0.04	0.63
slide	-0.04	0.78
machines	-0.04	0.59
expanded	-0.04	0.70
sell	-0.04	0.65
channels	-0.04	0.53
saving	-0.04	0.69
grand	-0.04	0.67
bug	-0.04	0.87
retail	-0.04	0.60
daily	-0.04	0.57
worldwide	-0.04	0.65
nightlies	-0.04	0.87
watching	-0.04	0.56
beat	-0.04	0.95
head	-0.04	0.67
firmware	-0.04	0.77
bare	-0.04	0.71
nowadays	-0.04	0.67
potentially	-0.04	0.86
faces	-0.04	1.04
turning	-0.04	0.64
explaining	-0.04	1.96
nsa	-0.04	0.49
lux	-0.04	0.63
target	-0.04	0.56
typically	-0.04	0.57
bump	-0.04	0.72
continues	-0.04	0.96
frustrated	-0.03	2.73
tray	-0.03	0.69
humble	-0.03	0.59
differentiate	-0.03	0.64
kernels	-0.03	0.70
related	-0.03	1.02
expanding	-0.03	0.59
sot	-0.03	0.62
offline	-0.03	0.59
iaps	-0.03	0.76
builds	-0.03	0.80
manager	-0.03	0.54
item	-0.03	0.55
attached	-0.03	0.56
rain	-0.03	0.65
throttling	-0.03	0.66
la	-0.03	0.98
noticed	-0.03	0.75
counting	-0.03	1.27
explains	-0.03	1.25
stands	-0.03	0.83
carefully	-0.03	1.11
sleep	-0.03	0.61
process	-0.03	0.73
auto	-0.03	0.64
turn	-0.03	0.63
players	-0.03	0.58
expectations	-0.03	0.76
expand	-0.03	0.63
upvote	-0.03	1.43
playstore	-0.03	0.55
annoyance	-0.03	0.70
podcasts	-0.02	0.52
involves	-0.02	0.94
dust	-0.02	0.59
considered	-0.02	0.72
uk	-0.02	0.57
directory	-0.02	0.54
controls	-0.02	0.64
offered	-0.02	0.62
external	-0.02	0.65
photos	-0.02	0.63
enable	-0.02	0.61
leaks	-0.02	0.86
pictures	-0.02	0.64
purposes	-0.02	0.69
properly	-0.02	1.15
artist	-0.02	0.56
bandwidth	-0.02	0.76
scratches	-0.02	0.66
gripe	-0.02	0.69
break	-0.02	0.64
originally	-0.02	1.67
bezels	-0.02	0.92
generate	-0.02	0.65
theres	-0.02	0.63
charging	-0.01	0.57
profit	-0.01	0.52
albums	-0.01	0.56
basically	-0.01	0.82
guard	-0.01	0.63
websites	-0.01	0.61
news	-0.01	0.60
degree	-0.01	0.60
replace	-0.01	0.68
heh	-0.01	1.38
exclusively	-0.01	0.66
million	-0.01	0.49
host	-0.01	0.53
rooting	-0.01	0.67
privacy	-0.01	0.84
apart	-0.01	0.56
investment	-0.01	0.60
books	-0.01	0.51
dead	-0.01	0.60
turns	-0.01	0.62
roms	-0.01	0.88
startup	-0.01	0.66
fact	-0.01	1.33
stays	-0.01	0.73
include	-0.00	0.65
damaged	-0.00	0.62
sigh	-0.00	1.55
sports	-0.00	0.75
e-ink	-0.00	0.74
enabled	-0.00	0.60
miles	-0.00	0.50
focus	-0.00	0.69
shower	-0.00	0.58
rear	-0.00	0.69
upset	-0.00	2.81
accidental	-0.00	0.61
location	-0.00	0.60
market	-0.00	0.73
edges	0.00	0.81
removal	0.00	0.85
ftfy	0.00	1.19
microphone	0.00	0.63
standby	0.00	0.69
internal	0.00	0.61
plugged	0.00	0.60
advertised	0.00	0.81
extend	0.00	0.59
cell	0.00	0.67
4:3	0.00	0.69
driver	0.00	0.56
faulty	0.00	0.66
attention	0.00	0.76
cycles	0.00	0.72
album	0.01	0.57
obscure	0.01	0.54
uninstalling	0.01	0.66
identical	0.01	1.01
bypass	0.01	0.57
performed	0.01	0.71
master	0.01	1.22
chose	0.01	1.09
pushing	0.01	1.01
local	0.01	0.50
chinese	0.01	0.56
exclusive	0.01	0.72
manual	0.01	0.67
coded	0.01	0.72
savvy	0.01	1.27
hassle	0.01	1.08
uploaded	0.01	0.54
lenses	0.01	0.63
natural	0.01	1.16
tracker	0.01	0.65
billion	0.01	0.50
setting	0.01	0.64
base	0.02	0.67
attempt	0.02	1.18
cord	0.02	0.60
newest	0.02	1.02
panel	0.02	0.84
locks	0.02	0.61
provided	0.02	0.66
add	0.02	0.71
war	0.02	1.25
playlists	0.02	0.55
didnt	0.02	1.10
advantage	0.02	0.67
shuffle	0.02	0.53
bootloader	0.02	0.68
user	0.02	0.75
successful	0.02	1.30
unit	0.02	0.54
roughly	0.02	0.63
near	0.02	0.82
loader	0.02	0.67
bit	0.02	1.14
scroll	0.02	0.73
recognize	0.02	0.95
mode	0.02	0.63
pockets	0.02	0.65
brands	0.02	0.68
kernel	0.02	0.80
afterwards	0.02	0.60
helps	0.02	0.81
application	0.02	0.54
keynote	0.02	0.82
exploit	0.02	0.56
r/androidusers	0.02	0.80
workaround	0.02	0.62
loading	0.02	0.81
headset	0.02	0.61
sizes	0.02	0.84
icons	0.03	0.78
rating	0.03	0.51
gallery	0.03	0.65
wheel	0.03	0.57
sarcasm	0.03	1.60
flag	0.03	0.63
record	0.03	0.62
playlist	0.03	0.55
etc	0.03	0.54
leaving	0.03	0.77
stutter	0.03	1.10
pandora	0.03	0.52
accessing	0.03	0.64
easily	0.03	1.17
thus	0.03	0.79
picture	0.03	0.66
storage	0.03	0.62
acquisition	0.03	1.02
looked	0.03	0.97
into	0.03	0.64
downloaded	0.03	0.61
duplicate	0.03	0.98
o	0.03	1.11
vendors	0.03	0.60
in-app	0.03	0.58
additions	0.03	0.94
present	0.03	1.27
answered	0.03	1.41
speeds	0.03	1.12
receiver	0.03	0.65
ease	0.03	0.88
box	0.03	0.62
pentile	0.04	0.87
growth	0.04	0.62
beer	0.04	0.60
memory	0.04	0.62
usually	0.04	0.73
your	0.04	0.71
attack	0.04	0.66
199	0.04	0.72
contract	0.04	0.66
charge	0.04	0.58
mid	0.04	0.95
towelroot	0.04	0.63
spoiled	0.04	1.28
flaw	0.04	0.64
f-droid	0.04	0.58
editor	0.04	0.57
playing	0.04	0.99
discovered	0.04	0.58
records	0.04	0.53
song	0.04	0.57
phablets	0.04	0.80
cutting	0.04	0.69
produced	0.04	0.56
emailed	0.04	1.09
androids	0.04	0.65
tbh	0.04	1.06
library	0.04	0.48
efficient	0.04	1.03
non	0.04	0.55
compatible	0.04	0.66
physically	0.04	0.95
free	0.04	0.56
rate	0.04	0.70
meeting	0.04	0.59
pull	0.04	0.72
cameras	0.04	0.65
realistic	0.04	0.70
nest	0.04	0.54
adopt	0.05	0.68
describe	0.05	0.82
technical	0.05	0.73
modem	0.05	0.69
dimple	0.05	0.96
resource	0.05	1.00
sd	0.05	0.60
button	0.05	0.66
book	0.05	0.57
off	0.05	0.65
images	0.05	0.65
configuration	0.05	0.63
hulu	0.05	0.53
hitting	0.05	0.77
proximity	0.05	0.54
supported	0.05	0.60
blinkfeed	0.05	0.88
discount	0.05	0.65
safety	0.05	0.76
automated	0.05	1.00
certification	0.05	0.56
bucks	0.05	0.59
rom	0.05	0.90
play	0.05	0.61
viewed	0.05	0.64
immediate	0.05	0.65
gameplay	0.05	0.94
presented	0.05	0.79
pause	0.05	0.57
sides	0.05	0.76
plug	0.05	0.60
watches	0.06	0.75
optical	0.06	0.65
rubber	0.06	0.72
repair	0.06	0.61
determine	0.06	0.76
pixel	0.06	0.78
progress	0.06	0.63
cloud	0.06	0.57
editing	0.06	0.60
available	0.06	0.58
decision	0.06	0.75
experience	0.06	1.11
95	0.06	0.59
watched	0.06	0.59
artists	0.06	0.55
image	0.06	0.58
supersu	0.06	0.64
existence	0.06	0.60
heart	0.06	0.74
songs	0.06	0.53
on/off	0.06	0.62
tweaking	0.06	0.66
wanted	0.06	1.38
rewards	0.06	0.55
jeans	0.06	0.64
drm	0.06	0.59
deals	0.06	0.52
component	0.06	0.76
sources	0.06	0.61
350	0.06	0.68
quiet	0.06	0.72
manufacturers	0.06	0.74
difference	0.06	0.70
vendor	0.06	0.70
automatic	0.07	0.63
saved	0.07	0.55
fewer	0.07	0.95
aspects	0.07	1.00
attach	0.07	0.55
pants	0.07	0.64
sdcard	0.07	0.54
8mp	0.07	0.68
op	0.07	1.75
bluetooth	0.07	0.62
outright	0.07	0.66
goods	0.07	0.61
tied	0.07	0.54
legacy	0.07	0.57
die	0.07	0.66
backwards	0.07	0.62
provide	0.07	0.67
horizontal	0.07	0.65
open-source	0.07	0.57
75	0.07	0.62
cam	0.07	0.59
dare	0.07	1.19
crash	0.07	0.75
kickstarter	0.07	0.69
shows	0.07	0.63
cellular	0.07	0.89
spotify	0.07	0.53
addresses	0.07	0.53
ingress	0.07	0.81
cancel	0.07	0.56
usd	0.07	0.60
packs	0.07	0.76
operate	0.07	0.63
written	0.08	0.69
stability	0.08	0.99
convince	0.08	1.33
services	0.08	0.60
person	0.08	1.71
restart	0.08	0.74
relying	0.08	0.66
deliver	0.08	0.72
promoting	0.08	0.69
method	0.08	0.74
deal	0.08	0.85
object	0.08	0.57
dash	0.08	0.55
san	0.08	0.65
suspect	0.08	1.35
goes	0.08	0.72
concerns	0.08	1.04
music	0.08	0.52
source	0.08	0.59
interview	0.08	1.01
accessibility	0.08	0.68
closed	0.08	0.73
qi	0.08	0.61
millions	0.08	0.54
doing	0.08	2.90
silent	0.08	0.67
tweet	0.08	1.58
emails	0.08	0.75
worthwhile	0.08	1.03
growing	0.08	0.68
dollar	0.09	0.58
themed	0.09	0.92
dock	0.09	0.59
hearing	0.09	1.54
convert	0.09	0.55
trial	0.09	0.51
extended	0.09	0.60
tracks	0.09	0.55
recorded	0.09	0.57
listen	0.09	0.56
keeping	0.09	0.93
speak	0.09	0.78
infrastructure	0.09	0.58
reddit	0.09	0.97
movement	0.09	0.63
writing	0.09	0.72
categories	0.09	0.54
pretend	0.09	1.38
megapixel	0.09	0.68
sensors	0.09	0.69
apk	0.09	0.59
microsd	0.09	0.61
health	0.09	0.66
variety	0.09	0.66
capture	0.09	0.65
youtube	0.09	0.54
gorilla	0.09	0.67
basic	0.09	0.88
listing	0.09	0.62
bitcoin	0.09	0.60
disclaimer	0.09	1.17
online	0.09	0.52
virtual	0.09	0.60
mass	0.09	0.61
settings	0.09	0.64
protected	0.10	0.59
built	0.10	0.57
cracked	0.10	0.63
accurately	0.10	1.01
bullet	0.10	0.62
spot	0.10	1.21
expansion	0.10	0.63
gapps	0.10	0.69
feet	0.10	0.54
displays	0.10	0.90
different	0.10	0.70
mic	0.10	0.63
spent	0.10	0.61
radios	0.10	0.87
highest	0.10	2.13
regular	0.10	0.53
switched	0.10	1.49
minecraft	0.10	0.71
including	0.10	0.59
channel	0.10	0.56
vibrate	0.10	0.67
force	0.10	0.87
losing	0.10	0.75
much	0.10	1.20
bunch	0.10	0.63
rotate	0.10	0.61
mp	0.10	0.69
load	0.10	0.65
connects	0.10	0.61
mention	0.10	1.19
connection	0.10	0.75
media	0.10	0.50
folder	0.10	0.54
combine	0.10	0.67
crop	0.10	0.60
airplane	0.11	0.62
revealed	0.11	0.63
developers	0.11	0.55
produce	0.11	0.62
death	0.11	0.58
wrist	0.11	0.74
hooked	0.11	0.59
app	0.11	0.57
internet	0.11	0.60
separate	0.11	0.54
treat	0.11	0.63
movies	0.11	0.53
mm	0.11	1.00
sideload	0.11	0.60
wireless	0.11	0.60
revenue	0.11	0.52
annoyed	0.11	2.75
vpn	0.11	0.53
continue	0.11	0.87
acknowledge	0.11	0.89
queue	0.11	0.55
intention	0.11	1.47
128gb	0.11	0.62
uploading	0.11	0.57
periods	0.11	0.70
slot	0.11	0.62
month	0.11	0.73
ip	0.11	0.52
sold	0.11	1.11
safer	0.11	0.98
universal	0.12	0.71
overheating	0.12	0.74
individually	0.12	0.69
offer	0.12	0.57
manufactures	0.12	0.72
usability	0.12	0.97
jesus	0.12	1.55
streaming	0.12	0.53
90	0.12	0.58
dollars	0.12	0.58
current	0.12	0.71
taking	0.12	0.96
de	0.12	1.13
sensor	0.12	0.68
cm	0.12	0.85
4.1.2	0.12	1.62
upload	0.12	0.54
worry	0.12	1.65
files	0.12	0.52
moronic	0.12	0.76
format	0.12	0.49
playback	0.12	0.54
299	0.12	0.69
650	0.12	0.70
monitor	0.12	0.75
fit	0.12	0.69
omnirom	0.12	0.88
glass	0.12	0.71
photoshop	0.12	0.57
batteries	0.12	0.62
developed	0.12	0.55
titanium	0.12	0.62
facing	0.12	0.74
god	0.12	1.48
store	0.12	0.55
knowledge	0.12	0.72
cash	0.12	0.72
assumption	0.12	2.27
mtp	0.13	0.52
implementing	0.13	1.00
reports	0.13	0.67
expert	0.13	1.32
contracts	0.13	0.79
rooted	0.13	0.82
tl	0.13	0.66
stream	0.13	0.53
wi-fi	0.13	0.72
wearing	0.13	0.61
construction	0.13	1.39
trust	0.13	0.75
fits	0.13	0.69
demo	0.13	0.59
finger	0.13	1.00
notice	0.13	0.82
capable	0.13	0.78
cyanogenmod	0.13	0.88
tight	0.13	0.61
required	0.13	0.77
resolution	0.13	0.95
indian	0.13	0.49
entirely	0.13	0.86
showed	0.13	0.78
bt	0.13	0.61
min	0.13	0.58
connecting	0.13	0.62
trying	0.13	1.44
notify	0.13	0.68
folders	0.13	0.58
expandable	0.13	0.63
value	0.13	0.86
adblock	0.13	0.65
safe	0.13	0.80
aokp	0.13	0.87
profits	0.13	0.60
page	0.13	0.67
snap	0.13	0.62
marketshare	0.14	0.63
introduce	0.14	0.67
showing	0.14	0.97
connections	0.14	0.68
flashed	0.14	0.84
puzzle	0.14	0.98
tie	0.14	0.66
everyone	0.14	1.86
pins	0.14	0.59
certified	0.14	0.55
heavy	0.14	0.63
nearby	0.14	0.53
binary	0.14	0.55
netflix	0.14	0.53
adapter	0.14	0.60
deeper	0.14	0.73
graph	0.14	0.60
control	0.14	0.58
system	0.14	0.56
superior	0.14	1.65
rebooting	0.14	0.69
contribute	0.14	0.75
dual	0.14	0.70
128	0.14	0.62
bent	0.14	0.62
32gb	0.14	0.64
creating	0.14	0.69
experienced	0.14	0.62
invented	0.14	0.49
16gb	0.14	0.64
magnetic	0.14	0.57
somewhat	0.14	1.09
lasting	0.14	0.64
aesthetics	0.14	0.95
coins	0.14	0.56
ssd	0.14	0.68
models	0.14	0.77
64gb	0.15	0.63
bringing	0.15	0.99
spending	0.15	0.70
kidding	0.15	1.47
ecosystem	0.15	0.62
hotspot	0.15	0.66
producing	0.15	0.71
detects	0.15	0.56
embedded	0.15	0.54
pdf	0.15	0.49
cerberus	0.15	0.58
plan	0.15	0.89
portal	0.15	0.52
aftermarket	0.15	0.55
silence	0.15	0.65
vs	0.15	0.79
reasonably	0.15	1.05
cast	0.15	0.53
kinds	0.15	0.65
odin	0.15	0.66
pair	0.15	0.63
manually	0.15	0.63
swappa	0.15	0.59
connected	0.15	0.61
moderate	0.15	0.60
ps	0.15	0.75
chain	0.15	0.68
shown	0.15	0.73
webpage	0.15	0.60
s-off	0.15	0.64
installation	0.15	0.61
sharp	0.15	1.11
changing	0.15	0.70
searching	0.15	0.65
purpose	0.15	0.72
searches	0.15	0.76
cable	0.16	0.61
sample	0.16	0.58
draw	0.16	0.69
sorts	0.16	0.66
wear	0.16	0.64
timer	0.16	0.55
cyanogen	0.16	0.79
remembered	0.16	1.15
taken	0.16	0.63
familiar	0.16	2.50
connect	0.16	0.60
micro	0.16	0.62
oppo	0.16	1.11
hook	0.16	0.59
tether	0.16	0.72
microsoft	0.16	0.74
pic	0.16	0.65
usb	0.16	0.60
chromecast	0.16	0.54
behave	0.16	0.70
rotation	0.16	0.64
reliably	0.16	1.16
criticism	0.16	1.07
isp	0.16	0.54
file	0.16	0.51
se	0.16	1.04
displayed	0.16	0.67
create	0.16	0.56
albeit	0.16	1.07
period	0.16	0.57
plex	0.16	0.52
leather	0.16	0.83
gb	0.16	0.64
survive	0.16	0.60
actual	0.16	0.72
tv	0.17	0.54
letting	0.17	1.38
electronic	0.17	0.53
closes	0.17	0.80
coincidence	0.17	1.33
plugging	0.17	0.58
public	0.17	0.76
burn-in	0.17	0.88
point	0.17	1.31
screens	0.17	0.89
slowly	0.17	0.96
suit	0.17	0.73
port	0.17	0.60
unlocking	0.17	0.65
pics	0.17	0.65
aggressive	0.17	0.97
lists	0.17	0.57
leak	0.17	0.68
bend	0.17	0.62
franco	0.17	0.86
sticking	0.17	1.15
wearables	0.17	0.62
devices	0.17	0.63
giving	0.17	1.03
examples	0.17	0.74
repeatedly	0.17	0.70
capabilities	0.18	0.65
thousands	0.18	0.56
view	0.18	0.61
push	0.18	0.62
reinstall	0.18	0.66
set	0.18	0.61
omni	0.18	0.85
common	0.18	0.88
greatly	0.18	1.21
vlc	0.18	0.52
quarter	0.18	0.63
sorted	0.18	0.61
plans	0.18	0.92
gifs	0.18	0.58
skip	0.18	0.64
qr	0.18	0.55
land	0.18	0.68
coverage	0.18	1.27
roku	0.18	0.56
lasts	0.18	0.66
encourage	0.18	0.90
pages	0.18	0.61
entertainment	0.18	0.47
dying	0.18	0.79
walmart	0.18	0.51
replacements	0.18	0.56
inconvenience	0.18	0.76
pressed	0.18	0.68
environment	0.18	0.54
detect	0.18	0.60
certain	0.18	0.65
smartwatches	0.18	0.73
handful	0.18	0.64
tools	0.19	0.59
breaking	0.19	0.75
scan	0.19	0.51
accomplish	0.19	0.68
applications	0.19	0.53
production	0.19	0.58
appeared	0.19	0.60
unlockable	0.19	0.77
mahdi	0.19	0.86
water	0.19	0.58
develop	0.19	0.64
oculus	0.19	0.71
ensure	0.19	0.71
gig	0.19	0.65
girls	0.19	0.94
domain	0.19	0.52
sets	0.19	0.56
resistance	0.19	0.60
provider	0.19	0.74
32	0.19	0.62
imgur	0.19	0.64
operation	0.19	0.66
remote	0.19	0.56
carriers	0.19	0.81
wired	0.19	0.60
grandfathered	0.19	0.90
filesystem	0.19	0.49
parties	0.19	0.50
some	0.19	0.68
community	0.19	0.69
ram	0.19	0.65
weekly	0.19	0.75
fitness	0.19	0.65
theirs	0.19	0.65
apparently	0.19	1.25
proxy	0.19	0.52
replaceable	0.19	0.62
tvs	0.19	0.60
identity	0.19	0.57
depth	0.19	0.67
step	0.19	0.69
slim	0.20	0.69
passed	0.20	0.78
himself	0.20	1.13
rogers	0.20	0.97
8gb	0.20	0.69
server	0.20	0.50
designer	0.20	0.72
held	0.20	0.66
meaning	0.20	1.41
secondary	0.20	0.55
slimkat	0.20	0.87
399	0.20	0.71
place	0.20	0.98
hang	0.20	0.85
ceo	0.20	0.95
optimized	0.20	0.65
600	0.20	0.63
github	0.20	0.62
office	0.20	0.50
res	0.20	0.74
nicely	0.20	0.96
anywhere	0.20	0.91
lemon	0.20	0.66
ring	0.20	0.61
during	0.20	0.50
appeal	0.20	0.63
paranoid	0.20	0.86
extremely	0.20	1.13
default	0.20	0.61
300	0.20	0.65
switches	0.20	0.62
profiles	0.20	0.60
recognition	0.21	0.68
tons	0.21	0.63
transferring	0.21	0.60
otg	0.21	0.60
es	0.21	0.83
casting	0.21	0.53
bothered	0.21	1.81
mirror	0.21	0.56
various	0.21	0.61
zip	0.21	0.59
package	0.21	0.56
activated	0.21	0.58
frames	0.21	0.85
attempting	0.21	1.35
catching	0.21	0.74
showbox	0.21	0.54
click	0.21	0.67
removable	0.21	0.64
lots	0.21	0.65
warning	0.21	0.77
options	0.21	0.67
follows	0.21	0.77
documents	0.21	0.51
tasks	0.21	0.62
saver	0.21	0.67
grip	0.21	0.79
verizon	0.21	1.09
hundreds	0.21	0.57
shipping	0.21	0.54
priorities	0.21	0.45
nightly	0.21	0.84
dozens	0.21	0.60
requests	0.21	0.75
signed	0.21	0.58
therefore	0.22	0.87
thumbs	0.22	0.79
timing	0.22	0.99
wasnt	0.22	1.09
4gb	0.22	0.70
patched	0.22	0.57
form	0.22	0.70
pressure	0.22	0.61
write	0.22	0.80
scale	0.22	0.67
slots	0.22	0.61
initial	0.22	0.66
ice	0.22	0.98
documentation	0.22	0.68
bending	0.22	0.59
bills	0.22	0.78
spectrum	0.22	0.90
countless	0.22	0.62
cents	0.22	0.55
units	0.22	0.47
maintain	0.22	0.74
caught	0.22	0.74
effects	0.22	0.76
afford	0.22	0.80
alarm	0.22	0.64
relatively	0.22	1.04
print	0.22	0.65
afaik	0.22	0.67
launchers	0.23	0.75
rebooted	0.23	0.69
list	0.23	0.55
toggle	0.23	0.64
ends	0.23	0.84
wake	0.23	0.57
screenshot	0.23	0.69
manage	0.23	0.74
tethering	0.23	0.89
types	0.23	0.57
idk	0.23	1.13
router	0.23	0.54
viral	0.23	0.67
result	0.23	0.85
delay	0.23	0.63
swap	0.23	0.61
ahead	0.23	0.84
hrs	0.23	0.60
storing	0.23	0.55
imei	0.23	0.51
focused	0.23	0.99
versa	0.23	0.59
money	0.23	0.70
450	0.23	0.63
monitors	0.23	0.77
found	0.23	0.63
published	0.23	0.61
transfer	0.23	0.51
situation	0.23	0.70
volta	0.23	0.79
drive	0.24	0.69
remain	0.24	0.82
leaked	0.24	0.66
supply	0.24	0.64
signing	0.24	0.60
console	0.24	0.64
io	0.24	0.64
replicate	0.24	0.62
shopping	0.24	0.58
trusted	0.24	0.57
exceptions	0.24	0.60
his	0.24	2.69
games	0.24	1.05
accessory	0.24	0.59
soft	0.24	0.72
difficult	0.24	2.00
objects	0.24	0.75
flip	0.24	1.33
i/o	0.24	0.69
secret	0.24	0.53
lowest	0.24	1.80
publish	0.24	0.59
ois	0.24	0.75
ship	0.24	0.61
plenty	0.24	0.64
gas	0.24	0.61
share	0.24	0.50
steps	0.24	0.68
movie	0.24	0.58
scared	0.24	2.41
working	0.24	1.59
innovation	0.24	0.66
refused	0.24	1.28
popped	0.24	0.88
vibration	0.24	0.74
display	0.24	0.89
grab	0.25	0.89
resolved	0.25	0.61
ac	0.25	0.62
fairly	0.25	1.09
allows	0.25	0.97
effect	0.25	0.71
selecting	0.25	0.62
reviewed	0.25	0.82
alive	0.25	0.71
actions	0.25	0.61
dirty	0.25	0.74
automatically	0.25	0.62
xbmc	0.25	0.55
blown	0.25	1.64
myself	0.25	1.51
thief	0.25	0.56
matching	0.25	0.57
weight	0.25	0.92
reload	0.25	0.68
videos	0.25	0.59
inbox	0.25	0.79
allow	0.25	0.82
machine	0.25	0.57
programs	0.25	0.53
further	0.25	0.78
ifttt	0.25	0.54
pressing	0.25	0.69
tracking	0.26	0.59
flashing	0.26	0.64
automation	0.26	0.57
versions	0.26	0.74
wise	0.26	1.32
switch	0.26	0.73
flashlight	0.26	0.59
eligible	0.26	0.53
reasons	0.26	0.69
carbon	0.26	0.85
numerous	0.26	0.58
649	0.26	0.70
syncing	0.26	0.54
250	0.26	0.62
megapixels	0.26	0.64
towers	0.26	1.28
prime	0.26	0.52
contents	0.26	0.56
time	0.26	0.60
very	0.26	1.11
retina	0.26	0.86
64	0.26	0.60
aspect	0.26	0.70
supposedly	0.26	0.62
individual	0.26	0.59
chipset	0.26	0.64
incorporate	0.26	0.64
checks	0.26	0.56
implementation	0.26	0.67
unlocked	0.27	0.84
fixes	0.27	0.61
accent	0.27	0.65
trade	0.27	0.56
forget	0.27	1.21
approved	0.27	0.56
conversation	0.27	0.81
cpu	0.27	0.69
itunes	0.27	0.54
upgrades	0.27	0.65
felt	0.27	1.12
nope	0.27	1.28
rumors	0.27	0.83
poweramp	0.27	0.48
american	0.27	0.49
multiple	0.27	0.59
token	0.27	0.51
graphics	0.27	0.69
cleared	0.27	0.65
consistency	0.27	0.95
dropbox	0.27	0.52
heartbeat	0.27	0.86
opt	0.27	0.72
eye	0.27	0.75
mins	0.27	0.58
ppi	0.27	0.82
200	0.27	0.61
swipe	0.27	1.17
paired	0.27	0.60
feasible	0.27	0.98
these	0.27	0.63
android	0.27	0.78
built-in	0.27	0.59
boot	0.27	0.62
fired	0.28	1.39
kk	0.28	0.88
many	0.28	0.64
afraid	0.28	2.27
fps	0.28	0.96
insert	0.28	1.07
plays	0.28	0.58
updating	0.28	1.10
stored	0.28	0.54
consoles	0.28	0.59
wearable	0.28	0.65
gpu	0.28	0.67
groups	0.28	0.56
viable	0.28	0.80
player	0.28	0.49
13mp	0.28	0.75
bring	0.28	0.74
development	0.28	0.58
gigs	0.28	0.61
study	0.28	0.70
toast	0.28	0.70
indie	0.28	0.57
99	0.28	0.58
f2fs	0.28	0.53
keys	0.28	0.74
profile	0.28	0.56
microusb	0.28	0.61
inventory	0.28	0.54
silver	0.28	0.76
gel	0.28	0.67
16:9	0.28	0.72
other	0.28	0.62
women	0.28	0.79
efforts	0.28	0.72
resistant	0.28	0.57
standalone	0.28	0.58
implement	0.28	0.64
grade	0.29	0.54
suddenly	0.29	0.77
dial	0.29	0.57
ir	0.29	0.77
straight	0.29	0.87
board	0.29	0.55
screen	0.29	0.84
pa	0.29	0.82
worrying	0.29	1.63
allowing	0.29	1.14
150	0.29	0.62
purchase	0.29	0.60
blaster	0.29	0.77
those	0.29	0.63
locally	0.29	0.53
thousand	0.29	0.53
tap	0.29	0.74
direct	0.29	0.67
premium	0.29	0.95
xiaomi	0.29	0.66
materials	0.29	0.98
too	0.29	1.18
decades	0.29	0.50
registered	0.29	0.59
priority	0.29	0.61
roaming	0.29	1.03
faith	0.30	0.89
porting	0.30	0.62
issues	0.30	0.65
fixed	0.30	0.62
os	0.30	0.65
network	0.30	0.95
mediatek	0.30	0.67
dozen	0.30	0.58
alarms	0.30	0.63
bits	0.30	0.58
replaced	0.30	0.80
concern	0.30	1.04
nvidia	0.30	0.61
theory	0.30	1.06
managing	0.30	0.61
2gb	0.30	0.70
att	0.30	1.03
alerts	0.30	0.59
interact	0.30	0.57
visual	0.30	0.96
activation	0.30	0.57
program	0.30	0.52
implemented	0.30	0.71
technologies	0.30	0.61
night	0.30	0.57
400	0.30	0.63
prior	0.30	0.71
logged	0.30	0.58
reader	0.30	0.51
streams	0.30	0.59
someone	0.30	1.89
rated	0.30	0.51
similar	0.31	1.27
modular	0.31	0.68
fix	0.31	0.63
themes	0.31	0.84
grid	0.31	0.65
define	0.31	0.70
flash	0.31	0.64
sim	0.31	0.92
supposed	0.31	1.84
path	0.31	0.60
refresh	0.31	0.64
computer	0.31	0.53
element	0.31	0.67
engine	0.31	0.61
quickly	0.31	1.14
making	0.31	1.32
networks	0.31	0.99
backed	0.31	0.58
variable	0.31	0.56
address	0.31	0.62
moving	0.31	0.97
account	0.31	0.58
prepaid	0.31	1.02
through	0.31	0.63
algorithm	0.31	0.59
web	0.31	0.57
watch	0.31	0.68
instantly	0.31	0.82
50	0.32	0.60
35	0.32	0.63
reboot	0.32	0.67
identify	0.32	0.65
continued	0.32	0.65
link	0.32	0.68
clearing	0.32	0.68
handles	0.32	0.70
instagram	0.32	0.64
handset	0.32	0.88
soc	0.32	0.67
70	0.32	0.59
customize	0.32	0.67
generated	0.32	0.58
donate	0.32	0.60
metro	0.32	0.77
connector	0.32	0.59
ultrapixel	0.32	0.74
following	0.32	0.60
house	0.32	1.11
cant	0.32	1.36
where	0.32	1.49
gadget	0.32	0.85
hours	0.32	0.59
followed	0.32	0.64
precisely	0.32	0.80
servers	0.32	0.52
steam	0.32	0.60
cwm	0.32	0.63
digitizer	0.32	0.58
con	0.32	0.76
tasker	0.32	0.58
several	0.32	0.58
party	0.32	0.46
30	0.32	0.62
accounts	0.33	0.56
googling	0.33	0.80
gmail	0.33	0.58
stay	0.33	0.91
members	0.33	1.06
insanely	0.33	1.14
ms	0.33	0.71
intents	0.33	0.46
t	0.33	1.07
loop	0.33	0.70
home	0.33	0.62
ps4	0.33	0.66
wallpapers	0.33	0.69
amazon	0.33	0.55
configure	0.33	0.63
lines	0.33	0.56
pushes	0.33	0.70
batch	0.33	0.56
factors	0.33	0.70
unofficial	0.33	0.82
awhile	0.33	0.87
complex	0.33	1.13
cute	0.33	1.54
phablet	0.33	0.82
cables	0.33	0.59
features	0.33	0.86
using	0.33	1.52
moved	0.33	1.38
fear	0.33	1.50
craigslist	0.33	0.48
logging	0.34	0.56
takes	0.34	0.57
times	0.34	0.57
computers	0.34	0.59
advanced	0.34	0.68
45	0.34	0.65
differences	0.34	0.71
via	0.34	0.55
at	0.34	0.94
throughout	0.34	0.74
thinkpad	0.34	1.02
nearly	0.34	0.81
tested	0.34	0.58
rely	0.34	0.55
reality	0.34	0.64
physics	0.34	0.58
rich	0.34	0.73
1gb	0.34	0.72
gear	0.34	0.76
elaborate	0.34	1.21
benefits	0.34	0.65
press	0.34	0.70
40	0.34	0.63
opening	0.34	0.73
model	0.34	0.84
touching	0.34	0.79
wikipedia	0.34	0.86
rumours	0.34	0.83
controller	0.34	0.62
across	0.34	0.64
reminders	0.35	0.55
social	0.35	0.59
xbox	0.35	0.62
qualcomm	0.35	0.65
whichever	0.35	0.98
recording	0.35	0.67
platforms	0.35	0.57
itself	0.35	0.78
regardless	0.35	0.70
translate	0.35	0.73
body	0.35	0.94
highly	0.35	0.94
newer	0.35	0.71
smartwatch	0.35	0.75
bugs	0.35	0.62
100	0.35	0.60
tapping	0.35	0.81
benefit	0.35	0.75
lastpass	0.35	0.54
clicks	0.35	0.60
international	0.35	0.80
remotely	0.35	0.69
handle	0.35	0.75
libraries	0.35	0.54
smoothness	0.35	1.10
suggests	0.35	2.10
cm12	0.35	0.83
playstation	0.35	0.68
accessible	0.35	0.93
smartphones	0.35	0.69
largest	0.35	2.34
launcher	0.36	0.68
llama	0.36	0.57
submission	0.36	0.80
fastboot	0.36	0.61
minutes	0.36	0.58
female	0.36	0.69
waterproofing	0.36	0.80
defaults	0.36	0.60
fall	0.36	0.64
ps3	0.36	0.62
initially	0.36	1.10
reveal	0.36	0.60
dat	0.36	1.16
worlds	0.36	2.37
men	0.36	0.74
recovery	0.36	0.62
were	0.36	1.13
refreshing	0.36	0.88
80	0.36	0.62
scanner	0.36	0.83
tmo	0.36	1.13
hour	0.36	0.59
simultaneously	0.36	0.55
agreed	0.36	1.82
gaming	0.36	0.59
wiping	0.36	0.63
leap	0.36	0.66
given	0.36	0.74
pack	0.36	0.71
twrp	0.36	0.63
estimate	0.36	0.70
document	0.36	0.65
smart	0.37	0.61
iteration	0.37	0.87
maintaining	0.37	0.74
purchased	0.37	1.26
by	0.37	0.68
enterprise	0.37	0.68
porn	0.37	0.57
realised	0.37	1.51
clue	0.37	1.39
runtime	0.37	0.54
expense	0.37	0.77
opens	0.37	0.61
saw	0.37	0.93
canadian	0.37	0.44
fully	0.37	0.89
patch	0.37	0.62
chips	0.37	0.65
offers	0.37	0.67
amd	0.37	0.61
log	0.37	0.56
cellphone	0.37	0.87
gif	0.37	0.57
pixels	0.37	0.80
shift	0.37	0.72
art	0.37	0.59
resolutions	0.37	0.78
overall	0.38	1.16
minute	0.38	0.53
number	0.38	0.55
unless	0.38	1.84
latest	0.38	0.75
twitter	0.38	0.57
opened	0.38	0.69
mx	0.38	0.51
bell	0.38	0.96
4.4.4	0.38	0.91
select	0.38	0.65
t-mo	0.38	1.14
none	0.38	0.64
interest	0.38	0.97
natively	0.38	0.55
ability	0.38	1.15
addition	0.38	0.68
screenshots	0.38	0.66
updates	0.38	0.67
closing	0.38	0.77
met	0.38	1.16
cpus	0.38	0.64
m	0.38	1.84
devs	0.38	0.66
adobe	0.38	0.60
controllers	0.39	0.65
whose	0.39	1.22
feedly	0.39	0.51
intel	0.39	0.62
day	0.39	0.56
authentication	0.39	0.55
possibilities	0.39	1.12
surprise	0.39	1.09
socs	0.39	0.63
ported	0.39	0.64
super	0.39	1.13
forwarding	0.39	0.55
60	0.39	0.65
24	0.39	0.65
needed	0.39	1.00
wallpaper	0.39	0.71
hundred	0.39	0.56
compile	0.39	0.53
dalvik	0.39	0.56
2g	0.40	1.42
follow	0.40	0.72
pinch	0.40	0.73
reminder	0.40	0.54
mirroring	0.40	0.54
replacing	0.40	0.74
understand	0.40	1.53
25	0.40	0.65
pcs	0.40	0.62
solve	0.40	0.69
directly	0.40	0.70
icloud	0.40	0.52
function	0.40	0.68
lets	0.40	1.16
sdk	0.40	0.53
quite	0.40	1.05
fixing	0.40	0.71
seemed	0.40	1.02
video	0.40	0.65
history	0.40	0.58
nova	0.40	0.65
anyone	0.40	1.39
3gb	0.40	0.73
casts	0.40	0.48
she	0.40	2.67
ways	0.40	0.65
build	0.40	1.00
touched	0.40	0.83
vr	0.40	0.62
syncs	0.41	0.55
ca	0.41	1.36
fight	0.41	0.97
downside	0.41	0.64
calling	0.41	0.55
worried	0.41	2.69
801	0.41	0.73
pc	0.41	0.57
chip	0.41	0.63
publicly	0.41	0.57
mail	0.41	0.66
120	0.41	0.67
cdma	0.41	1.14
away	0.41	0.82
700	0.41	0.67
360	0.41	0.73
buzz	0.41	0.85
barely	0.41	0.63
messing	0.41	1.17
architecture	0.41	0.62
sadly	0.41	1.03
convenience	0.41	0.85
data	0.41	0.64
planned	0.41	0.80
children	0.41	1.06
48	0.41	0.65
computing	0.41	0.58
dimensions	0.41	0.85
backup	0.41	0.57
adb	0.42	0.59
fashion	0.42	0.77
going	0.42	1.91
cream	0.42	0.95
catch	0.42	0.98
ama	0.42	0.94
listening	0.42	0.60
pulled	0.42	0.80
moment	0.42	1.41
exit	0.42	0.64
homescreen	0.42	0.65
integrate	0.42	0.62
script	0.42	0.56
sort	0.42	0.98
synced	0.42	0.54
intent	0.42	0.66
merged	0.42	0.57
wat	0.43	1.12
developer	0.43	0.62
processor	0.43	0.66
waterproof	0.43	0.69
tinker	0.43	0.64
university	0.43	0.67
adreno	0.43	0.66
class	0.43	0.60
toggles	0.43	0.71
running	0.43	0.87
japanese	0.43	0.56
sheer	0.43	0.89
has	0.43	1.89
a7	0.43	0.65
male	0.43	0.72
realized	0.43	1.53
1	0.43	0.59
cores	0.43	0.64
lives	0.43	1.51
x86	0.43	0.54
3.0	0.43	0.71
little	0.43	1.05
open	0.43	0.72
somehow	0.43	0.87
fingerprint	0.44	0.84
heard	0.44	0.83
wondering	0.44	2.06
seconds	0.44	0.55
encrypted	0.44	0.52
both	0.44	0.75
revert	0.44	0.57
y	0.44	1.02
mint	0.44	0.53
touchscreen	0.44	0.54
lightning	0.44	0.57
trigger	0.44	0.60
compiled	0.44	0.54
64-bit	0.44	0.57
question	0.44	1.10
yahoo	0.44	0.51
previews	0.44	0.59
switching	0.44	0.89
stamina	0.44	0.85
korean	0.44	0.56
dialer	0.45	0.55
notification	0.45	0.83
layout	0.45	0.67
events	0.45	0.51
plugins	0.45	0.57
medical	0.45	0.57
logs	0.45	0.63
ones	0.45	0.68
prototype	0.45	0.54
happens	0.45	0.96
version	0.45	0.75
platform	0.45	0.55
vacation	0.45	0.69
utility	0.45	0.76
flaws	0.45	0.59
creates	0.45	0.73
s-pen	0.45	0.92
mah	0.45	0.69
refuse	0.45	1.42
incoming	0.45	0.64
no	0.45	0.80
check	0.45	0.78
assumed	0.45	1.88
obviously	0.45	1.49
shake	0.45	0.57
2.0	0.45	0.76
gsm	0.45	1.16
hardly	0.45	0.65
database	0.45	0.53
loyal	0.46	2.14
within	0.46	0.59
fire	0.46	0.66
saturday	0.46	0.68
lot	0.46	0.89
am	0.46	1.86
portable	0.46	0.69
report	0.46	0.70
private	0.46	0.57
show	0.46	0.80
plugin	0.46	0.57
coding	0.46	0.65
multiwindow	0.46	0.95
sandwich	0.46	0.98
delivery	0.46	0.59
recents	0.46	0.60
sacrifice	0.46	0.89
processors	0.46	0.65
sharing	0.46	0.69
oses	0.46	0.57
rolling	0.46	0.89
edited	0.46	1.88
factor	0.46	0.77
cycle	0.46	0.59
arm	0.46	0.62
4.4	0.46	1.00
taps	0.46	0.56
voicemail	0.46	0.55
shared	0.46	0.57
from	0.47	0.72
partition	0.47	0.61
allowed	0.47	1.25
flexibility	0.47	0.80
what	0.47	1.66
days	0.47	0.59
bloody	0.47	1.12
integrated	0.47	0.59
beta	0.47	0.55
accidentally	0.47	0.68
cheapest	0.47	2.13
lasted	0.47	0.59
curved	0.47	0.89
motion	0.47	0.64
concerned	0.47	2.56
4k	0.47	0.79
packages	0.47	0.63
more	0.47	1.03
jobs	0.47	0.57
encryption	0.47	0.52
searched	0.47	0.63
slippery	0.47	0.98
64bit	0.47	0.60
code	0.47	0.54
fun	0.47	2.37
introducing	0.47	0.58
pebble	0.48	0.71
surveys	0.48	0.55
snapdragon	0.48	0.67
guy	0.48	1.50
struggling	0.48	1.98
vzw	0.48	1.13
operating	0.48	0.57
forth	0.48	0.90
emulate	0.48	0.65
choose	0.48	0.72
bing	0.48	0.56
renders	0.48	0.73
contact	0.48	0.57
sex	0.48	1.26
atm	0.48	0.92
armv8	0.48	0.60
rendering	0.48	0.62
codes	0.48	0.52
emergency	0.48	0.70
appear	0.48	0.71
clicking	0.48	0.80
emulators	0.48	0.66
20	0.48	0.66
bought	0.48	1.61
call	0.48	0.57
him	0.48	2.12
mind	0.48	1.43
long	0.48	0.63
apex	0.48	0.68
vm	0.48	0.54
schedule	0.48	0.70
surely	0.48	0.92
4.4.3	0.49	0.90
calm	0.49	1.53
student	0.49	0.60
magically	0.49	0.82
succeed	0.49	0.92
5gb	0.49	1.14
720p	0.49	0.88
hear	0.49	1.40
unlock	0.49	0.66
linux	0.49	0.56
calls	0.49	0.57
parent	0.49	1.60
starting	0.49	0.94
issue	0.49	0.62
preview	0.49	0.59
involved	0.49	0.84
im	0.49	1.62
recall	0.49	1.21
tabs	0.49	0.62
freedom	0.49	0.71
final	0.49	0.64
airdroid	0.49	0.46
hyped	0.49	2.63
math	0.49	0.66
checking	0.49	0.70
clock	0.49	0.65
180	0.49	0.71
promised	0.49	0.76
specific	0.49	0.60
api	0.50	0.50
popup	0.50	0.80
sync	0.50	0.52
1-2	0.50	0.66
html5	0.50	0.57
category	0.50	0.46
secure	0.50	0.65
wind	0.50	0.78
unlimited	0.50	1.17
loads	0.50	0.76
each	0.50	0.51
16	0.50	0.73
wouldnt	0.50	1.08
instructions	0.50	0.65
shuttle	0.50	0.47
presumably	0.50	0.74
option	0.51	0.76
productivity	0.51	0.74
notified	0.51	0.89
golden	0.51	0.82
plus	0.51	0.56
ota	0.51	0.69
releasing	0.51	0.81
breath	0.51	0.98
students	0.51	0.60
ghz	0.51	0.77
solution	0.51	0.67
15	0.51	0.67
two	0.51	0.55
gv	0.51	0.59
800	0.51	0.67
between	0.51	0.71
kitkat	0.51	1.03
render	0.51	0.69
cross	0.51	0.66
official	0.51	0.63
lenovo	0.51	1.03
passwords	0.51	0.56
after	0.51	0.74
season	0.51	0.61
variants	0.51	1.06
google	0.52	0.62
communication	0.52	0.49
calendar	0.52	0.56
nandroid	0.52	0.62
kind	0.52	1.08
combo	0.52	0.54
knock	0.52	0.64
respond	0.52	0.91
apis	0.52	0.59
k1	0.52	0.63
third-party	0.52	0.49
twice	0.52	0.53
bookmarks	0.52	0.57
problems	0.52	0.58
restore	0.52	0.61
size	0.52	0.94
variant	0.52	1.11
1080p	0.52	0.87
ie	0.52	0.56
risk	0.52	1.36
studio	0.53	0.56
tegra	0.53	0.67
yourself	0.53	0.93
sliding	0.53	0.64
downgrade	0.53	0.85
voip	0.53	0.56
14	0.53	0.74
eclipse	0.53	0.57
zooper	0.53	0.67
recent	0.53	0.64
zerolemon	0.53	0.74
strap	0.53	0.82
pick	0.53	0.86
merge	0.53	0.58
boom	0.53	0.61
touches	0.53	0.62
precise	0.53	1.01
dev	0.53	0.75
usable	0.53	1.24
desktops	0.53	0.63
compromise	0.53	0.76
classes	0.53	0.68
example	0.54	0.74
cm11	0.54	1.00
docs	0.54	0.61
alongside	0.54	0.61
amp	0.54	0.87
conference	0.54	0.58
laptops	0.54	0.75
resolve	0.54	0.70
palm	0.54	1.27
kindle	0.54	0.65
double	0.54	0.62
register	0.54	0.65
5.9	0.54	0.70
clients	0.54	0.51
active	0.54	0.69
vibrant	0.54	2.10
receiving	0.54	0.83
sale	0.54	0.69
4.2.2	0.55	1.16
downsides	0.55	0.62
baconreader	0.55	0.85
tool	0.55	0.64
kit	0.55	1.04
staying	0.55	1.17
emulator	0.55	0.67
ticket	0.55	1.01
interesting	0.55	2.24
havent	0.55	0.52
5-6	0.55	0.63
intensive	0.55	0.76
possibility	0.55	1.45
1000	0.55	0.59
1440p	0.55	0.86
aviate	0.56	0.64
ideal	0.56	1.54
1080	0.56	0.90
back	0.56	0.61
chrome	0.56	0.61
backups	0.56	0.60
task	0.56	0.63
survey	0.56	0.68
remains	0.56	0.72
client	0.56	0.52
few	0.56	0.58
existed	0.56	0.79
search	0.56	0.66
scanning	0.56	0.84
sprint	0.56	1.35
r	0.57	0.72
particular	0.57	0.61
native	0.57	0.55
conversations	0.57	0.63
tmobile	0.57	1.40
instant	0.57	0.52
evernote	0.57	0.52
wont	0.57	1.15
rollout	0.57	0.68
linking	0.57	0.77
shortcut	0.57	0.59
nuts	0.57	1.31
roll	0.57	0.78
exynos	0.57	0.71
translation	0.57	0.65
mac	0.57	0.61
extension	0.57	0.55
detection	0.58	0.58
exist	0.58	0.86
steel	0.58	0.87
windows	0.58	0.65
jelly	0.58	1.09
ports	0.58	1.00
javascript	0.58	0.56
3g	0.58	1.55
ideas	0.58	0.66
t-mobile	0.58	1.41
steve	0.58	0.68
over	0.58	0.61
forever	0.58	0.79
mark	0.58	0.87
event	0.58	0.55
choice	0.58	0.65
minus	0.58	0.70
glance	0.58	0.64
run	0.58	0.59
mom	0.59	2.62
having	0.59	0.91
careful	0.59	2.66
functionality	0.59	0.78
nintendo	0.59	0.77
5.0.1	0.59	0.71
went	0.59	2.20
4.4.2	0.59	1.11
kat	0.59	1.05
third	0.59	0.47
plate	0.59	0.89
combination	0.59	0.65
skeptical	0.59	2.61
perfectly	0.60	0.96
young	0.60	1.03
alien	0.60	0.81
smoother	0.60	1.36
18	0.60	0.70
shocked	0.60	2.52
activate	0.60	0.62
nothing	0.60	1.02
getting	0.60	1.51
three	0.60	0.57
her	0.60	2.60
almost	0.60	0.72
desktop	0.60	0.56
programming	0.60	0.65
safari	0.60	0.59
encrypt	0.60	0.50
speech	0.60	0.64
lock	0.60	0.59
assume	0.60	1.70
u	0.60	1.21
cache	0.60	0.66
naked	0.61	0.69
decade	0.61	0.55
curious	0.61	2.50
make	0.61	1.01
shipped	0.61	0.61
tinfoil	0.61	0.61
hspa	0.61	1.38
ten	0.61	0.60
truly	0.61	0.96
details	0.61	0.75
gta	0.61	0.68
quad	0.61	0.80
mobile	0.61	0.49
unrooted	0.61	1.06
decide	0.61	1.10
essentially	0.61	0.71
13	0.61	0.77
w	0.61	0.68
url	0.61	0.83
update	0.61	0.67
muzei	0.61	0.62
switcher	0.61	0.60
split	0.61	0.65
when	0.61	0.81
damned	0.61	0.79
encountered	0.61	0.55
ratio	0.61	0.85
closely	0.61	0.73
girlfriend	0.61	2.61
honeycomb	0.61	1.10
communicate	0.61	0.67
1500	0.61	0.73
drinks	0.61	0.84
3-4	0.62	0.64
gs5	0.62	1.17
indication	0.62	0.83
kid	0.62	1.98
4.2	0.62	1.12
tried	0.62	0.64
monday	0.62	0.64
died	0.62	1.95
11	0.62	0.85
3000	0.62	0.74
learn	0.62	0.67
checked	0.62	0.66
earlier	0.62	0.91
four	0.62	0.57
admittedly	0.62	0.82
beginning	0.62	0.80
highlight	0.62	0.72
quickpic	0.62	0.55
chromeos	0.62	0.62
releases	0.62	0.67
core	0.62	0.62
clicked	0.63	0.86
pushed	0.63	0.68
recommended	0.63	0.68
lockscreen	0.63	0.69
tablets	0.63	0.77
realistically	0.63	0.91
lt	0.63	0.61
mature	0.63	0.92
ideally	0.63	0.76
widgets	0.63	0.67
ultimate	0.63	0.63
mother	0.63	2.46
customization	0.63	0.68
previously	0.63	0.89
bands	0.63	1.32
profitable	0.63	0.77
ics	0.63	1.16
respect	0.64	0.68
child	0.64	1.40
approach	0.64	0.91
talon	0.64	0.47
text	0.64	0.74
confirmation	0.64	0.76
preferably	0.64	0.59
tell	0.64	1.19
second	0.64	0.67
couple	0.64	0.59
integration	0.64	0.59
busy	0.64	1.97
months	0.64	0.61
gone	0.64	0.70
receive	0.64	0.70
must	0.65	0.98
contacts	0.65	0.59
tree	0.65	0.72
chromebooks	0.65	0.74
successfully	0.65	0.71
wave	0.65	0.63
lte	0.65	1.45
friend	0.65	2.55
sending	0.65	0.78
dismiss	0.65	0.79
qhd	0.65	0.83
alpha	0.65	0.60
interested	0.65	2.56
curiosity	0.65	0.95
delivered	0.65	0.59
finding	0.65	1.00
4.3	0.65	1.11
texts	0.65	0.69
wood	0.65	0.70
wondered	0.65	1.15
2-3	0.65	0.64
air	0.65	0.76
error	0.65	0.88
theoretically	0.65	0.82
laptop	0.66	0.77
bot	0.66	1.30
ios7	0.66	0.85
gotten	0.66	0.57
previous	0.66	0.92
twist	0.66	0.60
ago	0.66	0.61
makes	0.66	0.99
frame	0.66	0.88
trick	0.66	1.35
lineup	0.66	1.23
java	0.66	0.56
messages	0.66	0.70
capability	0.66	0.59
neither	0.67	0.76
commands	0.67	0.64
4-5	0.67	0.69
wet	0.67	0.72
delayed	0.67	0.63
2k	0.67	0.68
arguably	0.67	1.83
5.2	0.67	0.74
atleast	0.67	1.07
advantages	0.67	0.61
jb	0.67	1.11
sign	0.67	0.67
launching	0.67	0.69
dr	0.67	0.60
project	0.67	0.72
mms	0.67	0.64
teach	0.67	0.81
six	0.67	0.60
happening	0.68	1.56
take	0.68	0.78
surprised	0.68	2.58
find	0.68	0.97
ubuntu	0.68	0.72
popping	0.68	0.82
animation	0.68	1.02
seamlessly	0.68	0.62
holiday	0.68	0.62
bean	0.68	1.10
jellybean	0.68	1.10
woman	0.68	1.36
convenient	0.68	1.45
school	0.68	0.77
bang	0.68	1.40
tricks	0.68	1.05
opted	0.68	0.78
dont	0.68	1.15
manner	0.68	0.96
lawsuit	0.69	1.05
introduced	0.69	0.93
dell	0.69	0.84
4.0	0.69	1.14
half	0.69	0.57
try	0.69	0.79
nokia	0.69	1.53
macs	0.69	0.66
literally	0.69	0.64
sensitive	0.69	0.80
planning	0.69	1.79
submit	0.69	0.74
texting	0.69	0.61
wan	0.69	1.23
osx	0.69	0.62
swapping	0.69	0.83
five	0.69	0.58
girl	0.70	1.70
weeks	0.70	0.61
stack	0.70	0.78
hybrid	0.70	0.86
verify	0.70	0.74
reset	0.70	0.66
solutions	0.70	0.60
problem	0.70	0.70
lol	0.70	1.53
hangout	0.70	0.64
mouse	0.70	0.65
wipe	0.70	0.66
clear	0.70	0.87
textsecure	0.70	0.66
whether	0.71	1.06
rather	0.71	0.91
functions	0.71	0.82
10	0.71	0.73
setup	0.71	0.67
notifications	0.71	0.83
nor	0.71	0.75
oops	0.71	1.77
go	0.71	0.92
morning	0.71	0.64
12	0.71	0.81
forward	0.71	1.57
snapchat	0.71	0.65
bb	0.71	1.43
factory	0.71	0.66
gt	0.71	0.80
hangouts	0.72	0.61
e-mail	0.72	0.71
any	0.72	0.70
evening	0.72	0.60
expected	0.72	1.12
gestures	0.72	0.69
alternate	0.72	0.74
promo	0.72	0.54
launch	0.72	0.71
browsers	0.72	0.74
amazingly	0.72	1.13
send	0.72	0.72
launches	0.72	0.69
learning	0.72	0.72
4.1	0.72	1.12
gon	0.72	1.59
facebook	0.72	0.66
perhaps	0.73	1.17
generations	0.73	0.84
19	0.73	0.78
8.1	0.73	0.73
generation	0.73	0.74
organized	0.73	0.88
others	0.73	0.79
took	0.73	0.67
shield	0.73	0.71
mhz	0.73	1.25
announcement	0.73	0.70
shiny	0.73	0.91
21	0.73	0.78
weekend	0.73	0.68
missed	0.73	1.52
extensions	0.73	0.74
imessage	0.74	0.62
helping	0.74	1.00
past	0.74	0.57
honest	0.74	1.24
dashclock	0.74	0.59
means	0.74	1.48
voice	0.74	0.62
fwiw	0.74	0.71
continuing	0.74	1.03
gpe	0.74	1.04
son	0.74	2.10
thunderbolt	0.74	2.64
wanting	0.74	1.49
happened	0.74	0.75
whats	0.74	0.93
suggest	0.74	1.04
browser	0.74	0.75
parents	0.75	2.16
matter	0.75	1.19
officially	0.75	0.63
buy	0.75	0.91
wife	0.75	2.52
purchasing	0.75	0.94
fb	0.75	0.67
college	0.75	0.78
republic	0.75	0.66
5c	0.75	1.02
least	0.75	0.65
confirm	0.75	0.69
sms	0.75	0.64
thin	0.75	0.94
satisfied	0.75	2.56
wiped	0.75	0.63
worth	0.75	0.96
2.5	0.76	0.77
pad	0.76	0.89
transitions	0.76	1.12
strongly	0.76	0.96
opera	0.76	0.74
dolphin	0.76	0.75
wp	0.76	0.98
9	0.76	0.77
nevermind	0.76	1.75
messaging	0.76	0.61
friday	0.76	0.66
duarte	0.76	0.85
last	0.76	0.58
moto360	0.77	0.75
immediately	0.77	0.77
use	0.77	1.08
mockup	0.77	0.79
them	0.77	1.12
flawlessly	0.77	0.81
gift	0.77	1.42
cake	0.77	0.69
fenix	0.77	0.47
javelin	0.77	0.77
age	0.77	0.92
window	0.77	0.76
pushbullet	0.77	0.54
once	0.77	0.70
surface	0.77	0.74
let	0.77	1.23
touch	0.77	0.66
incentive	0.77	0.87
explorer	0.77	0.60
stuck	0.77	1.27
technology	0.77	0.64
message	0.78	0.72
thinking	0.78	2.35
gave	0.78	1.84
firefox	0.78	0.73
course	0.78	1.42
transition	0.78	0.98
wednesday	0.78	0.61
band	0.78	1.19
line	0.78	1.12
sister	0.78	2.49
does	0.78	1.15
upcoming	0.78	0.62
used	0.79	0.82
figuring	0.79	1.21
dates	0.79	0.61
revolutionary	0.79	0.64
designs	0.79	1.00
able	0.79	1.30
1020	0.79	0.90
tablet	0.79	0.81
ftw	0.79	0.84
kinda	0.79	1.08
pop	0.79	0.78
5.1	0.79	0.69
tempting	0.79	1.85
ordered	0.79	0.62
arrived	0.79	0.62
preorder	0.80	0.62
another	0.80	0.75
week	0.80	0.57
beneficial	0.80	1.37
lite	0.80	0.48
multitasking	0.80	0.64
field	0.80	0.73
17	0.80	0.93
please	0.80	1.02
order	0.80	0.67
notes	0.80	0.68
ran	0.80	0.98
reason	0.80	0.93
settle	0.80	0.86
our	0.80	0.49
enough	0.80	0.93
realise	0.80	1.43
because	0.80	1.48
z1c	0.81	0.92
alternatives	0.81	0.61
telegram	0.81	0.66
picking	0.81	1.05
8	0.81	0.81
informed	0.81	2.00
flair	0.81	1.30
metal	0.81	0.90
skype	0.81	0.70
iphones	0.81	0.92
imply	0.81	2.04
xd	0.81	1.34
1.5	0.81	0.80
ive	0.81	0.58
intend	0.81	1.16
maker	0.82	2.10
powered	0.82	0.74
lollipop	0.82	0.70
formatting	0.82	1.37
all	0.82	0.77
810	0.82	0.69
realize	0.82	1.20
guide	0.83	0.84
then	0.83	1.08
interaction	0.83	0.82
surprisingly	0.83	1.10
plastic	0.83	0.85
german	0.83	1.07
birthday	0.83	2.37
battle	0.83	1.19
guarantee	0.83	1.41
learned	0.83	0.59
asus	0.83	1.14
need	0.83	1.18
favorite	0.83	1.92
ready	0.83	1.56
rolled	0.83	0.75
gingerbread	0.83	1.32
shortcuts	0.83	0.61
fresh	0.83	0.67
later	0.83	0.62
group	0.83	0.68
information	0.83	0.84
seems	0.83	1.00
imagine	0.83	1.24
lg	0.83	1.90
owning	0.84	2.43
dad	0.84	2.45
thing	0.84	0.86
helped	0.84	0.93
figure	0.84	1.11
3.5	0.84	0.68
things	0.84	0.88
heck	0.84	0.87
chats	0.84	0.69
edition	0.84	1.34
whatsapp	0.84	0.67
device	0.84	0.75
calculator	0.84	0.70
compelling	0.84	1.07
inches	0.84	0.86
huawei	0.85	1.03
username	0.85	0.70
works	0.85	0.83
tab	0.85	0.74
jailbreak	0.85	0.89
sent	0.85	0.78
chromebook	0.85	0.98
series	0.85	1.19
detailed	0.85	1.08
french	0.85	0.70
consistent	0.86	1.29
want	0.86	1.21
expecting	0.86	2.37
minimal	0.86	0.96
ditto	0.86	0.73
hahaha	0.86	1.30
hmmm	0.86	1.28
buying	0.86	1.20
done	0.86	0.98
thought	0.87	1.29
hmm	0.87	1.48
email	0.87	0.76
me	0.87	1.14
phrase	0.87	1.45
seen	0.87	0.69
pandacoins	0.87	1.42
give	0.87	0.80
dear	0.87	1.23
backing	0.87	0.78
inch	0.87	0.85
fence	0.88	1.88
know	0.88	1.35
smartphone	0.88	1.94
805	0.88	0.70
4.7	0.88	0.84
paste	0.88	0.96
shortly	0.88	0.80
reminded	0.88	1.41
new	0.88	0.63
waited	0.88	0.71
pre-order	0.89	0.60
genius	0.89	1.13
comes	0.89	0.88
typo	0.89	1.76
understanding	0.89	1.72
cons	0.89	0.70
blows	0.89	1.05
get	0.89	1.14
updated	0.89	0.98
mine	0.90	0.59
5.0	0.90	0.79
join	0.90	0.78
why	0.90	1.31
favorites	0.90	0.58
idea	0.90	0.92
did	0.90	1.20
there	0.90	0.86
choosing	0.90	0.78
arrive	0.90	0.70
english	0.90	1.10
2	0.90	0.87
release	0.90	0.78
evolve	0.90	0.66
considering	0.91	1.75
global	0.91	1.10
years	0.91	0.84
brother	0.91	2.42
productive	0.91	1.12
5.5	0.91	0.83
k	0.91	0.73
deciding	0.91	1.13
confident	0.91	2.38
inc	0.91	0.63
could	0.91	1.20
peek	0.91	0.75
wo	0.91	1.26
broke	0.91	1.50
mistake	0.91	1.66
alternative	0.91	0.58
hm	0.92	1.29
bricked	0.92	1.38
rumored	0.92	0.67
pro	0.92	0.76
3rd	0.92	0.50
whoops	0.92	1.63
aluminum	0.92	0.97
every	0.92	0.59
otherwise	0.92	0.99
blowing	0.92	1.20
pen	0.92	0.77
happily	0.92	1.40
closer	0.92	0.79
flawless	0.92	1.26
buck	0.92	1.84
kids	0.92	1.40
returning	0.92	1.33
apologize	0.93	2.21
60fps	0.93	0.97
ipad	0.93	0.88
flexible	0.93	0.77
far	0.93	0.80
forgive	0.93	0.77
animations	0.93	1.08
except	0.93	0.75
holy	0.93	1.54
unfortunately	0.93	1.08
bubble	0.93	0.73
received	0.93	0.65
single	0.94	1.74
hp	0.94	1.33
n9	0.94	0.69
worked	0.94	0.75
anymore	0.94	1.20
see	0.94	1.22
hover	0.94	0.78
close	0.94	1.40
l	0.94	0.69
500	0.94	0.73
gf	0.94	2.38
consider	0.94	1.35
n7	0.94	0.97
mighty	0.94	0.97
transformer	0.94	1.05
ipads	0.95	0.90
suppose	0.95	1.29
expect	0.95	1.29
forgot	0.95	1.45
up	0.95	0.92
hesitant	0.95	2.44
mega	0.95	1.04
christmas	0.95	1.96
effective	0.95	1.21
7	0.95	0.92
submitted	0.95	0.92
thoroughly	0.95	0.99
innovative	0.95	0.89
announced	0.95	0.80
sentence	0.95	2.45
remember	0.95	0.92
stylus	0.95	0.76
butter	0.96	0.88
seeing	0.96	2.19
tomorrow	0.96	0.67
year	0.97	0.70
whatever	0.97	1.24
floating	0.97	0.76
duh	0.97	1.34
2.3	0.97	1.38
viber	0.97	0.70
yes	0.97	1.42
gen	0.97	0.87
answer	0.97	0.95
unified	0.98	0.91
patience	0.98	1.00
halo	0.98	0.81
selected	0.98	0.76
3	0.98	0.96
anything	0.98	1.04
6	0.98	0.68
we	0.98	1.34
been	0.98	0.62
seem	0.98	1.08
textra	0.98	0.57
sooo	0.98	1.01
launched	0.99	1.06
4g	0.99	2.60
shell	0.99	0.57
mean	0.99	1.25
messenger	0.99	0.66
summer	0.99	0.71
served	0.99	1.35
iii	0.99	1.71
imho	0.99	1.19
tho	0.99	1.32
member	1.00	0.70
even	1.00	1.24
lesson	1.00	0.79
language	1.00	1.06
quick	1.01	0.86
multi-window	1.01	0.89
booting	1.01	0.74
digging	1.01	0.98
sony	1.01	1.34
friends	1.01	1.82
should	1.01	1.22
wonder	1.01	1.31
f	1.01	0.77
special	1.01	0.76
upgrade	1.01	0.96
n	1.01	0.70
e	1.02	0.79
um	1.02	1.26
lord	1.02	0.90
today	1.02	0.59
alone	1.02	1.49
lumia	1.02	0.92
happen	1.02	1.20
picked	1.02	0.95
goodness	1.02	0.95
believe	1.02	1.31
blackberry	1.02	2.26
simpler	1.03	1.18
imo	1.03	0.97
sorry	1.03	1.55
featured	1.03	0.75
good	1.03	1.53
out	1.03	0.93
promise	1.03	0.90
regret	1.03	1.47
s6	1.03	0.65
webos	1.03	1.90
how	1.03	1.07
now	1.03	1.33
2015	1.03	0.75
totally	1.04	1.07
everything	1.04	0.70
mini	1.04	1.44
s2	1.04	2.52
phase	1.04	0.55
pretty	1.04	1.05
necessarily	1.04	0.96
bacon	1.04	0.90
password	1.04	0.72
old	1.04	2.44
unlikely	1.04	1.88
stuff	1.04	0.91
design	1.05	1.02
tutorials	1.05	0.84
however	1.05	1.25
curve	1.05	0.64
feels	1.05	1.08
doubt	1.05	1.24
gesture	1.05	0.99
announce	1.05	0.86
say	1.05	1.31
2.2	1.05	1.42
hah	1.05	1.42
ii	1.05	2.01
technically	1.05	1.83
compact	1.05	0.96
froyo	1.05	1.56
family	1.05	1.95
which	1.06	1.15
dunno	1.06	1.28
runs	1.06	0.89
swiping	1.06	1.28
cleaner	1.06	1.23
aesthetic	1.06	1.03
key	1.06	1.11
feel	1.06	0.95
opo	1.07	0.71
2000	1.07	0.68
great	1.07	1.51
backs	1.07	0.74
proud	1.07	2.02
ericsson	1.07	2.47
finish	1.07	0.90
way	1.07	0.88
redditor	1.07	0.97
ll	1.07	1.20
before	1.07	0.64
gui	1.07	0.93
multi	1.07	0.88
practical	1.07	0.98
waiting	1.07	1.46
something	1.07	1.28
unable	1.07	1.99
eventually	1.07	0.89
debating	1.08	1.31
either	1.08	1.29
consideration	1.08	0.92
makers	1.08	1.65
ipod	1.08	0.98
4.5	1.08	0.74
3d	1.08	1.56
answering	1.08	1.35
z1s	1.08	1.11
mightytext	1.08	0.60
fyi	1.08	0.83
baby	1.08	0.85
owner	1.08	2.26
fine	1.09	0.88
n10	1.09	1.20
oneplus	1.09	0.74
think	1.09	1.25
z1	1.09	1.04
macbook	1.09	0.66
touchless	1.09	0.69
ordering	1.09	0.90
luckily	1.09	1.32
eli5	1.09	1.16
fancy	1.10	0.90
creator	1.10	0.55
unique	1.10	0.81
ve	1.10	0.56
same	1.10	0.76
tutorial	1.10	0.84
c	1.11	0.63
orders	1.11	0.73
late	1.11	0.77
actually	1.11	1.20
bro	1.11	1.47
ultra	1.11	1.25
would	1.12	1.12
again	1.12	1.10
spring	1.12	0.78
certainly	1.12	1.00
nicer	1.12	1.40
upgrading	1.12	1.17
might	1.12	1.16
really	1.12	0.99
next	1.12	0.85
work	1.13	1.02
got	1.13	1.21
exactly	1.13	1.21
although	1.13	1.08
pre	1.13	1.47
chat	1.13	0.72
note	1.13	1.38
yet	1.14	0.79
yours	1.14	0.90
maybe	1.14	1.21
smoothly	1.14	0.95
hero	1.14	2.41
impressed	1.14	1.95
gladly	1.14	0.95
5	1.15	0.81
appearance	1.15	1.03
languages	1.15	1.19
never	1.15	0.65
10.1	1.15	1.20
durable	1.15	0.92
b	1.15	0.67
valuable	1.15	0.97
until	1.15	0.75
input	1.15	0.83
anytime	1.15	1.20
its	1.16	0.86
closest	1.16	1.36
anyway	1.16	1.25
january	1.16	0.82
pleased	1.16	1.99
asap	1.16	0.94
era	1.16	1.46
na	1.16	1.29
epic	1.16	2.39
tempted	1.16	2.15
sounds	1.16	1.15
moderators	1.16	1.00
feeling	1.16	0.93
may	1.16	1.14
still	1.16	1.13
tipsy	1.16	2.10
ups	1.16	0.82
s4	1.17	1.49
linkme	1.17	0.54
exact	1.17	1.24
wait	1.17	1.04
optimus	1.17	2.39
honestly	1.17	1.21
early	1.17	0.84
iphone	1.17	1.25
z4	1.17	0.86
august	1.17	0.80
will	1.17	1.27
released	1.18	0.95
already	1.18	0.78
gs3	1.18	1.48
s3	1.18	1.80
come	1.18	0.89
tonight	1.18	0.85
pattern	1.18	0.90
siri	1.18	0.60
had	1.18	1.97
em	1.18	1.23
flow	1.18	0.86
sure	1.19	2.16
always	1.19	0.92
gs4	1.19	1.41
figured	1.19	1.07
motorola	1.19	2.21
evo	1.19	2.43
touchpad	1.19	2.21
ios	1.19	0.81
2007	1.20	1.27
shall	1.20	0.73
possibly	1.20	0.97
nexus	1.20	1.20
1+1	1.20	0.91
darn	1.20	1.13
flex	1.20	0.75
wish	1.20	1.31
assist	1.20	0.86
inclined	1.20	2.07
n5	1.20	0.95
4th	1.20	0.68
sensation	1.20	2.43
galaxy	1.21	2.05
till	1.21	0.71
yep	1.21	1.13
weather	1.21	0.57
probably	1.21	1.26
xperia	1.21	1.33
3gs	1.21	2.31
errors	1.21	1.96
only	1.21	0.91
2014	1.21	0.95
microbitcoin	1.21	2.08
came	1.21	1.98
sometime	1.22	0.72
predict	1.22	1.22
2x	1.22	1.57
s5	1.22	1.13
march	1.22	0.77
corrected	1.22	2.17
aka	1.22	1.64
upgraded	1.23	1.77
concept	1.23	1.03
desire	1.23	2.41
m7	1.23	1.36
keyboards	1.23	1.22
phone/tablet	1.23	0.80
hd	1.23	1.79
uh	1.23	1.34
also	1.23	1.20
visually	1.23	1.19
date	1.23	0.71
m8	1.23	1.11
atrix	1.23	2.37
row	1.24	1.30
apologies	1.24	1.57
z	1.24	1.43
d	1.24	1.13
anyways	1.24	1.20
feature	1.24	0.87
october	1.24	0.74
nowhere	1.24	0.92
g1	1.24	2.37
yesterday	1.24	0.78
verified	1.25	0.94
2013	1.25	0.98
first	1.25	0.64
amazed	1.25	1.42
reliable	1.25	1.13
4500	1.25	2.04
2011	1.25	1.10
future	1.26	0.90
z3v	1.26	0.82
v	1.26	1.77
bet	1.26	1.28
november	1.26	0.76
z2	1.26	0.86
though	1.26	1.15
april	1.26	0.86
htc	1.26	2.34
february	1.27	0.91
likely	1.27	1.09
boss	1.27	1.59
july	1.27	0.86
boy	1.27	1.05
september	1.27	0.89
june	1.27	0.86
original	1.27	1.95
happier	1.27	2.02
gnex	1.28	1.89
4	1.28	1.35
og	1.28	2.35
december	1.28	0.86
coming	1.28	0.97
n4	1.28	1.09
2012	1.28	1.06
soon	1.29	1.09
personally	1.29	1.44
subtle	1.29	1.41
toy	1.29	0.69
widget	1.29	0.60
boat	1.29	1.98
droid	1.29	2.32
ara	1.30	0.66
timely	1.30	0.56
n6	1.30	0.92
yup	1.30	1.19
explanation	1.30	1.09
dna	1.30	2.29
2nd	1.31	0.83
razr	1.31	2.27
g2	1.31	1.42
letter	1.31	1.29
reply	1.32	1.16
easy	1.32	1.40
5s	1.32	1.24
q	1.32	1.49
fast	1.32	0.94
g3	1.32	0.87
2008	1.32	1.56
since	1.33	0.95
pin	1.33	0.89
2009	1.33	1.35
edit	1.33	1.92
freaking	1.33	1.07
drawing	1.34	0.79
simplicity	1.34	1.32
hopefully	1.34	1.04
guess	1.35	1.19
powerful	1.35	1.04
mistakes	1.35	2.19
robust	1.35	1.09
recently	1.36	0.95
response	1.36	1.12
hint	1.36	0.73
keyboard	1.36	1.52
interface	1.36	1.11
characters	1.36	1.44
1st	1.36	0.86
finally	1.37	0.99
g	1.37	1.19
word	1.38	2.31
x	1.38	1.51
z3c	1.38	0.83
chosen	1.39	0.96
z3	1.39	0.87
ya	1.39	1.35
hoping	1.39	2.03
letters	1.40	1.66
homepage	1.40	0.96
leaning	1.40	1.00
punctuation	1.40	1.70
ta	1.41	1.07
m9	1.41	0.93
spelling	1.41	2.27
ill	1.41	1.08
swift	1.41	1.47
sooner	1.41	0.86
typing	1.41	1.64
ah	1.41	1.36
huh	1.41	1.33
til	1.42	0.88
pleasant	1.42	1.38
emoji	1.42	1.41
words	1.42	2.27
ha	1.42	1.33
modern	1.43	0.68
enjoy	1.43	1.37
moto	1.43	1.55
p	1.44	1.18
yeah	1.44	1.18
answers	1.44	0.91
grammar	1.44	2.13
x2	1.44	2.13
seamless	1.45	1.01
maxx	1.45	1.84
rocking	1.46	2.08
appealing	1.47	1.09
u/pndtip	1.47	1.01
typed	1.47	2.24
one	1.47	0.72
dude	1.48	1.53
successor	1.49	1.25
character	1.49	1.05
killer	1.49	1.06
motox	1.50	1.00
x+1	1.50	0.85
4s	1.50	1.65
swype	1.50	1.58
smash	1.50	1.11
kii	1.51	1.54
rough	1.51	1.31
u/philosopher_ms	1.52	0.94
willing	1.52	1.89
beast	1.52	1.08
autocorrect	1.52	1.75
fleksy	1.52	1.60
type	1.52	2.12
prediction	1.52	1.63
thats	1.52	1.19
swiftkey	1.52	1.59
yea	1.52	1.20
magic	1.53	1.54
predictions	1.54	1.67
ok	1.54	1.14
minuum	1.54	1.65
2010	1.54	1.54
recommendation	1.55	0.83
pm	1.55	0.94
mr	1.55	0.99
recommend	1.55	1.17
nifty	1.56	1.27
solid	1.56	1.24
gotcha	1.56	1.34
help	1.57	0.99
ahh	1.57	1.32
well	1.59	1.10
pnd	1.59	0.92
possible	1.59	1.39
aw	1.60	1.21
look	1.60	1.30
dictionary	1.60	1.61
turbo	1.61	1.26
impressive	1.62	0.98
correction	1.62	2.05
pandacoin	1.62	1.07
material	1.63	1.22
haha	1.63	1.26
info	1.63	0.98
okay	1.65	1.24
currently	1.65	0.72
dang	1.65	1.28
n1	1.65	1.56
acdisplay	1.66	0.61
convinced	1.66	2.06
exciting	1.67	1.22
eh	1.67	1.25
oh	1.67	1.21
clarification	1.69	1.27
damn	1.69	1.43
advance	1.70	0.99
wow	1.71	1.43
chances	1.71	1.21
friendly	1.71	1.09
useful	1.71	1.39
ever	1.72	1.23
promising	1.72	0.92
charm	1.74	0.86
rock	1.76	0.88
liking	1.76	1.45
customizable	1.78	0.88
perfect	1.78	1.13
aesthetically	1.80	1.05
job	1.80	0.95
worries	1.81	1.25
handy	1.81	1.41
intuitive	1.81	1.09
fluid	1.81	1.04
glad	1.82	1.75
fingers	1.83	1.15
qksms	1.83	0.49
beauty	1.83	0.93
neat	1.84	1.25
brilliant	1.85	0.94
fellow	1.86	0.81
lightweight	1.86	0.99
torn	1.86	1.20
insight	1.87	1.05
functional	1.88	1.02
welcome	1.88	0.93
looks	1.88	1.09
tip	1.89	1.22
clean	1.90	1.01
tips	1.91	1.03
indeed	1.91	1.23
enjoying	1.91	1.45
responsive	1.91	1.03
mate	1.93	1.11
enter	1.93	0.88
whoa	1.95	1.33
favourite	1.96	1.02
buddy	1.97	1.13
feedback	1.98	1.08
hopes	1.99	1.29
pros	1.99	0.86
incredible	2.00	1.25
looking	2.01	1.48
hello	2.01	1.00
invite	2.02	1.07
chance	2.03	1.15
glorious	2.04	0.75
advice	2.05	1.02
simple	2.06	1.13
woah	2.06	1.26
suggestions	2.10	0.85
invites	2.11	1.09
suggestion	2.11	0.88
man	2.11	1.27
guys	2.11	1.33
heads	2.14	1.31
definitely	2.14	1.11
btw	2.16	0.89
pleasing	2.16	1.13
attractive	2.17	1.11
entry	2.17	1.07
lovely	2.19	0.86
wonderful	2.19	0.85
pls	2.20	1.27
sexy	2.20	0.74
commenting	2.21	1.32
sir	2.23	1.22
snappy	2.24	1.08
alright	2.25	1.19
appreciate	2.25	1.18
elegant	2.26	1.08
smooth	2.27	1.00
appreciated	2.28	1.19
cool	2.30	1.05
hey	2.31	1.19
cheers	2.35	1.21
helpful	2.35	1.21
polished	2.36	1.01
lucky	2.37	1.55
won	2.38	1.18
sleek	2.38	0.96
dream	2.40	0.96
thank	2.41	1.19
slick	2.41	0.95
thanks	2.42	1.17
hope	2.43	1.13
sweet	2.43	1.16
hi	2.44	1.09
winner	2.44	1.12
winning	2.44	1.15
loving	2.44	0.55
win	2.52	1.13
odds	2.55	1.12
opportunity	2.57	1.11
entering	2.58	1.08
yay	2.58	1.12
congrats	2.58	1.10
giveaway	2.59	1.13
luck	2.60	1.11
beautiful	2.61	0.70
crossed	2.62	1.09
giveaways	2.62	1.10
entered	2.62	1.11
contest	2.63	1.09
gorgeous	2.65	0.64
