shits	-4.31	0.49
cramps	-4.01	1.05
pain	-3.98	1.04
stomach	-3.96	1.09
headache	-3.90	1.05
pms	-3.88	0.96
swings	-3.87	1.03
constant	-3.69	1.06
disgusting	-3.62	0.84
cramping	-3.61	0.84
painful	-3.61	1.11
taste	-3.54	0.94
poop	-3.53	0.97
worse	-3.53	1.08
bleeding	-3.51	0.80
dirty	-3.46	1.10
prone	-3.45	1.09
sweat	-3.45	1.07
piss	-3.44	1.03
period	-3.42	0.76
gross	-3.38	1.14
pee	-3.38	1.23
smell	-3.36	1.09
infection	-3.35	1.20
smells	-3.35	1.13
sore	-3.34	1.23
hating	-3.33	0.97
breath	-3.33	1.08
nightmare	-3.26	1.15
symptoms	-3.26	0.81
yeast	-3.25	1.25
periods	-3.23	0.84
flow	-3.22	0.71
bad	-3.19	0.89
menstrual	-3.17	0.79
mood	-3.17	1.13
spotting	-3.16	0.84
dull	-3.15	1.15
horribly	-3.11	1.22
bleed	-3.08	0.80
rid	-3.06	1.30
gag	-3.06	0.98
mild	-3.03	0.59
vomit	-3.03	0.78
crushed	-2.95	1.72
bullied	-2.93	1.92
throat	-2.92	0.65
smelled	-2.91	1.01
sweaty	-2.91	0.93
heavy	-2.87	0.79
led	-2.84	1.33
horrifying	-2.80	1.36
uterus	-2.80	0.76
intense	-2.78	0.88
insults	-2.78	1.56
cycle	-2.77	0.78
elementary	-2.76	2.30
mess	-2.75	1.67
middle	-2.73	2.17
farts	-2.71	0.79
teacher	-2.70	2.29
sucked	-2.70	1.28
pooping	-2.68	0.72
heavier	-2.67	0.89
grade	-2.65	2.30
resent	-2.65	1.60
sick	-2.65	2.26
blood	-2.64	0.81
killer	-2.64	1.44
annoys	-2.64	1.34
growing	-2.63	2.03
secretly	-2.61	1.32
sticky	-2.59	0.82
afterward	-2.58	1.11
spit	-2.57	0.87
unpleasant	-2.56	1.33
teachers	-2.54	2.27
allergic	-2.53	1.38
effects	-2.53	0.81
tampon	-2.49	0.64
taught	-2.48	2.21
greasy	-2.47	0.89
discomfort	-2.45	0.81
hormonal	-2.44	0.84
embarrassing	-2.44	1.86
insist	-2.44	1.51
bugs	-2.42	1.41
pad	-2.39	0.73
kid	-2.39	2.35
wet	-2.38	1.00
messed	-2.38	1.54
wreck	-2.36	2.06
itchy	-2.35	1.24
libido	-2.34	0.84
cause	-2.34	0.89
cervix	-2.33	0.78
hurts	-2.32	0.91
afterwards	-2.29	1.18
everywhere	-2.28	1.00
hormones	-2.26	0.78
sharp	-2.25	0.93
peeing	-2.24	0.96
prom	-2.23	2.29
mouth	-2.23	0.78
toilet	-2.22	0.98
acne	-2.20	0.65
grumpy	-2.19	2.78
frustrating	-2.15	1.92
causes	-2.15	0.74
wipe	-2.15	1.00
texture	-2.15	0.69
deodorant	-2.14	1.10
childbirth	-2.13	0.82
recovery	-2.12	0.69
flush	-2.11	0.96
bloody	-2.08	0.89
tastes	-2.08	0.85
lighter	-2.08	0.88
class	-2.08	1.86
hungry	-2.08	2.86
tired	-2.07	2.90
school	-2.07	1.86
scent	-2.06	1.15
burning	-2.06	0.71
bug	-2.06	0.93
pisses	-2.05	1.57
labor	-2.05	0.68
ed	-2.04	1.84
dirt	-2.03	0.85
messy	-2.03	0.99
sensitive	-2.03	1.53
depo	-2.03	0.78
mirena	-2.03	0.78
grades	-2.02	1.80
prevent	-2.01	1.09
irritated	-2.00	3.00
suicidal	-1.99	2.26
scares	-1.99	1.53
torn	-1.99	1.56
reminds	-1.98	1.32
tummy	-1.98	0.84
bitter	-1.98	2.10
caused	-1.98	0.78
pcos	-1.97	0.77
junior	-1.97	1.86
causing	-1.97	0.82
senior	-1.96	1.85
pathetic	-1.95	2.30
covered	-1.94	0.92
5th	-1.94	1.87
fluid	-1.93	0.73
suffer	-1.93	0.83
bodily	-1.92	0.85
severe	-1.92	0.82
uncomfortable	-1.92	2.57
constantly	-1.92	1.97
where	-1.92	1.93
depressing	-1.92	1.97
chronic	-1.91	0.80
stress	-1.91	0.87
hurt	-1.91	1.73
looked	-1.90	1.76
cry	-1.90	2.74
24/7	-1.90	1.39
overnight	-1.89	0.71
diagnosed	-1.88	0.96
irritating	-1.88	1.53
students	-1.88	1.77
high	-1.88	1.50
sensation	-1.87	0.98
boring	-1.87	1.66
exhausting	-1.86	1.56
freaks	-1.85	2.16
highschool	-1.85	1.77
bipolar	-1.85	1.32
bc	-1.85	0.78
exhausted	-1.84	2.82
angry	-1.84	3.22
tolerate	-1.84	1.71
freak	-1.84	1.95
depressed	-1.83	3.16
tampons	-1.83	0.63
terrified	-1.82	2.56
fart	-1.82	1.03
awkward	-1.81	2.60
makes	-1.81	2.23
upsetting	-1.81	1.49
lonely	-1.81	3.10
bored	-1.81	3.01
shopping	-1.81	1.99
teach	-1.80	1.76
seat	-1.80	1.03
anxious	-1.80	3.20
unexpected	-1.79	1.37
schools	-1.79	1.62
copper	-1.79	0.78
grossed	-1.78	2.69
leads	-1.78	0.79
stds	-1.78	1.32
annoyed	-1.78	3.23
lazy	-1.78	1.74
hormone	-1.77	0.73
stressed	-1.77	3.26
crying	-1.77	2.12
ugly	-1.77	1.41
confusion	-1.76	0.99
frustrated	-1.76	3.28
insecure	-1.75	3.12
embarrassment	-1.75	1.02
teaching	-1.75	1.75
pill	-1.75	0.79
insulted	-1.74	2.24
attacked	-1.74	1.73
armpits	-1.74	0.74
wary	-1.74	2.50
bathroom	-1.74	0.97
scared	-1.74	3.15
iud	-1.73	0.80
disease	-1.73	0.85
isolated	-1.73	2.32
hassle	-1.72	0.93
intimidated	-1.72	2.77
arms	-1.72	0.77
annoying	-1.72	1.62
dream	-1.72	1.74
tricky	-1.72	2.05
upset	-1.72	3.29
feeling	-1.72	2.89
distracted	-1.72	2.94
miserable	-1.72	2.69
horny	-1.72	3.01
legs	-1.72	0.74
ill	-1.71	2.41
bullying	-1.71	0.87
feel	-1.71	2.70
by	-1.71	2.44
chest	-1.71	0.78
pissed	-1.70	3.27
math	-1.70	1.50
nervous	-1.69	3.25
birth	-1.69	0.81
easily	-1.68	2.37
confused	-1.68	3.25
syndrome	-1.68	0.87
crushing	-1.68	1.53
creepy	-1.67	1.29
overwhelmed	-1.66	3.24
spray	-1.66	1.03
disaster	-1.66	0.96
threatened	-1.65	1.78
unsure	-1.65	3.23
pills	-1.65	0.78
suffering	-1.65	1.06
shocked	-1.65	3.06
deeply	-1.64	2.11
freaked	-1.63	2.73
usual	-1.63	1.04
prettier	-1.63	1.02
puberty	-1.63	1.08
panic	-1.63	1.53
mad	-1.63	3.19
afraid	-1.62	2.55
associate	-1.62	1.79
tears	-1.62	1.53
tension	-1.62	0.82
than	-1.62	1.02
depression	-1.62	1.10
boys	-1.62	1.91
pads	-1.61	0.70
embarrassed	-1.61	3.23
implant	-1.61	0.78
illness	-1.61	0.93
unsafe	-1.61	2.19
perfume	-1.61	1.19
control	-1.61	0.82
shock	-1.60	1.90
offended	-1.60	3.00
vag	-1.59	0.84
anxiety	-1.59	1.14
worried	-1.59	2.87
sink	-1.59	1.00
disorder	-1.59	1.13
defensive	-1.59	2.80
razor	-1.59	0.78
severely	-1.59	1.75
spice	-1.58	1.05
result	-1.58	0.87
leg	-1.58	0.73
pressured	-1.58	2.16
belly	-1.58	0.80
classes	-1.58	1.52
thighs	-1.58	0.81
flying	-1.57	1.37
extreme	-1.57	1.01
vaginas	-1.57	1.08
stronger	-1.57	1.02
teenage	-1.57	1.40
suspicious	-1.57	2.99
lead	-1.57	0.88
ptsd	-1.57	1.13
disappointed	-1.57	3.25
gets	-1.57	2.51
gain	-1.57	0.80
disappointing	-1.56	2.36
vulnerable	-1.56	2.50
desperate	-1.55	1.95
struggling	-1.55	1.39
nicer	-1.55	1.02
throughout	-1.54	0.87
slight	-1.54	0.94
suffered	-1.54	1.05
childhood	-1.54	1.00
rage	-1.53	1.75
allergies	-1.53	1.07
terrifying	-1.53	1.72
disorders	-1.53	1.09
condition	-1.53	0.86
inexperienced	-1.53	2.22
memory	-1.53	1.46
fear	-1.52	1.48
teenager	-1.52	1.37
raped	-1.52	1.37
unacceptable	-1.52	1.00
trapped	-1.52	2.57
disgusted	-1.52	3.27
sudden	-1.51	0.95
verbally	-1.51	1.44
thoroughly	-1.51	2.26
justified	-1.51	2.35
tested	-1.50	1.00
grows	-1.50	0.87
teen	-1.50	1.39
sometimes	-1.50	2.42
scare	-1.49	1.81
creeped	-1.49	2.87
pressure	-1.49	0.90
crap	-1.49	1.64
general	-1.49	1.78
shaking	-1.49	1.63
aroused	-1.49	2.36
self-conscious	-1.49	3.33
screwed	-1.48	1.28
needy	-1.48	2.11
crappy	-1.48	1.49
rejected	-1.48	1.66
cold	-1.48	1.36
reduce	-1.47	0.85
std	-1.47	1.27
paranoid	-1.47	3.00
dishes	-1.47	0.92
weirded	-1.47	2.97
drain	-1.47	0.97
ashamed	-1.47	3.17
less	-1.46	1.05
scary	-1.46	1.60
leaves	-1.46	1.05
abused	-1.46	1.45
dose	-1.46	0.78
trash	-1.46	0.92
horrified	-1.45	3.22
upper	-1.45	0.60
wipes	-1.45	0.77
desperately	-1.45	1.49
screaming	-1.45	1.78
whining	-1.45	1.17
hesitant	-1.44	2.77
knees	-1.44	0.79
towels	-1.44	0.96
butt	-1.44	0.81
annoy	-1.44	1.48
commercial	-1.44	2.29
guilty	-1.44	3.18
jealous	-1.44	3.17
concerned	-1.44	2.60
relief	-1.43	1.08
passive	-1.43	1.28
college	-1.43	1.47
lessons	-1.43	1.59
experienced	-1.43	2.07
busy	-1.43	2.17
stretch	-1.42	0.77
guilt	-1.42	1.32
flattered	-1.42	2.94
longer	-1.42	0.96
days	-1.42	0.92
neck	-1.42	0.77
cautious	-1.42	2.90
due	-1.41	0.86
tissue	-1.41	0.71
judged	-1.41	1.52
shitty	-1.41	1.91
smoke	-1.41	1.00
4th	-1.41	1.65
risk	-1.41	1.19
boy	-1.41	1.72
harder	-1.41	1.02
struggled	-1.40	1.12
graduation	-1.40	1.48
difficult	-1.40	1.45
blown	-1.40	1.96
real	-1.39	2.04
fresh	-1.39	1.14
shamed	-1.39	1.62
bigger	-1.39	0.85
ridiculous	-1.39	1.74
semester	-1.38	1.46
vaginal	-1.38	0.95
little	-1.38	2.22
stressful	-1.38	1.65
seats	-1.38	1.04
assaulted	-1.37	1.41
indifferent	-1.37	2.91
nerve	-1.36	0.98
irrational	-1.36	1.72
bathrooms	-1.36	0.90
cigarettes	-1.36	0.95
teeth	-1.36	0.77
shallow	-1.36	1.78
jealousy	-1.36	1.21
clueless	-1.36	1.93
fewer	-1.35	0.88
yelling	-1.35	1.56
literally	-1.35	2.03
burn	-1.35	1.30
easier	-1.35	1.02
muscles	-1.34	0.74
significantly	-1.34	0.95
anger	-1.34	1.23
disturbing	-1.34	1.57
damaged	-1.34	1.76
petty	-1.33	1.49
garbage	-1.33	0.95
naive	-1.33	1.76
morally	-1.33	2.55
closer	-1.33	0.87
mental	-1.33	1.01
shame	-1.33	1.69
complicated	-1.32	1.35
cleaned	-1.32	0.97
avoided	-1.32	1.15
breathe	-1.32	0.97
worthless	-1.32	1.93
shy	-1.32	2.68
self	-1.31	2.04
dangerous	-1.31	1.44
inside	-1.30	0.96
immature	-1.30	1.80
addition	-1.30	0.86
smarter	-1.30	0.97
testosterone	-1.30	0.80
borderline	-1.30	1.55
resentment	-1.29	1.16
scream	-1.29	1.46
frustration	-1.29	1.18
harassed	-1.29	1.55
clingy	-1.29	2.24
danger	-1.29	1.63
altogether	-1.29	0.82
damage	-1.29	0.97
muscle	-1.29	0.73
destroyed	-1.29	1.23
cleaning	-1.28	0.90
hatred	-1.28	1.13
load	-1.28	0.95
washing	-1.28	0.94
slightest	-1.28	2.09
crotch	-1.28	0.80
reminded	-1.27	1.42
injury	-1.27	0.94
pointless	-1.27	1.58
phase	-1.27	1.25
smelling	-1.27	2.40
classmates	-1.27	1.88
conscious	-1.27	2.94
professor	-1.26	1.30
slightly	-1.26	1.34
selfish	-1.26	1.76
ease	-1.26	1.03
vanilla	-1.26	1.05
awkwardness	-1.26	1.26
pregnancy	-1.25	1.02
public	-1.25	0.88
thicker	-1.25	0.90
insecurity	-1.25	1.23
chore	-1.24	1.11
permanently	-1.24	0.96
demanding	-1.24	1.74
esteem	-1.24	1.36
lasts	-1.24	0.92
leading	-1.24	0.97
vagina	-1.24	0.82
minor	-1.23	0.93
inappropriate	-1.23	1.50
surprised	-1.23	2.57
self-esteem	-1.23	1.42
fertility	-1.23	0.82
legitimately	-1.23	1.73
minimal	-1.22	0.84
trauma	-1.22	0.99
procedure	-1.22	0.84
tolerance	-1.22	0.80
laundry	-1.22	0.89
air	-1.22	0.91
shave	-1.21	0.76
crave	-1.21	1.08
pushy	-1.21	1.68
possibility	-1.21	1.68
dealing	-1.21	0.99
patch	-1.20	0.78
university	-1.20	1.33
uni	-1.20	1.34
picky	-1.20	2.35
flat	-1.20	0.80
switching	-1.20	0.86
endless	-1.20	1.12
task	-1.19	1.25
rapist	-1.19	1.12
pile	-1.19	1.02
sleepy	-1.19	2.78
damned	-1.19	1.73
obese	-1.19	1.34
graduated	-1.18	1.37
growth	-1.18	0.74
graduating	-1.18	1.31
marks	-1.18	0.76
luckily	-1.18	1.62
sadness	-1.18	1.21
tear	-1.17	1.34
unwanted	-1.17	1.29
being	-1.17	1.61
amazed	-1.17	2.86
unattractive	-1.17	1.03
introverted	-1.17	2.46
3rd	-1.16	1.53
tests	-1.16	0.79
thinner	-1.16	1.01
aggressive	-1.16	1.66
vulva	-1.16	0.89
education	-1.16	1.22
lying	-1.16	2.66
program	-1.15	1.26
ignored	-1.15	1.43
brushing	-1.15	0.79
labia	-1.15	0.87
unnecessary	-1.15	1.38
heal	-1.15	1.07
threatening	-1.15	1.41
much	-1.15	1.17
regular	-1.15	0.80
revenge	-1.15	1.35
rush	-1.14	1.29
undergrad	-1.14	1.25
bite	-1.14	0.80
cum	-1.14	0.93
intimidating	-1.14	1.58
washed	-1.13	0.97
waxing	-1.13	0.76
pregnant	-1.13	1.16
soap	-1.13	1.19
homework	-1.13	1.06
nerves	-1.13	1.55
teenagers	-1.13	1.28
physically	-1.13	1.52
kicked	-1.13	1.32
entitled	-1.12	1.67
edge	-1.12	0.83
spoiled	-1.12	1.38
programs	-1.12	1.17
beginning	-1.12	1.15
losing	-1.12	1.66
clean	-1.12	1.07
mentally	-1.12	1.72
emotion	-1.11	1.36
young	-1.11	1.18
repeatedly	-1.11	1.48
oblivious	-1.11	1.86
balls	-1.11	0.85
stubble	-1.11	0.76
complaining	-1.11	1.39
rinse	-1.11	0.95
kitchen	-1.10	0.88
condoms	-1.10	0.98
noises	-1.10	1.45
and/or	-1.10	1.23
wasted	-1.10	1.67
freshman	-1.10	1.48
childish	-1.10	1.63
release	-1.10	0.97
manipulative	-1.10	1.55
scars	-1.09	0.89
obnoxious	-1.09	1.50
kills	-1.09	1.01
avoid	-1.09	1.32
wasting	-1.09	1.25
made	-1.09	1.26
dry	-1.08	0.87
shaving	-1.08	0.77
cried	-1.08	1.61
grass	-1.07	0.81
giggle	-1.07	1.54
blaming	-1.07	1.32
controlling	-1.07	2.00
invisible	-1.07	1.41
towel	-1.07	0.91
emotionally	-1.07	1.74
testing	-1.07	0.83
monthly	-1.07	0.76
tacky	-1.07	1.16
grow	-1.06	0.79
sexually	-1.06	1.54
wax	-1.05	0.73
burst	-1.05	1.66
struggles	-1.05	1.09
misogyny	-1.05	1.05
cleaner	-1.05	0.81
defending	-1.05	1.28
getting	-1.05	1.94
grad	-1.05	1.24
yelled	-1.05	1.56
pubic	-1.04	0.74
introvert	-1.04	2.21
yell	-1.04	1.60
courses	-1.04	1.23
validation	-1.04	1.07
rapists	-1.04	1.06
medication	-1.04	0.91
potentially	-1.03	1.35
ear	-1.03	0.79
mildly	-1.03	1.65
vacuum	-1.03	0.86
arrogant	-1.03	1.59
tongue	-1.03	0.80
graduate	-1.02	1.22
beating	-1.02	1.09
rude	-1.02	1.53
unfortunate	-1.02	1.36
damaging	-1.02	1.38
nose	-1.02	0.77
suck	-1.02	2.05
hairs	-1.02	0.75
terribly	-1.02	1.54
earth	-1.02	2.03
problematic	-1.02	1.45
paper	-1.02	0.81
blamed	-1.02	1.21
process	-1.01	1.03
toxic	-1.01	1.21
sight	-1.01	1.08
cancer	-1.01	1.00
planet	-1.01	2.23
risks	-1.01	1.12
motion	-1.01	0.82
ugh	-1.01	2.04
lesson	-1.00	1.58
attached	-1.00	2.44
pity	-0.99	1.32
pluck	-0.99	0.75
region	-0.99	0.76
faster	-0.99	1.01
dying	-0.99	1.68
chemical	-0.99	0.88
excitement	-0.99	1.40
drunk	-0.99	1.68
loud	-0.99	1.27
useless	-0.98	1.64
meds	-0.98	0.92
experiencing	-0.98	0.89
hurtful	-0.98	1.56
throwing	-0.98	1.25
student	-0.98	1.14
changes	-0.98	0.90
stupid	-0.97	1.69
spread	-0.97	1.11
penis	-0.97	0.99
finishing	-0.97	1.18
clinical	-0.97	0.95
idiots	-0.97	1.33
moderate	-0.97	0.79
weak	-0.97	1.93
laughed	-0.97	1.77
dramatic	-0.97	1.91
waste	-0.96	1.22
organs	-0.96	0.82
nipples	-0.96	0.90
hypocritical	-0.96	1.60
internal	-0.96	0.96
mode	-0.96	1.46
lifting	-0.95	0.89
knife	-0.95	0.76
sucking	-0.95	0.89
killed	-0.95	1.00
racism	-0.95	1.00
frankly	-0.95	1.52
laughter	-0.94	1.55
shampoo	-0.94	0.84
partly	-0.94	1.50
attack	-0.94	1.32
stood	-0.94	1.30
increased	-0.94	0.76
condom	-0.94	0.98
standing	-0.93	1.10
critical	-0.93	1.86
confusing	-0.93	1.69
brush	-0.93	0.84
areas	-0.93	0.95
tasks	-0.93	1.26
feels	-0.93	1.49
harassment	-0.93	1.04
med	-0.92	1.07
backs	-0.92	0.81
developed	-0.92	0.89
surface	-0.92	0.83
teens	-0.92	1.12
felt	-0.92	2.58
protection	-0.92	1.49
addiction	-0.92	1.03
acting	-0.92	1.50
fights	-0.92	1.52
beard	-0.91	0.75
spring	-0.91	0.93
shaved	-0.91	0.73
suicide	-0.91	1.21
grew	-0.91	1.08
bizarre	-0.91	1.62
test	-0.91	0.87
issues	-0.91	1.14
fly	-0.91	1.09
bit	-0.91	1.79
ignorant	-0.91	1.56
condescending	-0.91	1.60
kicking	-0.91	1.27
switched	-0.91	0.91
nursing	-0.90	1.10
loser	-0.90	1.46
ears	-0.90	0.80
rural	-0.90	1.01
loudly	-0.90	1.26
burden	-0.90	1.09
grown	-0.90	1.06
noticeable	-0.90	1.29
creates	-0.90	0.92
socially	-0.90	1.68
avoiding	-0.90	1.36
moments	-0.90	1.08
arm	-0.90	0.78
blew	-0.90	1.90
mandatory	-0.90	0.97
ignorance	-0.90	1.08
cruel	-0.90	1.56
impressed	-0.89	3.02
trim	-0.89	0.75
delivery	-0.89	0.92
20s	-0.89	1.10
whiskey	-0.89	0.80
feminists	-0.89	0.93
fat	-0.89	0.88
appear	-0.89	1.24
patients	-0.89	1.06
odd	-0.88	1.79
judgmental	-0.88	1.61
weights	-0.88	0.75
chores	-0.88	1.09
brain	-0.88	0.94
kill	-0.88	1.22
somehow	-0.88	1.72
during	-0.88	0.84
shower	-0.88	1.11
protect	-0.88	1.37
studying	-0.88	1.08
ego	-0.88	1.37
showering	-0.88	0.90
utterly	-0.87	1.66
bs	-0.87	0.89
noise	-0.87	1.25
strange	-0.87	1.72
struggle	-0.87	1.15
stared	-0.87	1.59
clit	-0.87	1.10
scar	-0.87	0.86
genitals	-0.87	0.96
smaller	-0.87	0.85
physics	-0.87	1.04
mornings	-0.86	1.77
flavor	-0.86	0.87
careful	-0.86	2.08
becoming	-0.86	1.28
method	-0.86	0.97
deep	-0.86	0.96
bags	-0.86	0.74
spots	-0.85	0.90
abuse	-0.85	1.08
simultaneously	-0.85	1.30
levels	-0.85	0.75
violent	-0.85	1.27
stigma	-0.85	1.12
east	-0.85	0.99
practically	-0.85	1.15
wash	-0.85	0.90
rip	-0.85	1.31
abs	-0.85	0.76
shot	-0.85	0.78
misogynist	-0.85	1.38
conditions	-0.85	1.01
jerks	-0.85	1.47
messing	-0.84	1.18
waxed	-0.84	0.73
inevitably	-0.84	1.79
distant	-0.84	1.89
judging	-0.84	1.39
finger	-0.84	0.80
1st	-0.84	1.37
occur	-0.84	1.11
internship	-0.84	1.08
thigh	-0.84	0.76
occasional	-0.84	0.98
removing	-0.83	1.07
floor	-0.83	0.96
exam	-0.83	0.97
fingers	-0.83	0.80
serial	-0.83	1.14
chances	-0.83	1.25
nipple	-0.83	0.81
convinced	-0.83	2.13
initially	-0.83	1.79
keeps	-0.83	1.17
assholes	-0.83	1.43
unhealthy	-0.83	1.40
quiet	-0.82	2.12
produce	-0.82	0.83
problems	-0.82	1.15
jerk	-0.82	1.45
encouraged	-0.82	1.25
baggage	-0.82	1.06
applying	-0.82	1.03
dump	-0.82	1.03
abusive	-0.82	1.48
cheaper	-0.81	0.85
lick	-0.81	0.91
better	-0.81	1.07
masturbating	-0.81	1.43
afternoon	-0.81	1.68
north	-0.81	0.98
rejection	-0.80	1.35
tooth	-0.80	0.98
bush	-0.80	0.79
sticks	-0.80	0.91
cringe	-0.80	1.28
shoulders	-0.80	0.77
create	-0.80	0.97
lunch	-0.80	1.54
dumb	-0.80	1.64
alone	-0.80	2.02
hostile	-0.79	1.60
admit	-0.79	2.28
woke	-0.79	1.76
piercing	-0.79	0.95
temporary	-0.79	0.99
fetus	-0.79	1.04
conflict	-0.79	1.20
conditioner	-0.79	0.82
roots	-0.79	0.87
pierced	-0.79	1.05
needless	-0.79	1.79
butts	-0.79	0.81
harm	-0.79	1.35
creeps	-0.78	1.44
unhappy	-0.78	3.50
twenties	-0.78	1.08
forms	-0.78	0.97
rubbing	-0.78	0.91
weight	-0.78	0.93
hairy	-0.78	0.73
health	-0.78	1.18
overly	-0.78	1.58
criminal	-0.78	1.41
methods	-0.78	0.96
fast	-0.77	1.23
make	-0.77	1.65
fired	-0.77	1.50
skin	-0.77	0.96
failing	-0.77	1.05
applied	-0.77	1.00
front	-0.76	1.08
followed	-0.76	1.29
cock	-0.76	0.97
awake	-0.76	1.79
unfair	-0.76	1.45
counter	-0.76	0.91
sit	-0.76	1.13
phd	-0.75	1.04
2nd	-0.75	1.55
become	-0.75	1.59
penises	-0.75	0.97
lube	-0.75	0.99
describes	-0.75	2.02
temperature	-0.75	0.78
sexism	-0.75	1.07
misogynistic	-0.75	1.43
ate	-0.75	1.42
vision	-0.75	1.00
finish	-0.75	1.12
fourth	-0.75	1.51
adults	-0.75	1.08
exercising	-0.74	1.06
discrimination	-0.74	1.05
breaks	-0.74	1.67
pushed	-0.74	1.38
victim	-0.74	1.31
early	-0.74	1.12
whatsoever	-0.74	1.24
insulting	-0.73	1.61
effective	-0.73	0.96
victims	-0.73	1.17
starting	-0.73	1.54
chin	-0.73	0.78
masters	-0.73	1.05
toward	-0.73	1.13
eating	-0.73	1.43
visible	-0.73	1.00
degree	-0.73	1.05
se	-0.72	1.73
biology	-0.72	0.96
extremely	-0.72	1.38
gut	-0.72	1.30
lift	-0.72	0.85
increase	-0.72	0.85
fault	-0.72	2.71
superficial	-0.72	1.50
sat	-0.72	1.21
assistant	-0.72	1.09
death	-0.71	1.21
punch	-0.71	1.15
addict	-0.71	1.18
rejecting	-0.71	1.40
wake	-0.71	1.70
becomes	-0.71	1.38
hugely	-0.71	1.20
stage	-0.71	1.07
body	-0.71	0.78
needing	-0.71	1.27
serious	-0.71	1.11
lame	-0.71	1.69
groceries	-0.70	0.94
ran	-0.70	1.41
overwhelming	-0.70	1.48
dryer	-0.70	0.83
advances	-0.70	1.36
worry	-0.70	2.17
catching	-0.70	1.25
master	-0.70	1.03
towards	-0.70	1.10
hateful	-0.70	1.53
killing	-0.70	1.15
hands	-0.70	0.85
hint	-0.70	1.26
waking	-0.70	1.71
studied	-0.70	1.00
breaking	-0.70	1.55
sperm	-0.69	0.92
sound	-0.69	1.50
fries	-0.69	1.25
plant	-0.69	0.80
caught	-0.69	1.49
frequently	-0.68	1.50
aid	-0.68	0.77
look	-0.68	1.24
imagined	-0.68	1.01
bachelor	-0.68	1.00
weirdly	-0.68	1.38
blunt	-0.68	1.65
jaw	-0.68	0.75
worrying	-0.68	1.84
blow	-0.68	0.90
breasts	-0.67	0.79
instantly	-0.67	1.52
lower	-0.67	0.61
convenient	-0.67	1.22
live	-0.67	1.09
crack	-0.67	0.98
focusing	-0.67	1.28
raw	-0.67	0.90
toned	-0.67	0.77
excessive	-0.67	0.95
outright	-0.67	1.57
openly	-0.67	1.46
poverty	-0.67	0.86
accused	-0.67	1.32
practice	-0.67	1.02
cheeks	-0.67	0.79
pace	-0.67	1.05
equally	-0.67	1.13
biting	-0.66	0.90
skip	-0.66	1.02
stimulation	-0.66	1.25
gained	-0.66	1.00
threw	-0.66	1.23
ripped	-0.66	0.97
bullshit	-0.66	1.23
sexist	-0.66	1.45
january	-0.66	1.22
violence	-0.66	1.10
became	-0.66	1.49
acted	-0.66	1.28
die	-0.66	1.30
stopping	-0.66	1.45
sour	-0.66	0.89
boobs	-0.65	0.80
babies	-0.65	1.15
despite	-0.65	1.08
boob	-0.65	0.81
hips	-0.65	0.79
charge	-0.65	1.12
rates	-0.65	0.98
directed	-0.65	1.28
safer	-0.65	1.34
dicks	-0.65	0.94
starts	-0.65	1.39
overweight	-0.65	0.95
assault	-0.65	1.16
nonsense	-0.64	1.12
december	-0.64	1.20
september	-0.64	1.22
version	-0.64	0.83
hide	-0.64	1.33
surprising	-0.64	1.72
threat	-0.64	1.42
arrested	-0.64	1.46
wall	-0.64	0.88
reserved	-0.64	2.12
eastern	-0.64	0.93
attacking	-0.64	1.73
far	-0.64	1.26
stages	-0.63	0.95
gaining	-0.63	0.98
head	-0.63	0.91
snack	-0.63	1.29
alcoholic	-0.63	1.13
energy	-0.63	1.15
prescription	-0.63	0.90
november	-0.63	1.17
psychology	-0.63	0.91
poor	-0.62	1.80
psychological	-0.62	1.05
emotions	-0.62	1.30
destroy	-0.62	1.20
summer	-0.62	0.88
advantage	-0.62	1.50
quietly	-0.62	1.24
breastfeeding	-0.62	1.00
breathing	-0.62	1.03
peers	-0.62	1.24
practicing	-0.62	0.99
silent	-0.61	1.24
blatantly	-0.61	1.78
dropped	-0.61	1.05
gym	-0.61	0.83
area	-0.61	0.89
dislike	-0.61	1.80
learn	-0.61	1.21
asshole	-0.61	1.49
ass	-0.61	1.17
laughing	-0.61	1.61
shake	-0.61	1.44
options	-0.61	0.93
swing	-0.61	0.78
shaming	-0.61	1.23
science	-0.61	0.96
hospital	-0.61	0.97
reduced	-0.61	0.87
trigger	-0.61	0.98
volume	-0.60	0.90
greatly	-0.60	1.06
thrown	-0.60	1.16
thus	-0.60	1.22
hole	-0.60	0.96
important	-0.60	1.04
crime	-0.60	1.17
30s	-0.60	1.04
parenting	-0.60	1.18
therefore	-0.60	1.32
murder	-0.60	1.15
smoking	-0.60	0.96
forward	-0.60	1.41
april	-0.60	1.20
gradually	-0.59	1.15
today	-0.59	1.77
deeper	-0.59	0.90
carrying	-0.59	0.88
promiscuous	-0.59	1.66
crowded	-0.59	1.12
plants	-0.59	0.87
pulled	-0.59	1.34
drug	-0.59	1.01
tattoos	-0.59	0.76
coping	-0.59	1.06
drugs	-0.59	0.96
feet	-0.59	0.80
affects	-0.59	1.19
tend	-0.59	1.35
grocery	-0.59	1.03
grabbed	-0.59	1.20
expression	-0.59	1.41
piercings	-0.59	0.86
believes	-0.58	2.64
doctors	-0.58	1.00
dropping	-0.58	1.28
associated	-0.58	0.96
consequences	-0.58	1.16
mid	-0.58	1.06
verbal	-0.58	1.12
clearly	-0.58	3.17
seemingly	-0.58	1.37
drama	-0.58	1.23
rape	-0.58	1.19
wound	-0.58	1.22
pack	-0.58	0.75
medicine	-0.58	0.91
racist	-0.58	1.41
shoulder	-0.58	0.86
incapable	-0.58	1.28
weapon	-0.57	1.00
taking	-0.57	1.26
market	-0.57	0.93
pass	-0.57	1.27
lips	-0.57	0.81
bare	-0.57	0.77
hiding	-0.57	1.32
cover	-0.57	0.94
apply	-0.57	0.79
whereas	-0.57	1.45
toes	-0.57	0.79
healthier	-0.57	0.95
cups	-0.57	0.79
punishment	-0.57	1.17
halfway	-0.57	1.05
adult	-0.56	1.01
west	-0.56	0.93
working	-0.56	1.26
round	-0.56	0.81
youth	-0.56	1.05
effort	-0.56	1.25
subway	-0.56	1.11
cutting	-0.56	1.01
survive	-0.56	1.04
covering	-0.56	0.86
pushing	-0.56	1.34
empty	-0.55	0.89
liking	-0.55	1.09
difficulty	-0.55	1.17
shifts	-0.55	1.17
boost	-0.55	1.05
cliche	-0.55	1.43
orgasms	-0.55	1.27
learning	-0.55	1.07
clitoral	-0.55	1.32
bothered	-0.55	2.22
surgery	-0.55	1.02
attempted	-0.55	1.29
forced	-0.55	1.53
masturbate	-0.55	1.58
vocal	-0.55	1.30
throw	-0.54	1.19
reflection	-0.54	1.44
flight	-0.54	1.03
escape	-0.54	1.36
insecurities	-0.54	1.28
hurting	-0.54	1.70
thumb	-0.54	0.85
chair	-0.54	1.08
ends	-0.54	1.13
workers	-0.54	0.98
shove	-0.54	1.10
bones	-0.54	0.83
ruined	-0.54	1.19
sandwich	-0.54	1.34
crash	-0.54	1.04
alot	-0.54	1.23
remove	-0.54	1.36
plastic	-0.54	0.82
waiting	-0.54	1.18
challenging	-0.54	1.53
opening	-0.54	1.01
engineering	-0.54	0.93
supply	-0.54	0.80
curly	-0.53	0.88
weed	-0.53	0.97
alcohol	-0.53	0.92
particularly	-0.53	1.33
seems	-0.53	1.55
theres	-0.53	2.63
feelings	-0.53	1.32
innocent	-0.53	1.59
therapy	-0.53	1.13
nurse	-0.53	1.06
boxes	-0.53	0.77
arts	-0.53	0.98
source	-0.53	1.03
end	-0.53	1.61
incident	-0.53	1.19
hits	-0.53	1.21
surrounding	-0.53	1.15
wider	-0.53	0.82
string	-0.53	0.87
bag	-0.52	0.85
douche	-0.52	1.41
carry	-0.52	0.85
stick	-0.52	1.06
sitting	-0.52	1.19
staff	-0.52	1.10
schedule	-0.52	1.18
excited	-0.52	3.53
stop	-0.52	1.64
behind	-0.52	1.10
justify	-0.52	1.50
corner	-0.52	1.08
larger	-0.52	0.83
stuck	-0.52	1.38
timing	-0.52	1.38
major	-0.52	0.95
fantasize	-0.52	1.05
rate	-0.52	0.95
sticking	-0.51	1.06
walls	-0.51	0.83
morning	-0.51	1.53
bus	-0.51	1.06
comparing	-0.51	1.23
affected	-0.51	1.25
expressed	-0.51	1.28
western	-0.51	1.05
gently	-0.51	0.86
household	-0.51	0.94
subjects	-0.50	1.10
reported	-0.50	1.23
expensive	-0.50	1.00
bothers	-0.50	1.46
below	-0.50	0.75
must	-0.50	2.24
billion	-0.50	1.46
smoked	-0.50	0.96
perceived	-0.50	1.30
texas	-0.50	0.98
expressing	-0.50	1.34
faced	-0.50	1.15
camp	-0.50	0.93
october	-0.50	1.15
start	-0.50	1.60
cities	-0.50	1.00
beards	-0.50	0.61
ground	-0.50	0.90
sounds	-0.49	2.02
essentially	-0.49	1.36
face	-0.49	0.82
staying	-0.49	1.58
walked	-0.49	1.20
country	-0.49	1.34
bikini	-0.49	0.80
failed	-0.49	1.02
heart	-0.49	0.94
mall	-0.49	1.07
bone	-0.49	0.82
habit	-0.49	1.16
frequent	-0.49	1.10
contract	-0.49	1.14
abortions	-0.49	1.30
subtle	-0.49	1.30
vaguely	-0.48	1.58
pulling	-0.48	1.22
window	-0.48	1.03
curl	-0.48	0.85
toddler	-0.48	1.31
slow	-0.48	1.03
rolling	-0.48	1.24
nap	-0.48	1.90
caffeine	-0.48	0.91
questioning	-0.48	1.62
south	-0.48	0.98
automatically	-0.47	1.55
junk	-0.47	0.96
contacts	-0.47	0.95
crush	-0.47	1.35
permanent	-0.47	1.03
lotion	-0.47	0.96
turn-off	-0.47	0.98
behaviour	-0.47	1.24
state	-0.47	1.00
daily	-0.47	1.02
blowing	-0.47	1.06
usa	-0.47	0.99
express	-0.47	1.38
defend	-0.47	1.40
core	-0.47	0.97
emotional	-0.47	1.08
hometown	-0.46	1.01
nature	-0.46	1.20
absurd	-0.46	1.45
heavily	-0.46	1.34
approaches	-0.46	1.40
bend	-0.46	0.99
sunday	-0.46	1.48
july	-0.46	1.15
regularly	-0.46	1.24
booze	-0.46	0.90
genetic	-0.46	1.03
liner	-0.46	0.73
shop	-0.46	1.03
late	-0.46	1.31
apologized	-0.46	1.47
lightly	-0.46	0.88
burned	-0.46	1.06
signs	-0.46	1.46
machines	-0.46	0.85
scrub	-0.46	1.06
incredibly	-0.46	1.34
existence	-0.46	1.33
awkwardly	-0.46	1.43
wheel	-0.46	0.99
staring	-0.46	1.26
inner	-0.46	0.99
fridge	-0.46	0.88
embrace	-0.46	1.76
creep	-0.46	1.47
fake	-0.46	1.04
disrespectful	-0.46	1.56
behavior	-0.45	1.29
pit	-0.45	1.11
stem	-0.45	0.98
sits	-0.45	1.87
evening	-0.45	1.47
grabbing	-0.45	1.11
train	-0.45	1.08
shift	-0.45	1.34
posture	-0.45	0.85
unreasonable	-0.45	1.44
anniversary	-0.45	1.14
partially	-0.45	1.41
facing	-0.45	1.11
regret	-0.45	1.85
anywhere	-0.45	1.70
jumped	-0.45	1.22
act	-0.45	1.33
heat	-0.45	0.82
onto	-0.45	1.06
social	-0.44	1.45
harmful	-0.44	1.25
town	-0.44	1.26
placed	-0.44	1.07
across	-0.44	1.21
disappear	-0.44	1.41
apparent	-0.44	1.32
parts	-0.44	1.40
pretending	-0.44	1.66
slowly	-0.44	1.22
routine	-0.44	0.94
beside	-0.44	1.20
california	-0.44	1.00
ensure	-0.44	1.00
hitting	-0.44	1.44
moment	-0.44	1.29
rare	-0.44	1.51
tattoo	-0.44	1.06
guaranteed	-0.44	0.95
location	-0.44	1.27
instances	-0.44	1.26
objectification	-0.44	1.08
movements	-0.44	1.09
child	-0.44	1.31
eyebrow	-0.44	0.78
eaten	-0.44	1.38
august	-0.43	1.13
adoption	-0.43	1.03
decline	-0.43	1.45
midnight	-0.43	1.51
average	-0.43	0.87
form	-0.43	1.04
remotely	-0.43	1.68
chubby	-0.43	0.90
treatment	-0.43	1.15
inability	-0.43	1.32
guns	-0.43	1.12
related	-0.43	1.10
remind	-0.43	1.31
chase	-0.43	1.39
stops	-0.43	1.50
odds	-0.43	1.14
night	-0.43	1.51
liquid	-0.43	0.78
store	-0.42	1.02
traffic	-0.42	1.13
chemistry	-0.42	0.95
doing	-0.42	2.97
laser	-0.42	0.92
legitimate	-0.42	1.36
bits	-0.42	0.82
considered	-0.42	1.34
florida	-0.42	1.00
saturday	-0.42	1.47
quickly	-0.42	1.34
broken	-0.42	1.43
transition	-0.42	1.07
truly	-0.42	1.61
weekly	-0.42	0.95
comes	-0.42	1.85
bat	-0.42	1.41
dependent	-0.42	1.77
ridiculously	-0.42	1.38
against	-0.42	1.16
lost	-0.42	1.06
loss	-0.42	1.14
safety	-0.41	1.55
weekends	-0.41	1.42
sell	-0.41	0.96
track	-0.41	0.78
table	-0.41	1.02
kept	-0.41	1.38
homophobic	-0.41	1.44
concern	-0.41	1.58
arguing	-0.41	1.90
beforehand	-0.41	1.39
representative	-0.41	1.02
unable	-0.41	1.52
laugh	-0.41	1.52
coast	-0.41	1.00
largely	-0.41	1.33
discount	-0.41	1.05
full-time	-0.41	0.92
plane	-0.41	1.04
objectively	-0.41	1.19
anal	-0.41	1.12
drank	-0.41	0.91
street	-0.40	1.17
foreplay	-0.40	1.08
monday	-0.40	1.41
picking	-0.40	1.51
kids	-0.40	1.38
breast	-0.40	0.85
grab	-0.40	1.10
breakfast	-0.40	1.23
rub	-0.40	0.93
children	-0.40	1.36
defense	-0.40	0.93
circles	-0.40	0.90
obvious	-0.40	1.81
dorm	-0.40	1.03
raising	-0.40	1.34
lean	-0.39	0.92
friday	-0.39	1.46
focused	-0.39	1.69
occurred	-0.39	1.20
exercise	-0.39	0.93
putting	-0.39	1.56
ruining	-0.39	1.27
normally	-0.39	1.76
quit	-0.39	1.11
workout	-0.39	0.85
attending	-0.39	1.08
maintenance	-0.39	0.97
broad	-0.39	0.79
lately	-0.39	1.63
leaving	-0.39	1.32
orgasm	-0.39	1.32
outside	-0.39	1.15
hand	-0.39	0.95
fitness	-0.39	0.87
til	-0.39	1.49
down	-0.39	1.22
drinking	-0.38	0.90
box	-0.38	0.83
somewhat	-0.38	1.52
ignoring	-0.38	1.73
muscular	-0.38	0.81
transportation	-0.38	1.02
fact	-0.38	3.11
abortion	-0.38	1.33
city	-0.38	1.03
next	-0.38	1.34
improve	-0.38	1.11
masturbation	-0.38	1.45
piv	-0.38	1.32
sold	-0.38	0.93
attract	-0.38	1.23
spicy	-0.38	0.96
generic	-0.38	1.10
degrees	-0.38	0.91
took	-0.37	1.14
manage	-0.37	1.20
lip	-0.37	0.78
doors	-0.37	1.14
adjust	-0.37	1.05
alien	-0.37	1.08
score	-0.37	1.03
taboo	-0.37	1.17
emergency	-0.37	0.96
performance	-0.37	0.83
manual	-0.37	0.99
wind	-0.37	0.97
exposed	-0.37	1.17
suddenly	-0.37	1.33
feeding	-0.37	1.05
press	-0.37	0.90
harsh	-0.37	1.66
lose	-0.37	1.23
work	-0.37	1.27
touched	-0.37	1.29
till	-0.37	1.48
excuse	-0.37	1.30
york	-0.37	1.02
developing	-0.37	0.97
part	-0.37	2.85
strength	-0.37	0.92
shorter	-0.37	0.89
viewed	-0.37	1.22
catch	-0.36	1.59
brand	-0.36	0.76
philosophy	-0.36	0.95
spin	-0.36	0.86
grain	-0.36	0.89
greater	-0.36	0.94
june	-0.36	1.17
fade	-0.36	1.21
cope	-0.36	1.33
tendency	-0.36	1.51
donate	-0.36	1.00
technique	-0.36	1.10
held	-0.36	1.23
pua	-0.36	1.24
penetration	-0.36	1.32
arbitrary	-0.36	1.22
alarm	-0.36	1.48
nowhere	-0.36	1.73
sides	-0.36	1.07
aged	-0.36	1.09
england	-0.36	1.01
vibrator	-0.36	1.13
arguments	-0.36	1.40
hints	-0.35	1.49
supplies	-0.35	0.85
moisturizer	-0.35	0.82
ones	-0.35	1.03
unless	-0.35	3.17
shops	-0.35	1.07
water	-0.35	0.91
regards	-0.35	1.23
managed	-0.35	1.38
relieved	-0.35	3.43
commit	-0.35	1.33
instead	-0.35	1.51
showers	-0.35	0.99
fucks	-0.35	1.60
crisis	-0.35	1.16
often	-0.35	1.70
machine	-0.35	0.91
limit	-0.35	1.00
crossed	-0.35	1.07
cases	-0.35	1.56
consciously	-0.35	1.55
door	-0.35	1.06
knee	-0.35	0.79
insanely	-0.35	1.43
backwards	-0.35	1.01
same	-0.35	2.91
amusing	-0.34	1.74
proceeded	-0.34	1.47
reproductive	-0.34	1.02
offend	-0.34	2.01
gives	-0.34	1.34
jail	-0.34	1.25
substitute	-0.34	1.53
streets	-0.34	1.22
firmly	-0.34	1.21
nyc	-0.34	1.03
inherently	-0.34	1.52
affect	-0.34	1.26
faces	-0.34	1.39
helps	-0.34	1.32
closed	-0.34	1.00
southern	-0.34	0.95
abroad	-0.34	0.97
envy	-0.34	1.18
amount	-0.34	1.05
beings	-0.34	1.04
sunscreen	-0.34	0.84
advocate	-0.34	1.17
cup	-0.33	0.86
trp	-0.33	1.36
immediately	-0.33	1.35
homeless	-0.33	1.29
responsibilities	-0.33	1.06
desk	-0.33	1.03
raise	-0.33	1.13
occasionally	-0.33	1.50
year	-0.33	1.12
stores	-0.33	1.04
find	-0.33	1.40
driver	-0.33	1.06
stairs	-0.33	1.06
wallet	-0.33	0.94
companies	-0.33	1.08
compared	-0.33	1.02
tends	-0.33	1.27
sun	-0.33	0.84
popping	-0.33	0.98
blowjob	-0.33	1.09
upon	-0.33	1.48
birds	-0.33	1.58
radical	-0.33	1.33
nothing	-0.33	3.06
light	-0.32	0.89
wondered	-0.32	1.63
likely	-0.32	1.52
assertive	-0.32	1.56
functioning	-0.32	1.07
drop	-0.32	1.25
tomorrow	-0.32	1.40
bowl	-0.32	0.87
knocked	-0.32	1.16
chicago	-0.32	1.02
consistent	-0.32	0.72
moving	-0.32	1.51
lock	-0.32	1.08
rest	-0.32	1.60
exists	-0.32	1.27
canada	-0.32	1.00
takes	-0.32	1.11
sounding	-0.32	1.57
curvy	-0.32	0.85
awareness	-0.32	1.14
illegal	-0.31	1.23
everytime	-0.31	1.86
eat	-0.31	1.27
curve	-0.31	0.97
touching	-0.31	1.13
fill	-0.31	0.86
stare	-0.31	1.27
secondary	-0.31	1.09
pot	-0.31	0.85
bodies	-0.31	0.96
deliberately	-0.31	1.68
varies	-0.31	1.15
reaction	-0.31	1.47
sessions	-0.31	0.98
doc	-0.31	1.01
away	-0.31	1.24
missing	-0.31	2.79
wrap	-0.31	0.92
push	-0.31	1.24
societal	-0.31	1.12
throws	-0.31	2.35
skinny	-0.31	0.88
lived	-0.31	1.12
humans	-0.31	1.09
allows	-0.31	1.43
parking	-0.31	1.05
raised	-0.31	1.11
slap	-0.31	1.21
london	-0.31	1.03
into	-0.30	1.20
uncommon	-0.30	1.59
walmart	-0.30	0.97
lab	-0.30	0.94
living	-0.30	1.19
holes	-0.30	0.96
holds	-0.30	2.90
campus	-0.30	1.03
calories	-0.30	1.01
justice	-0.30	1.17
diet	-0.30	0.97
significant	-0.30	1.11
leaning	-0.30	1.09
carried	-0.30	1.00
nights	-0.30	1.33
cheek	-0.30	0.94
trimmed	-0.30	0.90
quality	-0.30	0.94
moved	-0.30	1.14
automatic	-0.30	1.08
dick	-0.30	1.15
drivers	-0.30	1.03
beer	-0.30	0.92
near	-0.30	1.27
domestic	-0.30	1.21
hip	-0.30	0.73
u.s	-0.29	0.98
negative	-0.29	1.13
heads	-0.29	1.08
applies	-0.29	1.56
sleeping	-0.29	1.52
amounts	-0.29	0.99
opened	-0.29	1.14
privilege	-0.29	1.21
states	-0.29	1.10
handling	-0.29	1.22
prison	-0.29	1.21
lesser	-0.29	1.04
academic	-0.29	0.94
pizza	-0.29	1.02
2014	-0.29	1.15
aware	-0.29	1.92
bump	-0.29	1.09
department	-0.29	0.96
downtown	-0.29	1.06
humanity	-0.29	1.22
deals	-0.29	1.28
idiot	-0.29	1.45
gotten	-0.29	1.56
represent	-0.28	1.07
surprises	-0.28	1.30
human	-0.28	1.04
holding	-0.28	1.25
speed	-0.28	1.04
switch	-0.28	1.07
salt	-0.28	0.83
coming	-0.28	1.91
places	-0.28	1.22
dig	-0.28	1.15
approached	-0.28	1.47
clock	-0.28	1.29
fears	-0.28	1.23
thrift	-0.28	1.05
germany	-0.28	0.99
slide	-0.28	1.02
obligation	-0.28	1.69
weather	-0.28	0.88
eyebrows	-0.28	0.81
behaviors	-0.27	1.23
socialize	-0.27	1.45
rights	-0.27	1.07
history	-0.27	0.89
theory	-0.27	1.09
squeeze	-0.27	1.04
mainly	-0.27	0.80
instant	-0.27	1.02
confidence	-0.27	1.22
demand	-0.27	1.28
fighting	-0.27	1.37
shut	-0.27	1.19
attracted	-0.27	1.42
trick	-0.27	1.31
species	-0.27	1.10
intentionally	-0.26	1.79
medical	-0.26	1.04
similarly	-0.26	1.08
eats	-0.26	2.92
station	-0.26	1.04
wrapped	-0.26	1.01
judgment	-0.26	1.40
trouble	-0.26	1.44
car	-0.26	1.03
shooting	-0.26	1.02
entire	-0.26	1.51
zero	-0.26	1.16
element	-0.26	0.89
kiss	-0.26	1.01
fire	-0.26	0.90
ride	-0.26	1.09
harmless	-0.26	1.47
project	-0.26	0.89
equality	-0.26	1.36
build	-0.26	0.90
dead	-0.26	1.00
clinic	-0.26	1.05
sign	-0.26	1.51
urban	-0.25	0.93
thrones	-0.25	1.33
kit	-0.25	0.79
product	-0.25	0.78
comparison	-0.25	1.44
visual	-0.25	1.25
should	-0.25	3.18
soon	-0.25	1.68
randomly	-0.25	1.35
badly	-0.25	1.21
somewhere	-0.25	1.80
lacking	-0.25	1.04
drink	-0.25	0.87
differences	-0.25	1.38
countries	-0.25	1.24
creating	-0.25	0.97
hunting	-0.25	1.21
nails	-0.25	0.84
tube	-0.25	0.84
hold	-0.25	1.28
direct	-0.25	1.49
put	-0.25	1.16
pepper	-0.25	0.80
vodka	-0.24	0.79
whole	-0.24	1.82
blank	-0.24	1.34
purse	-0.24	0.92
tap	-0.24	0.90
concealer	-0.24	0.79
spend	-0.24	1.23
addicted	-0.24	1.13
bell	-0.24	0.77
opens	-0.24	1.90
fail	-0.24	1.23
australia	-0.24	1.02
catholic	-0.24	1.02
closet	-0.24	0.94
unrealistic	-0.24	1.13
generally	-0.24	1.66
moves	-0.24	1.70
home	-0.24	1.54
line	-0.24	1.65
fight	-0.24	1.34
patriarchy	-0.24	1.18
0	-0.24	1.00
ignore	-0.24	1.75
steps	-0.23	1.17
agency	-0.23	1.04
older	-0.23	1.03
falling	-0.23	1.52
reject	-0.23	1.55
suspect	-0.23	1.96
japan	-0.23	1.00
back	-0.23	1.25
under	-0.23	1.05
jar	-0.23	0.89
inclined	-0.23	1.79
vent	-0.23	1.61
dies	-0.23	2.46
overall	-0.23	1.04
point	-0.23	2.99
seem	-0.23	1.71
fell	-0.23	1.27
cops	-0.22	1.21
selling	-0.22	0.91
extent	-0.22	1.87
spare	-0.22	1.02
session	-0.22	0.96
completely	-0.22	1.48
stopped	-0.22	1.31
treating	-0.22	1.38
attempts	-0.22	1.33
healthy	-0.22	0.99
commute	-0.22	1.08
bedroom	-0.22	1.00
offensive	-0.22	1.77
europe	-0.22	0.97
loans	-0.22	0.96
egg	-0.22	0.85
jumping	-0.22	1.20
worker	-0.22	0.98
cheating	-0.22	1.83
quite	-0.22	1.56
spot	-0.22	1.29
began	-0.22	1.34
running	-0.22	1.40
plate	-0.21	1.08
starbucks	-0.21	0.78
challenge	-0.21	1.27
headed	-0.21	1.25
acknowledge	-0.21	1.73
side	-0.21	1.29
blame	-0.21	1.60
retail	-0.21	0.94
shoot	-0.21	1.06
duck	-0.21	1.03
expense	-0.21	1.11
target	-0.21	1.00
stranger	-0.21	1.48
section	-0.21	1.03
covers	-0.21	1.05
minute	-0.21	1.13
fairly	-0.21	1.39
boston	-0.21	1.00
field	-0.21	0.97
gel	-0.21	0.84
something	-0.21	3.17
pattern	-0.21	1.09
room	-0.21	1.00
physical	-0.21	1.12
filled	-0.21	0.92
influence	-0.21	1.18
counseling	-0.21	1.11
hour	-0.20	1.17
coffee	-0.20	0.82
dealt	-0.20	1.35
office	-0.20	1.02
techniques	-0.20	0.95
enter	-0.20	1.34
yoga	-0.20	0.83
got	-0.20	1.40
encounter	-0.20	1.32
apart	-0.20	1.21
goes	-0.20	2.09
mile	-0.20	1.24
direction	-0.20	1.16
curves	-0.20	0.90
drive	-0.20	0.94
thing	-0.20	2.78
weekend	-0.20	1.23
world	-0.20	2.96
portion	-0.20	1.12
bangs	-0.20	0.90
drove	-0.20	0.96
lack	-0.20	1.01
drops	-0.20	1.46
improved	-0.20	1.03
relax	-0.20	1.15
regard	-0.20	1.29
force	-0.19	1.47
admittedly	-0.19	1.41
cost	-0.19	1.01
attend	-0.19	1.02
prices	-0.19	0.86
costs	-0.19	0.98
drives	-0.19	1.55
hours	-0.19	1.19
gun	-0.19	1.01
cues	-0.19	1.46
france	-0.19	0.98
noticing	-0.19	1.76
pen	-0.19	0.81
irrelevant	-0.19	1.53
manners	-0.19	0.81
vibe	-0.19	1.20
sheer	-0.19	1.22
firm	-0.19	0.87
birthday	-0.19	1.04
bills	-0.19	1.01
kick	-0.19	1.26
legally	-0.19	1.62
non	-0.19	1.00
adds	-0.19	0.94
solely	-0.18	1.34
currently	-0.18	1.26
exact	-0.18	2.58
meals	-0.18	1.19
flags	-0.18	1.43
reactions	-0.18	1.28
whilst	-0.18	1.24
resting	-0.18	1.05
tables	-0.18	0.92
steal	-0.18	1.38
deny	-0.18	1.61
skills	-0.18	1.04
wished	-0.18	2.45
left	-0.18	1.38
silence	-0.18	1.09
attractive	-0.18	1.17
hall	-0.18	1.03
appointment	-0.18	1.09
spending	-0.18	1.17
existing	-0.18	1.16
report	-0.18	1.26
dish	-0.18	0.83
falls	-0.18	1.65
foot	-0.18	0.89
kinda	-0.18	1.93
driving	-0.18	1.07
walking	-0.17	1.32
seemed	-0.17	1.31
super	-0.17	1.66
chance	-0.17	1.83
brows	-0.17	0.79
initial	-0.17	1.29
electric	-0.17	0.84
minutes	-0.17	1.20
hired	-0.17	1.00
hair	-0.17	0.88
counting	-0.17	1.12
biological	-0.17	1.04
run	-0.17	1.47
submissive	-0.17	1.26
highly	-0.17	1.38
carries	-0.17	1.79
bringing	-0.17	1.61
attitude	-0.17	1.38
figuring	-0.17	1.77
split	-0.17	1.09
relatively	-0.17	1.34
genuinely	-0.17	1.49
basis	-0.17	1.29
created	-0.16	1.09
forehead	-0.16	1.08
lies	-0.16	1.64
between	-0.16	1.41
doctor	-0.16	1.05
prepare	-0.16	1.03
typical	-0.16	0.95
typically	-0.16	1.29
police	-0.16	1.16
collar	-0.16	0.86
positions	-0.16	0.95
satisfaction	-0.16	1.07
active	-0.16	1.33
wherever	-0.16	1.64
hit	-0.16	1.24
chips	-0.16	0.94
loads	-0.16	1.19
habits	-0.16	1.11
bill	-0.16	1.00
claiming	-0.16	1.62
ruin	-0.16	1.37
lot	-0.16	1.50
nearly	-0.16	1.44
paying	-0.16	0.97
truck	-0.16	1.06
whenever	-0.16	2.18
impact	-0.16	1.18
america	-0.16	0.98
since	-0.16	1.62
guard	-0.16	1.08
hygiene	-0.16	1.02
laying	-0.16	1.53
surprise	-0.16	1.10
walk	-0.16	1.39
begin	-0.15	1.59
hunt	-0.15	1.15
treated	-0.15	1.32
males	-0.15	1.05
stereotypes	-0.15	1.26
passes	-0.15	2.16
sleep	-0.15	1.50
toss	-0.15	1.11
interview	-0.15	1.06
owns	-0.15	2.96
around	-0.15	1.54
jobs	-0.15	0.95
budget	-0.15	1.02
oil	-0.15	0.80
rarely	-0.15	1.63
seconds	-0.15	1.19
generation	-0.15	1.21
assumes	-0.15	2.97
slip	-0.15	1.10
dc	-0.15	0.96
spark	-0.15	1.31
most	-0.15	2.64
cheesy	-0.15	1.01
tree	-0.15	0.90
basics	-0.14	0.73
function	-0.14	1.20
job	-0.14	0.98
pillow	-0.14	1.11
darker	-0.14	0.87
equal	-0.14	1.37
means	-0.14	3.22
tons	-0.14	1.23
min	-0.14	1.14
knock	-0.14	1.33
rooms	-0.14	0.96
usually	-0.14	1.86
facial	-0.14	0.81
rain	-0.14	0.83
turns	-0.14	1.63
china	-0.14	0.92
started	-0.14	1.36
sheets	-0.14	0.92
blush	-0.13	0.81
puts	-0.13	2.45
vast	-0.13	1.18
belief	-0.13	1.33
jump	-0.13	1.35
worth	-0.13	1.51
desirable	-0.13	1.14
given	-0.13	1.29
san	-0.13	0.99
sales	-0.13	0.95
spaces	-0.13	1.13
roll	-0.13	1.23
focus	-0.13	1.34
over	-0.13	1.25
category	-0.13	1.27
definite	-0.13	1.28
glance	-0.13	1.28
bottles	-0.13	0.90
bed	-0.13	1.44
brings	-0.13	2.35
amongst	-0.13	0.98
remain	-0.13	1.34
continued	-0.13	1.36
marriages	-0.13	1.55
traits	-0.13	1.21
teasing	-0.13	1.21
returned	-0.13	1.19
improvement	-0.13	1.08
image	-0.13	1.31
price	-0.13	0.87
gas	-0.12	0.97
twist	-0.12	0.93
exist	-0.12	2.00
prostitute	-0.12	1.12
spectrum	-0.12	1.29
schedules	-0.12	1.26
pull	-0.12	1.18
reach	-0.12	1.19
progress	-0.12	1.02
purchase	-0.12	0.90
foundation	-0.12	0.80
cultural	-0.12	1.11
dismiss	-0.12	1.63
low	-0.12	0.72
coconut	-0.12	0.79
unlike	-0.12	0.95
recognize	-0.12	1.69
encourage	-0.12	1.35
ever	-0.12	2.89
sale	-0.12	0.93
says	-0.12	2.94
afford	-0.12	1.15
higher	-0.12	0.70
buys	-0.12	3.03
going	-0.12	3.27
checking	-0.12	1.56
trait	-0.12	1.19
making	-0.12	1.64
runs	-0.12	2.48
expenses	-0.12	1.02
wonders	-0.12	1.10
expecting	-0.12	1.89
combined	-0.12	0.95
route	-0.11	1.23
mentality	-0.11	1.27
healthcare	-0.11	1.05
insurance	-0.11	1.02
moral	-0.11	1.49
feminist	-0.11	1.21
wildly	-0.11	1.25
capacity	-0.11	1.15
cars	-0.11	1.06
debt	-0.11	0.98
consent	-0.11	1.37
training	-0.11	0.90
buying	-0.11	1.15
bottom	-0.11	0.89
sees	-0.11	3.04
until	-0.11	1.49
lbs	-0.11	1.08
signals	-0.11	1.51
thinks	-0.11	3.01
vegetarian	-0.11	1.24
event	-0.11	1.02
hire	-0.11	0.99
familiar	-0.11	1.50
weigh	-0.11	1.00
development	-0.11	1.02
movement	-0.11	1.14
perform	-0.11	1.16
meanwhile	-0.11	1.19
obligated	-0.11	1.97
road	-0.11	1.12
complimenting	-0.11	1.49
acceptance	-0.10	1.12
contribute	-0.10	1.09
primarily	-0.10	1.13
independence	-0.10	1.13
alike	-0.10	1.21
expectations	-0.10	1.20
talks	-0.10	3.00
feminism	-0.10	1.26
attention	-0.10	1.31
trips	-0.10	1.10
position	-0.10	1.00
fully	-0.10	1.09
norms	-0.10	1.19
dance	-0.10	0.90
touch	-0.10	1.19
spent	-0.10	1.24
50/50	-0.10	1.08
industry	-0.10	1.03
medium	-0.10	0.87
secrets	-0.10	1.53
fool	-0.10	1.57
bias	-0.10	1.28
reputation	-0.10	1.18
complete	-0.10	1.17
convince	-0.10	1.79
uk	-0.10	1.03
virgins	-0.10	1.23
pay	-0.10	1.03
tits	-0.10	1.05
shed	-0.09	1.40
milk	-0.09	0.80
day	-0.09	1.37
spends	-0.09	2.04
strict	-0.09	1.13
fields	-0.09	0.96
company	-0.09	1.01
complaint	-0.09	1.22
angle	-0.09	1.02
feminine	-0.09	1.18
kissing	-0.09	1.04
changing	-0.09	1.31
develop	-0.09	1.06
building	-0.09	0.94
overcome	-0.09	1.27
understands	-0.09	3.05
vegetables	-0.09	1.07
mascara	-0.09	0.80
gap	-0.09	0.97
large	-0.09	0.86
minus	-0.09	1.08
indicator	-0.09	1.44
reached	-0.09	1.10
hanging	-0.09	1.81
attitudes	-0.09	1.26
expected	-0.08	1.71
trend	-0.08	1.04
accepted	-0.08	1.09
warning	-0.08	1.33
assumed	-0.08	1.47
ability	-0.08	1.38
interest	-0.08	1.52
laws	-0.08	1.14
cop	-0.08	1.15
lay	-0.08	1.36
rent	-0.08	1.03
obviously	-0.08	3.28
directly	-0.08	1.69
buy	-0.08	1.13
criticism	-0.08	1.29
worked	-0.08	1.07
majority	-0.08	1.24
voices	-0.08	1.20
parent	-0.08	1.26
concerns	-0.08	1.38
recall	-0.08	1.29
thinking	-0.08	2.33
handle	-0.08	1.56
impress	-0.08	1.67
evil	-0.08	1.02
employees	-0.08	1.04
stand	-0.08	1.99
nerd	-0.08	1.30
natural	-0.08	0.99
tells	-0.08	2.97
within	-0.08	1.24
ive	-0.08	2.88
compare	-0.07	1.56
episode	-0.07	1.28
nail	-0.07	0.87
beers	-0.07	0.85
ceremony	-0.07	1.01
hardest	-0.07	2.77
pride	-0.07	1.47
nerdy	-0.07	1.52
license	-0.07	1.08
behave	-0.07	1.37
hidden	-0.07	1.15
racial	-0.07	1.17
went	-0.07	1.41
soda	-0.07	0.82
telling	-0.07	1.96
learned	-0.07	1.17
ankle	-0.07	0.86
giving	-0.07	1.32
ginger	-0.07	0.80
women	-0.07	1.37
powder	-0.07	0.82
complaints	-0.07	1.45
money	-0.07	1.10
realizing	-0.07	1.65
receiving	-0.07	1.20
ages	-0.06	1.09
checked	-0.06	1.07
believing	-0.06	1.36
freedom	-0.06	1.12
miles	-0.06	1.14
define	-0.06	1.55
root	-0.06	1.17
having	-0.06	1.68
roof	-0.06	0.96
talking	-0.06	2.17
potential	-0.06	1.29
continuing	-0.06	1.46
take	-0.06	1.44
number	-0.06	1.17
pm	-0.06	1.38
deserves	-0.06	1.83
<URL>	-0.06	0.96
<SPECIAL>	-0.06	0.96
wave	-0.06	1.06
tub	-0.06	1.19
label	-0.06	1.29
easy	-0.05	1.17
honeymoon	-0.05	1.05
sincerely	-0.05	2.00
failure	-0.05	1.27
benefit	-0.05	1.20
masculinity	-0.05	1.18
bun	-0.05	1.11
passing	-0.05	1.23
oddly	-0.05	1.45
coke	-0.05	0.83
drawer	-0.05	0.96
turning	-0.05	1.33
expectation	-0.05	1.32
issue	-0.05	1.78
pounds	-0.05	1.05
explicitly	-0.05	1.95
insert	-0.05	1.13
garlic	-0.05	0.81
dollar	-0.05	1.02
max	-0.05	1.25
fascinating	-0.05	1.64
primary	-0.05	1.09
roughly	-0.05	1.08
stay	-0.05	1.61
long	-0.05	1.29
imo	-0.05	1.80
prepared	-0.05	1.44
reality	-0.05	1.64
replaced	-0.05	1.26
femininity	-0.05	1.20
attempting	-0.05	1.49
vinegar	-0.05	0.92
save	-0.05	1.07
believe	-0.05	1.64
identity	-0.05	1.25
joking	-0.05	1.74
fall	-0.05	1.37
eyeliner	-0.05	0.81
traditionally	-0.05	1.12
attempt	-0.05	1.45
appeal	-0.04	1.15
society	-0.04	1.15
tea	-0.04	0.84
ended	-0.04	1.40
taylor	-0.04	0.87
pulls	-0.04	2.19
communication	-0.04	1.16
any	-0.04	1.87
management	-0.04	1.00
center	-0.04	1.03
lots	-0.04	1.21
maintain	-0.04	1.08
unsolicited	-0.04	1.23
bothering	-0.04	2.37
study	-0.04	1.16
statements	-0.04	1.83
thin	-0.04	0.89
weddings	-0.04	1.05
judge	-0.04	1.96
keys	-0.04	0.94
regrets	-0.04	1.28
re	-0.04	3.22
norm	-0.04	1.18
mirror	-0.04	1.03
row	-0.04	1.23
quick	-0.04	1.04
week	-0.04	1.35
percentage	-0.04	1.05
prove	-0.04	1.65
stock	-0.04	0.85
climb	-0.03	1.13
girls	-0.03	1.22
resort	-0.03	1.02
pays	-0.03	1.57
aspects	-0.03	1.29
safely	-0.03	1.30
genders	-0.03	1.20
clear	-0.03	2.04
new	-0.03	1.23
mean	-0.03	3.30
vacation	-0.03	1.14
ticket	-0.03	1.05
knows	-0.03	2.90
space	-0.03	1.04
approaching	-0.03	1.42
slim	-0.03	0.86
picks	-0.03	2.76
actively	-0.03	1.63
preference	-0.03	1.58
communicating	-0.03	1.46
fish	-0.03	1.33
taxes	-0.03	1.02
dollars	-0.03	1.15
satisfying	-0.03	1.54
imagining	-0.03	1.49
unlikely	-0.03	1.32
service	-0.03	0.97
competition	-0.03	1.07
barely	-0.03	1.70
depending	-0.02	1.37
attraction	-0.02	1.21
cooking	-0.02	1.09
strongly	-0.02	1.09
seeing	-0.02	2.04
tool	-0.02	1.02
emphasis	-0.02	1.20
ultimately	-0.02	1.47
mostly	-0.02	1.23
basement	-0.02	1.07
population	-0.02	1.04
likes	-0.02	3.05
fried	-0.02	0.99
desire	-0.02	1.33
ie	-0.02	1.08
mixed	-0.02	0.78
saying	-0.02	3.32
move	-0.02	1.70
qualified	-0.02	0.91
open	-0.02	1.11
effectively	-0.02	1.32
thrilled	-0.02	3.25
dancing	-0.02	0.91
second	-0.02	1.30
supposedly	-0.02	1.52
gender	-0.02	1.21
eye	-0.02	0.91
sexuality	-0.02	1.23
masculine	-0.02	1.14
joint	-0.01	1.05
waist	-0.01	0.85
per	-0.01	1.16
virginity	-0.01	1.19
aspect	-0.01	1.27
stereotypical	-0.01	1.10
easiest	-0.01	2.83
minority	-0.01	1.09
reception	-0.01	0.98
persons	-0.01	1.44
income	-0.01	0.95
positively	-0.01	1.36
bottle	-0.01	0.93
strike	-0.01	1.43
level	-0.01	1.05
motivation	-0.01	1.11
law	-0.01	1.21
depend	-0.01	1.51
finances	-0.01	1.10
juice	-0.01	0.81
acceptable	-0.01	1.52
hotel	-0.01	1.08
pick	-0.01	1.80
length	-0.01	0.85
checks	-0.01	1.09
weeks	-0.01	1.33
depends	-0.00	1.90
file	-0.00	1.08
accident	-0.00	1.21
shots	-0.00	0.87
layer	-0.00	1.10
credit	-0.00	1.02
attacks	-0.00	1.55
furniture	-0.00	0.92
lie	-0.00	2.21
square	-0.00	0.91
unrelated	-0.00	1.20
scenarios	-0.00	1.23
conservative	-0.00	0.94
hearing	-0.00	1.38
involving	0.00	1.01
500	0.00	1.14
99	0.00	1.24
liked	0.00	2.56
lights	0.00	0.88
expert	0.00	1.25
settling	0.00	1.70
react	0.00	1.50
seek	0.00	1.38
defined	0.00	1.01
meat	0.00	1.26
communicate	0.00	1.52
break	0.00	1.71
government	0.00	1.03
accept	0.00	1.67
clients	0.01	1.08
everyday	0.01	1.16
workplace	0.01	1.10
lasted	0.01	1.29
visit	0.01	1.26
roles	0.01	1.19
customer	0.01	1.05
instinct	0.01	1.13
object	0.01	1.14
tax	0.01	1.09
interacting	0.01	1.34
reaching	0.01	1.39
boundaries	0.01	1.47
orientation	0.01	1.39
sexes	0.01	1.30
perception	0.01	1.42
cash	0.01	1.01
keep	0.01	1.43
bring	0.01	1.77
aka	0.01	1.01
profession	0.01	1.04
research	0.01	1.15
piano	0.01	1.21
snacks	0.01	1.01
off	0.01	1.45
men	0.01	1.20
notes	0.01	0.89
bucks	0.01	1.10
court	0.01	1.25
tries	0.01	2.49
1000	0.01	1.15
treat	0.01	1.33
saved	0.01	1.11
trip	0.01	1.12
cross	0.01	1.01
toys	0.01	0.93
services	0.01	1.07
salary	0.01	0.91
benefits	0.02	1.06
steak	0.02	1.02
reasons	0.02	1.51
appearance	0.02	1.32
soul	0.02	1.12
wedding	0.02	1.01
territory	0.02	1.26
savings	0.02	1.03
tools	0.02	1.00
ways	0.02	1.43
expects	0.02	2.50
travel	0.02	1.13
factor	0.02	1.49
display	0.02	1.09
bonding	0.02	1.02
key	0.02	1.12
owning	0.02	1.38
sucks	0.02	2.28
stereotype	0.02	1.30
200	0.02	1.14
limits	0.02	1.10
items	0.02	0.87
dealbreaker	0.02	1.49
laughs	0.02	2.14
total	0.02	1.12
divorce	0.02	1.21
narrow	0.03	0.90
appears	0.03	1.33
studies	0.03	1.17
full	0.03	0.77
basically	0.03	2.40
efforts	0.03	1.40
matters	0.03	1.74
built	0.03	0.88
sexual	0.03	1.17
hr	0.03	1.10
flirting	0.03	1.45
bust	0.03	0.84
asleep	0.03	1.62
factors	0.03	1.34
75	0.03	1.09
looking	0.03	1.63
continues	0.03	1.61
pleased	0.03	3.26
celebrate	0.03	1.05
voice	0.03	1.19
attractiveness	0.03	1.28
remember	0.03	1.65
biggest	0.03	2.70
sounded	0.03	1.58
earlier	0.03	1.60
international	0.03	0.97
nobody	0.03	2.54
consistently	0.03	1.27
success	0.03	1.11
controversial	0.04	1.55
brains	0.04	1.20
45	0.04	1.12
locked	0.04	1.03
characteristics	0.04	1.15
herself	0.04	2.25
item	0.04	1.06
achieve	0.04	1.09
excuses	0.04	1.73
imagination	0.04	0.99
ice	0.04	0.85
individuals	0.04	1.12
cultures	0.04	1.12
insane	0.04	2.16
maturity	0.04	1.09
ditto	0.04	1.24
tonight	0.04	1.43
acts	0.04	1.38
access	0.04	1.02
eggs	0.04	0.92
approach	0.04	1.41
liberal	0.04	0.97
forcing	0.04	1.78
curiosity	0.04	1.26
pursuing	0.04	1.20
saving	0.04	1.07
reverse	0.04	1.65
everyone	0.04	2.52
wide	0.05	0.83
choosing	0.05	1.74
sleeps	0.05	1.66
meetings	0.05	1.01
purely	0.05	1.27
among	0.05	1.12
houses	0.05	1.06
hear	0.05	1.65
traditional	0.05	0.98
cotton	0.05	0.83
bank	0.05	1.06
whether	0.05	2.24
courage	0.05	1.26
trying	0.05	1.88
1-2	0.05	1.29
chooses	0.05	2.46
allowing	0.05	1.66
truth	0.05	2.40
foods	0.05	1.09
determine	0.05	1.64
season	0.05	0.96
qualities	0.05	1.29
dominated	0.05	1.05
joined	0.05	1.04
turn	0.05	1.54
vary	0.05	1.29
custody	0.05	1.16
needs	0.05	2.49
culture	0.05	1.10
owe	0.05	1.60
presents	0.05	1.25
steady	0.06	0.76
race	0.06	1.19
decides	0.06	2.57
sympathy	0.06	1.26
selection	0.06	0.87
tempted	0.06	2.00
yesterday	0.06	1.34
employee	0.06	1.13
rather	0.06	2.13
myself	0.06	1.87
i.e	0.06	1.29
step	0.06	1.24
letting	0.06	1.81
else	0.06	2.35
sober	0.06	1.16
bi	0.06	1.47
rack	0.06	0.88
80	0.06	1.11
coworkers	0.06	1.30
shelf	0.06	0.90
standard	0.06	1.19
negatively	0.06	1.31
come	0.06	2.00
100	0.06	1.10
tip	0.06	0.87
wishes	0.07	1.95
90	0.07	1.06
ton	0.07	1.35
breaker	0.07	1.47
refused	0.07	1.68
status	0.07	1.32
romantically	0.07	1.60
politely	0.07	1.46
toast	0.07	0.99
hard	0.07	1.31
breakup	0.07	1.51
bike	0.07	1.34
beauty	0.07	1.12
300	0.07	1.14
settings	0.07	1.17
whats	0.07	2.96
cons	0.07	1.03
deserve	0.07	1.28
sugar	0.07	0.85
wisdom	0.07	1.09
worthy	0.07	1.05
valuable	0.07	1.09
statistically	0.07	1.16
perceive	0.07	1.42
standards	0.07	1.25
offers	0.07	1.35
civil	0.07	1.08
privacy	0.08	1.06
religious	0.08	1.00
pin	0.08	0.96
rise	0.08	0.75
intention	0.08	1.69
ago	0.08	1.30
comments	0.08	1.58
reflect	0.08	1.43
inches	0.08	1.06
turkey	0.08	0.90
month	0.08	1.36
eve	0.08	1.06
handed	0.08	1.10
distance	0.08	1.27
false	0.08	1.74
strangers	0.08	1.26
bisexual	0.08	1.40
opportunity	0.08	1.55
vote	0.08	1.42
asks	0.08	2.61
manly	0.08	1.16
patience	0.08	1.11
flirt	0.08	1.48
ethical	0.08	1.48
through	0.08	1.19
tech	0.08	0.93
olive	0.08	0.82
value	0.08	1.16
brought	0.08	1.32
refusing	0.08	1.79
veggies	0.08	0.94
preferences	0.08	1.27
party	0.08	1.04
themselves	0.08	1.75
realised	0.08	1.40
wood	0.08	1.01
features	0.08	1.03
political	0.09	1.22
cut	0.09	0.97
century	0.09	0.91
scratch	0.09	0.97
ball	0.09	1.01
give	0.09	1.51
anatomy	0.09	0.95
battle	0.09	1.13
son	0.09	1.63
holiday	0.09	1.06
3-4	0.09	1.35
riding	0.09	1.26
christmas	0.09	1.08
instance	0.09	1.47
crowd	0.09	1.08
protein	0.09	0.90
follow	0.09	1.14
religion	0.09	1.02
alpha	0.09	1.24
pocket	0.09	0.90
follows	0.09	2.00
vastly	0.09	1.17
invalidate	0.09	1.71
financial	0.09	1.13
id	0.09	1.14
compatibility	0.10	1.13
figure	0.10	2.17
remembered	0.10	1.28
eventually	0.10	1.53
importance	0.10	1.19
entertaining	0.10	1.65
third	0.10	1.31
manager	0.10	1.12
brief	0.10	1.08
strip	0.10	0.92
thoughts	0.10	1.30
opportunities	0.10	1.12
time	0.10	1.74
interact	0.10	1.53
patterns	0.10	1.07
glass	0.10	0.93
couch	0.10	1.28
ratio	0.10	0.99
suggesting	0.11	1.90
card	0.11	1.05
appreciated	0.11	2.01
forgetting	0.11	1.82
interactions	0.11	1.29
notice	0.11	2.27
fetish	0.11	1.15
empathy	0.11	1.11
ideals	0.11	1.17
personalities	0.11	1.18
queer	0.11	1.30
judgement	0.11	1.57
employer	0.11	1.08
closely	0.11	1.12
european	0.11	0.98
fails	0.11	1.62
came	0.11	1.37
minds	0.11	1.36
involves	0.11	1.11
choice	0.11	1.81
maintaining	0.11	1.10
hipster	0.11	0.99
size	0.11	0.83
unit	0.11	0.98
70	0.11	1.12
years	0.11	1.28
option	0.11	1.58
further	0.11	1.35
basic	0.11	0.88
spouse	0.11	1.69
continue	0.11	1.75
er	0.11	1.24
range	0.11	1.01
amazon	0.12	0.92
tom	0.12	0.98
asexual	0.12	1.40
circumstances	0.12	1.75
giant	0.12	0.88
vs	0.12	1.06
lesbian	0.12	1.38
60	0.12	1.12
fantasies	0.12	1.04
beat	0.12	1.26
pixie	0.12	0.93
way	0.12	2.13
paint	0.12	0.93
highest	0.12	0.88
lives	0.12	1.50
therapist	0.12	1.16
lipstick	0.12	0.81
lesbians	0.12	1.39
package	0.12	0.98
outcome	0.12	1.41
pleasing	0.12	1.20
oral	0.12	1.12
connect	0.12	1.45
weirdo	0.12	1.48
picked	0.12	1.11
happens	0.12	1.96
forces	0.12	1.21
assumptions	0.12	1.73
superior	0.12	1.07
yourself	0.12	1.96
offered	0.13	1.45
fed	0.13	1.54
age	0.13	1.10
brands	0.13	0.83
headphones	0.13	0.94
library	0.13	0.89
allowed	0.13	2.29
turned	0.13	1.23
granted	0.13	1.33
interviews	0.13	0.98
too	0.13	1.77
described	0.13	1.71
remembering	0.13	1.29
leave	0.13	2.03
mistaken	0.13	1.11
otherwise	0.13	2.61
property	0.13	1.19
actual	0.13	1.36
ideally	0.13	1.72
results	0.13	1.21
accidentally	0.13	1.27
repeat	0.13	1.12
urge	0.13	1.65
clubs	0.13	1.00
capable	0.13	1.12
go	0.13	1.96
desires	0.13	1.26
whoever	0.14	2.24
toe	0.14	0.89
mindset	0.14	1.49
lawyer	0.14	1.07
happening	0.14	2.27
inch	0.14	0.90
last	0.14	1.32
relate	0.14	1.86
owned	0.14	1.27
1	0.14	1.06
races	0.14	1.16
local	0.14	1.01
50	0.14	1.12
trans	0.14	1.29
scale	0.14	1.27
visited	0.14	1.19
courtesy	0.14	1.26
simply	0.14	2.57
iron	0.14	0.77
95	0.14	1.01
change	0.14	1.71
thousand	0.14	1.26
logic	0.14	1.51
smiles	0.14	1.56
short	0.14	0.89
slut	0.14	1.53
later	0.15	1.33
finally	0.15	1.45
explicit	0.15	1.44
compromise	0.15	1.27
regardless	0.15	1.62
needed	0.15	1.78
difference	0.15	1.85
describing	0.15	1.53
immediate	0.15	1.28
plan	0.15	1.23
sometime	0.15	1.63
ideas	0.15	1.42
retirement	0.15	1.05
parties	0.15	1.08
sizes	0.15	0.86
john	0.15	1.00
asian	0.15	0.99
bacon	0.15	0.93
common	0.15	1.30
deciding	0.15	1.72
its	0.15	1.92
argue	0.15	2.07
without	0.15	1.41
finished	0.15	1.32
purposes	0.15	1.17
awhile	0.15	1.44
yard	0.15	1.11
tease	0.15	1.33
pretend	0.15	2.37
camping	0.15	1.08
legal	0.15	1.29
athletic	0.15	0.94
background	0.15	0.93
sewing	0.15	0.84
1/2	0.15	0.92
holidays	0.15	1.09
realized	0.15	1.39
mentioning	0.16	2.04
receive	0.16	1.26
atheist	0.16	1.06
americans	0.16	0.96
ready	0.16	1.98
essential	0.16	0.96
dr	0.16	1.29
2-3	0.16	1.38
himself	0.16	2.10
tradition	0.16	1.03
million	0.16	1.28
planning	0.16	1.17
while	0.16	1.37
request	0.16	1.46
able	0.16	1.95
sea	0.16	0.95
curious	0.16	2.43
fixing	0.16	1.35
complain	0.16	1.72
knowledge	0.16	1.18
ponytail	0.16	1.03
honor	0.16	1.10
months	0.16	1.33
supposed	0.16	3.34
after	0.16	1.42
small	0.16	0.87
theirs	0.16	2.01
chicken	0.16	0.96
joe	0.17	0.90
anyone	0.17	2.11
decisions	0.17	1.54
marketing	0.17	0.91
polish	0.17	0.92
straight	0.17	1.42
bother	0.17	2.35
cooked	0.17	0.92
private	0.17	0.98
nor	0.17	2.08
customers	0.17	1.09
drunken	0.17	1.29
snap	0.17	1.11
statistics	0.17	1.56
wanting	0.17	1.91
demographic	0.17	1.17
measure	0.17	1.23
studio	0.17	0.80
smile	0.17	1.22
frame	0.17	0.91
plans	0.17	1.26
neighbors	0.18	1.25
offering	0.18	1.48
gay	0.18	1.38
cider	0.18	0.92
intentions	0.18	2.17
groom	0.18	1.05
projects	0.18	0.95
based	0.18	1.57
pub	0.18	1.19
visiting	0.18	1.23
drinks	0.18	0.95
advise	0.18	1.49
calling	0.18	1.42
imagine	0.18	2.30
criteria	0.18	1.45
touches	0.18	1.25
pencil	0.18	0.81
absolute	0.18	2.15
default	0.18	1.27
helping	0.18	1.58
upfront	0.18	1.58
invest	0.18	1.07
rational	0.18	1.32
does	0.18	2.34
choose	0.18	2.02
require	0.18	1.37
booty	0.18	0.90
combat	0.18	0.94
nuts	0.18	0.98
guest	0.19	1.06
advance	0.19	1.23
crushes	0.19	1.01
club	0.19	0.96
scientific	0.19	1.38
need	0.19	2.13
blah	0.19	1.52
twenty	0.19	1.25
big	0.19	0.97
aside	0.19	1.50
experience	0.19	1.74
thanksgiving	0.19	1.07
identify	0.19	1.33
requirements	0.19	1.29
sense	0.19	1.13
handled	0.19	1.30
necessarily	0.19	2.46
relative	0.19	1.32
heterosexual	0.19	1.33
40	0.19	1.10
forget	0.19	2.10
anytime	0.19	1.96
food	0.19	1.13
things	0.19	2.12
modern	0.19	1.02
olds	0.19	1.13
gifts	0.19	1.09
reminding	0.19	1.68
opposed	0.19	1.40
nearby	0.19	1.18
hundred	0.19	1.25
affection	0.19	1.26
views	0.19	1.31
required	0.19	1.20
keeping	0.19	1.18
almost	0.19	1.22
apartment	0.19	1.17
kindness	0.19	1.14
understandable	0.20	1.85
intimacy	0.20	1.15
bunch	0.20	1.40
universal	0.20	1.34
order	0.20	1.52
hundreds	0.20	1.35
tl	0.20	1.58
dip	0.20	0.88
system	0.20	1.31
blanket	0.20	1.19
mothers	0.20	1.34
protective	0.20	1.77
park	0.20	1.30
host	0.20	1.01
return	0.20	1.43
stance	0.20	1.70
objects	0.20	0.94
beef	0.20	1.01
personality	0.20	1.28
perhaps	0.20	2.24
thousands	0.20	1.37
helped	0.20	1.48
requirement	0.20	1.11
climbing	0.20	0.96
apples	0.20	0.85
hopefully	0.20	1.76
couples	0.20	1.25
types	0.20	1.17
happen	0.20	2.21
war	0.20	1.00
agreement	0.20	1.30
lets	0.20	2.10
bond	0.20	1.13
gift	0.21	1.06
kisses	0.21	1.26
many	0.21	1.57
responsibility	0.21	1.50
successfully	0.21	1.27
intelligence	0.21	1.16
implying	0.21	2.12
inviting	0.21	1.61
hoping	0.21	2.15
varying	0.21	1.14
episodes	0.21	1.13
pointing	0.21	2.01
colour	0.21	0.87
assume	0.21	2.56
dynamic	0.21	1.26
drag	0.21	1.15
painting	0.21	0.83
technical	0.21	0.93
pros	0.21	0.91
exceptions	0.21	1.83
then	0.21	1.81
gave	0.21	1.24
separated	0.21	1.29
random	0.22	1.30
victoria	0.22	0.83
solve	0.22	1.71
interested	0.22	2.29
aesthetic	0.22	1.19
waited	0.22	1.38
expect	0.22	2.01
fiance	0.22	2.80
shortly	0.22	1.43
investment	0.22	1.10
versa	0.22	1.59
connection	0.22	1.17
available	0.22	1.05
equivalent	0.22	1.26
refuse	0.22	2.00
figures	0.22	0.96
type	0.22	1.13
technology	0.22	1.01
joy	0.22	1.10
flexible	0.22	1.31
both	0.22	1.62
yogurt	0.22	0.88
somebody	0.22	2.20
museum	0.22	1.05
help	0.22	1.87
separate	0.22	1.16
showing	0.22	1.13
offer	0.23	1.39
meal	0.23	1.11
planned	0.23	1.19
thirty	0.23	1.25
path	0.23	1.27
asking	0.23	2.17
rolled	0.23	1.27
150	0.23	1.10
problem	0.23	2.09
daughter	0.23	1.70
itself	0.23	1.61
view	0.23	1.68
possibly	0.23	2.13
volunteer	0.23	1.05
necessary	0.23	1.15
figured	0.23	1.66
showed	0.23	1.21
kinky	0.23	1.16
trained	0.23	1.19
hardcore	0.23	0.79
military	0.23	1.01
politics	0.23	1.17
fruit	0.23	0.85
honesty	0.23	1.22
someone	0.23	2.15
guarantee	0.23	1.82
taken	0.23	1.59
butter	0.23	0.86
claimed	0.23	1.26
very	0.23	1.38
willing	0.23	2.01
lifetime	0.23	1.22
pillows	0.24	1.22
insult	0.24	1.80
beliefs	0.24	1.20
right	0.24	3.06
jokes	0.24	1.38
passion	0.24	1.15
debate	0.24	1.47
permission	0.24	1.56
some	0.24	1.74
communities	0.24	1.06
shaped	0.24	1.04
along	0.24	1.82
free	0.24	1.13
presence	0.24	1.31
favor	0.24	1.36
base	0.24	1.38
expand	0.24	1.21
directions	0.24	1.07
candy	0.24	1.07
warm	0.24	0.97
talk	0.24	2.14
30	0.24	1.09
anybody	0.25	2.13
concept	0.25	1.43
beans	0.25	0.88
foreign	0.25	1.06
ending	0.25	0.92
windows	0.25	0.97
peanut	0.25	0.91
tan	0.25	1.05
bought	0.25	1.13
reliable	0.25	0.97
speaks	0.25	2.16
environment	0.25	1.20
intend	0.25	1.92
1.5	0.25	1.25
commenting	0.25	1.74
co-workers	0.25	1.40
sized	0.25	0.94
35	0.25	1.08
15	0.25	1.14
thick	0.25	0.87
chose	0.25	1.75
discover	0.25	1.31
fathers	0.25	1.32
2	0.25	1.25
ma'am	0.25	1.54
nowadays	0.25	1.16
assumption	0.25	1.77
bald	0.26	0.98
hardly	0.26	1.67
20	0.26	1.11
discussing	0.26	1.45
provide	0.26	1.21
respect	0.26	1.09
feed	0.26	1.85
cuts	0.26	0.97
stays	0.26	1.38
mature	0.26	1.03
pretty	0.26	1.69
poorly	0.26	1.32
initiate	0.26	1.30
34	0.26	0.99
banana	0.26	0.88
security	0.26	1.15
36	0.26	0.99
threesome	0.26	1.23
32	0.26	0.99
moms	0.26	1.39
consideration	0.26	1.20
draw	0.26	1.21
realistically	0.26	1.62
families	0.26	1.18
entirely	0.26	2.00
compliments	0.26	1.29
redditors	0.26	1.40
contact	0.26	1.18
officially	0.27	1.42
isnt	0.27	2.03
lifestyle	0.27	1.21
unemployed	0.27	1.05
4	0.27	1.25
woman	0.27	1.68
meant	0.27	3.28
popped	0.27	1.07
their	0.27	1.46
impossible	0.27	1.16
tiny	0.27	1.20
other	0.27	1.74
glasses	0.27	0.93
interaction	0.27	1.23
groups	0.27	1.02
obsessed	0.27	1.56
fought	0.27	1.15
designed	0.27	1.29
cheat	0.27	1.91
committed	0.27	1.21
anything	0.27	2.44
providing	0.27	1.20
11	0.28	1.13
scenario	0.28	1.78
invite	0.28	1.25
duty	0.28	1.02
requires	0.28	1.10
deserved	0.28	1.24
commitment	0.28	1.18
decided	0.28	1.85
productive	0.28	1.18
how	0.28	2.17
prior	0.28	1.30
settled	0.28	1.20
see	0.28	2.47
old	0.28	1.14
business	0.28	1.09
mexican	0.28	0.92
endearing	0.28	1.59
cream	0.28	0.85
values	0.28	1.26
looks	0.28	1.10
16	0.28	1.11
screw	0.28	1.73
drawn	0.28	1.23
mention	0.28	2.20
bob	0.29	0.88
specifically	0.29	1.82
binge	0.29	1.01
person	0.29	1.44
manner	0.29	1.26
10	0.29	1.25
final	0.29	1.07
17	0.29	1.12
products	0.29	0.84
finds	0.29	2.63
blankets	0.29	1.19
winter	0.29	0.95
enjoys	0.29	2.80
strategy	0.29	1.04
cuddling	0.29	1.50
alternative	0.29	1.02
6	0.29	1.27
case	0.29	2.48
mountain	0.29	1.00
traveling	0.29	1.02
few	0.29	1.37
5	0.29	1.27
petite	0.29	0.92
blonde	0.29	0.89
18	0.29	1.11
signed	0.29	1.29
these	0.29	1.39
merely	0.29	1.98
consensual	0.29	1.12
nine	0.29	1.33
singing	0.29	0.97
half	0.29	1.10
tumblr	0.29	1.16
two	0.29	1.37
resources	0.29	1.17
purpose	0.29	1.65
22	0.29	1.11
priorities	0.29	1.26
claims	0.29	1.64
23	0.29	1.11
mark	0.30	1.10
passed	0.30	1.36
hugging	0.30	1.34
neighborhood	0.30	1.13
12	0.30	1.15
14	0.30	1.12
numbers	0.30	1.34
shadow	0.30	0.91
multiple	0.30	1.37
received	0.30	1.25
leather	0.30	0.86
9	0.30	1.21
shown	0.30	1.25
3	0.30	1.32
unusual	0.30	1.50
8	0.30	1.25
7	0.30	1.25
refreshing	0.30	1.56
toy	0.30	0.97
guests	0.30	1.05
care	0.30	2.14
engaged	0.30	1.28
died	0.30	1.52
19	0.30	1.13
encountered	0.30	2.07
hoped	0.30	1.42
notion	0.30	1.53
punk	0.30	0.83
21	0.30	1.13
e.g	0.30	1.16
settle	0.30	1.98
dyed	0.30	0.87
code	0.30	1.12
ca	0.30	2.28
seven	0.30	1.33
ordered	0.31	0.96
tall	0.31	0.98
three	0.31	1.34
ten	0.31	1.32
stole	0.31	1.10
dominant	0.31	1.13
snow	0.31	0.87
outgoing	0.31	1.65
examples	0.31	1.44
actions	0.31	1.57
chatting	0.31	1.39
2.5	0.31	1.29
experiment	0.31	1.09
alternate	0.31	0.91
13	0.31	1.12
silly	0.31	1.73
appealing	0.31	1.19
six	0.31	1.33
flaws	0.31	1.55
consider	0.31	2.08
prime	0.31	1.02
them	0.31	2.37
dozen	0.31	1.43
beyond	0.31	1.20
25	0.31	1.11
accounts	0.31	1.19
four	0.31	1.33
salon	0.31	0.83
woods	0.31	1.17
five	0.31	1.32
proposal	0.31	1.05
exchange	0.31	1.24
31	0.31	1.13
flip	0.31	0.96
cook	0.32	0.89
eight	0.32	1.33
variation	0.32	1.12
events	0.32	1.02
involve	0.32	0.99
vice	0.32	1.68
found	0.32	1.29
hypothetical	0.32	1.38
whatever	0.32	2.55
replace	0.32	1.12
every	0.32	1.58
record	0.32	1.00
could	0.32	2.38
joke	0.32	1.48
metal	0.32	0.73
ask	0.32	2.19
eyeshadow	0.32	0.90
assuming	0.32	2.57
rule	0.32	1.28
setting	0.32	1.03
balanced	0.32	1.01
browsing	0.32	1.12
bound	0.32	1.47
argument	0.32	1.94
software	0.32	0.93
adding	0.32	1.03
decision	0.32	1.66
sets	0.32	0.81
explain	0.33	2.11
pasta	0.33	0.92
propose	0.33	1.67
pleasure	0.33	1.08
ahead	0.33	1.84
house	0.33	1.25
kinds	0.33	1.35
discussions	0.33	1.34
wait	0.33	2.06
blind	0.33	1.26
flowers	0.33	0.92
24	0.33	1.10
rely	0.33	1.26
prefer	0.33	0.91
subjective	0.33	1.72
hugs	0.33	1.29
understand	0.33	2.45
suggests	0.33	1.69
irl	0.33	1.42
28	0.33	1.11
painted	0.33	0.86
huge	0.33	1.17
sooner	0.33	1.77
26	0.33	1.11
skill	0.33	1.06
27	0.33	1.11
sorts	0.33	1.34
least	0.34	1.62
magically	0.34	1.39
wo	0.34	2.33
homes	0.34	1.20
twice	0.34	1.59
dye	0.34	0.88
meeting	0.34	1.52
compliment	0.34	1.46
literature	0.34	0.91
swimming	0.34	0.86
according	0.34	1.44
variety	0.34	1.09
earned	0.34	1.06
let	0.34	2.19
gossip	0.34	1.03
claim	0.34	1.72
plenty	0.34	1.60
objective	0.34	1.60
obsession	0.34	0.91
ingredients	0.34	0.86
earn	0.34	1.17
discuss	0.34	1.63
entertainment	0.34	1.01
sing	0.34	1.00
share	0.34	1.56
except	0.35	1.98
kink	0.35	1.11
lemon	0.35	0.86
useful	0.35	1.16
chain	0.35	0.79
females	0.35	1.19
navy	0.35	0.91
design	0.35	1.01
younger	0.35	1.28
indian	0.35	0.93
insisted	0.35	1.27
those	0.35	1.42
shared	0.35	1.15
decide	0.35	2.09
impression	0.35	1.89
various	0.35	1.30
beach	0.35	1.20
kinks	0.35	1.13
engage	0.36	1.28
married	0.36	1.26
trust	0.36	1.38
29	0.36	1.12
drawing	0.36	0.90
discovered	0.36	1.39
mini	0.36	0.89
said	0.36	1.75
participate	0.36	1.15
ourselves	0.36	1.63
logical	0.36	1.52
born	0.36	1.36
surprisingly	0.36	1.43
compatible	0.36	1.34
generalization	0.36	2.18
double	0.36	1.14
surrounded	0.36	1.04
community	0.36	1.05
network	0.37	1.01
sane	0.37	1.21
equipment	0.37	1.02
tied	0.37	1.16
decade	0.37	1.41
seen	0.37	2.15
originally	0.37	1.73
proof	0.37	1.53
marriage	0.37	1.31
eachother	0.37	1.36
organized	0.37	0.95
canadian	0.37	1.03
christian	0.37	0.97
cuddle	0.37	1.75
want	0.37	2.31
tell	0.37	2.31
cards	0.37	1.03
american	0.37	1.04
friendship	0.38	1.22
us	0.38	2.34
exactly	0.38	3.07
childfree	0.38	1.23
hopes	0.38	1.17
noticed	0.38	1.86
listed	0.38	1.42
points	0.38	1.85
boss	0.38	1.27
paid	0.38	1.05
opinions	0.38	1.48
hang	0.38	1.86
each	0.38	1.37
dark	0.38	0.89
monogamy	0.38	1.35
whatnot	0.38	1.18
valid	0.38	2.03
thought	0.38	1.72
systems	0.38	0.95
different	0.38	1.24
peoples	0.38	1.36
volunteering	0.38	1.07
official	0.38	1.31
trusting	0.38	1.41
craft	0.38	0.81
will	0.38	2.26
doesnt	0.38	2.12
sarcastic	0.38	1.54
kissed	0.38	1.18
grand	0.39	1.11
tried	0.39	1.42
wonder	0.39	2.44
together	0.39	1.41
someday	0.39	1.82
restaurants	0.39	1.04
knitting	0.39	0.84
goals	0.39	1.12
layers	0.39	1.02
makeup	0.39	0.93
reason	0.39	2.43
wage	0.39	0.74
r/askwomen/wiki/rules	0.39	1.32
salad	0.39	1.00
agree	0.39	3.24
changed	0.39	1.40
shoe	0.39	0.90
bars	0.39	1.08
dudes	0.39	1.17
media	0.39	1.08
sample	0.40	1.12
which	0.40	2.39
financially	0.40	1.22
folks	0.40	1.25
situation	0.40	1.67
rocks	0.40	0.97
wont	0.40	2.15
speaking	0.40	1.21
serving	0.40	0.90
monster	0.40	1.50
includes	0.40	1.23
hug	0.40	1.32
girl	0.40	1.19
conversations	0.40	1.28
exception	0.40	2.09
deal	0.40	1.71
present	0.40	1.40
couple	0.40	1.39
knit	0.40	0.83
educated	0.40	1.04
importantly	0.40	1.24
who	0.40	2.00
dinner	0.40	1.05
seasons	0.40	1.04
filter	0.40	0.96
above	0.41	1.11
situations	0.41	1.48
virgin	0.41	1.53
date	0.41	2.02
previously	0.41	1.45
fix	0.41	1.84
biased	0.41	1.82
tape	0.41	1.02
fabric	0.41	0.92
finding	0.41	1.76
she	0.41	2.21
matter	0.41	2.56
concerts	0.41	1.00
even	0.41	2.54
papers	0.41	1.05
baby	0.41	1.15
established	0.41	1.16
generalizations	0.41	1.77
piece	0.41	1.02
mainstream	0.41	0.95
idea	0.41	2.19
versus	0.41	1.39
orange	0.41	0.80
bird	0.41	1.54
our	0.42	1.37
mix	0.42	0.97
block	0.42	1.31
spoon	0.42	1.41
dreams	0.42	1.06
listening	0.42	1.03
poly	0.42	1.30
asap	0.42	1.77
la	0.42	1.23
computers	0.42	0.96
parks	0.42	1.17
happier	0.42	2.30
organization	0.42	1.04
intent	0.42	2.18
print	0.42	0.94
national	0.42	1.04
blast	0.42	1.15
shares	0.42	1.27
divorced	0.42	1.22
wondering	0.42	2.44
desired	0.43	1.32
zone	0.43	1.13
forgive	0.43	1.90
wine	0.43	1.03
apparently	0.43	2.14
valentine	0.43	1.01
hiking	0.43	1.26
adopt	0.43	1.56
ll	0.43	2.34
pursue	0.43	1.27
enough	0.43	1.71
mac	0.43	0.85
functional	0.43	1.04
others	0.43	1.62
meh	0.43	2.27
incompatible	0.43	1.43
meet	0.43	1.79
am	0.43	2.76
hook	0.43	1.55
guys	0.44	1.15
taller	0.44	1.12
power	0.44	1.07
forgotten	0.44	1.33
stealing	0.44	1.38
again	0.44	2.05
set	0.44	0.96
explaining	0.44	2.07
lied	0.44	1.43
casually	0.44	1.53
normal	0.44	1.41
tone	0.44	1.51
secret	0.44	1.09
fine	0.44	3.23
goal	0.44	1.12
red	0.44	0.90
bdsm	0.45	1.04
art	0.45	0.81
picture	0.45	1.11
policy	0.45	1.25
sends	0.45	1.35
tickets	0.45	0.97
pan	0.45	0.86
sex	0.45	1.09
true	0.45	3.28
ew	0.45	2.21
material	0.45	0.99
forth	0.45	1.39
addressed	0.46	1.51
did	0.46	2.32
add	0.46	1.10
saw	0.46	1.30
admire	0.46	1.41
chosen	0.46	1.34
solo	0.46	0.93
purple	0.46	0.84
know	0.46	2.60
romantic	0.46	1.19
sort	0.46	1.35
bright	0.46	0.86
interests	0.46	1.22
mass	0.46	0.92
stuff	0.46	1.85
admitted	0.46	1.32
girly	0.46	1.08
doubt	0.46	2.51
white	0.46	0.85
commentary	0.46	1.65
considering	0.47	2.07
subject	0.47	1.43
explore	0.47	1.15
stability	0.47	1.11
recent	0.47	1.25
chocolate	0.47	0.92
d	0.47	2.50
soup	0.47	0.99
numerous	0.47	1.57
clue	0.47	2.34
stands	0.47	1.54
irish	0.47	1.08
fallen	0.47	1.58
hooking	0.47	1.57
cheese	0.47	0.91
agreed	0.48	1.65
neither	0.48	2.40
connections	0.48	1.08
youngest	0.48	1.40
authority	0.48	0.94
green	0.48	0.85
reads	0.48	2.35
sauce	0.48	0.89
topics	0.48	1.35
wanted	0.48	1.76
monogamous	0.48	1.33
try	0.48	2.00
conventionally	0.48	1.08
grasp	0.48	1.51
fortunately	0.48	1.11
effect	0.48	0.93
included	0.49	1.29
searching	0.49	1.27
times	0.49	1.60
recommended	0.49	1.19
beneficial	0.49	1.35
everything	0.49	2.28
opinion	0.50	1.94
careers	0.50	1.05
former	0.50	1.48
informed	0.50	1.24
michael	0.50	0.97
conversation	0.50	1.31
cheap	0.50	0.75
spirit	0.50	0.99
grandpa	0.50	1.58
use	0.50	1.33
smooth	0.50	0.89
pink	0.50	0.84
realise	0.50	1.82
strong	0.50	1.13
australian	0.51	1.13
recognized	0.51	1.32
address	0.51	1.59
cell	0.51	1.13
especially	0.51	2.01
solid	0.51	0.87
neighbor	0.51	1.42
might	0.51	2.49
reminder	0.51	1.41
accent	0.51	1.18
bras	0.51	0.85
minimum	0.51	0.84
smiling	0.51	1.18
lap	0.51	1.63
personally	0.51	2.56
facts	0.52	2.08
told	0.52	1.46
intimate	0.52	1.11
exclusive	0.52	1.41
etc	0.52	0.99
mask	0.52	0.96
genuine	0.52	1.23
grey	0.52	0.82
bread	0.52	0.95
lines	0.52	1.17
example	0.52	1.99
mind	0.52	2.44
marrying	0.52	1.73
island	0.52	0.92
may	0.53	2.45
sizing	0.53	0.90
gloves	0.53	0.97
longest	0.53	1.57
chinese	0.53	1.10
swim	0.53	0.99
bride	0.53	0.96
handful	0.53	2.01
discussion	0.53	1.45
rice	0.53	0.92
blocked	0.53	1.36
done	0.53	1.96
horse	0.53	1.36
either	0.53	2.60
casual	0.54	1.16
ad	0.54	1.12
flag	0.54	1.27
treats	0.54	2.87
reasonable	0.54	1.22
additional	0.54	1.29
texting	0.54	1.58
professional	0.54	0.91
colored	0.54	0.89
universe	0.54	1.12
dare	0.54	1.66
combo	0.54	0.73
data	0.54	1.54
lasting	0.54	1.10
realize	0.54	2.23
snuggle	0.54	1.74
elsewhere	0.54	1.45
maybe	0.54	2.22
imply	0.55	2.50
pic	0.55	1.13
trade	0.55	1.37
accents	0.55	1.18
farm	0.55	1.43
existed	0.55	1.45
why	0.55	2.23
before	0.55	1.65
bar	0.55	1.05
lighting	0.55	0.92
pieces	0.55	0.93
genetics	0.55	1.25
intended	0.55	1.91
sushi	0.55	1.05
several	0.55	1.71
mail	0.55	1.24
joining	0.55	1.01
memories	0.55	1.09
decades	0.55	1.65
exclusively	0.56	1.19
handy	0.56	1.04
happiness	0.56	1.19
daughters	0.56	1.55
own	0.56	1.40
marry	0.56	1.94
positive	0.56	1.13
support	0.56	1.11
native	0.56	1.20
80s	0.56	0.86
certainly	0.56	2.59
blue	0.56	0.83
goodbye	0.56	1.25
accepting	0.56	1.28
friendships	0.56	1.21
disagree	0.56	2.43
discussed	0.57	1.52
laid	0.57	1.31
gone	0.57	1.83
german	0.57	1.20
wants	0.57	2.82
introduce	0.57	1.56
forever	0.57	1.75
promise	0.57	1.54
aim	0.57	1.26
rock	0.57	0.85
parents	0.57	1.50
none	0.57	1.87
potato	0.57	0.97
honestly	0.57	2.56
faith	0.57	0.99
choices	0.57	1.56
italian	0.57	1.18
indicate	0.57	1.74
russian	0.57	1.20
determined	0.57	1.24
reasoning	0.57	1.91
weird	0.57	2.12
following	0.57	1.23
dates	0.57	1.43
heck	0.58	2.01
hence	0.58	1.59
strictly	0.58	1.69
90s	0.58	0.85
tail	0.58	1.02
slept	0.58	1.49
never	0.58	1.83
proposed	0.58	1.35
shades	0.58	0.83
listen	0.58	1.12
make-up	0.58	0.96
wise	0.58	1.22
experiences	0.58	1.45
sarcasm	0.58	1.63
corn	0.58	0.91
british	0.58	1.11
5'8	0.58	1.14
anymore	0.58	2.51
gray	0.59	0.83
previous	0.59	1.14
always	0.59	1.95
oldest	0.59	1.43
already	0.59	2.10
feedback	0.59	1.46
pics	0.59	1.16
spanish	0.59	1.18
join	0.59	1.02
pointed	0.59	1.47
sole	0.59	1.08
perspective	0.59	1.75
pictures	0.59	1.13
app	0.59	1.13
humor	0.59	1.27
evidence	0.59	1.70
limited	0.59	0.84
cares	0.59	2.81
appreciate	0.59	1.72
twin	0.59	1.37
yellow	0.59	0.87
sons	0.60	1.57
refuses	0.60	2.81
happened	0.60	1.83
wives	0.60	1.40
sooooo	0.60	1.84
mommy	0.60	1.13
5'10	0.60	1.14
been	0.60	2.06
wings	0.60	1.04
involved	0.60	1.05
chip	0.60	0.94
diamonds	0.60	0.91
audience	0.60	1.11
brown	0.60	0.89
served	0.60	0.93
talent	0.60	1.21
works	0.61	1.81
personal	0.61	1.43
including	0.61	1.31
broke	0.61	1.51
meets	0.61	2.82
although	0.61	2.43
shapes	0.61	0.99
restaurant	0.61	1.01
gesture	0.62	1.16
sending	0.62	1.38
independent	0.62	1.15
him	0.62	1.57
cant	0.62	2.06
conclusion	0.62	1.98
radio	0.62	1.05
texted	0.62	1.35
enjoyment	0.62	1.04
asked	0.62	1.48
list	0.62	1.45
concert	0.62	0.86
baking	0.62	0.83
trial	0.62	1.43
sources	0.63	1.45
porn	0.63	1.12
unfortunately	0.63	2.24
intellectual	0.63	1.18
pool	0.63	0.93
incorrect	0.63	3.43
proven	0.63	1.40
everybody	0.63	2.82
bears	0.63	1.19
stated	0.63	2.14
sake	0.63	1.21
explained	0.63	1.65
5'4	0.63	1.15
photos	0.64	1.15
stayed	0.64	1.52
height	0.64	1.14
perspectives	0.64	1.41
band	0.64	0.77
future	0.64	1.37
cookie	0.64	1.03
hobbies	0.64	1.09
account	0.64	1.29
english	0.64	1.38
say	0.64	2.61
george	0.64	1.01
pairs	0.64	0.95
potatoes	0.65	0.97
army	0.65	1.00
greek	0.65	0.87
generalizing	0.65	1.79
tbh	0.65	2.08
lists	0.65	1.14
listened	0.65	1.09
yet	0.65	2.04
japanese	0.65	1.16
sacrifice	0.65	1.20
spoke	0.65	1.27
pure	0.65	1.14
removal	0.65	1.55
probably	0.65	2.56
calm	0.65	1.19
bra	0.65	0.88
ring	0.65	1.02
naturally	0.66	1.22
siblings	0.66	1.59
shrug	0.66	2.13
invalidation	0.66	1.69
guessing	0.66	2.29
wouldnt	0.66	2.18
massage	0.66	1.07
practical	0.66	1.19
actually	0.66	2.51
extra	0.66	1.27
responsible	0.66	1.22
colours	0.67	0.94
filling	0.67	1.00
were	0.67	1.66
sadly	0.67	1.70
speech	0.67	1.44
jam	0.67	0.90
extended	0.67	1.38
boat	0.67	1.48
has	0.67	1.84
5'7	0.67	1.16
man	0.67	1.37
platonic	0.67	1.24
massive	0.67	1.00
colors	0.68	0.95
color	0.68	0.96
surely	0.68	1.97
whose	0.68	1.31
ol	0.68	1.58
presented	0.68	1.54
rings	0.68	0.98
course	0.68	2.71
respond	0.69	1.88
minded	0.69	1.22
solved	0.69	1.31
agreeing	0.69	2.24
chat	0.69	1.49
trolling	0.69	1.67
understanding	0.69	1.17
happily	0.69	1.36
circle	0.70	1.30
differently	0.70	1.40
comfort	0.70	1.09
relationship	0.70	1.27
similar	0.70	1.39
send	0.70	1.36
designer	0.70	0.80
belong	0.70	1.69
confident	0.70	1.47
topic	0.70	1.44
miss	0.70	2.04
black	0.70	0.83
boots	0.70	0.96
ship	0.70	1.21
walks	0.71	2.81
ms	0.71	1.06
group	0.71	1.20
called	0.71	1.19
hookup	0.71	1.44
count	0.71	2.05
once	0.71	1.70
specific	0.71	1.78
appropriate	0.72	1.23
subreddits	0.72	1.54
certain	0.72	1.24
crossing	0.72	0.97
activities	0.72	1.08
grandfather	0.72	1.56
shoes	0.72	0.98
career	0.72	1.06
linked	0.72	1.22
celebrities	0.72	0.96
pussy	0.72	1.54
mentioned	0.72	1.69
forbid	0.72	1.52
implied	0.72	2.05
carefully	0.73	1.42
5'3	0.73	1.17
ties	0.73	1.01
humour	0.73	1.27
relationships	0.73	1.27
phone	0.73	1.24
comfortably	0.73	1.22
devil	0.73	0.96
hop	0.73	0.85
wealthy	0.73	0.90
mr	0.73	1.14
responding	0.73	2.23
fucking	0.73	2.32
historical	0.74	1.04
articles	0.74	1.13
5'2	0.74	1.18
engaging	0.74	1.17
mate	0.74	1.23
agenda	0.74	1.71
recipes	0.74	0.91
church	0.74	1.03
cake	0.74	1.01
heels	0.74	0.96
bands	0.75	0.78
french	0.75	1.27
diamond	0.75	0.98
dont	0.75	2.28
bake	0.75	0.95
details	0.75	1.43
stating	0.75	2.38
garden	0.75	0.82
shape	0.75	1.07
advice	0.75	1.72
individual	0.76	1.41
skype	0.76	1.38
pockets	0.76	0.98
from	0.76	1.72
engagement	0.76	1.05
speak	0.76	1.36
ups	0.76	1.12
permitted	0.76	1.72
clicked	0.76	1.31
offense	0.76	2.30
photo	0.76	1.09
online	0.76	1.26
screen	0.76	1.24
literal	0.77	1.65
briefly	0.77	1.27
also	0.77	2.29
fb	0.77	1.37
grateful	0.77	2.88
fellow	0.77	1.18
commented	0.77	1.50
reasonably	0.77	1.15
didnt	0.77	2.11
definition	0.77	2.01
r/dating_advice	0.77	1.75
facebook	0.78	1.37
r/askwomenadvice	0.78	1.75
engineer	0.78	0.97
gear	0.78	0.97
pinterest	0.78	1.13
apologize	0.78	2.26
r/relationships	0.78	1.75
website	0.78	1.17
profile	0.78	1.29
roommates	0.78	1.46
prefers	0.78	2.75
invited	0.78	1.34
meaningful	0.79	1.10
sent	0.79	1.36
formal	0.79	1.12
crazy	0.79	2.37
honey	0.79	1.18
dessert	0.79	0.98
descriptive	0.79	1.74
permit	0.79	1.73
via	0.79	1.36
however	0.79	2.58
messaging	0.79	1.45
relevant	0.79	1.41
websites	0.79	1.11
pages	0.79	1.05
sites	0.79	1.22
pop	0.79	0.83
music	0.79	0.84
r/sex	0.79	1.72
mil	0.80	1.89
apple	0.80	0.88
information	0.80	1.52
oven	0.80	0.86
posters	0.80	1.26
aunt	0.80	1.63
driven	0.80	1.04
halloween	0.80	0.96
forum	0.80	1.35
latest	0.80	1.29
implies	0.80	2.14
lyrics	0.80	1.06
posted	0.80	1.35
grandmother	0.80	1.55
cousins	0.81	1.61
rough	0.81	1.34
complained	0.81	1.38
title	0.81	1.82
repost	0.81	1.82
r/askmen	0.81	1.71
uncle	0.81	1.62
naked	0.81	1.20
horses	0.81	1.54
scarf	0.81	0.99
coat	0.82	1.09
allow	0.82	1.73
emails	0.82	1.44
mutual	0.82	1.35
scrutinized	0.82	1.68
askmen	0.82	1.71
email	0.82	1.43
stable	0.82	1.21
seeking	0.82	1.73
regarding	0.82	1.73
eyes	0.82	0.98
relatives	0.82	1.48
h	0.82	1.38
selfies	0.82	1.10
grandparents	0.82	1.54
polite	0.83	1.14
understood	0.83	1.64
note	0.83	1.32
interpret	0.83	1.87
owner	0.83	1.80
posts	0.83	1.73
additionally	0.83	1.74
delete	0.83	1.47
fantasy	0.83	0.95
messages	0.83	1.48
terms	0.83	1.68
guitar	0.83	0.93
uses	0.84	2.24
motivated	0.84	1.10
sentiment	0.84	2.14
tinder	0.84	1.42
please	0.84	1.73
straw	0.84	1.11
posting	0.84	1.68
voted	0.84	1.29
diverse	0.84	1.05
videos	0.84	0.95
news	0.85	0.99
r/askwomen	0.85	1.72
grandma	0.85	1.55
acquaintance	0.85	1.40
myth	0.85	1.12
reddit	0.85	1.45
moderation	0.85	1.70
removed	0.85	1.73
askwomen	0.85	1.73
realistic	0.85	1.27
past	0.85	1.74
blows	0.86	1.36
text	0.86	1.47
partners	0.86	1.33
celebrity	0.86	0.87
threads	0.86	1.73
tips	0.86	1.11
recently	0.86	1.69
models	0.86	0.90
provided	0.86	1.19
responses	0.87	1.87
questions	0.87	1.79
messaged	0.87	1.40
supporting	0.87	1.29
exploring	0.87	1.17
calls	0.87	1.32
matches	0.87	0.99
collect	0.87	0.79
win	0.87	1.60
tights	0.87	1.00
fashion	0.87	0.91
long-term	0.87	1.18
cookies	0.87	1.10
rules	0.87	1.72
netflix	0.87	0.97
describe	0.87	1.68
sisters	0.87	1.59
internet	0.87	1.19
now	0.87	1.49
r/askwomen/w/index	0.88	1.71
faq	0.88	1.68
co-worker	0.88	1.51
dating	0.88	1.65
texts	0.88	1.48
responded	0.88	2.00
styles	0.88	1.01
male	0.88	1.22
r/askwomen/w/rules	0.88	1.72
mother	0.88	1.73
subreddit	0.88	1.71
charm	0.88	1.22
shit	0.88	2.00
stuffed	0.88	1.02
jewelry	0.88	1.04
talked	0.88	1.45
bitch	0.89	1.57
totally	0.89	2.19
vague	0.89	1.81
site	0.89	1.29
images	0.89	1.04
chris	0.89	0.94
magazines	0.89	0.93
atmosphere	0.89	1.12
gentle	0.89	1.08
dedicated	0.89	1.08
serve	0.89	0.88
earrings	0.90	1.14
song	0.90	0.90
sub	0.90	1.70
father	0.90	1.74
shiny	0.90	1.01
soooo	0.90	2.01
dumped	0.90	1.55
copy	0.90	1.14
occasion	0.90	1.26
playful	0.90	1.31
mates	0.90	1.49
derailing	0.90	1.76
okc	0.91	1.33
members	0.91	1.28
slurs	0.91	1.80
suggested	0.91	1.45
enjoyable	0.91	1.36
here	0.91	1.84
mutually	0.91	1.16
won	0.91	1.37
though	0.91	2.64
brothers	0.91	1.50
encouraging	0.92	1.11
gendered	0.92	1.81
5'6	0.92	1.29
necklace	0.92	0.99
hello	0.92	1.45
hung	0.93	1.40
depth	0.93	1.10
replied	0.93	2.18
pumpkin	0.93	0.98
gaming	0.93	0.91
sister	0.93	1.75
mum	0.93	1.76
honest	0.93	1.33
brother	0.93	1.75
stone	0.93	0.96
hobby	0.93	1.01
users	0.93	1.79
sidebar	0.94	1.69
jack	0.94	1.15
computer	0.94	1.13
contributing	0.94	1.64
steam	0.95	0.93
family	0.95	1.65
latter	0.95	2.04
google	0.95	1.19
tag	0.95	1.27
dad	0.95	1.76
member	0.95	1.29
bear	0.95	1.23
reading	0.95	1.00
top	0.95	1.07
occasions	0.96	1.38
fond	0.96	1.60
links	0.96	1.46
thankfully	0.96	1.45
blog	0.96	1.10
mom	0.96	1.76
okcupid	0.96	1.33
gal	0.96	1.35
submission	0.97	1.78
article	0.97	1.36
commonly	0.97	1.82
answers	0.97	1.89
flirty	0.97	1.28
downvotes	0.97	1.85
cleavage	0.97	1.21
search	0.97	1.39
winning	0.98	1.62
deleted	0.98	1.67
call	0.98	1.34
languages	0.98	1.45
review	0.98	1.52
comfortable	0.98	2.68
trees	0.98	0.84
confirm	0.98	1.54
magazine	0.98	0.90
answered	0.99	2.10
had	0.99	1.73
husbands	1.00	1.69
accomplished	1.00	0.95
loose	1.00	1.15
subject=why+was+this+removed	1.00	1.71
post	1.00	1.79
melt	1.00	1.12
question	1.00	2.10
fair	1.01	2.47
pair	1.01	1.01
poster	1.01	1.63
sincere	1.01	1.21
role	1.01	1.14
stars	1.01	0.86
my+submission	1.02	1.71
my+comment	1.02	1.71
bang	1.02	1.75
first	1.02	1.68
thread	1.02	1.92
resubmit	1.02	1.89
erotica	1.02	0.98
reviews	1.02	1.12
message	1.02	1.63
mystery	1.02	0.90
proud	1.02	3.13
insight	1.02	1.60
female	1.03	1.23
mods	1.03	1.76
gamer	1.03	1.02
james	1.03	0.93
reference	1.03	1.37
spoken	1.03	1.46
sport	1.03	0.88
panties	1.03	0.99
possible	1.03	2.54
mod	1.04	1.77
subs	1.04	1.66
downvoted	1.04	1.98
buddies	1.05	1.45
approve	1.05	2.31
absolutely	1.05	2.02
land	1.05	1.05
sorta	1.05	2.18
knowing	1.05	2.02
answer	1.05	2.38
bullet	1.05	1.81
belt	1.05	1.12
detail	1.06	1.71
feature	1.06	1.04
underneath	1.06	1.14
wild	1.06	1.22
silver	1.06	0.97
wife	1.06	1.92
heard	1.06	2.67
acquaintances	1.07	1.47
hooked	1.07	1.52
cheated	1.07	1.55
sweater	1.07	1.06
socks	1.07	1.01
im	1.07	2.26
animal	1.07	1.51
write	1.07	1.03
chicks	1.08	1.32
frozen	1.08	0.85
suggest	1.08	1.79
flats	1.08	1.00
answering	1.08	2.29
laptop	1.08	1.17
cherry	1.08	0.88
place	1.08	2.53
plain	1.09	1.14
particular	1.09	1.46
television	1.09	0.87
vet	1.09	1.61
page	1.09	1.33
meaning	1.09	2.39
shelter	1.10	1.67
board	1.10	0.85
em	1.10	2.01
de	1.10	1.55
legit	1.10	1.87
refer	1.10	1.76
animals	1.10	1.52
message/compose	1.10	1.82
sure	1.11	2.88
x	1.11	2.06
moon	1.11	0.80
undies	1.11	0.99
wish	1.11	2.09
pro	1.11	0.95
language	1.11	1.61
delicate	1.12	1.14
writing	1.12	0.96
respectful	1.12	1.14
camera	1.12	0.95
replying	1.12	2.24
her	1.12	1.80
guy	1.12	1.63
yours	1.12	1.82
replies	1.12	2.03
roommate	1.12	1.65
watched	1.12	1.03
baked	1.12	1.06
theme	1.13	0.89
referred	1.13	1.55
rich	1.13	1.04
tie	1.13	1.12
friends	1.13	1.55
ldr	1.14	1.63
balance	1.14	0.92
enthusiastic	1.14	1.15
pc	1.14	0.85
friendly	1.15	1.15
phones	1.15	1.37
introduced	1.15	1.37
wan	1.15	2.07
chick	1.15	1.18
downvote	1.15	1.95
used	1.15	1.77
patient	1.15	1.13
stories	1.15	1.09
read	1.16	1.16
fwb	1.16	1.54
hat	1.17	1.08
term	1.17	2.00
tight	1.17	1.22
pie	1.17	1.05
relaxing	1.17	1.27
lit	1.17	0.77
info	1.17	1.56
fuzzy	1.18	1.09
comfy	1.18	1.07
show	1.18	0.98
underwear	1.18	1.00
fuck	1.18	2.14
ve	1.18	2.68
watches	1.18	2.60
coworker	1.18	1.60
theatre	1.18	0.90
quote	1.18	1.83
moderators	1.18	1.84
professionally	1.18	1.15
partner	1.19	1.43
cousin	1.19	1.77
fucked	1.19	2.39
r/askwomen/w/genderedslurs	1.19	1.86
nude	1.19	1.10
matching	1.20	0.96
theater	1.20	0.92
youtube	1.20	1.00
girlfriends	1.20	1.55
c	1.20	1.68
haircut	1.21	1.37
input	1.21	1.81
perfectly	1.21	1.27
watch	1.21	1.03
successful	1.21	1.00
romance	1.21	0.91
opposite	1.21	2.59
considerate	1.22	1.13
v	1.22	1.38
thankful	1.22	2.47
user	1.22	1.66
ultimate	1.23	0.88
homemade	1.23	0.95
pokemon	1.23	0.93
swear	1.23	1.54
hats	1.23	0.95
caring	1.23	1.18
empathetic	1.23	1.17
banned	1.23	1.91
invested	1.23	2.72
watching	1.23	1.05
solution	1.24	2.54
suppose	1.24	2.46
leggings	1.24	1.09
sooo	1.24	2.16
pale	1.24	1.10
ocean	1.25	0.84
anyway	1.25	2.62
pets	1.25	1.42
fyi	1.25	1.01
hell	1.25	2.15
counts	1.26	2.22
sleeves	1.26	1.34
competitive	1.26	0.90
b	1.26	1.73
complex	1.26	0.99
dated	1.27	1.66
david	1.27	0.83
activity	1.27	1.00
missed	1.27	2.10
his	1.27	1.93
ex	1.27	1.81
wore	1.27	1.23
alive	1.27	0.88
hot	1.27	1.24
musical	1.27	0.87
adopted	1.28	1.72
artist	1.28	0.90
priority	1.28	2.44
life	1.28	2.46
author	1.29	1.01
w	1.29	2.05
op	1.29	2.53
letter	1.29	1.54
anime	1.29	0.90
shall	1.29	1.76
daddy	1.29	1.14
wardrobe	1.29	0.95
sos	1.29	1.62
hers	1.29	1.78
jacket	1.29	1.19
definitely	1.30	2.55
explains	1.30	1.62
enjoyed	1.30	2.06
well	1.30	2.32
analogy	1.30	2.33
funny	1.30	1.36
ours	1.30	1.67
bros	1.31	1.12
ideal	1.31	0.80
graphic	1.31	0.90
eh	1.31	2.35
properly	1.31	1.36
detailed	1.31	1.52
affectionate	1.31	1.18
gf	1.31	1.85
horror	1.32	0.94
n	1.32	1.76
only	1.32	2.60
worn	1.32	1.11
dress	1.33	1.33
potter	1.34	0.80
written	1.34	1.06
na	1.35	2.31
harry	1.36	0.80
fans	1.36	0.80
girlfriend	1.36	1.81
sweaters	1.36	1.18
met	1.37	1.53
team	1.37	0.87
scene	1.37	1.04
sharing	1.37	1.70
believed	1.37	1.84
ai	1.38	2.18
explanation	1.38	1.79
fedora	1.38	1.11
chill	1.38	1.83
soft	1.38	0.90
uniform	1.38	1.18
hi	1.39	2.11
skirts	1.39	1.20
names	1.39	1.42
comforting	1.40	1.97
intelligent	1.40	1.16
context	1.40	2.35
main	1.40	1.18
interesting	1.40	1.42
shows	1.41	1.04
gon	1.41	2.40
combination	1.41	0.98
pig	1.41	1.50
video	1.41	1.09
current	1.41	1.78
r	1.42	1.90
plot	1.42	1.05
king	1.42	0.90
thoughtful	1.43	1.13
elaborate	1.43	1.21
jesus	1.43	1.77
fit	1.43	1.31
amp	1.43	1.82
thats	1.43	2.36
clarify	1.44	2.54
popular	1.44	0.98
y	1.44	2.04
outfit	1.44	1.30
smart	1.45	1.16
nickname	1.45	1.19
skirt	1.45	1.20
novel	1.45	0.90
journey	1.46	1.24
dressing	1.46	1.16
lingerie	1.46	0.98
button	1.46	1.31
guess	1.47	2.55
clothes	1.47	1.37
players	1.47	0.94
cuddles	1.47	2.50
tv	1.47	1.03
worries	1.47	2.23
songs	1.47	0.80
yo	1.48	2.13
safe	1.48	2.37
playing	1.48	1.06
scenes	1.48	1.10
dragon	1.49	0.86
worded	1.49	2.33
shorts	1.49	1.12
response	1.49	2.04
book	1.49	0.95
known	1.49	2.41
u	1.49	2.20
boyfriends	1.49	1.71
rolls	1.49	2.35
sports	1.49	0.81
helpful	1.50	1.23
wrote	1.50	1.33
fiction	1.50	1.01
exes	1.51	1.73
generous	1.51	1.16
passionate	1.51	1.14
f	1.51	1.68
dunno	1.51	2.40
seriously	1.51	2.47
match	1.51	0.91
basketball	1.51	0.94
description	1.52	2.00
whom	1.52	1.54
wars	1.52	0.82
dressed	1.52	1.25
loyal	1.52	1.15
dat	1.52	1.92
original	1.52	2.21
novels	1.52	0.92
game	1.52	1.00
name	1.52	1.42
comic	1.53	0.91
close	1.53	1.25
hmmm	1.53	2.21
books	1.54	0.88
check	1.54	1.45
soccer	1.54	0.83
league	1.54	0.97
goofy	1.55	1.41
play	1.55	1.01
hey	1.55	2.38
okay	1.55	3.06
tank	1.55	1.21
kind	1.55	1.17
comment	1.56	2.17
babe	1.56	1.35
christ	1.57	1.92
suggestions	1.58	1.71
secure	1.58	2.52
gt	1.58	2.62
style	1.58	0.99
wears	1.58	2.43
rose	1.58	0.82
clothing	1.58	1.26
e	1.58	1.73
games	1.59	0.95
named	1.59	1.37
slur	1.59	2.24
queen	1.59	0.89
comedy	1.59	0.92
k	1.60	1.65
sir	1.60	1.62
dear	1.60	1.90
idk	1.61	2.44
respected	1.61	2.00
satisfied	1.61	2.50
clever	1.61	1.29
pants	1.62	1.24
collection	1.62	0.64
o	1.63	2.11
captain	1.63	1.02
hockey	1.64	0.91
pleasant	1.64	1.78
nope	1.64	2.34
wear	1.65	1.20
dolls	1.65	2.05
baseball	1.65	0.95
flower	1.66	0.77
baggy	1.66	1.22
adventure	1.66	0.78
action	1.66	1.14
outfits	1.66	1.23
connected	1.66	1.98
t	1.66	1.48
story	1.67	1.23
link	1.67	1.91
cared	1.67	1.85
jeans	1.67	1.25
woo	1.67	1.91
tough	1.67	2.02
football	1.68	0.88
yep	1.68	2.39
gold	1.69	0.85
tops	1.69	1.34
nah	1.69	2.36
preferably	1.70	0.77
creative	1.70	1.07
knew	1.70	1.87
god	1.70	2.14
t-shirt	1.70	1.21
wearing	1.70	1.21
letters	1.71	1.82
click	1.71	1.68
hero	1.71	0.99
cuz	1.71	2.22
fluffy	1.71	1.39
complimented	1.71	2.07
rant	1.71	2.16
include	1.73	1.04
writer	1.73	0.85
charming	1.74	1.29
reply	1.74	2.16
star	1.75	0.80
dammit	1.75	2.18
player	1.76	0.87
good	1.76	1.57
using	1.76	2.61
buddy	1.76	1.64
tho	1.76	2.19
statement	1.77	2.91
reapprove	1.77	2.14
mmm	1.77	2.00
troll	1.77	2.14
t-shirts	1.77	1.22
still	1.77	2.37
anyways	1.78	2.45
gosh	1.78	2.34
fuckin	1.79	2.03
referring	1.79	2.67
added	1.79	1.69
goddamn	1.80	1.84
witty	1.80	1.23
guide	1.80	1.63
album	1.80	0.80
shirts	1.80	1.28
pet	1.80	1.48
besides	1.81	2.05
classic	1.81	0.79
kitty	1.81	1.47
hm	1.81	2.33
magic	1.82	1.07
puppy	1.82	1.60
hope	1.82	2.41
brave	1.82	1.21
shirt	1.82	1.33
lord	1.82	1.53
contrary	1.83	2.82
gods	1.83	1.48
bro	1.83	2.27
yay	1.83	2.32
dude	1.83	2.15
structure	1.83	0.95
impressive	1.84	1.79
accurate	1.84	2.69
fits	1.85	1.18
enjoying	1.85	1.72
yea	1.85	2.42
bath	1.85	2.49
mine	1.85	2.31
another	1.86	2.25
lt	1.86	2.36
hmm	1.87	2.48
duh	1.87	2.27
ya	1.87	2.33
supportive	1.88	1.14
cats	1.88	2.11
kitten	1.88	1.58
actors	1.89	1.06
actor	1.89	1.00
sigh	1.89	2.30
relaxed	1.89	2.21
oh	1.89	2.38
y'all	1.90	2.33
hubby	1.90	2.20
tasty	1.90	1.93
kidding	1.91	2.40
ha	1.91	2.35
indeed	1.91	2.37
upvote	1.91	2.23
plays	1.91	2.03
artists	1.91	0.77
welcome	1.92	2.27
hahaha	1.92	2.36
dresses	1.93	1.19
lol	1.93	2.43
ta	1.93	2.28
peace	1.93	2.14
husband	1.93	2.43
oooh	1.94	2.35
films	1.95	0.95
single	1.96	1.91
lady	1.96	1.14
technically	1.96	2.60
suggestion	1.96	1.72
hah	1.97	2.45
greatest	1.97	2.19
revealing	1.97	1.18
bubble	1.98	2.37
huh	1.98	2.45
dogs	1.98	2.12
ladies	1.98	2.01
ooh	1.99	2.34
uh	1.99	2.46
reinstated	2.00	2.35
whoa	2.00	2.38
word	2.00	2.81
heh	2.00	2.36
mistakes	2.01	2.78
fitting	2.01	1.44
p	2.01	2.43
loving	2.02	1.03
alright	2.02	2.46
bf	2.03	2.29
ahh	2.03	2.38
paragraph	2.03	2.33
neutral	2.03	2.17
dog	2.04	2.14
preferred	2.04	1.61
decent	2.04	1.63
um	2.04	2.45
talented	2.04	1.04
phrase	2.05	2.60
model	2.06	0.74
neat	2.07	1.96
mistake	2.07	2.81
wtf	2.07	2.39
suits	2.07	1.39
cat	2.09	2.11
sentences	2.09	2.43
proper	2.10	2.24
thank	2.11	2.39
genre	2.13	0.81
mobile	2.14	2.15
holy	2.15	2.27
goodness	2.15	2.31
aw	2.16	2.37
sweet	2.16	0.97
xd	2.17	2.34
supported	2.17	1.80
ah	2.18	2.39
famous	2.18	0.77
aww	2.19	2.37
oops	2.20	2.26
username	2.21	2.22
apologies	2.21	2.48
closest	2.22	2.43
delicious	2.22	1.57
wording	2.23	2.89
thanks	2.23	2.36
heaven	2.24	1.58
btw	2.24	2.30
words	2.25	2.78
sorry	2.26	2.38
cool	2.27	2.36
eta	2.27	2.05
movies	2.27	0.85
fulfilling	2.29	1.94
friend	2.31	2.42
forgot	2.31	2.15
wow	2.31	2.43
error	2.31	2.91
omg	2.36	2.34
costume	2.37	0.77
yup	2.37	2.42
hearts	2.37	1.66
adore	2.38	1.18
yeah	2.39	2.51
go-to	2.40	1.40
handsome	2.40	1.09
trusted	2.40	1.78
powerful	2.40	1.56
played	2.42	1.78
yes	2.42	2.46
correctly	2.43	2.29
plus	2.43	1.90
grammar	2.43	2.81
fixed	2.44	2.71
sentence	2.44	2.85
special	2.45	1.64
ok	2.45	2.53
simple	2.45	1.80
such	2.47	1.36
freaking	2.49	2.00
enjoy	2.50	1.39
content	2.51	2.44
inspired	2.51	1.55
bet	2.55	2.40
lover	2.56	1.47
spell	2.56	2.62
glad	2.57	2.42
haha	2.57	2.49
exciting	2.59	1.61
congratulations	2.59	2.42
bonus	2.61	2.02
flattering	2.61	2.16
boyfriend	2.62	2.41
hilarious	2.62	1.84
recommend	2.62	1.66
recipe	2.64	1.64
series	2.65	1.52
great	2.66	1.47
spelling	2.66	2.79
edited	2.67	2.75
luck	2.68	2.46
fancy	2.69	1.95
excellent	2.70	1.71
typing	2.70	2.68
cast	2.71	1.56
favorites	2.73	1.02
fan	2.73	1.20
edit	2.75	2.75
amazingly	2.75	1.32
nicely	2.81	1.85
character	2.82	1.45
fun	2.82	1.59
characters	2.83	1.48
film	2.83	1.46
princess	2.84	1.36
disney	2.88	1.35
suit	2.89	2.09
fitted	2.90	2.09
fortunate	2.91	1.24
movie	2.91	1.37
damn	2.91	2.05
golden	2.92	0.79
lucky	2.93	1.78
cute	3.00	1.74
adorable	3.02	1.71
congrats	3.05	2.05
favourite	3.26	0.98
genius	3.42	1.63
unique	3.44	1.40
sexy	3.44	1.34
perfect	3.50	1.02
badass	3.52	1.38
classy	3.55	1.25
magical	3.60	1.19
brilliant	3.68	1.14
incredible	3.77	1.15
glorious	3.79	1.19
favorite	3.86	0.60
gorgeous	3.91	1.13
fabulous	4.06	0.98
beautiful	4.17	0.73
wonderful	4.27	0.61
lovely	4.37	0.57
