extreme	-3.86	0.87
suffering	-3.79	0.89
killer	-3.78	0.86
severe	-3.75	0.87
constant	-3.74	0.91
mild	-3.68	0.94
suffer	-3.67	0.90
heartburn	-3.66	0.98
insomnia	-3.65	0.96
experiencing	-3.62	0.93
developed	-3.60	0.65
killing	-3.60	0.87
reflux	-3.56	1.01
worse	-3.55	0.79
massive	-3.51	0.62
experienced	-3.49	0.97
prone	-3.46	0.63
suffered	-3.45	1.04
rid	-3.42	0.52
minor	-3.25	0.92
dealt	-3.22	0.92
shitty	-3.22	0.95
dealing	-3.20	1.03
excruciating	-3.16	1.08
bad	-3.15	0.86
caused	-3.10	0.83
insane	-3.09	0.92
cure	-3.08	1.02
chronic	-3.08	0.85
disgusting	-3.06	0.78
restless	-3.05	1.08
symptoms	-3.04	0.86
nightmare	-3.01	0.95
exhaustion	-3.01	0.88
symptom	-3.00	0.95
fatigue	-2.95	0.87
taste	-2.94	0.97
crappy	-2.94	1.09
spd	-2.91	0.98
infections	-2.91	1.10
causing	-2.89	0.81
miserable	-2.89	1.40
nausea	-2.88	0.86
vomiting	-2.82	0.84
ms	-2.81	0.87
headaches	-2.80	0.88
wraps	-2.79	1.32
slight	-2.78	0.81
infection	-2.78	1.18
bloating	-2.78	0.87
yeast	-2.77	1.16
aches	-2.77	0.88
diagnosed	-2.73	0.87
soreness	-2.72	0.87
hunger	-2.71	0.88
struggled	-2.70	0.93
sweat	-2.70	1.15
sickness	-2.69	0.86
constipation	-2.68	0.86
migraines	-2.66	0.86
causes	-2.64	0.81
moby	-2.61	1.30
icky	-2.59	0.97
aversions	-2.57	0.74
hg	-2.56	0.86
achy	-2.54	1.17
brutal	-2.54	1.00
hyperemesis	-2.53	0.85
24/7	-2.53	0.85
hating	-2.52	1.24
dirty	-2.52	1.32
headache	-2.51	0.84
unbearable	-2.51	0.90
serious	-2.49	0.85
attacks	-2.48	0.92
smell	-2.48	1.13
sick	-2.47	1.80
cause	-2.47	0.80
yuck	-2.46	1.11
kill	-2.46	0.97
sciatica	-2.45	0.89
struggling	-2.45	0.94
queasy	-2.44	1.27
associated	-2.43	0.84
uncomfortable	-2.42	1.75
nauseous	-2.41	1.35
disorder	-2.40	0.89
tasted	-2.40	1.17
irritable	-2.40	1.93
tunnel	-2.39	0.85
pain	-2.39	0.89
general	-2.38	1.05
major	-2.38	0.81
depression	-2.37	0.90
depressed	-2.37	2.03
similar	-2.37	1.12
sweaty	-2.36	0.98
nightmares	-2.36	1.11
history	-2.36	0.90
tired	-2.35	1.68
nauseated	-2.35	1.39
bitter	-2.35	1.27
caught	-2.34	1.21
sore	-2.34	1.05
smelled	-2.34	1.16
emotional	-2.34	1.81
cranky	-2.34	1.70
gross	-2.34	1.14
lonely	-2.33	2.01
mood	-2.33	1.08
instance	-2.32	0.93
exhausted	-2.32	1.63
needles	-2.32	1.29
related	-2.31	0.87
lead	-2.31	0.81
rough	-2.31	1.06
smelling	-2.31	1.14
sucked	-2.30	1.01
unpleasant	-2.30	1.10
having	-2.29	1.12
disorders	-2.29	0.90
dread	-2.29	1.17
prevent	-2.28	0.80
discomfort	-2.28	0.87
guilty	-2.28	2.03
piss	-2.26	1.14
dislike	-2.26	1.33
sciatic	-2.25	0.89
constantly	-2.25	0.96
wreck	-2.24	1.45
pains	-2.24	0.90
fucked	-2.23	1.37
crampy	-2.23	1.19
illness	-2.22	0.77
acne	-2.22	0.88
angry	-2.21	2.11
ache	-2.20	0.86
switched	-2.20	1.51
typical	-2.20	1.11
hungry	-2.19	1.62
catch	-2.17	1.24
ppd	-2.17	0.89
grumpy	-2.17	1.83
vulnerable	-2.17	1.80
overwhelmed	-2.16	2.10
swings	-2.16	0.82
crazy	-2.14	1.05
ear	-2.14	1.31
preventing	-2.13	0.81
bored	-2.11	1.90
frustrated	-2.11	2.17
bothered	-2.11	1.44
bloated	-2.10	1.44
except	-2.10	1.10
stressed	-2.10	2.19
entire	-2.10	1.31
hip	-2.10	0.88
sleepy	-2.10	1.47
mental	-2.09	0.91
cramps	-2.09	0.90
anxious	-2.08	2.20
hurts	-2.08	0.88
carries	-2.07	1.34
ligament	-2.06	0.88
aversion	-2.06	0.74
hormonal	-2.05	1.53
dehydration	-2.05	0.83
passive	-2.05	1.21
ruined	-2.04	1.14
puking	-2.04	0.86
swollen	-2.03	1.03
occasional	-2.03	0.84
stuck	-2.03	1.37
appetite	-2.03	0.86
feeling	-2.03	1.61
mad	-2.02	1.72
vomited	-2.02	0.95
dreading	-2.02	1.15
bay	-2.02	1.39
ergo	-2.02	1.44
constipated	-2.01	1.28
sudden	-2.01	0.84
puked	-2.01	0.95
described	-2.01	1.15
annoyed	-2.00	2.18
diarrhea	-2.00	0.83
upset	-2.00	2.16
cramping	-2.00	0.89
annoys	-1.98	1.23
bother	-1.98	1.58
mess	-1.98	1.42
smells	-1.98	1.04
feel	-1.97	1.86
swelling	-1.97	0.87
peeing	-1.96	0.86
fever	-1.95	0.79
freaks	-1.95	1.02
dizzy	-1.95	1.34
develop	-1.94	0.80
thirsty	-1.94	1.63
bothers	-1.93	1.26
keeps	-1.93	1.31
asthma	-1.93	0.79
defensive	-1.93	1.42
diagnosis	-1.92	0.91
missing	-1.92	1.79
insisted	-1.91	1.43
embarrassed	-1.91	2.13
describing	-1.91	0.91
swaddle	-1.91	1.30
torture	-1.90	1.09
irritated	-1.90	1.83
syndrome	-1.89	0.83
issues	-1.88	0.89
reduce	-1.88	0.80
tri	-1.87	0.88
anxiety	-1.86	0.92
tightening	-1.85	0.91
trimester	-1.85	0.87
cravings	-1.85	0.83
shooting	-1.85	0.88
sadly	-1.85	1.23
pissed	-1.84	2.13
bugs	-1.84	1.35
lately	-1.84	1.45
migraine	-1.84	0.83
gag	-1.83	0.90
mentality	-1.83	1.13
dehydrated	-1.81	1.11
treating	-1.81	0.74
freaked	-1.80	2.05
worried	-1.80	2.08
disappointed	-1.80	2.21
nerve	-1.80	0.84
excessive	-1.80	0.86
uti	-1.80	0.87
mornings	-1.79	1.04
violent	-1.79	0.89
vomit	-1.79	0.96
starving	-1.78	1.21
menstrual	-1.78	0.89
panic	-1.78	0.98
everywhere	-1.77	0.86
liking	-1.77	1.40
whole	-1.77	1.37
unfair	-1.77	1.18
waves	-1.77	0.88
hurt	-1.77	1.13
blown	-1.76	0.92
overreacting	-1.76	1.59
understandable	-1.75	1.78
childhood	-1.74	1.34
confused	-1.74	2.17
scared	-1.74	2.18
farts	-1.74	1.38
kidney	-1.73	0.84
significant	-1.72	0.83
hesitant	-1.72	2.04
paranoid	-1.71	2.23
cried	-1.71	1.99
borderline	-1.71	0.87
braxton	-1.71	0.90
case	-1.71	1.50
ridiculous	-1.71	1.13
misery	-1.71	0.89
struggle	-1.70	0.90
pelvic	-1.70	0.84
coaster	-1.69	0.98
bloat	-1.69	0.89
breeze	-1.69	1.13
cruel	-1.69	1.14
waking	-1.68	0.87
badly	-1.68	1.07
hemorrhoids	-1.68	0.81
bacteria	-1.67	0.89
longest	-1.67	1.58
cry	-1.67	1.97
poop	-1.67	0.84
trimesters	-1.66	0.78
coughing	-1.66	0.93
bug	-1.66	1.46
trigger	-1.66	0.83
hicks	-1.66	0.89
depressing	-1.65	1.48
acid	-1.64	0.89
struggles	-1.64	0.95
sinus	-1.63	0.85
roller	-1.63	0.93
tender	-1.63	1.03
joints	-1.63	0.87
cramp	-1.62	0.90
panicked	-1.61	2.02
highest	-1.61	1.47
meltdown	-1.61	1.16
screw	-1.61	1.49
sharp	-1.61	0.89
bitchy	-1.61	1.31
rage	-1.60	1.39
breakdown	-1.59	1.33
threw	-1.59	0.84
intense	-1.59	0.96
puke	-1.58	0.94
managing	-1.58	0.88
frequent	-1.58	0.86
bummed	-1.58	2.33
pre-eclampsia	-1.58	0.80
spread	-1.58	0.76
annoying	-1.57	1.21
die	-1.56	0.89
joint	-1.56	0.84
burn	-1.56	0.87
disease	-1.56	0.80
impatient	-1.56	2.28
texture	-1.56	0.96
kills	-1.56	0.82
painful	-1.55	0.97
antibiotics	-1.55	0.94
conditions	-1.55	0.83
sucks	-1.55	1.22
allergies	-1.55	0.80
gestational	-1.55	0.81
freak	-1.54	1.43
hypertension	-1.54	0.83
besides	-1.54	0.85
condition	-1.54	0.85
leading	-1.53	0.78
nervous	-1.53	2.30
fighting	-1.53	0.92
unsure	-1.52	1.81
aside	-1.52	0.79
hurting	-1.51	0.97
devastated	-1.51	1.96
hormones	-1.50	1.21
sensitive	-1.50	1.38
desperate	-1.50	1.25
hips	-1.49	0.84
messy	-1.49	0.96
controlling	-1.49	0.86
unprepared	-1.48	1.86
sympathize	-1.47	1.00
attack	-1.47	0.99
throwing	-1.47	0.87
bh	-1.46	0.88
ew	-1.46	1.44
lasts	-1.46	0.87
gas	-1.45	0.89
swallow	-1.45	0.78
surprises	-1.45	1.31
stupid	-1.44	1.41
problems	-1.43	0.87
offended	-1.43	1.63
weak	-1.43	1.40
minimal	-1.43	0.85
terrified	-1.43	1.73
drive	-1.42	0.80
lazy	-1.42	1.91
describe	-1.42	0.89
potential	-1.41	0.83
lightning	-1.41	0.91
third	-1.41	0.88
booster	-1.41	0.66
flu	-1.41	0.88
allergy	-1.41	0.83
morning	-1.41	0.82
frequently	-1.40	0.86
convinced	-1.40	1.62
pee	-1.40	0.86
fault	-1.39	1.05
nonsense	-1.39	1.45
huge	-1.39	0.87
pooped	-1.39	0.87
preeclampsia	-1.38	0.82
rash	-1.38	0.84
manageable	-1.38	0.92
no	-1.38	1.72
poo	-1.38	0.83
felt	-1.37	1.02
random	-1.37	0.91
possibility	-1.37	1.06
pooping	-1.36	0.86
makes	-1.36	1.87
followed	-1.36	0.80
physical	-1.35	0.91
irrational	-1.35	1.40
exhausting	-1.35	1.08
drunk	-1.35	0.93
numb	-1.35	0.86
pelvis	-1.35	0.82
itching	-1.35	0.77
ashamed	-1.34	1.21
distracted	-1.33	1.78
burning	-1.33	0.83
round	-1.33	0.92
necessary	-1.33	2.01
irresponsible	-1.33	0.88
throat	-1.32	0.85
addiction	-1.32	0.81
lower	-1.32	0.81
proven	-1.31	1.95
blows	-1.31	1.00
drove	-1.31	0.79
driving	-1.30	0.79
sensation	-1.30	0.98
queen	-1.30	1.15
ill	-1.29	1.40
pre-e	-1.29	0.82
sweating	-1.29	1.00
muscle	-1.29	0.86
strep	-1.28	0.97
drives	-1.28	0.76
surprised	-1.26	1.87
lifetime	-1.26	0.83
crotch	-1.26	0.91
biggest	-1.26	1.38
abdomen	-1.26	0.86
horrified	-1.26	2.05
exposed	-1.26	0.87
faced	-1.25	0.95
stomach	-1.25	0.87
discharge	-1.24	0.87
poisoning	-1.24	0.76
spit	-1.24	0.84
stool	-1.24	0.81
bloody	-1.24	0.94
defects	-1.23	0.85
conscious	-1.23	1.72
useless	-1.23	1.45
monitors	-1.23	0.79
scares	-1.23	1.14
real	-1.22	0.97
tolerate	-1.22	0.84
complaining	-1.22	1.40
hormone	-1.22	1.03
noticeable	-1.22	0.90
instant	-1.22	0.72
hurtful	-1.22	0.98
diabetes	-1.21	0.83
am	-1.21	1.79
upsetting	-1.21	1.46
wise	-1.21	1.30
zantac	-1.21	0.89
strain	-1.21	0.83
occur	-1.20	0.90
difficulty	-1.20	0.89
increased	-1.20	0.79
chemicals	-1.19	0.86
signs	-1.19	0.95
bone	-1.19	0.84
drama	-1.19	0.82
immune	-1.18	0.91
catheter	-1.18	0.73
bowel	-1.18	0.83
tums	-1.18	0.87
risk	-1.17	0.94
severely	-1.17	1.05
alone	-1.17	1.92
toxic	-1.17	0.85
unknown	-1.17	1.04
monitoring	-1.16	0.80
swell	-1.16	1.00
insensitive	-1.16	1.00
farther	-1.16	0.93
cue	-1.16	1.17
softeners	-1.16	0.81
fear	-1.15	1.17
stress	-1.15	1.03
shocked	-1.15	1.89
selfish	-1.15	0.96
temporary	-1.15	0.83
likely	-1.15	1.33
lets	-1.14	1.40
regular	-1.14	0.79
embarrassing	-1.14	1.12
woken	-1.14	0.83
irregular	-1.14	0.89
combined	-1.13	0.83
treated	-1.13	0.73
flavor	-1.13	0.94
systems	-1.13	0.81
death	-1.13	0.99
thyroid	-1.13	0.86
throughout	-1.12	0.82
guilt	-1.12	1.11
pressing	-1.12	0.80
during	-1.12	0.88
autism	-1.12	0.82
happier	-1.12	0.99
much	-1.12	1.17
suspect	-1.12	1.33
closer	-1.12	0.91
sobbing	-1.12	1.46
flutters	-1.11	1.09
anemic	-1.11	1.04
nuts	-1.11	0.75
bullshit	-1.11	0.95
needle	-1.11	0.93
crap	-1.11	1.50
diabetic	-1.11	0.83
fiber	-1.11	0.81
liquid	-1.10	0.84
affected	-1.10	0.86
nights	-1.10	0.83
pressure	-1.10	0.79
further	-1.10	0.96
whale	-1.10	1.19
harder	-1.10	0.93
preggers	-1.10	1.62
overwhelming	-1.10	1.18
justified	-1.10	1.38
possibly	-1.09	1.20
obnoxious	-1.09	0.95
stones	-1.09	0.89
immunity	-1.09	0.91
first	-1.09	0.85
gush	-1.09	0.83
crying	-1.09	1.55
overdue	-1.09	1.41
regret	-1.09	1.25
bigger	-1.09	0.88
consistent	-1.08	0.89
scare	-1.08	1.07
less	-1.08	1.10
disappointment	-1.08	1.11
concern	-1.08	1.06
period	-1.08	0.89
concerned	-1.08	1.74
minus	-1.07	0.75
weirdest	-1.07	1.28
energy	-1.07	0.94
pubic	-1.07	0.85
any	-1.07	1.16
harm	-1.07	1.04
motion	-1.06	0.75
prove	-1.06	2.16
beginning	-1.06	0.89
afraid	-1.06	1.70
clueless	-1.06	1.18
sometimes	-1.06	1.50
smoked	-1.06	0.79
50/50	-1.06	2.19
avoid	-1.06	0.86
spinal	-1.05	0.79
abusive	-1.05	0.87
nothing	-1.05	2.25
half	-1.05	0.92
by	-1.05	1.54
bites	-1.05	0.74
unreasonable	-1.04	1.04
cautious	-1.04	1.60
happening	-1.04	2.02
stressing	-1.04	1.48
indicate	-1.03	0.98
unnecessary	-1.03	1.05
carrier	-1.03	0.74
vaccinated	-1.03	0.91
squished	-1.03	0.83
worrying	-1.03	1.57
fluid	-1.03	0.83
peed	-1.03	1.05
apologize	-1.03	1.23
necessarily	-1.02	2.11
rude	-1.02	0.98
tastes	-1.02	1.03
danger	-1.02	0.82
partum	-1.02	0.98
wrap	-1.02	0.77
ugly	-1.02	1.33
affects	-1.02	0.86
knew	-1.02	2.09
developing	-1.02	0.94
risky	-1.01	1.02
dangerous	-1.01	0.99
weird	-1.01	1.27
monitor	-1.01	0.81
movement	-1.01	1.08
gd	-1.01	0.83
type	-1.01	1.04
easier	-1.01	0.95
tmi	-1.00	0.96
pointless	-1.00	1.06
chances	-1.00	0.99
complaints	-1.00	0.91
cases	-1.00	0.91
devastating	-1.00	1.54
leaking	-0.99	0.86
wet	-0.99	0.85
caffeine	-0.99	0.78
weed	-0.99	0.80
tale	-0.99	2.01
yell	-0.99	1.49
gum	-0.99	0.84
brushing	-0.99	0.86
blew	-0.99	0.87
movements	-0.98	1.02
chemical	-0.98	0.88
dreamt	-0.98	0.82
pertussis	-0.98	0.91
failure	-0.98	0.85
dreams	-0.98	0.94
main	-0.98	0.78
handle	-0.98	1.15
sign	-0.97	1.00
itchy	-0.97	0.94
unhappy	-0.97	1.93
matter	-0.97	2.33
overly	-0.97	1.54
frustration	-0.97	1.02
toilet	-0.97	0.83
mentally	-0.97	1.10
dreamed	-0.97	0.81
factor	-0.97	0.93
amounts	-0.97	0.82
leak	-0.97	0.87
gatorade	-0.97	0.86
night	-0.97	0.83
reported	-0.96	0.83
wild	-0.96	0.77
poops	-0.96	0.81
leads	-0.96	0.85
odd	-0.96	1.30
disappeared	-0.96	0.87
cigarettes	-0.96	0.83
preterm	-0.96	0.89
bawling	-0.95	1.48
mode	-0.95	1.14
unexpected	-0.95	0.86
panicking	-0.95	1.62
gotten	-0.95	0.97
waddling	-0.95	0.99
tears	-0.95	1.38
vaccine	-0.95	0.90
mean	-0.94	2.39
amniotic	-0.94	0.83
asleep	-0.94	0.87
judgmental	-0.94	0.99
lungs	-0.94	0.84
definite	-0.94	0.96
contraction	-0.94	0.89
periods	-0.94	0.88
poked	-0.94	0.79
lasting	-0.94	0.86
basis	-0.94	0.84
wave	-0.94	0.85
assume	-0.94	2.34
physically	-0.94	1.14
silly	-0.94	1.56
evil	-0.93	1.30
awake	-0.93	1.02
increases	-0.93	0.83
relieve	-0.93	0.83
punch	-0.93	0.91
mucus	-0.93	1.00
smoke	-0.92	0.86
forms	-0.92	0.83
amazed	-0.92	1.83
second	-0.92	0.87
moments	-0.92	1.67
catching	-0.92	0.90
lot	-0.92	0.97
protect	-0.92	0.96
gallbladder	-0.92	0.84
treatment	-0.92	0.78
introduce	-0.92	0.86
bruised	-0.92	0.96
acting	-0.91	0.80
bleeding	-0.91	0.86
bones	-0.91	0.83
vaccinations	-0.91	0.84
legitimate	-0.91	1.05
unless	-0.91	2.20
jerks	-0.91	0.98
sadness	-0.91	1.09
notice	-0.91	1.32
judged	-0.91	1.22
abuse	-0.91	0.92
potentially	-0.90	0.87
either	-0.90	2.40
placed	-0.90	0.81
safer	-0.90	0.85
contractions	-0.90	0.92
sure	-0.90	2.25
unable	-0.90	1.13
abdominal	-0.90	0.86
sneeze	-0.89	0.94
something	-0.89	2.41
difficult	-0.89	0.98
rib	-0.89	0.83
dream	-0.89	0.88
leg	-0.89	0.84
instead	-0.89	0.91
stand	-0.89	1.07
sneezing	-0.89	0.95
anger	-0.89	1.15
mucous	-0.89	1.02
stone	-0.89	0.86
through	-0.89	0.97
switching	-0.89	0.85
smoker	-0.88	0.82
iv	-0.88	0.77
expecting	-0.88	1.39
make	-0.88	1.71
cancer	-0.88	0.80
boring	-0.88	1.12
producing	-0.88	0.86
jealousy	-0.88	1.02
indicator	-0.88	0.88
left	-0.87	1.02
worry	-0.87	1.84
craved	-0.87	0.73
shots	-0.87	0.79
screaming	-0.87	1.38
blame	-0.87	1.37
damage	-0.86	0.87
vaccines	-0.86	0.88
ready	-0.86	1.68
miscarry	-0.86	1.19
dramatic	-0.86	1.20
flavors	-0.86	0.89
supplements	-0.86	0.81
replaced	-0.85	0.70
sids	-0.85	0.84
factors	-0.85	0.86
magnesium	-0.85	0.79
thinks	-0.85	1.77
shaking	-0.85	1.26
bp	-0.85	0.80
complications	-0.85	0.87
affect	-0.85	1.03
whooping	-0.85	0.83
risks	-0.85	0.99
survived	-0.84	0.74
saying	-0.84	2.28
expanding	-0.84	0.84
tied	-0.84	0.80
wake	-0.84	0.93
yelling	-0.84	1.38
supposed	-0.84	2.33
horse	-0.84	0.80
lowest	-0.84	1.91
cough	-0.84	0.91
treat	-0.84	0.72
certain	-0.84	0.88
wished	-0.83	1.46
frequency	-0.83	0.87
breasts	-0.83	0.88
permanent	-0.83	0.79
high	-0.83	0.83
without	-0.83	1.26
bled	-0.83	0.97
terms	-0.83	0.83
made	-0.83	1.79
uses	-0.82	1.78
justify	-0.82	1.19
pcos	-0.82	0.90
deal	-0.82	1.41
complain	-0.82	1.26
guarantee	-0.82	1.81
vivid	-0.82	0.95
torn	-0.82	1.43
breath	-0.82	0.92
higher	-0.82	0.87
stop	-0.82	1.09
excitement	-0.82	1.21
unsafe	-0.82	0.98
pressured	-0.82	1.32
wives	-0.82	2.16
truth	-0.81	2.08
excess	-0.81	0.82
wiped	-0.81	1.00
awkward	-0.81	1.25
sees	-0.81	1.82
insulin	-0.81	0.85
inappropriate	-0.81	0.97
screamed	-0.81	1.30
sleep	-0.80	0.90
immature	-0.80	1.00
kicks	-0.80	1.03
inner	-0.80	0.81
plug	-0.80	1.05
ripped	-0.80	0.99
entitled	-0.80	1.03
unrelated	-0.80	0.95
lies	-0.80	1.14
pregnancy	-0.80	0.91
volume	-0.80	0.85
monitored	-0.80	0.81
scenario	-0.79	1.58
bladder	-0.79	0.84
vision	-0.79	0.85
throw	-0.79	0.93
prenatals	-0.79	0.74
wrapped	-0.79	0.66
preparing	-0.79	0.94
ignorant	-0.79	1.02
boobs	-0.79	0.92
likelihood	-0.79	0.95
closely	-0.79	0.90
42	-0.79	1.29
prepared	-0.79	1.19
tough	-0.79	1.16
gone	-0.79	1.03
hardest	-0.78	1.72
changes	-0.78	0.99
increasing	-0.78	0.80
still	-0.78	1.65
ribs	-0.78	0.84
lasted	-0.78	0.92
daily	-0.78	0.82
guessing	-0.78	2.04
forcing	-0.78	0.99
basically	-0.78	1.30
including	-0.78	0.85
led	-0.78	0.88
times	-0.78	0.93
bothering	-0.78	1.74
starting	-0.78	1.32
frankly	-0.78	1.08
personality	-0.78	0.84
orgasm	-0.77	0.89
sort	-0.77	1.09
afterward	-0.77	1.22
gbs	-0.77	1.01
heavy	-0.77	0.93
idiots	-0.77	1.05
increase	-0.77	0.83
impossible	-0.77	1.01
otherwise	-0.77	2.36
anterior	-0.77	1.06
tylenol	-0.77	0.77
drink	-0.77	0.87
sip	-0.77	0.84
unacceptable	-0.77	0.90
miscarriages	-0.77	0.98
dying	-0.77	1.07
bleed	-0.77	1.00
progesterone	-0.77	0.93
offensive	-0.77	1.06
nipples	-0.77	0.94
liver	-0.77	0.86
controlled	-0.76	0.86
alcoholic	-0.76	0.84
cigarette	-0.76	0.87
stopped	-0.76	0.88
mins	-0.76	0.87
sling	-0.76	0.75
believed	-0.76	1.51
understand	-0.75	1.49
hassle	-0.75	1.03
woke	-0.75	0.83
burst	-0.75	1.31
swaddling	-0.75	0.64
bedtime	-0.75	0.88
stressful	-0.75	1.09
slightest	-0.75	1.25
hardly	-0.75	1.26
myself	-0.75	1.26
previously	-0.74	0.84
overall	-0.74	0.98
spine	-0.74	0.74
bs	-0.74	0.97
urge	-0.74	0.84
weirdly	-0.74	0.97
cage	-0.74	0.87
battle	-0.74	0.89
tooth	-0.74	0.85
habit	-0.74	0.79
every	-0.74	0.94
control	-0.73	0.98
exact	-0.73	1.28
dropping	-0.73	0.89
elevated	-0.73	0.77
thinking	-0.73	1.76
doubt	-0.73	1.85
exposure	-0.73	0.83
those	-0.73	0.89
especially	-0.73	1.12
large	-0.73	0.84
rushed	-0.72	1.24
regularly	-0.72	0.85
part	-0.72	1.69
oral	-0.72	0.81
tales	-0.72	2.19
reduced	-0.72	0.81
garbage	-0.72	0.80
allergic	-0.72	0.77
popcorn	-0.72	0.82
spoken	-0.71	0.82
levels	-0.71	0.84
noticing	-0.71	1.11
minute	-0.71	0.90
getting	-0.71	1.36
scary	-0.71	1.26
accident	-0.71	0.90
assumed	-0.71	1.23
soda	-0.71	0.84
attached	-0.71	1.44
situations	-0.71	0.89
health	-0.71	0.84
uterus	-0.71	0.86
iud	-0.71	0.96
obviously	-0.71	1.95
internal	-0.71	0.90
clots	-0.70	0.88
snoring	-0.70	0.84
skeptical	-0.70	1.88
occasionally	-0.70	0.87
emotionally	-0.70	1.08
tdap	-0.70	0.84
rain	-0.70	0.84
barely	-0.70	1.31
45	-0.70	0.87
juice	-0.70	0.84
commute	-0.70	0.82
ended	-0.70	0.96
pure	-0.70	0.92
harmful	-0.69	0.92
lining	-0.69	1.06
drank	-0.69	0.83
contracting	-0.69	0.93
knowing	-0.69	1.64
nerves	-0.69	0.87
ignored	-0.69	1.26
emotions	-0.69	1.18
literally	-0.69	1.14
excuses	-0.69	0.86
trash	-0.69	0.80
anymore	-0.69	1.63
trouble	-0.69	0.95
canal	-0.69	0.87
yelled	-0.69	1.26
teeth	-0.69	0.82
unhealthy	-0.69	0.84
vaccinate	-0.69	1.02
shame	-0.68	0.81
guaranteed	-0.68	1.16
feels	-0.68	1.10
implantation	-0.68	0.87
min	-0.68	0.87
possible	-0.68	1.71
other	-0.68	0.89
rush	-0.68	1.01
than	-0.68	1.00
drag	-0.68	0.93
usually	-0.68	1.66
low	-0.68	0.84
enormous	-0.68	0.89
significantly	-0.68	0.94
waddle	-0.67	0.85
minutes	-0.67	0.89
often	-0.67	1.24
occurred	-0.67	1.13
making	-0.67	1.23
aware	-0.67	1.41
bedrest	-0.67	0.81
indication	-0.67	1.47
slim	-0.67	1.11
injury	-0.67	0.83
theory	-0.67	2.19
spotting	-0.67	0.89
randomly	-0.67	0.95
inducing	-0.67	1.25
leaked	-0.66	0.84
cares	-0.66	1.21
means	-0.66	2.35
easily	-0.66	1.42
anywhere	-0.66	1.64
mainly	-0.66	0.76
boppy	-0.66	0.66
bubbles	-0.66	0.90
survive	-0.66	1.09
wakes	-0.66	0.94
cycle	-0.66	0.96
chiropractor	-0.66	0.80
listeria	-0.66	0.73
idiot	-0.66	0.91
each	-0.65	1.06
bitch	-0.65	1.05
itch	-0.65	0.79
production	-0.65	0.88
fired	-0.65	1.14
doable	-0.65	0.95
conceiving	-0.65	0.96
suck	-0.65	1.58
upper	-0.65	0.82
fucking	-0.65	1.51
kept	-0.65	1.11
pills	-0.65	0.78
anesthesiologist	-0.65	0.86
complicated	-0.65	0.94
anything	-0.65	1.93
soul	-0.64	0.91
everyday	-0.64	0.93
dumb	-0.64	1.11
yet	-0.64	1.58
passing	-0.64	0.84
row	-0.64	0.93
hiccups	-0.64	0.90
flavored	-0.64	0.77
riding	-0.64	0.79
shot	-0.64	0.85
known	-0.64	0.98
treatments	-0.63	0.86
meconium	-0.63	0.80
denial	-0.63	1.24
mostly	-0.63	0.97
diaper	-0.63	0.76
shoulder	-0.63	0.80
ups	-0.63	0.77
falling	-0.63	0.98
longer	-0.63	1.04
waiting	-0.63	1.47
er	-0.63	0.97
fourth	-0.62	0.84
reasonable	-0.62	0.90
pretend	-0.62	1.54
asshole	-0.62	0.98
supplement	-0.62	0.79
ankles	-0.62	0.85
even	-0.62	1.96
resort	-0.62	0.82
avoided	-0.62	0.78
veins	-0.62	0.83
conceive	-0.62	1.02
illegal	-0.62	0.90
moment	-0.62	1.49
smoking	-0.62	0.81
prior	-0.62	0.94
effects	-0.61	0.92
pushed	-0.61	0.86
transfer	-0.61	0.86
wipe	-0.61	0.79
arm	-0.61	0.79
stretching	-0.61	0.83
zofran	-0.61	0.79
belt	-0.61	0.78
quit	-0.61	0.83
rather	-0.61	1.27
seconds	-0.60	0.91
pregnant	-0.60	1.34
dead	-0.60	0.86
medically	-0.60	1.36
heartbreaking	-0.60	1.40
relieved	-0.60	2.27
usual	-0.60	0.99
confusion	-0.60	0.96
2nd	-0.60	0.91
assholes	-0.60	1.02
admit	-0.60	1.42
afterwards	-0.60	1.13
tight	-0.60	1.00
bit	-0.60	1.28
dosage	-0.60	0.80
insisting	-0.59	1.14
midnight	-0.59	0.86
behavior	-0.59	0.92
losing	-0.59	1.18
doses	-0.59	0.77
soaked	-0.59	0.79
reasons	-0.59	1.12
financial	-0.59	0.89
generally	-0.59	1.26
despite	-0.59	0.83
unlike	-0.59	0.81
happen	-0.59	1.92
aggressive	-0.59	0.82
specific	-0.59	0.84
excuse	-0.59	0.92
traffic	-0.58	0.80
now	-0.58	1.51
world	-0.58	1.76
going	-0.58	1.88
within	-0.58	0.91
compression	-0.58	0.83
prefolds	-0.58	0.63
more	-0.58	1.10
lime	-0.58	0.84
rise	-0.58	0.81
urgent	-0.58	0.92
caution	-0.58	0.89
melted	-0.58	0.84
punches	-0.58	0.92
twenty	-0.58	0.92
fewer	-0.58	0.92
nips	-0.58	0.90
scream	-0.58	1.35
backed	-0.58	1.03
issue	-0.57	1.14
nearly	-0.57	1.18
iron	-0.57	0.81
function	-0.57	0.94
hooked	-0.57	0.80
sugars	-0.57	0.81
confusing	-0.57	1.19
impact	-0.57	0.92
snarky	-0.57	1.04
harsh	-0.57	1.04
carried	-0.57	0.73
abs	-0.56	0.89
adjustment	-0.56	0.90
genetic	-0.56	0.86
although	-0.56	1.78
debating	-0.56	1.08
believe	-0.56	1.90
expected	-0.56	1.13
along	-0.56	1.15
miscarried	-0.56	1.06
rarely	-0.56	1.10
chance	-0.56	1.31
meds	-0.56	0.82
stronger	-0.56	0.91
switch	-0.56	0.79
lemonade	-0.56	0.84
calmed	-0.56	1.08
bizarre	-0.55	1.11
being	-0.55	1.23
fail	-0.55	0.89
nor	-0.55	1.29
knocked	-0.55	0.85
realize	-0.55	1.71
resolve	-0.55	0.94
acceptable	-0.55	0.81
concerns	-0.55	1.05
dental	-0.55	0.82
stretch	-0.55	0.83
begging	-0.55	1.19
who	-0.54	0.81
vagina	-0.54	0.89
3rd	-0.54	0.92
imagine	-0.54	1.49
adjusting	-0.54	0.91
flow	-0.54	0.88
missed	-0.54	1.10
thrown	-0.54	0.74
comfortable	-0.54	1.68
concerning	-0.54	0.88
twice	-0.54	1.01
fluids	-0.54	0.79
never	-0.54	1.43
balloon	-0.54	0.80
sahm	-0.54	1.17
thrilled	-0.54	1.65
oddly	-0.54	0.81
over	-0.54	1.15
hcg	-0.54	0.87
downs	-0.53	0.86
glucose	-0.53	0.83
1-2	-0.53	0.90
ivf	-0.53	0.97
gain	-0.53	0.91
conceived	-0.53	1.01
sugar	-0.53	0.78
disappear	-0.53	0.95
medication	-0.53	0.82
thing	-0.53	1.66
lack	-0.53	0.84
drug	-0.53	0.80
bucket	-0.53	0.69
standard	-0.53	0.99
enter	-0.53	0.87
rip	-0.53	0.99
bite	-0.53	0.89
been	-0.53	1.15
against	-0.52	0.87
figure	-0.52	1.84
organs	-0.52	0.86
say	-0.52	2.01
day	-0.52	0.99
happens	-0.52	1.76
certainly	-0.52	1.67
insert	-0.52	0.65
intention	-0.52	1.01
and/or	-0.52	0.93
least	-0.52	1.73
stood	-0.52	1.17
placenta	-0.52	0.90
carry	-0.52	0.74
driver	-0.52	0.77
30	-0.52	0.96
normally	-0.52	1.36
amount	-0.51	0.88
stages	-0.51	0.85
tell	-0.51	1.73
abnormalities	-0.51	0.86
membrane	-0.51	1.01
unlikely	-0.51	0.91
understood	-0.51	1.12
burden	-0.51	0.82
expressed	-0.51	0.97
15	-0.51	0.96
does	-0.51	1.89
attitude	-0.51	0.88
ovulated	-0.51	1.00
want	-0.51	1.92
worth	-0.51	1.51
lock	-0.51	0.68
which	-0.51	1.51
induce	-0.51	1.23
self	-0.51	1.07
else	-0.50	1.84
pill	-0.50	0.84
nap	-0.50	1.06
careful	-0.50	1.49
fine	-0.50	2.29
ruin	-0.50	0.90
bus	-0.50	0.78
last	-0.50	1.00
expect	-0.50	1.85
could	-0.50	1.87
typically	-0.50	1.07
suddenly	-0.50	0.99
threatened	-0.50	0.91
rates	-0.50	0.86
remember	-0.50	1.75
decline	-0.50	1.04
calcium	-0.50	0.79
apart	-0.50	0.93
stretches	-0.50	0.79
folic	-0.50	0.80
wo	-0.50	1.89
miles	-0.50	0.85
trauma	-0.49	0.98
ignore	-0.49	1.07
allowed	-0.49	1.52
force	-0.49	1.21
perform	-0.49	1.06
noon	-0.49	0.88
depending	-0.49	0.99
impending	-0.49	1.10
earth	-0.49	1.48
figured	-0.49	1.70
6-7	-0.49	0.93
insides	-0.49	0.85
pulled	-0.49	0.84
frustrating	-0.49	1.16
6-8	-0.49	0.93
manage	-0.49	1.09
medications	-0.49	0.92
distress	-0.49	0.85
already	-0.49	1.44
obligated	-0.49	1.46
yesterday	-0.49	1.14
therapy	-0.49	0.85
5-6	-0.49	0.92
refuses	-0.49	1.16
castor	-0.49	1.12
procedures	-0.49	1.03
intensity	-0.49	0.86
these	-0.49	0.89
5	-0.49	0.94
7	-0.49	0.97
8	-0.49	0.97
6	-0.49	0.95
improved	-0.49	0.85
doing	-0.49	2.25
waste	-0.49	0.86
10	-0.49	0.94
coke	-0.49	0.77
drawn	-0.49	0.82
slower	-0.48	0.97
skipped	-0.48	0.87
4-5	-0.48	0.91
11	-0.48	0.99
intake	-0.48	0.79
12	-0.48	0.99
slowed	-0.48	0.89
why	-0.48	1.89
invasive	-0.48	0.87
avoiding	-0.48	0.74
pap	-0.48	0.85
tear	-0.48	0.93
letting	-0.48	1.38
pleased	-0.48	1.76
heavier	-0.48	0.92
shock	-0.48	1.35
particular	-0.48	0.98
gradually	-0.48	0.97
syrup	-0.48	0.82
13	-0.48	1.01
previa	-0.48	0.82
broken	-0.48	0.78
14	-0.48	1.01
fasting	-0.48	0.83
killed	-0.48	0.93
swore	-0.48	0.94
anesthesia	-0.48	0.86
genuinely	-0.48	1.31
0	-0.48	1.09
9	-0.48	0.97
generic	-0.48	0.72
16	-0.48	1.03
18	-0.48	1.04
pisses	-0.48	1.00
messed	-0.48	1.06
20	-0.48	1.02
orange	-0.48	0.93
3.5	-0.48	0.95
2-3	-0.48	0.91
4.5	-0.47	0.95
alcohol	-0.47	0.82
takes	-0.47	0.99
hook	-0.47	0.79
ten	-0.47	0.91
initially	-0.47	1.11
17	-0.47	1.06
21	-0.47	1.06
personally	-0.47	1.75
19	-0.47	1.07
ectopic	-0.47	0.95
unisom	-0.47	0.80
nine	-0.47	0.91
dairy	-0.47	0.68
41	-0.47	1.09
2.5	-0.47	0.91
truck	-0.47	0.80
leaving	-0.47	1.18
anyone	-0.47	1.48
4-6	-0.47	0.91
27	-0.47	1.17
shy	-0.47	1.10
3-4	-0.47	0.90
five	-0.47	0.90
obvious	-0.47	0.96
22	-0.47	1.07
legit	-0.47	0.94
4	-0.47	0.92
eight	-0.47	0.90
change	-0.47	1.16
absolute	-0.47	1.57
iced	-0.47	0.75
membranes	-0.47	0.98
release	-0.46	0.78
necessity	-0.46	1.14
only	-0.46	1.28
23	-0.46	1.07
few	-0.46	0.90
couple	-0.46	0.90
knee	-0.46	0.82
four	-0.46	0.90
pass	-0.46	1.15
miscarriage	-0.46	0.99
kidneys	-0.46	0.85
six	-0.46	0.92
3	-0.46	0.91
recovering	-0.46	0.96
upon	-0.46	0.89
moderation	-0.46	0.86
2	-0.46	0.91
29	-0.46	1.17
uterine	-0.46	0.97
larger	-0.46	0.85
31	-0.46	1.17
ale	-0.46	0.78
zero	-0.46	0.92
fire	-0.46	0.77
ideal	-0.46	1.38
eaten	-0.46	0.71
colostrum	-0.45	0.85
almost	-0.45	1.20
33	-0.45	1.16
relate	-0.45	1.08
challenge	-0.45	0.83
days	-0.45	1.06
seven	-0.45	0.93
urine	-0.45	0.82
detergent	-0.45	0.78
muscles	-0.45	0.88
later	-0.45	1.08
result	-0.45	0.90
past	-0.45	1.09
giant	-0.45	0.83
hour	-0.45	0.87
drinks	-0.45	0.80
26	-0.45	1.08
1.5	-0.45	0.92
complete	-0.45	0.95
odds	-0.45	1.03
effect	-0.45	0.97
40	-0.44	1.04
motivation	-0.44	0.78
quicker	-0.44	0.97
ve	-0.44	1.17
drinking	-0.44	0.80
negativity	-0.44	0.99
reason	-0.44	1.74
tolerance	-0.44	0.82
cycles	-0.44	0.91
boob	-0.44	0.84
sight	-0.44	1.33
difference	-0.44	1.15
grief	-0.44	1.12
25	-0.44	1.07
needless	-0.44	1.36
nasal	-0.44	0.79
assumption	-0.44	1.28
ever	-0.44	1.75
rational	-0.44	1.13
react	-0.44	1.15
shakes	-0.44	0.82
challenging	-0.43	0.93
rate	-0.43	0.81
35	-0.43	1.08
mint	-0.43	0.79
noticed	-0.43	1.07
pp	-0.43	0.94
proceeded	-0.43	1.03
problem	-0.43	1.40
occasions	-0.43	0.90
argue	-0.43	1.43
several	-0.43	0.86
involve	-0.43	0.84
1	-0.43	0.85
crack	-0.43	0.93
hours	-0.43	0.93
remembering	-0.43	0.98
28	-0.43	1.09
aspect	-0.43	0.87
vitamins	-0.43	0.79
unfortunately	-0.43	1.41
fertility	-0.43	0.91
ca	-0.43	1.71
surprising	-0.43	1.16
seem	-0.43	1.58
expense	-0.42	0.98
apologized	-0.42	1.06
24	-0.42	1.06
draw	-0.42	0.85
recognize	-0.42	0.95
procedure	-0.42	0.96
tbh	-0.42	0.94
offices	-0.42	0.87
surgery	-0.42	0.87
irritating	-0.42	1.19
32	-0.42	1.09
blow	-0.42	0.87
fears	-0.42	1.06
dropped	-0.42	0.87
lactose	-0.42	0.90
impressed	-0.42	1.82
level	-0.42	0.80
predict	-0.42	1.45
sweep	-0.42	1.02
various	-0.42	0.85
start	-0.42	1.13
telling	-0.42	1.54
dose	-0.42	0.78
wheat	-0.41	0.73
before	-0.41	1.28
hrs	-0.41	0.90
hits	-0.41	0.93
cyst	-0.41	0.92
kinds	-0.41	0.86
bend	-0.41	1.03
induced	-0.41	1.00
find	-0.41	1.74
convince	-0.41	1.44
39	-0.41	1.07
vacation	-0.41	1.00
disposable	-0.41	0.76
hard	-0.41	1.05
crash	-0.41	0.81
cereal	-0.41	0.71
acted	-0.41	0.91
currently	-0.41	1.21
blood	-0.41	0.83
three	-0.41	0.88
forgetting	-0.41	1.39
prescribe	-0.41	0.95
different	-0.40	0.85
infertility	-0.40	0.97
toss	-0.40	0.79
able	-0.40	1.61
repeatedly	-0.40	0.94
realizing	-0.40	0.85
ginger	-0.40	0.77
done	-0.40	1.39
trying	-0.40	1.55
needed	-0.40	1.31
sorts	-0.40	0.87
practices	-0.40	0.86
figuring	-0.40	1.09
talking	-0.40	1.44
effing	-0.40	1.59
somehow	-0.40	1.30
combo	-0.40	0.68
stitches	-0.40	0.96
runs	-0.40	0.75
whatever	-0.40	1.88
unplanned	-0.40	0.99
trained	-0.40	0.78
exam	-0.40	0.87
pops	-0.40	0.83
cheating	-0.40	0.96
guard	-0.40	1.16
wonder	-0.40	1.79
actions	-0.39	0.96
34	-0.39	1.16
consent	-0.39	1.21
clean	-0.39	0.83
marks	-0.39	0.84
curiosity	-0.39	0.96
probably	-0.39	2.01
punching	-0.39	0.87
bam	-0.39	0.93
dump	-0.39	0.83
however	-0.39	1.95
should	-0.39	1.91
sucking	-0.39	0.82
act	-0.39	0.92
shift	-0.39	0.89
decaf	-0.39	0.76
feedings	-0.39	0.78
assured	-0.39	1.41
accommodate	-0.39	0.85
etc	-0.39	0.75
improve	-0.39	0.93
primary	-0.39	0.86
fall	-0.39	0.85
varies	-0.39	0.84
see	-0.39	1.78
ate	-0.39	0.75
bathroom	-0.38	0.84
nut	-0.38	0.71
forever	-0.38	1.75
diclegis	-0.38	0.82
brush	-0.38	0.85
away	-0.38	1.00
instantly	-0.38	1.12
started	-0.38	1.09
stretched	-0.38	0.92
fight	-0.38	1.04
them	-0.38	1.81
small	-0.38	0.86
lie	-0.38	1.60
nowhere	-0.38	0.98
shown	-0.38	0.98
released	-0.38	0.97
term	-0.38	0.97
interventions	-0.38	1.03
easiest	-0.37	1.71
regrets	-0.37	0.98
37	-0.37	1.08
tissue	-0.37	0.85
total	-0.37	0.89
handling	-0.37	0.85
produce	-0.37	0.82
might	-0.37	1.95
towards	-0.37	0.87
honestly	-0.37	1.79
lied	-0.37	0.96
wondering	-0.37	1.67
ago	-0.37	1.08
cervical	-0.37	0.95
empty	-0.37	0.78
since	-0.37	1.24
horribly	-0.37	1.17
valid	-0.37	1.13
genetics	-0.37	0.82
report	-0.37	0.97
tend	-0.37	1.00
thankfully	-0.37	1.19
shifts	-0.37	0.90
cps	-0.37	1.04
tube	-0.37	0.81
parenthood	-0.37	0.87
mg	-0.37	0.78
dependent	-0.37	0.90
hint	-0.37	0.98
take	-0.37	0.81
chunk	-0.36	0.93
mc	-0.36	1.09
kick	-0.36	0.90
mile	-0.36	0.84
anybody	-0.36	1.31
full	-0.36	0.86
sides	-0.36	0.78
pushes	-0.36	0.81
ovulation	-0.36	0.91
shorter	-0.36	0.90
taking	-0.36	0.75
realise	-0.36	1.27
furious	-0.36	1.36
fair	-0.36	1.39
load	-0.36	0.79
actually	-0.36	1.78
phase	-0.36	0.84
supply	-0.36	0.81
offense	-0.36	1.15
push	-0.36	0.94
greater	-0.35	0.81
enough	-0.35	1.70
numbers	-0.35	0.83
roughly	-0.35	0.96
spent	-0.35	0.95
where	-0.35	1.73
therefore	-0.35	0.96
sex	-0.35	0.93
comfortably	-0.35	1.12
kicked	-0.35	0.89
whatsoever	-0.35	0.97
filter	-0.35	0.95
shove	-0.35	0.94
knows	-0.35	1.43
puberty	-0.35	0.87
slide	-0.35	0.85
benadryl	-0.35	0.74
refusing	-0.35	1.18
areas	-0.35	0.75
depends	-0.35	1.35
around	-0.35	1.09
below	-0.35	0.87
altogether	-0.35	0.93
rich	-0.35	0.76
alarm	-0.35	0.83
wind	-0.35	0.72
lost	-0.34	1.01
final	-0.34	0.83
protected	-0.34	0.93
connected	-0.34	1.45
breathe	-0.34	1.04
whilst	-0.34	0.83
1/2	-0.34	0.86
infant	-0.34	0.61
38	-0.34	1.08
feet	-0.34	0.85
needing	-0.34	1.13
rolled	-0.34	0.84
behind	-0.34	0.97
epidural	-0.34	0.83
bunch	-0.34	0.86
ran	-0.34	0.95
afternoon	-0.34	0.89
glass	-0.34	0.79
pulling	-0.34	0.89
greatest	-0.34	1.79
failing	-0.33	0.95
demanding	-0.33	0.88
dozen	-0.33	0.81
earlier	-0.33	1.13
rare	-0.33	0.82
maybe	-0.33	1.98
thursday	-0.33	0.99
naps	-0.33	1.05
happened	-0.33	1.42
walked	-0.33	1.07
versus	-0.33	0.75
shelter	-0.33	0.70
between	-0.33	0.82
let	-0.33	1.70
wks	-0.33	1.15
timeline	-0.33	0.90
flat	-0.33	0.83
finding	-0.33	1.19
vitamin	-0.33	0.79
identify	-0.33	1.05
consequences	-0.33	0.88
bound	-0.33	1.10
likes	-0.33	1.76
million	-0.32	0.84
pre	-0.32	0.89
fact	-0.32	1.77
prego	-0.32	0.93
coffee	-0.32	0.78
were	-0.32	1.25
ish	-0.32	1.01
brief	-0.32	0.90
dishes	-0.32	0.80
tempted	-0.32	1.48
gaining	-0.32	0.94
insist	-0.32	0.89
while	-0.32	1.10
prescription	-0.32	0.79
equal	-0.32	1.03
lemon	-0.32	0.78
per	-0.32	0.91
laundry	-0.32	0.81
go	-0.32	1.79
consistently	-0.32	0.88
sexual	-0.32	0.88
acts	-0.32	0.84
giving	-0.31	1.16
across	-0.31	0.88
forced	-0.31	1.19
complained	-0.31	1.05
nesting	-0.31	0.86
whenever	-0.31	1.26
need	-0.31	1.77
transition	-0.31	0.87
strollers	-0.31	0.62
better	-0.31	1.17
nobody	-0.31	1.34
touched	-0.31	0.93
weekly	-0.31	0.85
clue	-0.31	1.53
deli	-0.31	0.73
lose	-0.31	1.10
fell	-0.31	0.91
suggest	-0.31	1.15
wonders	-0.31	0.78
80	-0.31	1.02
compare	-0.31	0.99
50	-0.31	1.02
waited	-0.31	1.09
side	-0.31	0.86
temperature	-0.31	0.82
36	-0.31	1.08
nst	-0.31	0.88
popping	-0.31	0.89
mouth	-0.31	0.94
effort	-0.31	1.05
hundreds	-0.30	0.85
c-sections	-0.30	1.02
everytime	-0.30	0.99
decade	-0.30	0.95
after	-0.30	1.04
following	-0.30	0.85
legally	-0.30	1.21
partially	-0.30	0.89
drugs	-0.30	0.83
dried	-0.30	0.71
above	-0.30	0.89
flew	-0.30	0.83
using	-0.30	0.73
run	-0.30	0.94
benefits	-0.30	1.03
willing	-0.30	1.55
try	-0.30	1.65
always	-0.30	1.78
walk	-0.30	0.92
realistic	-0.30	0.87
beef	-0.30	0.72
content	-0.30	0.97
squats	-0.30	0.99
early	-0.30	0.96
melt	-0.29	1.09
think	-0.29	1.97
vary	-0.29	0.94
panties	-0.29	0.76
wednesday	-0.29	1.02
disappointing	-0.29	1.20
1cm	-0.29	1.02
discovered	-0.29	0.85
prefer	-0.29	1.47
forget	-0.29	1.61
call	-0.29	1.33
lawyer	-0.29	1.10
till	-0.29	1.17
prenatal	-0.29	0.79
planet	-0.29	1.73
cervix	-0.29	0.91
balls	-0.29	1.02
pushy	-0.29	0.91
depend	-0.29	1.12
began	-0.29	1.01
cracked	-0.29	1.04
prescribed	-0.29	0.83
assuming	-0.29	1.79
meats	-0.29	0.72
jumped	-0.29	1.03
sunday	-0.28	0.92
become	-0.28	1.12
dig	-0.28	0.82
thousand	-0.28	0.85
bc	-0.28	1.22
order	-0.28	1.05
75	-0.28	1.01
promised	-0.28	1.07
checked	-0.28	0.97
designed	-0.28	0.87
3cm	-0.28	1.00
curious	-0.28	1.71
again	-0.28	1.81
refused	-0.28	1.09
wanted	-0.28	1.73
1st	-0.28	0.94
friday	-0.28	0.99
2cm	-0.28	1.01
skip	-0.28	0.87
prepare	-0.28	1.09
hesitate	-0.28	1.57
among	-0.28	0.81
60	-0.28	0.97
sleeping	-0.28	0.83
tore	-0.28	0.91
wasted	-0.28	1.08
epi	-0.28	0.83
reality	-0.28	0.99
4cm	-0.28	0.97
broke	-0.28	0.88
swab	-0.28	0.97
worries	-0.28	1.05
judge	-0.28	1.28
stick	-0.28	1.05
checks	-0.28	0.86
remotely	-0.27	1.18
stimulation	-0.27	0.86
blah	-0.27	1.22
san	-0.27	0.89
exist	-0.27	1.14
intervention	-0.27	1.01
3am	-0.27	0.92
custody	-0.27	1.15
rolling	-0.27	0.88
mesh	-0.27	0.75
required	-0.27	1.21
became	-0.27	1.08
pot	-0.27	0.76
move	-0.27	1.24
slice	-0.27	0.71
category	-0.27	0.87
road	-0.27	0.80
course	-0.27	1.85
replace	-0.27	0.78
honeymoon	-0.27	0.94
til	-0.27	1.08
fly	-0.27	0.99
some	-0.27	1.19
dilated	-0.27	1.00
effaced	-0.27	1.00
roll	-0.27	0.90
stash	-0.27	0.87
pounds	-0.26	0.96
explain	-0.26	1.41
fetal	-0.26	0.80
two	-0.26	0.87
saturday	-0.26	0.96
screwed	-0.26	1.37
majority	-0.26	0.85
peppermint	-0.26	0.76
boy	-0.26	1.59
healthier	-0.26	0.91
right	-0.26	1.83
ease	-0.26	0.96
desperately	-0.26	1.34
resolved	-0.26	0.88
legal	-0.26	1.09
refuse	-0.26	1.29
requested	-0.26	0.84
actively	-0.26	1.07
drop	-0.26	0.91
grain	-0.26	0.71
trick	-0.26	0.78
flipping	-0.26	0.91
surprise	-0.26	1.13
bringing	-0.26	1.16
d	-0.26	1.92
big	-0.26	0.94
loop	-0.26	0.97
breaks	-0.26	0.79
got	-0.26	1.30
incident	-0.26	0.92
schedule	-0.26	0.99
sink	-0.26	0.76
climb	-0.25	0.77
rolls	-0.25	0.73
mind	-0.25	1.80
require	-0.25	0.99
waters	-0.25	0.87
back	-0.25	1.03
bananas	-0.25	0.73
station	-0.25	0.86
addition	-0.25	0.84
failed	-0.25	0.88
interest	-0.25	0.90
closing	-0.25	0.93
medical	-0.25	1.20
monday	-0.25	1.02
many	-0.25	0.86
sooner	-0.25	1.41
under	-0.25	0.85
diapers	-0.25	0.70
postpartum	-0.25	0.94
immediately	-0.25	1.14
purse	-0.25	0.79
fart	-0.24	1.04
mildly	-0.24	1.16
protein	-0.24	0.74
trust	-0.24	1.35
latest	-0.24	0.92
admitted	-0.24	0.89
deny	-0.24	1.30
core	-0.24	0.93
rights	-0.24	1.09
considering	-0.24	1.05
tuesday	-0.24	1.02
number	-0.24	0.92
years	-0.24	0.99
has	-0.24	1.17
cm	-0.24	0.98
gained	-0.24	0.99
count	-0.24	1.04
consider	-0.24	1.28
bread	-0.24	0.72
slightly	-0.24	1.17
induction	-0.24	1.02
use	-0.24	0.59
ask	-0.24	1.51
wine	-0.24	0.80
granted	-0.24	0.99
car	-0.23	0.65
checkup	-0.23	1.03
knees	-0.23	0.80
dentist	-0.23	0.90
soap	-0.23	0.75
flight	-0.23	0.81
ll	-0.23	1.85
wait	-0.23	1.60
him	-0.23	1.58
most	-0.23	1.11
seen	-0.23	0.91
thumb	-0.23	0.79
none	-0.23	1.11
walking	-0.23	0.88
twins	-0.23	1.01
therapist	-0.23	0.91
forbid	-0.23	1.19
complaint	-0.23	0.93
pound	-0.23	0.95
didnt	-0.23	1.50
umbilical	-0.23	0.80
calling	-0.23	1.32
warn	-0.23	1.30
removed	-0.23	0.79
extent	-0.23	1.01
fruits	-0.23	0.69
70	-0.23	1.00
regarding	-0.23	0.80
oxygen	-0.23	0.84
raw	-0.23	0.72
wont	-0.22	1.62
routine	-0.22	0.88
squeeze	-0.22	0.87
ignoring	-0.22	1.07
boom	-0.22	0.89
cloth	-0.22	0.74
picky	-0.22	1.59
supposedly	-0.22	1.13
priority	-0.22	0.85
county	-0.22	0.87
thighs	-0.22	0.83
breaking	-0.22	1.02
file	-0.22	1.13
police	-0.22	0.98
though	-0.22	1.84
attempting	-0.22	1.05
tuna	-0.22	0.74
forgotten	-0.22	1.09
meal	-0.22	0.79
paternity	-0.21	1.12
awhile	-0.21	1.33
variety	-0.21	0.83
point	-0.21	1.86
people	-0.21	1.03
lean	-0.21	0.81
taco	-0.21	0.66
bike	-0.21	0.80
follow	-0.21	0.84
cider	-0.21	0.84
months	-0.21	1.01
until	-0.21	1.19
planning	-0.21	1.21
carb	-0.21	0.76
climbing	-0.21	0.76
stopping	-0.21	0.95
providers	-0.21	0.96
premature	-0.21	0.86
matters	-0.21	1.50
bending	-0.20	0.89
butt	-0.20	0.82
dryer	-0.20	0.80
system	-0.20	0.73
poorly	-0.20	1.13
someone	-0.20	1.44
reasoning	-0.20	1.45
rinse	-0.20	0.75
disposables	-0.20	0.76
demand	-0.20	1.03
fish	-0.20	0.76
steady	-0.20	0.83
nipple	-0.20	0.83
pop	-0.20	0.97
sticking	-0.20	0.83
foods	-0.20	0.69
crackers	-0.20	0.73
opposed	-0.20	0.81
points	-0.20	1.02
end	-0.20	1.03
terrifying	-0.20	1.09
then	-0.20	1.52
b6	-0.20	0.79
serving	-0.20	0.75
realized	-0.20	1.38
cooked	-0.20	0.73
lbs	-0.20	0.94
slept	-0.20	0.92
vet	-0.20	0.74
spurt	-0.20	0.88
alternate	-0.20	0.82
transverse	-0.20	0.85
snack	-0.19	0.70
mixed	-0.19	0.85
eat	-0.19	0.74
amnio	-0.19	0.89
cope	-0.19	1.09
allow	-0.19	1.29
adults	-0.19	0.89
junk	-0.19	0.79
smaller	-0.19	0.90
deeply	-0.19	1.06
pacifiers	-0.19	0.54
cord	-0.19	0.80
task	-0.19	0.82
eventually	-0.19	1.33
advise	-0.19	0.98
legs	-0.19	0.83
running	-0.19	1.01
things	-0.19	1.62
counts	-0.19	0.96
hundred	-0.19	0.87
meat	-0.19	0.71
west	-0.19	0.88
ugh	-0.18	1.42
i.e	-0.18	0.83
summer	-0.18	0.91
wanting	-0.18	1.39
managed	-0.18	1.24
determine	-0.18	1.15
types	-0.18	0.82
asking	-0.18	1.50
plane	-0.18	0.78
dilation	-0.18	0.97
teenager	-0.18	0.80
claim	-0.18	1.12
approved	-0.18	0.87
disabled	-0.18	0.91
pet	-0.18	0.76
filling	-0.18	0.77
pull	-0.18	0.88
decide	-0.18	1.61
said	-0.18	1.34
circumstances	-0.18	0.96
root	-0.18	0.90
judging	-0.18	1.16
re	-0.18	1.83
faster	-0.18	1.02
inductions	-0.18	1.08
style	-0.18	0.77
delay	-0.18	0.87
housework	-0.17	0.83
disagree	-0.17	1.15
cars	-0.17	0.72
laid	-0.17	0.93
cutting	-0.17	0.82
complex	-0.17	0.90
how	-0.17	1.72
potty	-0.17	0.75
posterior	-0.17	0.89
lightly	-0.17	0.77
strongly	-0.17	0.99
becomes	-0.17	1.11
humidifier	-0.17	0.74
simply	-0.17	1.56
consuming	-0.17	1.02
anyway	-0.17	1.93
hoped	-0.17	1.07
terribly	-0.17	1.20
almonds	-0.17	0.70
communicate	-0.17	1.03
preference	-0.17	1.13
becoming	-0.17	1.13
ounces	-0.17	0.95
work	-0.17	1.20
wherever	-0.17	1.23
95	-0.16	0.83
poking	-0.16	0.83
continued	-0.16	0.84
took	-0.16	0.90
thoroughly	-0.16	1.00
regardless	-0.16	1.27
convertible	-0.16	0.60
puts	-0.16	0.99
sat	-0.16	0.99
multiple	-0.16	0.84
steps	-0.16	0.80
afford	-0.16	1.09
declined	-0.16	0.95
extra	-0.16	0.91
scale	-0.16	0.91
financially	-0.16	0.92
weigh	-0.16	0.93
long	-0.16	0.93
b/c	-0.16	0.94
plain	-0.16	0.76
maternal	-0.16	0.81
doctor	-0.16	1.19
sized	-0.16	0.83
purpose	-0.16	1.00
wound	-0.16	0.92
stairs	-0.16	0.82
dna	-0.16	0.87
society	-0.15	0.74
slowly	-0.15	1.02
home	-0.15	1.22
grabbed	-0.15	1.05
limit	-0.15	0.81
pumped	-0.15	0.80
warning	-0.15	0.92
ect	-0.15	0.69
almond	-0.15	0.69
drops	-0.15	0.79
court	-0.15	1.09
flexible	-0.15	0.94
lb	-0.15	0.93
drip	-0.15	0.74
pumping	-0.15	0.80
stepped	-0.15	0.97
considered	-0.15	1.11
somewhere	-0.15	1.57
heard	-0.15	0.89
granola	-0.15	0.69
post-partum	-0.15	0.89
adjust	-0.15	0.98
evening	-0.15	0.86
dont	-0.15	1.50
today	-0.15	1.12
feed	-0.15	0.80
plenty	-0.14	0.86
town	-0.14	0.90
grapes	-0.14	0.69
straight	-0.14	0.96
cooking	-0.14	0.93
tracking	-0.14	0.88
diapering	-0.14	0.83
sections	-0.14	0.93
whether	-0.14	1.49
told	-0.14	1.27
chart	-0.14	1.03
fence	-0.14	1.39
tea	-0.14	0.78
90	-0.14	0.92
cleared	-0.14	0.99
oatmeal	-0.14	0.70
120	-0.14	0.91
inches	-0.14	0.97
handful	-0.14	0.73
week	-0.14	1.13
turkey	-0.14	0.72
stage	-0.14	0.89
counseling	-0.14	0.96
clock	-0.14	0.90
sample	-0.14	0.82
lying	-0.14	0.86
development	-0.14	0.81
allowing	-0.14	1.20
walks	-0.14	0.83
dishwasher	-0.13	0.77
particularly	-0.13	1.11
aisle	-0.13	0.83
laying	-0.13	0.88
heavily	-0.13	0.84
pushing	-0.13	0.87
reassure	-0.13	1.33
liners	-0.13	0.73
screening	-0.13	0.89
doc	-0.13	1.17
10lbs	-0.13	0.96
effective	-0.13	0.83
ride	-0.13	0.77
kitchen	-0.13	0.78
fully	-0.13	1.08
argument	-0.13	1.24
cries	-0.13	1.32
record	-0.13	0.88
fruit	-0.13	0.68
cuts	-0.13	0.77
hide	-0.13	0.93
towels	-0.12	0.73
150	-0.12	0.90
standing	-0.12	0.88
ends	-0.12	1.00
48	-0.12	0.94
stroller	-0.12	0.64
lifting	-0.12	1.02
tubes	-0.12	0.87
ttc	-0.12	0.96
street	-0.12	0.82
imagined	-0.12	0.89
bottle	-0.12	0.73
closest	-0.12	0.76
straps	-0.12	0.79
proof	-0.12	1.40
provider	-0.12	1.03
dollars	-0.12	0.93
talk	-0.12	1.26
portion	-0.12	0.74
unpaid	-0.12	0.91
rule	-0.12	0.89
conception	-0.12	0.88
asked	-0.12	1.35
formula	-0.11	0.77
tad	-0.11	1.16
escape	-0.11	0.89
spoke	-0.11	1.08
referral	-0.11	1.09
opportunity	-0.11	1.21
episodes	-0.11	0.72
hr	-0.11	0.95
practitioner	-0.11	0.99
fade	-0.11	0.97
cheaper	-0.11	0.85
csection	-0.11	0.96
questioning	-0.11	1.31
request	-0.11	0.95
talked	-0.11	1.21
parking	-0.11	0.80
requires	-0.11	0.92
shocking	-0.11	1.07
seemed	-0.11	1.26
far	-0.11	1.33
shut	-0.11	1.05
raspberry	-0.11	0.81
apparently	-0.11	1.41
visits	-0.11	0.88
accept	-0.11	1.18
starbucks	-0.11	0.76
cup	-0.10	0.80
testing	-0.10	0.89
split	-0.10	0.96
yogurt	-0.10	0.69
life	-0.10	1.02
breast	-0.10	0.80
nursed	-0.10	0.80
latch	-0.10	0.84
cups	-0.10	0.81
express	-0.10	1.03
east	-0.10	0.88
kitten	-0.10	0.78
appointments	-0.10	0.91
ob/gyn	-0.10	0.97
charges	-0.10	0.94
country	-0.10	0.87
asap	-0.10	1.41
oven	-0.10	0.72
chain	-0.10	0.78
worked	-0.10	1.23
eggs	-0.10	0.70
passed	-0.10	0.81
advised	-0.10	1.13
important	-0.10	1.01
neither	-0.10	1.00
std	-0.10	0.90
minimum	-0.10	0.94
intend	-0.10	1.31
140	-0.10	0.89
salary	-0.10	0.93
1000	-0.09	0.85
advance	-0.09	1.00
trail	-0.09	0.71
falls	-0.09	0.88
body	-0.09	1.01
shit	-0.09	1.18
leaf	-0.09	0.82
ability	-0.09	1.07
bfp	-0.09	0.99
popped	-0.09	0.93
receiving	-0.09	0.60
vinegar	-0.09	0.83
counselor	-0.09	0.99
action	-0.09	0.84
current	-0.09	0.87
lives	-0.09	0.83
weight	-0.09	0.97
range	-0.09	0.89
carbs	-0.09	0.72
exclusively	-0.09	0.84
milk	-0.09	0.78
ton	-0.09	0.90
greatly	-0.09	0.90
dogs	-0.09	0.75
workers	-0.09	0.93
pointed	-0.09	1.37
putting	-0.09	1.06
sugary	-0.09	0.84
beyond	-0.09	1.11
water	-0.09	0.83
breastmilk	-0.09	0.85
emergency	-0.08	1.02
contribute	-0.08	0.86
accepted	-0.08	0.92
hands	-0.08	0.82
bucks	-0.08	0.92
elective	-0.08	1.05
eligible	-0.08	0.92
flying	-0.08	0.83
freezing	-0.08	0.83
googled	-0.08	0.95
license	-0.08	0.90
spot	-0.08	0.91
sessions	-0.08	0.83
beer	-0.08	0.79
dr	-0.08	1.04
engaged	-0.08	1.02
opened	-0.08	0.85
office	-0.08	1.05
appt	-0.08	1.01
100	-0.08	0.90
hiding	-0.08	1.01
somebody	-0.08	1.09
opposite	-0.08	1.17
medicine	-0.08	0.83
gold	-0.08	0.74
stitch	-0.08	0.82
gp	-0.08	0.99
plan	-0.08	1.18
average	-0.08	0.92
panty	-0.08	0.76
200	-0.08	0.87
coast	-0.08	0.87
floor	-0.08	0.80
lift	-0.08	0.94
employees	-0.08	0.91
finally	-0.08	1.25
sushi	-0.07	0.75
plus	-0.07	1.15
carefully	-0.07	0.94
promise	-0.07	1.74
head	-0.07	0.81
feelings	-0.07	1.11
traumatic	-0.07	0.99
flipped	-0.07	0.87
protective	-0.07	1.13
breakfast	-0.07	0.70
visited	-0.07	0.77
pineapple	-0.07	0.79
neighbors	-0.07	0.75
acknowledge	-0.07	0.97
bmi	-0.07	0.90
drs	-0.07	0.98
wouldnt	-0.07	1.43
episiotomy	-0.07	0.92
met	-0.07	0.96
finances	-0.07	0.91
working	-0.07	1.24
300	-0.07	0.89
recall	-0.07	0.88
bowl	-0.07	0.72
borrow	-0.07	0.92
north	-0.07	0.88
ob	-0.07	1.02
chores	-0.07	0.82
scheduled	-0.07	1.00
shortly	-0.06	1.07
anytime	-0.06	1.27
seats	-0.06	0.70
disability	-0.06	0.92
next	-0.06	1.21
weighing	-0.06	0.93
save	-0.06	1.00
c-section	-0.06	0.97
dog	-0.06	0.75
listed	-0.06	0.78
bottles	-0.06	0.68
microwave	-0.06	0.78
grew	-0.06	0.87
button	-0.06	0.80
counter	-0.06	0.81
bring	-0.06	1.24
bras	-0.06	0.79
building	-0.06	0.83
job	-0.06	0.96
help	-0.06	1.28
bell	-0.06	0.64
unborn	-0.06	0.86
mini	-0.06	0.76
fmla	-0.06	0.92
400	-0.06	0.84
late	-0.06	0.94
band	-0.06	0.77
form	-0.06	0.81
down	-0.06	0.95
fuck	-0.06	1.21
snacks	-0.06	0.73
starts	-0.06	1.03
wide	-0.05	0.81
sitting	-0.05	0.86
obgyn	-0.05	0.99
choice	-0.05	1.32
washing	-0.05	0.81
whose	-0.05	0.81
warned	-0.05	1.14
helped	-0.05	0.93
500	-0.05	0.87
fed	-0.05	0.78
cost	-0.05	0.93
worker	-0.05	0.94
household	-0.05	0.83
fit	-0.05	0.84
once	-0.05	1.29
delayed	-0.05	0.84
policies	-0.05	0.90
front	-0.05	0.81
napping	-0.05	1.03
leave	-0.05	0.91
common	-0.05	0.95
lunch	-0.05	0.70
bag	-0.05	0.73
contact	-0.05	1.10
scar	-0.05	0.90
errands	-0.05	0.81
joking	-0.05	1.22
lanolin	-0.05	0.76
joy	-0.05	1.11
south	-0.04	0.88
size	-0.04	0.79
visit	-0.04	1.04
fold	-0.04	0.77
spicy	-0.04	0.73
outcomes	-0.04	0.88
breastfeed	-0.04	0.84
guess	-0.04	2.15
bands	-0.04	0.76
checking	-0.04	1.02
joke	-0.04	1.12
locked	-0.04	0.85
scheduling	-0.04	1.00
yourself	-0.04	1.37
doctors	-0.04	0.96
shake	-0.04	1.00
candy	-0.04	0.74
neck	-0.04	0.75
single	-0.04	0.91
asks	-0.04	1.33
nutrients	-0.04	0.86
nurse	-0.04	1.01
choose	-0.04	1.22
department	-0.04	0.95
tacky	-0.04	0.98
recommended	-0.04	1.02
250	-0.04	0.88
income	-0.04	0.90
differences	-0.04	0.91
correlation	-0.04	1.13
paid	-0.04	0.90
epidurals	-0.04	0.87
covers	-0.04	0.73
appointment	-0.04	1.00
lab	-0.04	0.89
ultimately	-0.04	1.20
press	-0.04	0.81
environment	-0.03	0.83
vegetables	-0.03	0.68
scratch	-0.03	0.86
consult	-0.03	1.11
decision	-0.03	1.29
city	-0.03	0.87
pays	-0.03	0.91
parental	-0.03	0.95
logic	-0.03	1.35
smoothies	-0.03	0.69
stayed	-0.03	0.85
costs	-0.03	0.94
month	-0.03	1.12
pediatrician	-0.03	0.96
divorce	-0.03	1.00
burp	-0.03	0.61
fix	-0.03	1.08
essentially	-0.03	0.83
weighed	-0.03	0.92
docs	-0.03	0.95
feeding	-0.03	0.79
fetus	-0.03	0.88
power	-0.03	0.86
bars	-0.03	0.70
expenses	-0.02	0.91
beating	-0.02	0.98
supervisor	-0.02	1.00
responsibility	-0.02	0.92
themselves	-0.02	1.05
boost	-0.02	0.76
apt	-0.02	0.96
benefit	-0.02	0.98
joked	-0.02	1.05
reach	-0.02	0.99
lighter	-0.02	0.91
hell	-0.02	1.31
check	-0.02	1.00
traveling	-0.02	0.82
safe	-0.02	1.27
dish	-0.02	0.72
busy	-0.02	1.19
cleaning	-0.02	0.80
carrying	-0.02	0.87
fits	-0.02	0.90
underneath	-0.02	0.61
normal	-0.02	1.05
abnormal	-0.02	0.85
contain	-0.02	0.74
overweight	-0.02	0.91
showing	-0.02	1.02
blowing	-0.02	0.84
sizes	-0.02	0.77
live	-0.02	0.94
employer	-0.02	0.91
veggies	-0.02	0.68
pay	-0.01	0.91
includes	-0.01	0.82
vs	-0.01	0.83
firmly	-0.01	0.94
sit	-0.01	0.96
forth	-0.01	0.80
equally	-0.01	1.17
plate	-0.01	0.70
pocket	-0.01	0.85
methods	-0.01	1.10
strangers	-0.01	0.91
dilate	-0.01	0.93
tested	-0.01	0.89
solution	-0.01	0.94
applied	-0.01	0.86
bed	-0.01	0.79
whereas	-0.01	0.79
obs	-0.01	0.92
additional	-0.01	0.92
qualified	-0.01	0.93
lived	-0.01	0.88
state	-0.01	0.89
pets	-0.01	0.70
explained	-0.01	1.22
specialist	-0.01	0.98
cloths	-0.01	0.60
died	-0.01	0.84
mention	-0.01	1.46
trip	-0.01	0.83
coverage	-0.01	0.90
owe	-0.01	0.94
spray	-0.01	0.71
inch	-0.01	0.82
bloodwork	-0.01	0.88
paperwork	-0.01	0.92
egg	-0.00	0.73
smoothie	-0.00	0.71
aid	-0.00	0.80
stands	-0.00	0.74
mentioning	-0.00	1.33
relationship	-0.00	0.83
medicaid	-0.00	0.92
somewhat	-0.00	1.18
growing	-0.00	0.89
company	-0.00	0.94
nursing	-0.00	0.74
hall	-0.00	0.83
med	-0.00	0.83
options	-0.00	1.09
paying	-0.00	0.91
spaghetti	-0.00	0.80
covered	-0.00	0.86
off	0.00	1.11
budget	0.00	0.91
remind	0.00	1.23
throws	0.00	0.83
money	0.00	0.94
eff	0.00	1.17
luckily	0.00	1.15
texting	0.00	1.13
determined	0.00	1.18
policy	0.00	0.95
perhaps	0.00	1.44
bagel	0.00	0.66
put	0.00	0.80
suggested	0.00	1.04
apples	0.00	0.69
booked	0.00	0.92
groceries	0.01	0.81
lotion	0.01	0.73
near	0.01	0.97
oz	0.01	0.90
ones	0.01	0.92
upcoming	0.01	0.86
outside	0.01	0.79
shoulders	0.01	0.80
sandwich	0.01	0.70
seek	0.01	0.94
business	0.01	1.19
tie	0.01	0.75
glasses	0.01	0.81
tearing	0.01	0.93
peanut	0.01	0.69
wears	0.01	0.79
cocoa	0.01	0.76
bags	0.01	0.72
mass	0.01	0.85
bouncing	0.01	0.84
skin	0.01	0.84
pregnancies	0.01	0.92
touch	0.01	1.22
agreement	0.01	0.95
california	0.01	0.84
expectations	0.01	0.88
contract	0.01	0.88
steak	0.01	0.72
also	0.01	1.85
population	0.01	0.82
newborns	0.01	0.84
pharmacy	0.01	0.78
settle	0.01	1.21
definitely	0.01	1.83
sleeper	0.02	0.78
pillow	0.02	0.69
retail	0.02	0.95
pads	0.02	0.72
intended	0.02	1.10
length	0.02	0.82
quite	0.02	1.32
calories	0.02	0.82
habits	0.02	0.82
dinner	0.02	0.72
choices	0.02	1.14
ass	0.02	1.05
suggesting	0.02	1.07
tomorrow	0.02	1.11
orders	0.02	0.87
trend	0.02	0.74
cook	0.02	0.75
payment	0.02	0.91
abortion	0.02	1.09
yoga	0.02	0.99
shoes	0.02	0.80
standards	0.02	0.84
door	0.02	0.80
container	0.02	0.73
medium	0.02	0.80
food	0.02	0.72
tasks	0.02	0.87
vag	0.03	0.92
monthly	0.03	0.90
nuchal	0.03	0.90
adjusted	0.03	0.83
savings	0.03	0.89
employee	0.03	0.93
gave	0.03	0.96
saving	0.03	0.81
pre-pregnancy	0.03	0.90
coconut	0.03	0.72
ground	0.03	0.79
spinning	0.03	0.99
pillows	0.03	0.69
butter	0.03	0.72
degree	0.03	0.83
bottom	0.03	0.76
desire	0.03	0.96
stole	0.03	0.90
vanilla	0.03	0.72
taxes	0.03	0.91
leftovers	0.03	0.77
extremely	0.03	1.16
bra	0.03	0.78
old	0.03	0.96
daycare	0.03	0.99
edge	0.03	0.82
pace	0.03	0.91
ingredients	0.03	0.69
guessed	0.03	1.51
blankets	0.03	0.57
fridge	0.03	0.74
qualify	0.03	0.90
jesus	0.03	1.02
deductible	0.03	0.87
8lbs	0.04	0.93
powder	0.04	0.72
ball	0.04	0.79
paycheck	0.04	0.89
oil	0.04	0.78
tax	0.04	0.90
opt	0.04	0.98
relationships	0.04	0.83
position	0.04	0.88
hence	0.04	1.00
initial	0.04	0.92
whatnot	0.04	0.88
repeat	0.04	0.94
terminate	0.04	1.06
pros	0.04	0.98
closed	0.04	0.86
replacement	0.04	0.80
reaction	0.04	0.97
wash	0.04	0.76
regards	0.04	0.91
grows	0.04	0.83
seat	0.04	0.62
dry	0.04	0.94
highly	0.04	0.99
section	0.04	0.95
judgment	0.04	1.05
come	0.04	1.53
trial	0.04	0.78
property	0.04	0.79
base	0.04	0.83
insurance	0.04	0.85
apply	0.04	0.89
tries	0.04	1.24
visible	0.04	0.94
couch	0.04	0.81
minds	0.04	0.97
concept	0.04	0.83
changed	0.05	0.90
midwife	0.05	0.99
recommends	0.05	0.98
progress	0.05	0.95
<URL>	0.05	0.79
<SPECIAL>	0.05	0.79
arrived	0.05	0.95
everybody	0.05	1.20
states	0.05	0.99
america	0.05	0.79
spots	0.05	0.84
sends	0.05	0.80
sometime	0.05	1.01
gut	0.05	1.05
appear	0.05	0.96
shape	0.05	0.87
applies	0.05	0.95
quitting	0.05	0.84
snap	0.05	0.76
neighborhood	0.05	0.77
adopt	0.05	0.85
carrots	0.05	0.69
exercises	0.05	0.95
dates	0.05	1.00
salad	0.05	0.68
cheese	0.05	0.69
debt	0.05	0.89
transferred	0.05	0.87
theirs	0.06	1.05
metal	0.06	0.79
styles	0.06	0.74
solid	0.06	0.90
care	0.06	0.88
pump	0.06	0.77
cut	0.06	0.86
break	0.06	1.09
turns	0.06	1.46
pm	0.06	1.00
sac	0.06	0.87
public	0.06	0.78
teen	0.06	0.73
happiness	0.06	1.04
created	0.06	0.90
approach	0.06	1.01
preferred	0.06	0.81
service	0.06	0.90
everyone	0.06	1.32
interact	0.06	0.88
picking	0.06	1.06
bond	0.06	0.89
another	0.06	1.38
went	0.07	1.09
bounce	0.07	0.93
moved	0.07	0.88
patients	0.07	0.93
from	0.07	1.04
race	0.07	0.77
bills	0.07	0.89
breastfed	0.07	0.80
snow	0.07	0.85
non	0.07	0.83
carseat	0.07	0.60
compared	0.07	0.88
breastfeeding	0.07	0.81
pieces	0.07	0.86
refer	0.07	1.19
individual	0.07	0.90
based	0.07	0.98
claims	0.07	1.17
lay	0.07	0.92
havent	0.07	1.11
returned	0.07	0.86
brands	0.07	0.76
consultant	0.07	0.92
turning	0.07	0.91
manager	0.07	0.95
preparation	0.07	0.76
properly	0.07	1.28
actual	0.07	0.97
cats	0.07	0.78
safely	0.07	0.98
grab	0.07	0.83
follows	0.07	1.21
sea	0.07	0.83
olds	0.07	0.92
toast	0.07	0.69
interested	0.07	1.31
stinks	0.07	1.04
holes	0.07	0.75
childcare	0.08	0.94
bits	0.08	0.92
mall	0.08	0.79
nt	0.08	0.91
sizing	0.08	0.80
remembered	0.08	1.19
may	0.08	1.61
exercise	0.08	0.86
upside	0.08	0.95
consideration	0.08	1.14
gets	0.08	1.05
track	0.08	0.89
hydrated	0.08	0.92
nicu	0.08	0.85
bill	0.08	0.89
slap	0.08	0.95
occasion	0.08	0.79
europe	0.08	0.91
nurses	0.08	0.91
jobs	0.08	0.93
ok	0.08	2.04
sells	0.08	0.66
encourage	0.08	1.15
limited	0.08	0.95
realised	0.09	1.08
practice	0.09	0.88
itself	0.09	1.04
elastic	0.09	0.77
hole	0.09	0.80
hired	0.09	0.95
grown	0.09	0.83
labored	0.09	0.87
wic	0.09	0.88
into	0.09	1.12
hiring	0.09	0.95
bare	0.09	0.76
remove	0.09	0.79
sandwiches	0.09	0.70
facility	0.09	0.91
automatically	0.09	1.32
snoogle	0.09	0.65
limits	0.09	0.79
incision	0.09	0.89
weights	0.09	1.00
boots	0.09	0.79
pricey	0.09	1.18
government	0.09	0.88
restrictions	0.09	0.88
theres	0.09	1.34
watermelon	0.09	0.70
bodies	0.09	0.93
breech	0.09	0.91
opted	0.10	0.87
programs	0.10	0.89
raise	0.10	0.88
camp	0.10	0.95
layers	0.10	0.74
pitocin	0.10	0.82
foam	0.10	0.70
applying	0.10	0.86
gear	0.10	0.80
thought	0.10	1.53
explaining	0.10	1.22
fitting	0.10	0.79
professional	0.10	0.99
professionals	0.10	0.95
organize	0.10	0.77
deciding	0.10	1.09
brand	0.10	0.67
train	0.10	0.68
tl	0.10	1.03
healthcare	0.10	0.84
tried	0.11	0.96
offered	0.11	1.00
ahead	0.11	1.03
veggie	0.11	0.76
scratching	0.11	0.84
l	0.11	0.97
beneficial	0.11	0.82
clinic	0.11	0.92
distract	0.11	0.93
foot	0.11	0.77
new	0.11	0.81
evidence	0.11	1.31
moving	0.11	1.04
crochet	0.11	0.81
staring	0.11	1.05
suit	0.11	0.82
completely	0.11	1.23
employers	0.11	0.92
honest	0.11	1.24
doppler	0.11	0.81
pockets	0.11	0.84
customer	0.11	0.94
doors	0.11	0.78
progressed	0.11	0.93
discuss	0.11	1.18
married	0.12	0.96
continuing	0.12	0.94
leaning	0.12	0.86
correctly	0.12	2.16
diet	0.12	0.81
referred	0.12	1.07
facing	0.12	0.73
tons	0.12	0.85
please	0.12	1.42
jar	0.12	0.69
infants	0.12	0.82
warmer	0.12	0.59
dated	0.12	0.85
seems	0.12	1.24
travel	0.13	0.62
interview	0.13	0.89
thousands	0.13	0.78
kicking	0.13	0.87
choosing	0.13	1.11
process	0.13	0.88
continue	0.13	1.09
bat	0.13	1.07
cons	0.13	0.99
mask	0.13	0.77
include	0.13	0.81
companies	0.13	0.88
blast	0.13	0.87
farm	0.13	0.68
nanny	0.13	0.94
tends	0.13	1.02
recommend	0.13	0.84
identity	0.13	0.84
personal	0.13	1.12
area	0.13	0.90
australia	0.13	1.04
super	0.13	1.20
encouraged	0.13	1.11
trips	0.14	0.80
slip	0.14	0.80
cover	0.14	0.79
onto	0.14	0.86
workout	0.14	0.98
wipes	0.14	0.58
flip	0.14	0.86
whoever	0.14	1.17
expensive	0.14	0.84
vegetarian	0.14	0.76
bank	0.14	0.80
harmony	0.14	0.87
chest	0.14	0.70
allows	0.14	0.96
ship	0.14	0.92
meals	0.14	0.73
prep	0.14	0.77
backwards	0.15	0.79
planned	0.15	1.02
views	0.15	1.08
tricks	0.15	1.17
avocado	0.15	0.70
returning	0.15	0.97
shampoo	0.15	0.75
key	0.15	0.73
pile	0.15	0.79
packs	0.15	0.68
rent	0.15	0.84
spoon	0.15	0.68
stats	0.15	0.95
marriage	0.15	0.90
discharged	0.15	0.92
opinion	0.15	1.35
unwanted	0.15	0.90
value	0.15	0.95
c	0.15	0.93
inside	0.15	0.85
sausage	0.15	0.69
manual	0.15	0.79
cesarean	0.15	0.95
imagining	0.15	1.25
strips	0.15	0.72
science	0.15	1.21
memory	0.15	0.91
sour	0.15	0.80
cart	0.15	0.77
model	0.15	0.76
adoption	0.15	1.05
poke	0.16	0.84
hire	0.16	0.93
desk	0.16	0.86
frozen	0.16	0.69
customers	0.16	0.91
pointing	0.16	1.08
gives	0.16	0.85
bacon	0.16	0.70
essentials	0.16	0.71
norm	0.16	0.85
grocery	0.16	0.78
previous	0.16	0.88
entirely	0.16	1.18
surface	0.16	0.71
cents	0.16	0.93
hospitals	0.16	0.90
growth	0.16	0.86
decisions	0.16	1.12
discussing	0.16	1.17
anyways	0.16	1.72
positions	0.16	0.80
places	0.16	0.95
training	0.16	0.79
false	0.16	0.88
house	0.16	0.76
ordering	0.16	0.91
crawl	0.16	0.91
chicken	0.16	0.70
wand	0.16	0.84
fee	0.16	0.87
preggo	0.16	1.03
cancel	0.16	0.92
cherry	0.16	0.72
co-workers	0.16	0.87
slow	0.17	0.92
location	0.17	0.87
herself	0.17	0.92
ties	0.17	0.80
same	0.17	1.36
attempt	0.17	0.97
lifestyle	0.17	0.89
okay	0.17	2.02
product	0.17	0.80
spoiled	0.17	1.39
grow	0.17	0.96
called	0.17	1.13
covering	0.17	0.83
strange	0.17	1.10
sun	0.17	0.73
corn	0.17	0.71
market	0.17	0.84
mcdonalds	0.17	0.75
ages	0.17	0.82
gently	0.17	0.82
turn	0.17	1.12
friendship	0.17	0.97
chairs	0.17	0.67
parent	0.18	0.86
management	0.18	0.84
wings	0.18	0.68
permission	0.18	1.21
essential	0.18	0.80
vaginally	0.18	0.89
pasta	0.18	0.68
meant	0.18	2.23
culture	0.18	0.77
laws	0.18	0.88
place	0.18	1.06
burger	0.18	0.67
torso	0.18	0.85
burgers	0.18	0.71
damned	0.18	1.05
washed	0.19	0.75
pumps	0.19	0.78
age	0.19	0.79
adult	0.19	0.83
mindset	0.19	1.04
own	0.19	1.13
stuff	0.19	0.91
reliable	0.19	1.15
towel	0.19	0.67
pepper	0.19	0.69
pickles	0.19	0.71
midwives	0.19	0.90
crawling	0.19	0.79
embrace	0.19	0.86
leaves	0.19	0.81
crave	0.19	0.72
discussed	0.19	1.00
living	0.19	0.85
year	0.19	0.92
specifically	0.19	0.99
lactation	0.19	0.89
piece	0.19	0.75
records	0.19	0.92
safety	0.19	0.78
baking	0.19	0.70
slices	0.19	0.70
brought	0.19	0.90
excited	0.19	1.93
finds	0.19	1.15
child	0.19	0.94
im	0.19	1.39
equivalent	0.20	0.79
spending	0.20	0.90
mentioned	0.20	1.15
filled	0.20	0.72
divorced	0.20	0.86
gel	0.20	0.63
central	0.20	0.91
slack	0.20	0.87
underwear	0.20	0.75
quality	0.20	0.79
humans	0.20	0.82
rice	0.20	0.69
supplies	0.20	0.67
secure	0.20	0.88
recent	0.20	0.86
established	0.20	0.78
fill	0.20	0.78
pan	0.20	0.71
petite	0.20	0.85
price	0.20	0.73
turned	0.20	1.04
invest	0.20	0.77
mark	0.21	1.01
arms	0.21	0.80
ridiculously	0.21	1.18
overnight	0.21	0.83
waist	0.21	0.77
shopping	0.21	0.80
florida	0.21	0.83
brings	0.21	0.92
boss	0.21	0.93
packing	0.21	0.80
route	0.21	1.08
cant	0.21	1.48
option	0.21	1.27
handled	0.21	0.94
passes	0.21	0.96
boat	0.21	1.11
comments	0.21	0.94
sorta	0.21	1.09
panel	0.21	0.80
assistance	0.21	0.89
judgement	0.21	1.02
pairs	0.21	0.78
distance	0.21	0.88
future	0.21	0.85
yr	0.21	0.90
goals	0.22	0.86
influence	0.22	0.95
needs	0.22	1.03
meet	0.22	1.22
program	0.22	0.86
aka	0.22	0.89
magic	0.22	0.85
installed	0.22	0.82
guidelines	0.22	0.85
create	0.22	0.80
sack	0.22	0.57
exception	0.22	0.90
its	0.22	1.36
counting	0.22	0.95
tail	0.22	0.73
question	0.22	1.48
storm	0.22	0.85
undies	0.22	0.75
install	0.22	0.78
park	0.22	0.74
screen	0.22	0.85
usa	0.22	0.85
career	0.22	0.85
dessert	0.22	0.54
string	0.22	0.77
event	0.22	0.96
beforehand	0.22	1.08
holds	0.23	1.15
lmp	0.23	0.94
coping	0.23	0.83
rubbing	0.23	0.82
recover	0.23	0.95
immensely	0.23	0.85
housing	0.23	0.86
understands	0.23	1.00
vacuum	0.23	0.84
coat	0.23	0.65
fitted	0.23	0.70
halfway	0.23	0.97
found	0.23	1.08
breathing	0.23	0.81
tool	0.23	0.69
advanced	0.23	0.81
confirmed	0.23	0.98
packed	0.23	0.80
duty	0.23	0.81
productive	0.23	0.84
combination	0.23	0.88
certified	0.23	0.85
student	0.23	0.87
conclusion	0.23	1.20
ai	0.23	1.19
plans	0.23	0.98
dough	0.23	0.69
fairly	0.23	1.12
successfully	0.23	0.91
stops	0.23	0.97
clearly	0.23	1.04
ac	0.23	0.82
expert	0.23	1.02
reminding	0.23	1.21
land	0.24	0.87
graco	0.24	0.64
won	0.24	0.93
distant	0.24	0.85
visiting	0.24	0.82
chicago	0.24	0.81
pad	0.24	0.60
sanity	0.24	0.76
session	0.24	0.85
folded	0.24	0.76
himself	0.24	0.95
texas	0.24	0.82
wants	0.24	1.61
semester	0.24	0.84
visitors	0.24	0.96
rocks	0.24	0.67
helps	0.24	0.90
trusted	0.24	0.99
directly	0.25	0.95
unfortunate	0.25	0.91
former	0.25	0.89
mashed	0.25	0.68
cotton	0.25	0.72
recently	0.25	1.09
eating	0.25	0.66
weekend	0.25	0.86
ourselves	0.25	1.02
open	0.25	0.85
faint	0.25	0.95
children	0.25	0.85
tells	0.25	1.61
ex	0.25	0.81
hand	0.25	0.79
window	0.25	0.78
keys	0.25	0.82
loudly	0.25	1.17
chips	0.25	0.70
countries	0.25	0.75
apartment	0.25	0.77
their	0.25	0.97
clear	0.25	1.05
stir	0.25	0.71
deliver	0.25	1.03
weather	0.25	0.78
flops	0.25	0.77
wondered	0.25	1.09
centre	0.25	0.89
onesies	0.25	0.58
ive	0.25	1.09
label	0.25	0.96
beans	0.25	0.69
resting	0.25	0.73
co	0.25	0.81
begin	0.25	0.95
rely	0.26	0.97
2013	0.26	0.96
fries	0.26	0.68
education	0.26	0.87
educated	0.26	0.94
ny	0.26	0.83
bf	0.26	0.81
houses	0.26	0.76
lesson	0.26	0.76
religious	0.26	0.94
meanwhile	0.26	0.85
unit	0.26	0.84
both	0.26	0.94
short	0.26	0.87
vbac	0.26	0.92
hold	0.26	1.08
knitting	0.26	0.74
mix	0.26	0.66
stated	0.26	1.07
graduate	0.26	0.86
toward	0.26	0.80
events	0.26	0.93
men	0.26	0.88
field	0.26	0.92
show	0.26	0.88
mo	0.26	0.80
top	0.26	0.73
loads	0.26	0.78
cleaned	0.26	0.77
grad	0.26	0.88
affordable	0.27	0.89
gym	0.27	0.83
canada	0.27	0.93
alternative	0.27	0.92
hotel	0.27	0.78
carpet	0.27	0.74
soft	0.27	0.72
balanced	0.27	0.81
litter	0.27	0.69
imo	0.27	1.09
id	0.27	1.23
speaking	0.27	0.76
basement	0.27	0.76
charge	0.27	0.88
hit	0.27	0.99
united	0.27	0.85
lip	0.27	0.83
researched	0.27	0.93
meaning	0.27	0.96
ice	0.27	0.70
crunchy	0.27	0.71
balance	0.27	0.88
narrow	0.28	0.73
swear	0.28	0.97
moves	0.28	0.92
nutrition	0.28	0.78
soup	0.28	0.70
appears	0.28	0.86
relative	0.28	0.73
whats	0.28	1.44
recliner	0.28	0.66
kit	0.28	0.69
thus	0.28	0.96
activity	0.28	0.83
store	0.28	0.76
gon	0.28	1.61
boxes	0.28	0.70
religion	0.28	0.91
tongue	0.28	0.88
heart	0.29	0.82
freezer	0.29	0.71
maintain	0.29	0.88
technically	0.29	1.27
unusual	0.29	0.78
cookie	0.29	0.71
young	0.29	0.78
conversation	0.29	1.05
impression	0.29	0.96
military	0.29	1.06
test	0.29	0.88
timing	0.29	0.93
paper	0.29	0.74
comparison	0.29	0.88
plastic	0.29	0.76
speak	0.29	1.06
tummy	0.29	0.73
organized	0.29	0.88
statement	0.29	1.11
accidentally	0.29	0.92
nest	0.29	0.79
bulk	0.29	0.71
college	0.29	0.86
cinnamon	0.29	0.67
buying	0.29	0.90
familiar	0.29	0.80
convenience	0.30	0.87
clients	0.30	0.88
measuring	0.30	0.94
focusing	0.30	1.02
focused	0.30	0.88
anecdotal	0.30	1.32
strict	0.30	0.82
swing	0.30	0.59
exactly	0.30	1.47
learn	0.30	0.87
measured	0.30	0.89
available	0.30	0.91
naked	0.30	0.84
backup	0.30	0.82
delivered	0.30	0.91
grilled	0.30	0.71
keep	0.30	0.99
basket	0.31	0.68
school	0.31	0.83
others	0.31	1.15
southern	0.31	0.82
decided	0.31	1.18
transvaginal	0.31	0.85
faith	0.31	0.98
jerk	0.31	0.97
tomato	0.31	0.70
nearby	0.31	0.86
machine	0.31	0.81
relief	0.31	0.85
greek	0.31	0.63
spring	0.31	0.81
exists	0.31	1.12
parenting	0.31	0.98
knock	0.31	0.87
fresh	0.31	0.64
isnt	0.31	1.28
burrito	0.31	0.65
uk	0.31	0.91
finger	0.32	0.83
yo	0.32	1.01
politely	0.32	1.12
certificate	0.32	0.87
banana	0.32	0.69
sauce	0.32	0.69
spare	0.32	0.72
freeze	0.32	0.73
laughing	0.32	1.33
scene	0.32	0.98
sell	0.32	0.77
confirm	0.32	0.88
centers	0.32	0.87
university	0.32	0.88
ways	0.33	1.08
opening	0.33	0.78
garlic	0.33	0.68
separate	0.33	0.75
spinach	0.33	0.65
attention	0.33	0.83
loss	0.33	1.60
chili	0.33	0.70
preemie	0.33	0.73
dollar	0.33	0.78
mac	0.33	0.68
dressing	0.33	0.69
electric	0.33	0.76
basics	0.33	0.83
handed	0.34	0.82
stretchy	0.34	0.77
differently	0.34	1.08
sperm	0.34	0.83
wearing	0.34	0.78
sorted	0.34	0.82
swimming	0.34	0.77
donate	0.34	0.82
tonight	0.34	0.91
walmart	0.34	0.73
similarly	0.34	1.00
corner	0.34	0.76
given	0.34	0.79
temp	0.34	0.86
logical	0.34	1.01
setting	0.35	0.80
ring	0.35	0.83
percentile	0.35	0.98
fwiw	0.35	0.93
box	0.35	0.69
tests	0.35	0.88
hospital	0.35	0.90
services	0.35	0.86
onion	0.35	0.68
attractive	0.35	1.05
situation	0.35	1.00
vaginal	0.35	0.92
students	0.35	0.82
dd	0.35	0.83
conversations	0.35	0.85
remaining	0.35	0.88
ie	0.35	0.89
tomatoes	0.35	0.66
fried	0.35	0.69
confirmation	0.35	0.89
originally	0.35	0.84
height	0.36	0.86
dip	0.36	0.70
bum	0.36	0.80
born	0.36	0.87
massage	0.36	0.75
jump	0.36	0.90
breaths	0.36	0.85
status	0.36	0.90
bouncer	0.36	0.58
facts	0.36	1.13
craving	0.36	0.72
penis	0.36	0.84
built	0.36	0.74
center	0.36	0.88
estimated	0.36	0.91
informed	0.36	1.03
advantage	0.36	0.80
patch	0.36	0.84
sound	0.36	1.09
zone	0.36	0.96
results	0.36	0.90
selection	0.36	0.79
cash	0.37	0.85
free	0.37	0.85
drawer	0.37	0.67
says	0.37	1.58
doulas	0.37	0.84
scientific	0.37	1.15
heating	0.37	0.74
data	0.37	1.07
connect	0.37	0.80
material	0.37	0.78
obese	0.37	0.89
tricky	0.37	0.90
pants	0.37	0.77
wear	0.37	0.77
strawberries	0.37	0.62
her	0.37	1.13
laughed	0.37	1.33
loose	0.37	0.78
whom	0.37	0.76
newborn	0.37	0.66
coworkers	0.37	0.89
worn	0.37	0.77
stock	0.37	0.73
dare	0.38	1.20
selling	0.38	0.78
cheesy	0.38	0.85
learned	0.38	0.84
products	0.38	0.73
anatomy	0.38	0.93
jeans	0.38	0.78
doula	0.38	0.84
scan	0.38	0.93
block	0.38	0.78
gap	0.38	0.76
blind	0.38	0.77
kind	0.38	1.23
nature	0.38	0.88
pair	0.38	0.75
bar	0.38	0.64
st	0.38	0.83
spend	0.38	0.86
papers	0.38	0.92
meh	0.38	1.17
male	0.38	0.79
pro	0.38	0.92
5'2	0.39	0.89
weekends	0.39	0.77
serve	0.39	0.83
grade	0.39	0.82
garage	0.39	0.71
skills	0.39	0.79
j	0.39	0.74
invite	0.39	0.92
he	0.39	1.13
apple	0.39	0.70
showed	0.39	0.95
tour	0.39	0.86
progressing	0.39	1.07
heaven	0.39	1.36
mexican	0.39	0.88
medela	0.39	0.78
patience	0.39	0.86
shipping	0.40	0.84
mountain	0.40	0.67
donut	0.40	0.68
finish	0.40	0.85
hurry	0.40	1.10
dresses	0.40	0.77
statistics	0.40	0.96
cribs	0.40	0.64
bake	0.40	0.69
providing	0.40	0.87
credit	0.40	0.85
shop	0.40	0.78
losses	0.40	1.07
medicated	0.40	0.81
wore	0.40	0.75
mothers	0.41	0.82
give	0.41	1.20
monster	0.41	1.00
organic	0.41	0.67
ultrasounds	0.41	0.85
king	0.41	0.64
ward	0.41	0.88
identical	0.41	0.84
negative	0.41	0.86
instructor	0.41	0.81
h	0.41	0.72
meantime	0.41	1.06
tanks	0.41	0.76
teach	0.41	0.81
works	0.41	1.33
came	0.41	1.02
gummy	0.41	0.81
build	0.41	0.77
ebay	0.41	0.77
estimate	0.41	0.91
tank	0.41	0.75
w	0.41	0.82
winter	0.41	0.75
restaurants	0.41	0.69
shower	0.42	0.86
nicer	0.42	1.19
finished	0.42	0.87
doesnt	0.42	1.35
puppies	0.42	0.75
beat	0.42	0.92
unmedicated	0.42	0.87
layer	0.42	0.71
salty	0.42	0.72
surely	0.42	0.91
cream	0.42	0.67
fortunately	0.42	0.92
sold	0.42	0.67
opinions	0.43	1.04
thick	0.43	0.81
dating	0.43	0.89
keeping	0.43	1.10
salt	0.43	0.73
couples	0.43	0.93
parts	0.43	0.85
receive	0.43	0.87
saved	0.43	0.70
teacher	0.43	0.82
gifted	0.43	0.65
witch	0.43	0.69
equipment	0.43	0.82
practically	0.43	0.92
delivering	0.43	0.87
nb	0.43	0.67
timer	0.43	0.86
forgive	0.43	1.27
belly	0.43	0.74
compromise	0.43	1.08
maternity	0.43	0.76
goods	0.43	0.71
mid	0.43	0.91
teachers	0.44	0.81
wan	0.44	1.25
law	0.44	0.83
healed	0.44	0.96
attended	0.44	0.84
shorts	0.44	0.76
shirts	0.44	0.75
freedom	0.44	0.94
fundal	0.44	0.90
mistake	0.44	1.43
women	0.44	0.85
utero	0.44	0.75
ticket	0.44	0.83
upstairs	0.44	0.78
dh	0.44	0.96
immediate	0.44	0.85
episode	0.44	0.79
nail	0.44	0.76
committed	0.45	0.91
comfy	0.45	0.79
babies	0.45	0.90
friend	0.45	0.90
pool	0.45	0.71
fur	0.45	0.67
communication	0.45	0.87
human	0.45	0.76
included	0.45	0.80
raised	0.45	0.79
classes	0.45	0.79
rub	0.45	0.82
invited	0.45	0.93
attachment	0.45	0.77
dick	0.45	0.90
skirts	0.45	0.76
machines	0.45	0.97
owner	0.45	0.77
suppose	0.45	1.43
staff	0.45	0.90
leggings	0.45	0.76
chair	0.45	0.65
motherhood	0.45	0.74
elsewhere	0.46	1.04
midwifery	0.46	0.82
air	0.46	0.84
chip	0.46	0.69
mat	0.46	0.72
manner	0.46	0.80
decent	0.46	0.80
eye	0.46	0.85
prices	0.46	0.76
nose	0.46	0.88
hats	0.46	0.60
insanely	0.46	1.11
maxi	0.46	0.76
stores	0.46	0.76
ordered	0.46	0.72
tacos	0.47	0.68
skinny	0.47	0.85
tops	0.47	0.76
basic	0.47	0.77
attending	0.47	0.88
pizza	0.47	0.68
existed	0.47	0.83
showers	0.47	0.84
class	0.47	0.79
reactions	0.47	0.91
homebirth	0.47	0.84
an	0.47	0.91
comes	0.47	1.25
cat	0.47	1.19
hobby	0.47	0.76
mattress	0.47	0.62
measurement	0.47	0.88
exercising	0.47	0.88
texted	0.47	1.01
method	0.47	0.82
measure	0.48	0.89
tall	0.48	0.85
teaching	0.48	0.80
u/s	0.48	0.90
tape	0.48	0.82
nicely	0.48	1.12
circle	0.48	0.82
reassured	0.48	1.47
ensure	0.48	0.86
involved	0.48	0.88
female	0.48	0.83
babysit	0.48	0.86
touching	0.48	0.93
scans	0.48	0.90
leftover	0.48	0.65
studies	0.49	0.97
t	0.49	0.80
births	0.49	0.87
donuts	0.49	0.71
measurements	0.49	0.92
satisfied	0.49	1.33
birthing	0.49	0.82
bathtub	0.49	0.58
tubs	0.49	0.77
downstairs	0.49	0.72
noises	0.49	0.86
samples	0.49	0.79
sweets	0.49	0.64
protection	0.49	0.85
according	0.49	0.88
kitties	0.49	0.82
hubby	0.49	0.95
creepy	0.49	1.08
cross	0.50	0.85
celebration	0.50	0.89
wedding	0.50	0.84
heat	0.50	0.83
located	0.50	0.95
thru	0.50	0.82
generation	0.50	0.69
sources	0.50	0.97
navy	0.50	0.75
la	0.50	0.79
respect	0.50	1.03
heels	0.50	0.83
focus	0.50	0.98
mother	0.50	0.79
husband	0.51	1.02
alot	0.51	0.94
4th	0.51	0.92
2012	0.51	0.94
cold	0.51	0.83
honey	0.51	0.89
ultra	0.51	0.87
formal	0.51	0.82
fyi	0.51	0.86
naturally	0.51	0.95
alien	0.51	0.87
swim	0.51	0.70
calls	0.51	1.05
party	0.52	0.85
return	0.52	0.83
subject	0.52	1.06
suggests	0.52	0.86
secret	0.52	1.02
questions	0.52	1.10
agree	0.52	1.48
graduated	0.52	0.84
max	0.52	0.76
shaped	0.52	0.75
tech	0.52	0.97
master	0.52	0.80
tags	0.52	0.83
0-3	0.52	0.68
heal	0.52	0.98
father	0.52	0.76
package	0.52	0.76
soak	0.52	0.67
thin	0.52	0.83
blanket	0.53	0.58
buy	0.53	0.72
holidays	0.53	0.82
goodwill	0.53	0.74
pumpkin	0.53	0.65
quickly	0.53	1.15
bubble	0.53	0.75
guns	0.53	0.98
answer	0.53	1.45
son	0.53	0.84
commented	0.53	1.13
techniques	0.53	0.84
saver	0.53	1.05
alive	0.54	0.79
respond	0.54	1.07
halloween	0.54	0.98
garden	0.54	0.72
changing	0.54	0.65
meeting	0.54	1.00
security	0.54	0.90
talks	0.54	1.47
returns	0.54	0.78
na	0.54	1.53
bedroom	0.54	0.77
guests	0.54	0.86
ending	0.54	0.76
bassinet	0.54	0.74
beach	0.54	0.73
journey	0.54	0.93
unsolicited	0.54	0.96
learning	0.54	0.80
shave	0.55	0.87
googling	0.55	0.94
local	0.55	0.80
sale	0.55	0.73
address	0.55	1.01
gender	0.55	1.14
rack	0.55	0.81
co-worker	0.55	0.90
craft	0.55	0.85
magically	0.55	1.01
catholic	0.55	0.78
math	0.55	0.91
sleeps	0.55	1.44
someday	0.55	1.28
code	0.55	0.84
easter	0.55	0.95
reveal	0.55	0.89
laboring	0.55	0.85
roommate	0.55	0.81
tub	0.55	0.73
chocolate	0.56	0.67
2014	0.56	0.97
goal	0.56	0.98
gun	0.56	0.82
biased	0.56	0.98
thrift	0.56	0.75
shops	0.56	0.76
us	0.56	1.36
clearance	0.56	0.74
pick	0.56	1.12
tone	0.56	0.88
sewing	0.56	0.75
favor	0.56	0.84
beside	0.56	0.95
skirt	0.56	0.73
signed	0.56	0.86
instructions	0.56	0.87
supported	0.56	0.84
wasnt	0.56	1.19
supports	0.56	0.96
incredibly	0.56	1.08
eve	0.56	0.83
confidence	0.56	0.88
very	0.56	1.05
eats	0.57	1.41
army	0.57	0.97
perfectly	0.57	1.23
coworker	0.57	0.91
yard	0.57	0.69
shirt	0.57	0.73
cheap	0.57	0.71
calendar	0.57	1.01
noise	0.57	0.78
items	0.57	0.81
path	0.57	0.94
grandchild	0.57	0.88
reasonably	0.57	0.88
cow	0.57	0.86
everything	0.57	1.59
season	0.57	0.67
reached	0.57	0.95
girlfriend	0.58	0.81
k	0.58	0.73
watched	0.58	0.75
direct	0.58	0.86
cell	0.58	0.87
degrees	0.58	0.84
floors	0.58	0.76
finishing	0.58	0.80
pit	0.58	1.16
pancakes	0.58	0.64
fiance	0.58	0.85
teenage	0.58	0.77
mil	0.58	0.87
sew	0.58	0.74
polite	0.58	0.84
rings	0.58	0.72
our	0.58	0.90
pickle	0.58	0.80
costco	0.58	0.73
trade	0.58	1.00
lap	0.58	0.90
touches	0.58	0.93
deals	0.59	0.75
8th	0.59	0.92
floating	0.59	0.76
fat	0.59	0.91
28th	0.59	0.93
looked	0.59	1.15
sibling	0.59	0.79
puppy	0.59	0.89
bff	0.59	0.86
december	0.59	1.05
consignment	0.59	0.75
bbq	0.59	0.83
holiday	0.59	0.84
deserves	0.59	0.77
wife	0.59	0.84
truly	0.59	1.18
clarify	0.59	1.22
january	0.60	1.05
clothes	0.60	0.70
toe	0.60	0.81
target	0.60	0.72
restaurant	0.60	0.63
watch	0.60	0.67
present	0.60	0.87
preferences	0.60	1.00
answered	0.60	1.19
gestating	0.60	1.05
pack	0.60	0.65
canadian	0.60	0.83
stay	0.60	0.93
attend	0.60	0.84
turtle	0.60	0.77
access	0.60	0.81
successful	0.60	0.98
pride	0.61	0.76
deep	0.61	0.82
99	0.61	0.73
decides	0.61	1.08
creating	0.61	0.76
30th	0.61	0.92
taught	0.61	0.76
kid	0.61	1.09
totally	0.61	1.39
sheets	0.61	0.63
staying	0.61	0.90
arrive	0.61	1.07
bil	0.61	0.82
answering	0.61	1.16
library	0.61	0.76
jumping	0.62	0.93
relaxation	0.62	0.78
rocking	0.62	0.69
example	0.62	0.84
positives	0.62	0.87
seeing	0.62	0.99
boyfriend	0.62	0.89
in-laws	0.62	0.81
stranger	0.62	0.91
6th	0.62	0.92
olive	0.62	0.70
patient	0.62	0.78
convenient	0.62	0.91
families	0.62	0.82
happiest	0.62	1.41
together	0.62	1.08
host	0.62	0.82
church	0.62	0.82
5th	0.62	0.92
appropriate	0.62	1.31
10th	0.62	0.92
storage	0.63	0.71
craigslist	0.63	0.69
kids	0.63	0.83
advocate	0.63	0.95
camping	0.63	0.83
intimate	0.63	0.86
mature	0.63	0.82
7th	0.63	0.92
sil	0.63	0.84
table	0.63	0.63
success	0.63	0.86
windows	0.64	0.74
recommendations	0.64	0.90
youngest	0.64	0.80
9th	0.64	0.92
animal	0.64	0.64
purchase	0.64	0.78
ultrasound	0.64	0.89
sales	0.64	0.76
outfits	0.64	0.70
hanging	0.64	0.77
12th	0.64	0.92
younger	0.65	0.79
thanksgiving	0.65	0.83
view	0.65	0.88
tag	0.65	0.84
friends	0.65	0.83
ol	0.65	0.84
lines	0.65	0.88
toes	0.65	0.84
added	0.65	0.79
purchased	0.65	0.70
jacket	0.65	0.67
oldest	0.65	0.80
porn	0.65	0.71
hers	0.65	0.93
safest	0.65	1.37
wardrobe	0.65	0.74
kiddos	0.65	0.82
wax	0.65	0.80
fixed	0.65	1.38
natural	0.66	0.85
description	0.66	0.88
recommendation	0.66	0.91
parents	0.66	0.79
secretly	0.66	1.47
detail	0.66	0.92
offers	0.66	0.82
february	0.66	1.05
apps	0.66	0.84
sept	0.66	1.04
sets	0.66	0.69
memories	0.66	0.89
sheet	0.67	0.66
responded	0.67	1.17
relatives	0.67	0.84
uncommon	0.67	0.71
appearance	0.67	1.03
n	0.67	0.73
strawberry	0.67	0.66
shelf	0.67	0.66
peoples	0.67	0.88
project	0.67	0.77
researching	0.67	0.89
research	0.67	0.99
him/her	0.68	1.15
18th	0.68	0.92
prime	0.68	0.77
november	0.68	1.05
gown	0.68	0.69
sister	0.68	0.81
measures	0.68	0.78
fil	0.68	0.81
practicing	0.68	0.76
saw	0.68	1.00
happily	0.68	0.82
sounded	0.68	1.03
lights	0.68	0.73
american	0.68	0.82
brownies	0.68	0.61
pretty	0.68	1.16
partner	0.68	0.78
discount	0.69	0.77
add	0.69	0.77
steal	0.69	0.85
explains	0.69	0.93
fan	0.69	0.77
15th	0.69	0.92
mom	0.69	0.81
cupcakes	0.69	0.63
deliveries	0.69	0.92
nephew	0.69	0.80
downvoted	0.69	1.14
coincidence	0.69	1.09
baked	0.70	0.62
french	0.70	0.64
registered	0.70	0.69
pat	0.70	0.80
resources	0.70	0.87
cared	0.70	1.01
family	0.70	0.82
strip	0.70	0.75
cooler	0.70	0.82
cookies	0.70	0.61
knit	0.71	0.71
version	0.71	0.75
app	0.71	0.84
sane	0.71	0.96
july	0.71	1.04
september	0.71	1.04
older	0.71	0.80
sticks	0.71	0.81
june	0.71	1.04
nieces	0.71	0.78
dec	0.71	1.04
feb	0.71	1.04
11th	0.71	0.91
connection	0.72	0.83
ouch	0.72	1.00
responding	0.72	1.13
adding	0.72	0.85
holding	0.72	0.83
colored	0.72	0.80
jan	0.72	1.04
oct	0.72	1.04
brother	0.72	0.79
march	0.72	1.04
dancing	0.72	0.75
partners	0.72	0.87
rooms	0.72	0.80
birthdays	0.72	0.86
mayo	0.72	0.66
october	0.72	1.04
e	0.72	0.76
hopefully	0.72	1.30
wood	0.73	0.75
relax	0.73	0.87
edd	0.73	0.94
italian	0.73	0.65
homemade	0.73	0.75
marathon	0.73	0.67
true	0.73	1.78
pattern	0.73	0.73
mum	0.73	0.79
surprisingly	0.73	0.94
jokes	0.73	0.92
mine	0.73	1.27
niece	0.74	0.79
loud	0.74	1.06
clothing	0.74	0.73
alert	0.74	0.84
dye	0.74	0.79
sexy	0.74	0.92
jelly	0.74	0.69
hot	0.74	0.84
bonding	0.74	0.83
fingers	0.74	0.92
grandma	0.75	0.79
toddlers	0.75	0.75
registry	0.75	0.74
stare	0.75	0.82
nails	0.75	0.85
step	0.75	0.75
bought	0.75	0.66
christmas	0.75	0.82
parties	0.75	0.85
projects	0.75	0.74
instinct	0.75	0.94
girl	0.75	1.40
register	0.75	0.75
cheesecake	0.76	0.65
massages	0.76	0.69
glow	0.76	0.75
animals	0.76	0.61
reminded	0.76	1.03
hoping	0.76	1.30
presents	0.76	0.79
coupon	0.76	0.77
horror	0.76	0.72
beauty	0.76	0.86
wiggling	0.76	0.87
16th	0.76	0.91
s/he	0.76	1.00
network	0.76	0.82
room	0.77	0.74
sits	0.77	1.35
adventure	0.77	0.73
aunts	0.77	0.76
guest	0.77	0.77
biological	0.77	0.76
liked	0.77	1.64
anyhow	0.77	0.93
sisters	0.77	0.77
extended	0.77	0.85
womb	0.77	0.79
account	0.77	0.88
siblings	0.77	0.78
gentle	0.77	0.66
registries	0.77	0.73
cousins	0.77	0.76
kinda	0.77	1.20
invites	0.77	0.85
study	0.77	0.93
remain	0.78	0.86
dad	0.78	0.77
aunt	0.78	0.77
r	0.78	0.79
deserve	0.78	0.73
brain	0.78	1.04
bikini	0.78	0.74
soon	0.78	1.28
valentine	0.78	0.79
social	0.78	0.85
optimistic	0.78	1.57
texts	0.79	0.98
youre	0.79	1.18
bradley	0.79	0.72
lame	0.79	1.07
set	0.79	0.67
light	0.79	0.83
cake	0.79	0.61
shall	0.79	0.99
speed	0.79	0.87
grandparents	0.79	0.76
closet	0.79	0.72
chill	0.80	0.73
item	0.80	0.74
toddler	0.80	1.25
frame	0.80	0.75
members	0.80	0.82
anti	0.80	0.85
boundaries	0.80	0.79
brown	0.80	0.83
person	0.80	0.86
lifesaver	0.80	1.08
well	0.80	1.45
direction	0.80	0.88
glider	0.81	0.59
chinese	0.81	1.48
source	0.81	1.00
daughter	0.81	0.89
folks	0.81	0.88
amazon	0.81	0.73
mums	0.81	0.81
skype	0.81	0.85
socks	0.81	0.64
quote	0.82	0.76
coupons	0.82	0.77
sweater	0.82	0.65
stubborn	0.82	0.95
rules	0.82	0.81
toys	0.82	0.73
painless	0.83	0.94
intentions	0.83	1.24
his/her	0.83	0.87
amp	0.83	0.93
shows	0.83	0.66
youtube	0.83	0.68
husbands	0.83	0.75
stable	0.84	0.74
crossing	0.84	0.96
birthday	0.84	0.93
firm	0.84	0.76
ears	0.84	0.80
knowledge	0.84	0.95
idk	0.84	1.26
importantly	0.84	0.87
gifts	0.84	0.80
op	0.84	1.19
forward	0.84	0.91
listened	0.84	0.79
tree	0.85	0.69
b	0.85	0.86
sports	0.85	0.69
discussion	0.85	0.97
27th	0.85	0.91
darker	0.85	0.83
recipe	0.85	0.65
brothers	0.85	0.76
arrives	0.85	1.05
role	0.85	0.73
incredible	0.86	1.14
chat	0.86	0.99
vent	0.86	0.91
wiggle	0.86	0.86
score	0.86	0.79
anniversary	0.86	0.94
netflix	0.86	0.65
confident	0.86	1.43
17th	0.86	0.90
announced	0.86	1.03
spouse	0.87	0.81
looking	0.87	1.25
baths	0.87	0.75
raising	0.87	0.71
go-to	0.87	0.60
private	0.88	0.84
hung	0.88	0.77
emails	0.88	0.89
forgot	0.88	1.11
downside	0.88	0.80
crib	0.88	0.59
arrival	0.88	1.18
laugh	0.89	1.19
heck	0.89	1.20
fathers	0.89	0.74
messages	0.89	0.95
casual	0.89	0.84
journal	0.89	0.91
calm	0.90	0.88
milestones	0.90	0.95
offer	0.90	0.89
hubs	0.90	0.90
space	0.90	0.82
dresser	0.90	0.63
ontario	0.90	0.91
polish	0.90	0.67
mail	0.90	0.83
error	0.90	1.03
stoked	0.90	1.72
f	0.91	0.87
shaved	0.91	0.83
tv	0.91	0.67
review	0.91	0.88
lo	0.91	0.97
via	0.92	0.86
plays	0.92	1.25
grandpa	0.92	0.73
14th	0.92	0.91
adopted	0.92	0.69
bright	0.92	0.84
played	0.92	0.73
patterns	0.92	0.74
seriously	0.92	1.08
cards	0.92	0.75
camera	0.92	0.80
watching	0.92	0.66
childbirth	0.92	0.69
helping	0.93	0.97
movie	0.93	0.68
dressed	0.93	0.66
suits	0.93	0.85
laptop	0.93	0.70
shoot	0.93	0.90
listen	0.93	0.91
2015	0.93	0.96
computer	0.93	0.72
phone	0.93	0.84
tune	0.93	0.77
commenting	0.93	0.95
technology	0.94	0.76
goes	0.94	1.21
provided	0.94	0.77
celebrate	0.94	0.81
stays	0.94	1.00
eta	0.94	0.84
13th	0.94	0.90
replied	0.94	1.18
he/she	0.94	0.94
capable	0.95	0.72
def	0.95	1.08
golden	0.95	0.60
instincts	0.95	0.88
accepting	0.95	0.78
sense	0.95	1.32
rock	0.95	1.19
offering	0.95	0.91
hopeful	0.96	1.58
rant	0.96	0.92
fuzzy	0.96	0.59
argh	0.96	1.03
copy	0.96	0.84
comment	0.96	1.06
red	0.96	0.80
birth	0.96	0.81
modern	0.96	0.82
clicked	0.96	1.00
cousin	0.97	0.76
rest	0.97	1.21
online	0.97	0.75
sake	0.97	0.83
dunno	0.97	1.18
dads	0.97	0.72
collection	0.98	0.83
moms	0.98	0.79
wisdom	0.98	0.76
phones	0.98	0.78
used	0.98	0.97
treats	0.98	1.11
sneak	0.98	0.87
heartbeat	0.98	0.77
traditional	0.99	0.62
language	0.99	0.77
responsible	0.99	0.74
participate	0.99	0.86
potatoes	0.99	0.64
received	0.99	0.82
movies	1.00	0.61
silver	1.00	0.75
envy	1.00	0.80
fabric	1.00	0.74
coming	1.00	1.15
cuddle	1.00	1.18
explanation	1.00	1.07
play	1.00	1.20
bub	1.00	0.95
troll	1.00	0.76
grandmother	1.00	0.74
rubs	1.01	1.22
line	1.01	0.86
miracle	1.01	1.00
shaving	1.01	0.84
details	1.01	0.89
message	1.02	0.92
videos	1.02	0.65
moon	1.02	0.87
exchange	1.02	0.79
20th	1.02	0.89
phrase	1.02	1.26
neighbor	1.02	0.78
continues	1.02	0.97
background	1.02	0.74
privacy	1.03	0.80
his	1.03	0.75
sweetest	1.03	1.28
obsessed	1.03	0.89
announce	1.03	1.00
ipad	1.04	0.69
april	1.04	1.00
potato	1.04	0.64
trim	1.04	0.77
august	1.04	1.00
grand	1.04	0.70
ftm	1.04	1.21
sites	1.04	0.74
letter	1.04	0.85
topic	1.05	0.88
text	1.05	0.90
gift	1.05	0.74
kiddo	1.05	0.97
black	1.05	0.78
fast	1.06	1.04
quiet	1.06	0.83
stars	1.06	0.76
simple	1.06	0.79
uncle	1.06	0.72
provide	1.06	0.82
football	1.06	0.70
fun	1.07	1.23
chose	1.07	0.93
nugget	1.08	0.83
game	1.08	0.77
shes	1.08	0.93
song	1.09	0.68
girls	1.09	0.92
email	1.09	0.88
reviews	1.09	0.68
poster	1.10	1.04
cutest	1.10	1.23
linked	1.11	0.82
cuz	1.11	1.04
surreal	1.11	1.09
activities	1.11	0.77
flowers	1.11	0.61
ceiling	1.11	0.75
sincerely	1.11	0.87
relatively	1.11	0.95
freaking	1.11	1.15
hazel	1.12	0.61
downvotes	1.12	0.94
digital	1.12	0.80
website	1.12	0.74
click	1.12	0.75
pleasant	1.12	0.93
card	1.12	0.75
g	1.12	0.81
referring	1.12	1.34
dance	1.13	1.05
snuggle	1.13	1.11
labors	1.13	0.92
listening	1.13	0.65
celebrating	1.13	0.84
bonus	1.13	0.70
settled	1.13	0.85
miss	1.13	0.89
stealing	1.13	0.90
woman	1.14	0.88
english	1.14	0.73
provides	1.14	0.75
hitting	1.14	0.96
video	1.14	0.63
dang	1.14	0.94
ikea	1.15	0.69
y	1.15	0.71
stuffed	1.15	0.65
bday	1.15	0.81
notes	1.15	0.76
furniture	1.15	0.74
announcing	1.16	0.88
sounding	1.16	0.71
accurate	1.16	1.51
games	1.16	0.70
humor	1.17	0.93
officially	1.17	0.93
dark	1.17	0.79
mistakes	1.17	1.26
laughs	1.17	1.10
book	1.17	0.66
white	1.18	0.79
singing	1.18	0.69
books	1.18	0.64
tho	1.18	1.06
write	1.19	0.77
due	1.19	0.90
list	1.19	0.69
comfort	1.19	0.78
pie	1.19	0.65
honesty	1.19	0.85
german	1.19	0.66
giggle	1.19	1.07
painting	1.19	0.75
magical	1.20	0.83
searching	1.20	0.84
outcome	1.20	1.05
handy	1.20	0.64
em	1.20	1.05
boys	1.20	0.88
damn	1.20	1.10
chosen	1.21	0.81
soo	1.21	1.03
playing	1.21	1.04
green	1.21	0.80
hopes	1.21	1.00
star	1.22	0.61
cuddling	1.22	1.08
official	1.22	0.82
kisses	1.22	1.12
ta	1.22	1.11
easy	1.22	1.10
typing	1.23	0.83
hmmm	1.23	0.94
guide	1.23	0.64
relaxed	1.23	1.10
articles	1.23	0.77
bean	1.23	0.80
held	1.23	1.16
sent	1.24	0.83
lists	1.24	0.64
mirror	1.24	0.81
written	1.24	0.84
pronounce	1.24	0.81
sooo	1.24	0.98
music	1.25	0.65
art	1.25	0.69
useful	1.25	0.79
toy	1.25	1.08
deleted	1.25	0.88
delete	1.25	0.83
penny	1.26	0.65
taken	1.26	0.91
double	1.26	0.78
independent	1.26	0.75
angle	1.26	1.24
favorites	1.26	0.65
letters	1.27	0.73
ina	1.27	0.58
information	1.27	0.89
google	1.28	0.77
site	1.28	0.75
agreed	1.28	0.86
supporting	1.28	0.73
idea	1.28	1.30
sounds	1.28	1.22
proud	1.29	1.32
yum	1.29	0.69
decorate	1.29	0.69
tradition	1.29	0.62
win	1.29	0.94
delivery	1.30	0.91
tasty	1.30	0.94
wtf	1.30	1.06
voice	1.30	0.66
3d	1.30	0.80
heh	1.30	0.98
tiny	1.30	0.79
dress	1.30	0.74
umm	1.30	0.98
presence	1.30	0.70
grieve	1.31	0.97
smiling	1.31	0.82
labour	1.31	0.91
heads	1.31	0.89
makeup	1.31	0.66
purple	1.32	0.80
reaching	1.32	0.88
ours	1.32	0.72
paint	1.32	0.75
experiences	1.33	0.80
heading	1.33	0.92
fortunate	1.34	1.23
yellow	1.34	0.81
reference	1.34	0.70
grandfather	1.34	0.70
eh	1.34	1.07
jack	1.34	0.71
o_o	1.34	0.97
enjoying	1.35	0.54
thankful	1.35	1.25
experience	1.36	0.78
nah	1.36	1.06
websites	1.37	0.66
honor	1.37	0.61
surrounded	1.37	0.63
decorations	1.37	0.71
media	1.38	0.81
close	1.38	1.23
design	1.38	0.72
image	1.38	0.78
favorite	1.38	0.86
groups	1.39	0.71
daughters	1.39	0.76
hes	1.39	0.93
disney	1.39	0.52
mmm	1.40	0.69
updates	1.40	0.83
images	1.40	0.77
context	1.40	0.93
member	1.40	0.77
search	1.40	0.76
posters	1.40	0.82
respectful	1.40	0.69
painted	1.41	0.77
grey	1.41	0.80
girly	1.41	0.78
soooo	1.41	0.92
holy	1.41	0.89
article	1.41	0.81
um	1.42	1.10
sonogram	1.42	0.79
blob	1.42	0.77
answers	1.42	0.88
neutral	1.42	0.75
dammit	1.42	0.88
match	1.42	0.77
photographer	1.43	0.75
pinterest	1.44	0.66
nope	1.44	1.13
uh	1.44	1.10
links	1.44	0.73
lots	1.44	0.82
walls	1.44	0.79
must	1.45	0.99
bump	1.45	0.77
fluffy	1.45	0.60
spelled	1.45	0.64
sing	1.45	0.79
kiss	1.45	0.72
hmm	1.46	1.00
support	1.46	0.75
thread	1.46	0.79
yours	1.46	0.94
monkey	1.46	0.72
send	1.46	0.82
practical	1.46	0.69
response	1.47	0.92
pink	1.47	0.67
sons	1.47	0.72
note	1.47	0.73
colour	1.47	0.78
river	1.47	0.88
relevant	1.48	0.78
wars	1.48	0.57
original	1.48	1.18
way	1.48	1.19
onesie	1.48	0.59
sooooo	1.49	0.95
delicious	1.49	0.84
print	1.50	0.72
color	1.50	0.80
hat	1.50	0.63
reply	1.51	0.91
chin	1.51	0.72
bedding	1.51	0.74
wrote	1.51	0.69
grateful	1.51	1.11
recovery	1.52	0.91
hair	1.52	0.74
facebook	1.53	0.77
fancy	1.53	0.98
fb	1.53	0.78
funny	1.53	1.11
user	1.53	0.76
threads	1.54	0.67
word	1.54	1.14
group	1.54	0.70
eyes	1.55	0.76
ditto	1.55	0.82
soooooo	1.55	0.82
wall	1.55	0.72
series	1.55	0.84
bath	1.56	1.04
gah	1.56	0.82
blue	1.56	0.74
link	1.56	0.76
announcements	1.57	0.76
fake	1.57	0.85
john	1.57	0.67
labor	1.57	0.90
blessing	1.57	0.68
page	1.57	0.71
blog	1.57	0.72
mmmm	1.58	0.68
jeez	1.58	0.91
title	1.59	0.85
outfit	1.59	0.62
curtains	1.59	0.74
kidding	1.60	0.92
popular	1.60	0.89
proper	1.60	0.99
edit	1.61	1.19
unique	1.61	0.56
mobile	1.61	0.65
active	1.62	0.91
announcement	1.62	0.75
themed	1.62	0.60
kitty	1.62	0.71
names	1.62	0.76
stories	1.63	0.61
date	1.63	0.81
read	1.63	0.63
upvote	1.63	0.81
share	1.64	0.78
pronounced	1.64	0.60
forum	1.64	0.71
blonde	1.64	0.73
responses	1.64	0.73
info	1.64	0.78
detailed	1.64	0.73
ideas	1.65	0.72
special	1.65	0.76
edited	1.65	1.16
bumps	1.65	0.69
sentence	1.65	1.12
reminder	1.66	0.77
headed	1.66	0.93
cuddles	1.66	0.80
interesting	1.66	0.96
quick	1.66	0.92
guy	1.66	0.76
etsy	1.66	0.66
compliment	1.66	0.84
reddit	1.67	0.69
suggestions	1.67	0.78
sympathy	1.67	0.73
posts	1.68	0.67
shared	1.68	0.74
sorry	1.68	0.85
posted	1.68	0.73
yeah	1.68	1.06
o.o	1.68	0.86
feminine	1.68	0.64
caring	1.68	0.54
forums	1.68	0.63
praying	1.69	0.97
sigh	1.69	0.93
vote	1.69	0.68
yes	1.69	1.07
advice	1.69	0.82
maiden	1.70	0.62
james	1.70	0.72
suggestion	1.71	0.83
character	1.71	0.60
u	1.72	0.80
lil	1.72	0.70
bless	1.73	0.75
comforting	1.73	0.83
eek	1.73	0.85
enjoyed	1.74	0.68
perspective	1.75	0.79
flair	1.75	0.74
spell	1.75	0.88
album	1.75	0.67
glorious	1.75	0.65
pictures	1.76	0.72
middle	1.76	0.90
replies	1.77	0.75
huh	1.77	0.95
face	1.77	0.67
partial	1.77	0.95
smart	1.78	0.65
gt	1.78	0.89
lady	1.79	0.75
post	1.79	0.70
twin	1.79	0.76
input	1.79	0.78
matching	1.80	0.59
warm	1.80	0.91
belong	1.80	0.67
hah	1.81	0.85
soothing	1.82	0.76
photos	1.82	0.70
dude	1.82	0.88
feedback	1.83	0.74
god	1.83	0.84
strength	1.83	0.75
reassuring	1.84	0.72
little	1.84	0.73
writing	1.84	0.65
hilarious	1.84	0.99
yea	1.85	0.93
poor	1.85	0.79
oops	1.85	0.97
subreddit	1.85	0.63
darn	1.85	0.75
teeny	1.86	0.67
alright	1.86	1.01
calming	1.87	0.63
smoothly	1.87	0.89
ladies	1.87	0.67
yummy	1.87	0.62
amen	1.87	0.78
words	1.87	0.67
relaxing	1.88	0.78
bear	1.88	0.62
resource	1.88	0.66
lurking	1.88	0.66
milestone	1.88	0.80
named	1.89	0.91
princess	1.90	0.64
ya	1.90	0.86
profile	1.90	0.69
bb	1.91	0.63
geez	1.91	0.86
babybumps	1.91	0.61
faces	1.91	0.68
picked	1.91	0.94
recipes	1.91	0.74
hearing	1.92	0.58
blessed	1.93	0.83
here	1.93	0.69
pics	1.93	0.68
sub	1.94	0.62
lucky	1.94	0.87
babe	1.94	0.74
yep	1.94	0.89
boo	1.95	0.79
yikes	1.96	0.72
cozy	1.96	0.61
friendly	1.96	0.67
r/babybumps	1.96	0.61
quilt	1.97	0.86
spelling	1.97	0.74
favourite	1.97	0.59
appreciate	1.97	0.70
appreciated	1.97	0.65
indeed	1.97	0.81
glamorous	1.98	0.83
freakin	1.98	0.72
understanding	1.98	0.55
informative	1.99	0.61
reading	1.99	0.61
reassurance	1.99	0.68
yup	2.00	0.75
xd	2.00	0.82
squishy	2.00	0.58
insight	2.01	0.69
lips	2.02	0.65
posting	2.02	0.64
mamas	2.02	0.64
join	2.03	0.63
hope	2.03	0.88
community	2.03	0.56
wee	2.04	0.69
chubby	2.04	0.62
enjoy	2.04	0.63
crossed	2.05	0.82
internet	2.05	0.66
x	2.06	0.69
viability	2.06	0.75
peace	2.06	0.77
tips	2.06	0.64
naming	2.08	0.83
nickname	2.08	0.78
helpful	2.08	0.61
healing	2.08	0.78
board	2.09	0.64
ha	2.10	0.87
colors	2.10	0.84
bummer	2.10	0.81
dust	2.11	0.71
mommy	2.12	0.63
lol	2.12	0.87
encouragement	2.12	0.65
pic	2.13	0.62
encouraging	2.13	0.57
thoughtful	2.14	0.53
rug	2.14	0.79
lmao	2.15	0.75
scheme	2.15	0.75
cool	2.16	0.75
ooo	2.16	0.76
bet	2.16	0.88
wish	2.16	0.73
thats	2.17	0.82
smooth	2.17	0.76
smile	2.17	0.56
digits	2.18	0.69
name	2.18	0.73
nursery	2.18	0.75
generous	2.18	0.58
tip	2.19	0.74
hug	2.19	0.62
reminds	2.19	0.59
joined	2.20	0.59
bumpers	2.20	0.63
oooh	2.21	0.69
hahahaha	2.21	0.72
rainbow	2.22	0.71
ah	2.22	0.74
inspiration	2.23	0.59
healthy	2.24	0.80
username	2.24	0.62
update	2.24	0.71
classic	2.25	0.59
hahah	2.25	0.70
supportive	2.26	0.49
dear	2.26	0.64
genius	2.26	0.66
brave	2.28	0.52
p	2.28	0.76
picture	2.28	0.57
hun	2.28	0.64
bumper	2.28	0.66
angel	2.30	0.45
story	2.30	0.55
joining	2.31	0.59
grace	2.31	0.65
loving	2.32	0.40
hahaha	2.33	0.72
haha	2.33	0.76
photo	2.33	0.54
strong	2.33	0.49
ohh	2.34	0.63
theme	2.35	0.64
bundle	2.35	0.50
daddy	2.35	0.45
oh	2.35	0.69
absolutely	2.36	0.61
neat	2.36	0.43
positive	2.37	0.73
prayers	2.37	0.65
rose	2.38	0.66
ohhh	2.38	0.70
hehe	2.38	0.65
hang	2.38	0.66
woah	2.39	0.60
jumper	2.39	0.61
creative	2.41	0.55
thoughts	2.42	0.71
lord	2.42	0.50
jealous	2.42	0.74
news	2.42	0.61
team	2.43	0.59
hey	2.43	0.64
hugs	2.43	0.62
hero	2.44	0.44
look	2.44	0.63
club	2.44	0.55
hear	2.45	0.58
speedy	2.46	0.70
ooh	2.47	0.56
ahhhh	2.50	0.57
thanks	2.50	0.59
whoa	2.51	0.60
glad	2.51	0.71
ahhh	2.51	0.57
such	2.52	0.53
kudos	2.52	0.47
fellow	2.53	0.56
o	2.53	0.61
brilliant	2.53	0.53
guys	2.54	0.62
adore	2.54	0.54
sending	2.54	0.63
doll	2.55	0.46
updated	2.55	0.58
hi	2.57	0.54
badass	2.57	0.39
omg	2.57	0.56
peaceful	2.58	0.53
buddies	2.58	0.53
hello	2.59	0.54
xx	2.60	0.53
great	2.60	0.39
wishing	2.61	0.60
amazingly	2.62	0.31
gosh	2.62	0.54
sticky	2.62	0.60
wishes	2.62	0.57
y'all	2.62	0.44
exciting	2.62	0.57
sweetie	2.63	0.51
buddy	2.63	0.51
luck	2.64	0.52
man	2.64	0.50
woo	2.64	0.52
welcome	2.64	0.51
lt	2.64	0.49
hoo	2.65	0.51
thank	2.65	0.53
vibes	2.65	0.58
cheeks	2.66	0.43
woohoo	2.66	0.51
ahh	2.66	0.53
hooray	2.67	0.53
excellent	2.69	0.34
wow	2.71	0.46
good	2.71	0.48
looks	2.71	0.49
aw	2.75	0.46
fabulous	2.75	0.31
mama	2.75	0.48
aww	2.76	0.45
sweetheart	2.76	0.42
sharing	2.78	0.42
yay	2.79	0.49
p.s	2.79	0.47
precious	2.79	0.36
momma	2.80	0.43
cute	2.80	0.39
congratulations	2.81	0.41
ps	2.81	0.42
cutie	2.81	0.41
wonderful	2.81	0.27
awe	2.82	0.41
handsome	2.82	0.37
goodness	2.84	0.31
darling	2.84	0.39
congrats	2.85	0.42
adorable	2.86	0.34
sweet	2.86	0.28
gorgeous	2.88	0.36
perfect	2.91	0.26
beautiful	2.91	0.32
btw	2.93	0.30
lovely	2.99	0.20
