garbage	-6.42	1.84
dislike	-6.18	1.68
classic	-6.12	3.04
crappy	-6.08	2.12
crap	-5.93	1.91
shitty	-5.90	2.05
trash	-5.75	2.13
suck	-5.59	1.92
raidmax	-5.46	2.21
known	-5.39	2.34
reputation	-5.35	2.47
annoying	-5.30	1.96
rid	-5.09	2.33
ui	-5.02	3.01
junk	-5.01	1.77
horribly	-4.82	2.47
shell	-4.72	3.27
customer	-4.69	2.48
regularly	-4.69	3.03
interface	-4.68	3.41
naturally	-4.66	2.94
win8	-4.66	3.36
metro	-4.60	3.31
alienware	-4.59	1.72
bring	-4.55	2.91
menu	-4.52	3.32
generic	-4.51	1.82
prebuilt	-4.51	1.72
bad	-4.49	2.17
bothers	-4.48	2.64
badly	-4.48	2.61
desktop	-4.47	1.99
supplies	-4.44	1.90
shady	-4.43	2.37
prebuilts	-4.43	1.76
bundled	-4.41	1.75
nightmare	-4.39	2.12
hp	-4.39	1.69
brings	-4.37	2.94
mediocre	-4.32	2.62
cheapo	-4.27	1.89
pre-built	-4.20	1.65
dirty	-4.15	2.59
laptop	-4.13	1.60
meh	-4.09	2.22
start	-4.02	3.32
biostar	-3.96	1.92
sucks	-3.93	2.12
world	-3.92	2.97
unreliable	-3.91	1.74
psus	-3.90	1.91
w7	-3.88	2.88
longest	-3.82	3.21
oems	-3.79	1.66
lenovo	-3.78	1.57
win	-3.77	2.77
forever	-3.74	3.24
units	-3.69	1.94
apps	-3.68	2.63
hurts	-3.68	2.29
dell	-3.68	1.71
slowest	-3.68	3.35
piece	-3.64	1.69
app	-3.63	2.39
reality	-3.61	3.14
scenario	-3.55	2.81
ignore	-3.55	2.85
trial	-3.50	2.50
questionable	-3.45	2.25
fucked	-3.43	2.58
service	-3.40	2.50
8.1	-3.34	2.77
complain	-3.33	2.72
poor	-3.32	2.17
bear	-3.30	3.26
bullshit	-3.30	1.38
brands	-3.30	1.94
7	-3.28	2.80
worlds	-3.27	3.05
party	-3.27	1.99
8	-3.24	2.81
brand	-3.22	1.90
traditional	-3.19	3.35
lives	-3.18	3.55
brought	-3.16	2.90
company	-3.15	1.82
everywhere	-3.15	3.31
ever	-3.13	2.69
suggests	-3.12	3.21
truth	-3.11	3.06
complete	-3.10	1.73
desktops	-3.09	1.41
sketchy	-3.09	1.70
win7	-3.06	2.69
buys	-3.04	3.40
pre	-3.01	1.53
absolute	-3.01	2.75
laptops	-2.99	1.40
shit	-2.97	2.11
reputable	-2.97	1.81
tablet	-2.96	1.89
passmark	-2.95	1.43
decides	-2.95	3.37
opposite	-2.90	3.23
ancient	-2.89	1.48
miss	-2.88	3.30
prefer	-2.87	2.70
xp	-2.86	2.31
warranties	-2.85	1.87
warranty	-2.85	1.81
products	-2.85	1.83
partially	-2.80	3.52
dumb	-2.80	2.84
pcs	-2.80	1.47
companies	-2.80	1.73
windows	-2.79	2.53
trust	-2.77	1.43
retarded	-2.73	2.29
swear	-2.73	2.56
ac4	-2.73	1.97
vista	-2.71	2.52
manufactured	-2.69	1.55
worse	-2.69	2.79
sucked	-2.66	1.44
64-bit	-2.66	2.52
agreed	-2.66	3.03
manufacture	-2.64	1.27
coil	-2.63	1.63
grand	-2.59	1.67
phone	-2.58	1.38
whine	-2.58	1.65
quietest	-2.54	3.69
avoid	-2.54	1.34
fault	-2.54	3.87
64	-2.54	2.52
manufacturer	-2.54	1.64
silly	-2.53	2.82
tough	-2.52	2.14
lifetime	-2.52	1.86
seasonic	-2.52	1.51
branded	-2.50	1.56
recommends	-2.50	3.45
optimization	-2.50	1.62
bringing	-2.47	1.81
horror	-2.46	1.41
heard	-2.46	1.48
unfortunate	-2.45	2.53
bitch	-2.44	2.17
dealing	-2.44	1.51
cares	-2.44	3.30
stupid	-2.43	2.61
700w	-2.43	1.50
trusted	-2.42	1.65
oem	-2.42	1.96
apple	-2.42	1.30
ocz	-2.42	1.79
regulation	-2.41	1.70
manufacturers	-2.40	1.48
cwt	-2.39	1.55
unit	-2.39	1.47
implying	-2.37	3.67
manufactures	-2.36	1.50
accidentally	-2.36	4.03
altogether	-2.35	2.25
low-end	-2.30	1.73
vendor	-2.28	1.48
ugh	-2.28	2.98
somehow	-2.28	4.10
reliable	-2.27	1.82
their	-2.27	1.76
watch_dogs	-2.27	1.97
flag	-2.27	1.94
bs	-2.26	1.43
rosewill	-2.26	1.43
thinks	-2.26	3.42
accident	-2.24	4.09
fastest	-2.23	3.43
hear	-2.22	1.56
clicking	-2.22	1.75
messed	-2.21	4.07
among	-2.19	3.31
department	-2.18	1.48
copy	-2.17	2.04
64bit	-2.15	2.11
ubisoft	-2.15	1.85
services	-2.14	1.55
experiences	-2.14	1.57
mixed	-2.13	1.49
rm	-2.12	1.41
blow	-2.12	1.43
rma	-2.12	1.44
wants	-2.11	3.39
pieces	-2.11	1.36
lately	-2.11	1.40
ax	-2.10	1.41
funny	-2.09	2.74
machines	-2.09	1.35
osx	-2.08	1.97
optimized	-2.08	1.90
tier	-2.06	1.77
retailer	-2.05	1.43
legit	-2.04	1.60
microsoft	-2.03	1.97
malware	-2.02	1.61
platforms	-2.01	1.66
ugly	-2.01	2.73
vacuum	-2.00	1.45
iso	-2.00	2.15
stories	-2.00	1.59
pain	-1.99	1.39
origin	-1.98	1.39
overpriced	-1.98	1.42
clicked	-1.97	3.98
premium	-1.97	2.09
platform	-1.97	1.49
noise	-1.97	1.45
capstone	-1.96	1.35
dick	-1.94	1.73
likes	-1.92	3.44
agree	-1.92	3.21
operating	-1.91	2.13
pissed	-1.91	2.75
zotac	-1.91	1.54
corsairs	-1.91	1.38
3rd	-1.91	1.77
boxes	-1.90	1.33
vendors	-1.90	1.32
instance	-1.90	1.03
ripped	-1.90	1.30
activate	-1.89	1.68
hx	-1.89	1.35
hive	-1.88	1.32
gt	-1.87	2.04
third	-1.87	1.60
dogs	-1.86	1.86
background	-1.85	1.37
g2	-1.84	1.32
quality	-1.83	1.84
easiest	-1.83	3.13
negative	-1.83	1.49
contact	-1.83	1.36
sellers	-1.83	1.33
liked	-1.82	2.54
proper	-1.82	2.63
business	-1.82	1.39
skimp	-1.82	1.52
lacking	-1.81	1.25
stops	-1.80	1.51
confused	-1.80	3.32
key	-1.79	1.81
antec	-1.79	1.29
license	-1.79	1.82
underpowered	-1.79	1.47
modify	-1.78	2.13
ubuntu	-1.78	1.90
incorrectly	-1.78	3.79
mess	-1.76	1.29
history	-1.75	1.44
watchdogs	-1.75	1.89
directx	-1.74	1.98
policy	-1.73	1.51
arguably	-1.73	3.15
noisy	-1.73	1.43
install	-1.73	2.12
activation	-1.73	1.58
bulk	-1.73	1.19
game	-1.73	1.94
saying	-1.72	3.31
fuck	-1.71	2.49
misread	-1.71	3.93
overlooked	-1.69	3.81
iffy	-1.69	1.40
opens	-1.67	2.12
customers	-1.67	1.34
unknown	-1.67	1.34
hearing	-1.66	1.60
noises	-1.65	1.52
licenses	-1.65	1.56
platinum	-1.64	1.26
balls	-1.64	1.80
drag	-1.64	1.73
explorer	-1.64	1.93
android	-1.63	1.49
g1	-1.63	2.20
strix	-1.62	2.29
puts	-1.61	1.67
tomb	-1.61	2.09
optimised	-1.59	1.75
tend	-1.59	1.18
distro	-1.58	1.71
contacting	-1.58	1.19
rated	-1.58	1.25
unity	-1.58	1.77
something	-1.58	3.57
old	-1.58	1.18
select	-1.58	1.85
refurbished	-1.57	1.14
retail	-1.57	1.49
32	-1.56	1.93
tied	-1.56	1.27
os	-1.56	1.95
greatest	-1.56	2.21
complaining	-1.56	1.23
750w	-1.56	1.21
longer	-1.55	1.59
650w	-1.55	1.21
complaints	-1.55	1.34
express	-1.54	2.03
supernova	-1.54	1.22
reports	-1.54	1.43
missed	-1.53	3.93
call	-1.52	1.23
real-world	-1.51	1.58
screwed	-1.51	3.86
meant	-1.51	3.89
properties	-1.51	1.87
clarify	-1.50	3.75
models	-1.50	1.49
raider	-1.50	2.08
fanboy	-1.49	1.73
cry	-1.49	1.98
incorrect	-1.48	3.84
xfx	-1.48	1.18
click	-1.47	1.85
poorly	-1.46	1.72
returns	-1.46	1.53
lack	-1.46	1.33
fanless	-1.45	1.72
prompt	-1.44	1.86
calling	-1.44	1.31
assumed	-1.44	3.85
550w	-1.44	1.17
m.2	-1.43	1.98
scenarios	-1.43	1.66
favor	-1.43	1.27
enter	-1.43	1.79
contacted	-1.43	1.21
must	-1.42	3.83
theoretical	-1.42	1.50
produce	-1.42	1.42
copies	-1.42	1.56
free	-1.41	1.81
chat	-1.41	1.15
name	-1.41	1.41
weird	-1.40	1.74
manager	-1.40	1.83
broken	-1.40	2.29
prone	-1.39	1.21
stop	-1.39	1.63
deleted	-1.39	2.97
cx600m	-1.39	1.16
serial	-1.39	1.26
phones	-1.39	1.35
ridiculous	-1.38	2.24
misleading	-1.38	3.44
boss	-1.37	1.60
application	-1.37	1.45
home	-1.37	1.88
loud	-1.36	1.45
crysis	-1.36	2.03
proprietary	-1.35	1.39
product	-1.34	1.18
registry	-1.34	1.37
bent	-1.34	2.53
capacitors	-1.34	1.16
isp	-1.33	1.46
synthetic	-1.33	1.29
cell	-1.32	1.39
tri-x	-1.32	1.16
80plus	-1.32	1.12
reported	-1.31	1.29
ass	-1.31	1.68
vapor-x	-1.31	1.15
dd	-1.31	1.15
620w	-1.31	1.15
toxic	-1.30	1.13
proven	-1.30	1.36
toshiba	-1.29	1.28
vapor	-1.29	1.15
tab	-1.29	1.77
rails	-1.29	1.45
boy	-1.29	2.54
palit	-1.29	1.31
1000w	-1.29	1.16
dual-x	-1.28	1.12
creed	-1.28	1.75
golden	-1.28	1.18
headache	-1.28	1.30
legitimate	-1.28	1.64
disregard	-1.27	2.87
galaxy	-1.27	1.31
awkward	-1.27	1.25
style	-1.27	1.91
non-reference	-1.27	1.62
remote	-1.27	1.50
semi	-1.27	1.09
gold	-1.26	1.12
cx	-1.26	1.13
killed	-1.26	2.26
powercolor	-1.26	1.11
rating	-1.26	1.17
sometimes	-1.26	1.29
mac	-1.25	1.20
lean	-1.24	1.40
bus	-1.24	1.85
rude	-1.24	2.00
hair	-1.24	1.38
degradation	-1.24	1.37
impossible	-1.24	1.28
certified	-1.23	1.10
buyer	-1.23	1.27
odd	-1.23	1.59
2007	-1.23	1.08
incredible	-1.23	1.79
112	-1.22	1.50
modular	-1.22	1.11
versions	-1.22	1.31
rarely	-1.22	1.38
bronze	-1.22	1.10
midrange	-1.21	1.43
g	-1.21	1.20
engine	-1.21	1.41
850w	-1.21	1.12
compressed	-1.21	1.22
installer	-1.21	1.72
4-5	-1.20	1.59
scrap	-1.20	1.42
ms	-1.20	1.99
type	-1.20	1.75
folders	-1.19	1.28
inefficient	-1.19	1.23
gigabytes	-1.19	1.92
team	-1.19	1.50
80	-1.19	1.10
lost	-1.18	2.54
listen	-1.18	1.46
pulled	-1.18	1.27
psu	-1.18	1.09
kick	-1.18	1.51
rep	-1.18	1.23
bf3	-1.17	2.07
semi-modular	-1.17	1.08
easier	-1.17	1.35
group	-1.16	1.25
bioshock	-1.16	2.10
names	-1.16	1.22
grid	-1.16	1.85
request	-1.16	1.55
cloning	-1.16	1.49
uefi	-1.15	1.75
startup	-1.15	1.71
thrown	-1.15	1.29
obvious	-1.15	3.54
press	-1.14	1.76
return	-1.14	1.17
period	-1.13	1.28
ccleaner	-1.13	1.34
disc	-1.13	1.61
bits	-1.12	1.21
touched	-1.12	1.47
aka	-1.12	1.30
reviews	-1.12	1.27
downclock	-1.12	1.66
tricky	-1.11	1.32
dreamspark	-1.11	1.37
pny	-1.11	1.40
seen	-1.11	1.26
windforce	-1.11	1.24
distribution	-1.11	1.34
illegal	-1.11	1.40
freenas	-1.10	1.14
evga	-1.10	1.25
says	-1.10	1.76
frozr	-1.10	1.24
far	-1.10	1.65
fake	-1.10	0.88
infinite	-1.10	1.86
louder	-1.09	1.59
luckily	-1.09	2.14
seller	-1.09	1.19
systems	-1.09	1.25
made	-1.09	1.30
notch	-1.09	2.15
inferior	-1.09	1.49
ditch	-1.08	1.57
brain	-1.08	2.14
machine	-1.08	1.31
usage	-1.07	1.39
missing	-1.07	3.52
downvote	-1.07	1.77
removed	-1.07	1.51
frequently	-1.07	1.47
worthless	-1.07	1.31
occasionally	-1.06	1.48
disable	-1.06	1.71
cx600	-1.06	1.07
row	-1.06	1.73
lightning	-1.06	1.26
upset	-1.06	1.59
directcu	-1.06	1.17
twin	-1.06	1.19
onto	-1.05	1.58
writer	-1.05	1.49
efficiency	-1.05	1.27
damaged	-1.04	1.81
beside	-1.04	1.35
extended	-1.03	1.18
configure	-1.03	1.73
600w	-1.03	1.04
bootable	-1.03	1.60
positive	-1.03	1.25
acx	-1.03	1.28
portable	-1.03	1.16
boots	-1.03	1.72
shaders	-1.02	1.56
500w	-1.02	1.04
idiot	-1.02	2.02
550	-1.02	1.10
r9	-1.02	1.07
forgetting	-1.01	2.34
custom	-1.01	1.18
tells	-1.01	2.05
v300	-1.01	1.42
copied	-1.01	2.31
fails	-1.01	1.55
450w	-1.01	1.03
gtx970	-1.00	1.29
sapphire	-1.00	1.08
unnecessary	-1.00	1.32
rip	-1.00	1.31
heat	-1.00	1.03
stating	-1.00	2.05
started	-1.00	1.51
client	-1.00	1.36
maximum	-0.99	1.48
caught	-0.99	1.80
situations	-0.99	1.63
scary	-0.99	1.44
cert	-0.99	1.22
shorter	-0.99	1.49
returned	-0.99	1.14
ratings	-0.99	1.27
lasts	-0.99	1.45
troll	-0.98	1.68
290	-0.98	1.07
disappointed	-0.98	3.02
severely	-0.98	1.64
dusty	-0.98	1.20
dirt	-0.98	1.55
asks	-0.98	2.01
dies	-0.98	1.05
specified	-0.98	2.30
mordor	-0.97	1.63
4g	-0.97	1.27
disagree	-0.97	1.90
dust	-0.97	1.12
selecting	-0.97	1.60
chrome	-0.96	1.46
pointless	-0.96	1.41
confusing	-0.96	1.58
280x	-0.95	1.05
fresh	-0.95	1.69
north	-0.95	1.29
marketing	-0.95	1.28
nowhere	-0.95	1.16
970	-0.95	1.27
opened	-0.94	1.51
workload	-0.94	1.42
ac	-0.94	1.39
superclocked	-0.94	1.24
installs	-0.94	1.39
splash	-0.94	1.72
city	-0.94	1.17
cx500m	-0.93	1.03
servers	-0.93	1.15
750	-0.93	1.03
remove	-0.92	1.44
620	-0.92	1.05
advertised	-0.92	1.32
legal	-0.92	1.50
defective	-0.92	1.38
apparently	-0.92	1.88
starts	-0.92	1.54
popped	-0.92	1.60
excuse	-0.91	1.68
harder	-0.91	1.31
workstations	-0.91	1.12
advanced	-0.91	1.77
download	-0.91	1.49
screen	-0.90	1.66
replacement	-0.90	1.19
ignorant	-0.90	1.78
states	-0.90	1.35
sc	-0.90	1.22
stated	-0.90	2.04
exchange	-0.90	1.12
dissipation	-0.90	1.06
marked	-0.90	1.97
charging	-0.90	1.09
hardest	-0.90	1.23
constantly	-0.90	1.34
pressing	-0.89	1.65
covered	-0.89	1.19
coolers	-0.89	1.76
enterprise	-0.89	1.16
dry	-0.89	1.28
needs	-0.88	2.01
ftw	-0.88	1.22
useless	-0.88	1.46
valid	-0.87	1.96
280	-0.87	1.02
tri	-0.87	1.10
16	-0.87	1.49
excess	-0.87	1.27
lacks	-0.87	1.10
geforce	-0.87	1.08
failed	-0.86	1.64
gigs	-0.86	1.44
talk	-0.86	1.50
often	-0.86	1.35
living	-0.86	1.27
items	-0.86	1.08
server	-0.85	1.24
noctuas	-0.85	1.40
discounted	-0.85	1.07
waste	-0.85	1.42
x86	-0.85	1.52
800w	-0.85	0.96
cx500	-0.85	1.02
gtx770	-0.85	1.16
void	-0.85	1.14
sees	-0.84	2.63
610	-0.84	1.03
suggesting	-0.84	1.91
bar	-0.84	2.00
cardboard	-0.84	1.06
fail	-0.84	1.16
format	-0.84	1.55
ad	-0.84	1.19
difficult	-0.84	1.19
slower	-0.83	1.62
register	-0.82	1.11
laying	-0.82	1.02
blower	-0.82	1.13
success	-0.82	1.26
rigs	-0.82	1.15
devices	-0.82	1.29
mentioned	-0.82	1.91
lived	-0.81	1.34
formatted	-0.81	1.49
prior	-0.81	1.49
open	-0.81	1.35
clone	-0.81	1.45
sells	-0.81	0.97
linux	-0.81	1.32
cd	-0.81	1.41
skip	-0.80	1.53
650	-0.80	0.99
wrote	-0.80	2.66
certification	-0.80	1.08
produced	-0.80	1.16
benchmarks	-0.80	1.14
exceptions	-0.80	1.71
wind	-0.80	1.09
town	-0.79	1.15
mobile	-0.79	1.61
benchmarking	-0.79	1.11
computers	-0.79	1.14
supply	-0.79	1.04
item	-0.79	1.09
said	-0.79	1.96
uncomfortable	-0.79	1.09
eliminate	-0.78	1.39
corsair	-0.78	1.04
bench	-0.78	1.06
3gb	-0.78	1.06
tests	-0.78	1.09
delete	-0.78	1.57
processes	-0.78	1.36
blown	-0.77	1.26
failures	-0.77	1.19
realised	-0.77	3.23
usa	-0.77	1.24
designed	-0.77	1.46
partitions	-0.77	1.46
vm	-0.77	1.23
temporary	-0.77	1.21
lowest	-0.77	2.87
rebuild	-0.77	1.17
editions	-0.77	1.20
browser	-0.77	1.40
transfer	-0.77	1.27
pi	-0.77	1.29
optional	-0.77	1.42
joke	-0.76	1.97
results	-0.76	1.13
pointed	-0.76	1.85
pack	-0.76	1.38
flash	-0.76	1.42
comparisons	-0.76	1.14
largest	-0.76	1.78
rail	-0.76	0.93
scratch	-0.76	1.39
edition	-0.75	1.03
tries	-0.75	1.91
sites	-0.75	1.20
jet	-0.75	1.42
live	-0.75	1.31
copying	-0.75	1.45
r2.0	-0.75	1.08
blame	-0.75	1.31
strange	-0.75	1.52
refund	-0.75	1.03
quieter	-0.75	1.61
burned	-0.74	1.20
raspberry	-0.74	1.33
reads	-0.74	1.23
m5a97	-0.74	1.08
speeds	-0.74	1.56
frequent	-0.74	1.36
285	-0.74	0.99
else	-0.74	1.91
benchmark	-0.74	1.09
comparison	-0.73	1.10
located	-0.73	1.24
recovery	-0.73	1.39
trip	-0.73	1.11
ones	-0.73	1.25
12	-0.73	1.25
america	-0.73	1.26
program	-0.73	1.30
am3	-0.73	1.06
heavily	-0.73	1.44
blind	-0.72	1.95
gtx760	-0.72	1.05
site	-0.72	1.17
dvd	-0.72	1.33
dated	-0.72	1.11
shadow	-0.72	1.46
version	-0.72	1.15
classified	-0.72	1.18
steam	-0.72	1.29
scores	-0.72	1.09
4	-0.72	1.49
12v	-0.72	1.04
smart	-0.72	1.08
plus	-0.71	1.00
fell	-0.71	1.63
utility	-0.71	1.35
unstable	-0.71	1.16
outdated	-0.71	1.15
discs	-0.71	1.30
knows	-0.71	2.59
fully	-0.70	1.17
realized	-0.70	3.15
manufacturing	-0.70	1.10
mentioning	-0.70	1.99
nuc	-0.70	1.26
caps	-0.70	1.04
secondly	-0.70	1.13
reference	-0.70	1.10
recommended	-0.70	1.24
rw	-0.70	1.39
macbook	-0.70	1.30
burn	-0.70	1.23
3dmark	-0.70	1.09
disk	-0.69	1.40
kicks	-0.69	1.20
pressed	-0.69	1.77
exclusive	-0.69	1.42
partition	-0.69	1.42
rebranded	-0.68	1.17
vents	-0.68	1.06
sounded	-0.68	2.29
practice	-0.68	1.35
showed	-0.68	1.46
fucking	-0.68	2.00
consumer	-0.68	1.38
typo	-0.68	3.21
insert	-0.68	1.41
unigine	-0.68	1.06
folder	-0.68	1.28
regarded	-0.68	2.20
confusion	-0.68	2.93
higher-end	-0.68	1.18
witcher	-0.68	1.67
gddr5	-0.67	1.06
corrected	-0.67	3.05
290x	-0.67	1.04
university	-0.67	1.17
title	-0.67	2.92
random	-0.67	1.26
x2	-0.67	1.05
websites	-0.67	1.19
portability	-0.67	1.10
model	-0.66	1.21
reproduction	-0.66	1.45
metal	-0.66	1.01
blocking	-0.66	1.34
boot	-0.66	1.49
realistic	-0.66	1.37
pirate	-0.66	1.61
sent	-0.66	1.05
ages	-0.66	1.36
valley	-0.66	1.07
270x	-0.66	0.95
reader	-0.66	1.24
highest	-0.66	2.80
themselves	-0.65	1.01
actual	-0.65	1.16
came	-0.65	1.10
sensitive	-0.65	1.11
commonly	-0.65	1.35
apartment	-0.65	1.04
gb	-0.65	1.35
speak	-0.65	1.08
through	-0.65	1.34
burner	-0.65	1.24
minimum	-0.65	1.16
fortunately	-0.65	1.50
applications	-0.65	1.30
spelling	-0.64	2.66
downloads	-0.64	1.31
ddr2	-0.64	0.98
vote	-0.64	1.70
travel	-0.64	1.00
surge	-0.64	1.48
overboard	-0.64	1.21
multithreading	-0.64	1.25
ears	-0.64	1.11
file	-0.64	1.34
soldered	-0.64	1.05
17	-0.64	1.20
complicated	-0.63	1.16
breaks	-0.63	1.13
firefox	-0.63	1.31
packaging	-0.63	1.13
quote	-0.63	2.00
developed	-0.63	1.14
arguing	-0.63	1.64
numbers	-0.63	1.08
anandtech	-0.63	1.10
apologize	-0.63	2.56
770	-0.63	1.03
repair	-0.63	1.19
fee	-0.62	1.21
downvotes	-0.62	1.75
daily	-0.62	1.35
430w	-0.62	0.98
restore	-0.62	1.35
create	-0.62	1.36
2gb	-0.62	1.01
ive	-0.62	1.36
claims	-0.62	1.60
regular	-0.62	1.38
installation	-0.62	1.55
opt	-0.62	1.35
zfs	-0.62	1.15
shipping	-0.61	1.21
score	-0.61	1.11
benches	-0.61	1.09
hardly	-0.61	1.32
series	-0.61	1.04
gig	-0.61	1.33
volume	-0.61	1.21
tim	-0.61	1.32
apologies	-0.61	2.91
slow	-0.61	1.18
powersupply	-0.61	0.99
enermax	-0.60	1.02
cooling	-0.60	1.84
760	-0.60	1.00
faulty	-0.60	1.51
utilities	-0.60	1.23
lesser	-0.60	1.35
loose	-0.60	2.45
original	-0.60	2.25
software	-0.60	1.28
been	-0.59	1.22
ray	-0.59	1.28
suggested	-0.59	1.76
task	-0.59	1.32
failing	-0.59	1.22
supporting	-0.59	1.22
loaded	-0.59	1.33
w/o	-0.59	1.07
ddr	-0.59	1.12
sentence	-0.58	2.71
18	-0.58	1.16
refers	-0.58	1.38
512	-0.58	1.30
eight	-0.58	1.36
regards	-0.58	1.21
cx430	-0.58	0.92
270	-0.58	0.93
sniper	-0.58	1.38
edited	-0.58	3.00
environment	-0.58	1.17
industry	-0.58	1.32
import	-0.58	1.13
spin	-0.58	1.10
creates	-0.57	1.06
sheet	-0.57	0.99
fixed	-0.57	2.34
interference	-0.57	1.22
umart	-0.56	1.05
bare	-0.56	1.29
edit	-0.56	3.09
designs	-0.56	1.16
begin	-0.56	1.49
non-modular	-0.56	0.95
lying	-0.56	1.33
prime	-0.56	1.09
consistently	-0.56	1.37
290/290x	-0.56	1.02
independent	-0.56	1.14
paper	-0.56	0.97
layout	-0.56	1.60
blu	-0.55	1.28
eg	-0.55	1.23
duo	-0.55	0.91
reflect	-0.55	1.61
six	-0.55	1.34
sticker	-0.55	1.08
areas	-0.55	1.32
label	-0.55	1.12
fried	-0.54	1.60
booting	-0.54	1.39
laugh	-0.54	1.79
6	-0.54	1.31
3	-0.54	1.49
nas	-0.54	1.14
programs	-0.54	1.35
preferred	-0.54	1.06
ended	-0.54	1.33
wattage	-0.54	0.90
causing	-0.54	1.21
giant	-0.54	1.41
ti	-0.54	0.99
from	-0.54	1.03
dying	-0.54	1.07
students	-0.54	1.09
causes	-0.54	1.16
written	-0.53	1.71
gta	-0.53	1.57
death	-0.53	2.77
downloaded	-0.53	1.39
wipe	-0.53	1.18
gtx780	-0.53	1.02
skype	-0.53	1.15
reformat	-0.53	1.48
plex	-0.52	1.26
burning	-0.52	1.23
fees	-0.52	1.21
gtx	-0.52	1.00
vlc	-0.52	1.30
optical	-0.52	1.22
across	-0.52	1.35
lane	-0.51	1.22
seriously	-0.51	2.09
temporarily	-0.51	1.43
640	-0.51	0.96
iv	-0.51	1.39
saw	-0.51	2.26
overkill	-0.51	1.06
length	-0.51	1.32
commander	-0.51	0.97
line	-0.51	1.01
sorta	-0.51	1.41
whoops	-0.51	3.13
970s	-0.51	1.09
gotten	-0.51	1.32
packages	-0.50	1.05
mention	-0.50	2.87
780	-0.50	1.00
wallet	-0.50	1.10
750ti	-0.50	0.92
bag	-0.50	1.09
writes	-0.50	1.12
silver	-0.49	0.96
equipment	-0.49	1.05
shorten	-0.49	1.44
recommending	-0.49	1.59
blew	-0.49	1.23
cross	-0.49	1.52
crack	-0.49	1.60
installing	-0.49	1.44
reinstall	-0.49	1.47
four	-0.49	1.36
400w	-0.49	0.89
total	-0.49	1.24
button	-0.49	1.45
shroud	-0.49	1.27
files	-0.49	1.26
tabs	-0.48	1.26
requires	-0.48	1.13
consumers	-0.48	1.12
265	-0.48	0.91
occur	-0.48	1.14
heaven	-0.48	1.04
redo	-0.48	1.04
instances	-0.48	1.20
lie	-0.48	1.26
charges	-0.48	1.20
radeon	-0.47	0.89
circumstances	-0.47	1.30
voice	-0.47	0.94
formatting	-0.47	2.23
freezes	-0.47	1.17
graph	-0.47	1.22
acer	-0.47	1.21
array	-0.47	1.11
havent	-0.47	1.15
letter	-0.47	1.23
piracy	-0.47	1.54
bluray	-0.47	1.26
mistake	-0.47	2.96
downvoted	-0.47	1.71
doa	-0.46	1.16
plastic	-0.46	0.97
library	-0.46	1.24
dog	-0.46	1.21
cancel	-0.46	1.03
slowly	-0.46	1.40
kept	-0.46	1.24
r7	-0.46	0.90
300w	-0.46	0.88
existing	-0.46	1.21
watt	-0.46	0.89
shuts	-0.46	1.20
selling	-0.46	0.90
wasnt	-0.46	2.72
chart	-0.46	1.17
experience	-0.46	1.35
student	-0.46	1.10
ve	-0.46	1.16
furthermore	-0.46	1.53
protection	-0.46	1.15
2008	-0.46	0.89
ops	-0.46	1.95
lanes	-0.45	1.20
hotter	-0.45	1.39
theirs	-0.45	1.05
double	-0.45	1.01
regard	-0.45	1.46
pressure	-0.45	1.00
430	-0.45	0.93
990	-0.45	0.98
520	-0.45	1.04
amds	-0.45	1.05
exclusively	-0.45	1.09
gtx660	-0.44	0.93
x16	-0.44	1.23
disks	-0.44	1.15
comes	-0.44	0.99
prevent	-0.44	1.10
bandwidth	-0.44	1.17
touching	-0.44	1.03
gigabyte	-0.44	1.04
admit	-0.44	1.55
intended	-0.44	1.41
floppy	-0.44	1.09
potato	-0.44	1.42
linked	-0.44	1.51
sold	-0.44	0.87
protect	-0.44	1.03
260x	-0.44	0.90
looked	-0.44	1.44
direct	-0.43	0.98
fat	-0.43	1.33
stored	-0.43	1.24
2	-0.43	1.46
carry	-0.43	1.70
air	-0.43	1.06
face	-0.43	1.20
conductive	-0.43	0.96
differently	-0.42	1.25
circuit	-0.42	1.01
built	-0.42	1.02
listing	-0.42	1.32
bequiet	-0.42	1.14
facing	-0.42	1.44
talked	-0.42	1.70
locations	-0.42	1.01
real	-0.42	1.26
mistaken	-0.42	2.80
referring	-0.42	2.40
scaling	-0.42	1.53
hungry	-0.42	1.09
exist	-0.42	1.36
250x	-0.42	0.91
retailers	-0.42	0.95
automatically	-0.42	1.11
image	-0.42	1.24
athlon	-0.41	0.97
16x	-0.41	1.23
excel	-0.41	1.33
blu-ray	-0.41	1.22
ide	-0.41	1.05
reliability	-0.41	1.35
warehouse	-0.41	0.94
7970	-0.41	0.89
tomshardware	-0.41	1.20
350w	-0.41	0.87
8x	-0.41	1.23
developers	-0.41	1.22
6gb	-0.41	1.06
fight	-0.40	1.17
alongside	-0.40	1.22
uses	-0.40	2.40
sides	-0.40	1.36
downloading	-0.40	1.34
vent	-0.40	1.04
mb	-0.40	1.23
speaking	-0.40	1.28
630	-0.40	0.96
continue	-0.40	1.45
furmark	-0.40	1.02
charge	-0.40	1.01
dragon	-0.40	1.53
insane	-0.40	1.80
replied	-0.40	2.42
receive	-0.40	1.02
terribly	-0.40	1.63
expensive	-0.40	1.14
7870	-0.40	0.88
come	-0.40	1.03
test	-0.40	1.01
box	-0.39	1.07
god	-0.39	2.31
telling	-0.39	1.65
accept	-0.39	1.04
7750	-0.39	0.88
speccy	-0.39	1.13
according	-0.39	1.22
moved	-0.39	1.13
pc	-0.39	1.20
physically	-0.39	1.75
980	-0.39	0.98
1.0	-0.39	1.10
hitachi	-0.39	1.07
failure	-0.39	1.11
7950	-0.39	0.88
occurs	-0.39	1.15
negligible	-0.38	1.23
sockets	-0.38	0.93
2.0	-0.38	1.23
developer	-0.38	1.11
end	-0.38	1.28
searched	-0.38	1.62
ideally	-0.38	1.15
x1	-0.38	1.21
pcb	-0.38	0.92
cd/dvd	-0.38	1.21
slots	-0.38	1.21
bf4	-0.38	1.51
backwards	-0.38	1.10
restart	-0.38	1.37
spec	-0.38	1.20
shows	-0.37	1.16
markup	-0.37	1.32
usb	-0.37	1.23
write	-0.37	1.06
ai	-0.37	1.39
variants	-0.37	1.00
pcie	-0.37	1.18
data	-0.37	1.15
wire	-0.37	1.60
hackintosh	-0.37	1.09
number	-0.37	1.12
honesty	-0.37	1.59
drawing	-0.37	0.91
beyond	-0.37	1.24
ecc	-0.37	0.99
tool	-0.37	1.44
thankfully	-0.36	1.82
pump	-0.36	0.98
randomly	-0.36	1.21
shown	-0.36	1.35
ramdisk	-0.36	1.13
4gb	-0.36	1.02
htpc	-0.36	1.06
3.0	-0.36	1.22
initial	-0.35	1.61
amazon	-0.35	0.95
clean	-0.35	1.07
fins	-0.35	1.02
device	-0.35	1.28
rift	-0.35	1.49
x8	-0.35	1.17
3-5	-0.35	1.16
opening	-0.35	1.27
aside	-0.35	1.52
noticed	-0.35	1.45
documents	-0.35	1.23
workstation	-0.35	1.04
backup	-0.35	1.19
imgur	-0.35	1.65
apus	-0.35	1.05
wrap	-0.35	1.05
checks	-0.35	1.28
conditions	-0.35	1.23
facts	-0.35	1.57
received	-0.34	1.08
2-3	-0.34	1.20
artifacts	-0.34	1.27
cleaning	-0.34	1.04
exception	-0.34	1.15
crashes	-0.34	1.25
re-install	-0.34	1.39
closed	-0.34	1.09
physical	-0.34	1.27
pci	-0.34	1.20
fixing	-0.33	1.65
thermaltake	-0.33	0.95
cores	-0.33	1.30
website	-0.33	1.04
vrms	-0.33	0.95
package	-0.33	1.08
command	-0.33	1.34
260	-0.33	0.89
660	-0.33	0.88
comment	-0.33	2.50
periods	-0.33	1.02
multi-threaded	-0.33	1.20
spinning	-0.33	1.18
98	-0.33	1.03
4x	-0.33	1.22
4000	-0.33	0.99
sets	-0.33	1.00
ignorance	-0.33	2.10
tone	-0.33	1.58
lazy	-0.33	1.51
tape	-0.32	0.94
had	-0.32	1.11
7770	-0.32	0.85
24/7	-0.32	1.08
celeron	-0.32	0.94
caused	-0.32	1.13
indicate	-0.32	1.10
mark	-0.32	0.99
solder	-0.32	1.09
move	-0.32	1.22
refurb	-0.32	0.93
weak	-0.32	1.11
grade	-0.32	0.93
2-4	-0.32	1.21
overpaying	-0.32	1.01
quicker	-0.32	1.23
5	-0.32	1.19
geared	-0.32	1.26
smoke	-0.32	1.26
11	-0.32	1.09
context	-0.32	2.27
layer	-0.32	1.06
ships	-0.32	1.06
ball	-0.32	1.11
voltage	-0.32	1.01
128	-0.32	1.20
xbmc	-0.31	1.18
uninstall	-0.31	1.35
copper	-0.31	0.92
called	-0.31	1.09
detected	-0.31	1.17
slowing	-0.31	1.11
testing	-0.31	1.03
intakes	-0.31	1.00
1gb	-0.31	0.88
drive	-0.31	1.13
4820k	-0.31	0.94
pci-e	-0.31	1.16
7790	-0.31	0.85
utilization	-0.31	1.12
slot	-0.31	1.19
estimated	-0.31	0.91
lga2011	-0.31	0.94
language	-0.31	1.65
raid	-0.31	1.05
blowing	-0.30	1.04
vms	-0.30	1.14
anti	-0.30	1.12
socket	-0.30	0.90
biased	-0.30	1.18
excellent	-0.30	1.75
vrm	-0.30	0.98
clc	-0.30	1.10
translate	-0.30	1.30
msi	-0.30	1.00
watercooler	-0.30	1.09
aio	-0.30	1.09
tom	-0.30	1.17
requiring	-0.30	1.12
send	-0.30	1.04
oops	-0.30	3.01
780ti	-0.30	0.93
messing	-0.30	1.37
peak	-0.30	0.91
faster	-0.30	1.42
h60	-0.30	1.04
beep	-0.30	1.04
reboot	-0.30	1.36
670	-0.30	0.92
touch	-0.29	0.96
h55	-0.29	1.04
intake	-0.29	1.00
excessive	-0.29	1.15
act	-0.29	1.24
pushes	-0.29	1.13
650ti	-0.29	0.86
stats	-0.29	1.05
fire	-0.29	1.35
measurements	-0.29	1.09
<SPECIAL>	-0.29	0.99
<URL>	-0.29	0.99
inside	-0.29	1.04
consume	-0.29	0.96
cause	-0.29	1.12
bottlenecked	-0.29	1.06
tube	-0.29	0.92
outside	-0.29	1.00
judging	-0.29	1.21
cpu-z	-0.29	1.10
borrow	-0.29	1.54
playback	-0.29	1.25
8-core	-0.29	0.97
location	-0.28	1.19
filter	-0.28	0.96
sp	-0.28	1.00
diy	-0.28	1.14
handling	-0.28	0.97
7850	-0.28	0.84
mantle	-0.28	1.14
collection	-0.28	1.18
bay	-0.28	1.07
acting	-0.28	1.30
legacy	-0.28	1.16
capacity	-0.28	1.02
4th	-0.28	1.04
ruin	-0.28	1.12
plate	-0.28	1.91
pre-applied	-0.28	0.93
operations	-0.28	1.10
plays	-0.28	1.91
indicates	-0.28	0.94
preferable	-0.27	1.02
long	-0.27	1.36
rare	-0.27	1.08
down	-0.27	1.11
level	-0.27	1.17
cover	-0.27	1.03
maxed	-0.27	1.39
gpu-z	-0.27	1.09
stress	-0.27	0.99
egg	-0.27	0.92
x79	-0.27	0.94
email	-0.27	1.13
cougar	-0.27	1.03
review	-0.27	1.22
development	-0.27	1.11
listed	-0.27	1.29
backups	-0.27	1.14
professional	-0.27	1.08
pci-express	-0.27	1.16
efficient	-0.27	1.14
resubmit	-0.26	1.44
costly	-0.26	1.07
ect	-0.26	1.21
gentle	-0.26	1.07
utilize	-0.26	1.28
study	-0.26	1.11
earth	-0.26	1.08
claim	-0.26	1.23
shelf	-0.26	0.97
980s	-0.26	0.92
backplate	-0.26	2.06
catalyst	-0.26	1.30
inwin	-0.26	0.93
5930k	-0.26	0.97
typically	-0.26	1.08
760s	-0.26	0.92
decade	-0.26	1.11
itself	-0.26	1.08
broke	-0.26	1.48
component	-0.26	1.13
h100	-0.26	1.00
770s	-0.26	0.92
1.5	-0.26	1.10
lga	-0.26	0.88
fx	-0.26	0.93
ship	-0.26	0.90
33	-0.26	1.09
h110	-0.26	1.02
generate	-0.26	1.06
includes	-0.26	1.17
raid0	-0.25	1.05
pipes	-0.25	0.90
optimize	-0.25	1.21
h105	-0.25	0.99
tired	-0.25	1.50
h100i	-0.25	0.99
staticice	-0.25	1.14
tp-link	-0.25	1.14
filled	-0.25	1.01
shipped	-0.25	0.99
prime95	-0.25	0.99
surface	-0.25	0.85
amounts	-0.25	1.17
9590	-0.25	0.93
noctua	-0.25	1.17
wonderful	-0.25	1.50
fans	-0.25	1.01
previous	-0.25	1.99
unbalanced	-0.25	1.01
shift	-0.25	1.10
countries	-0.24	0.86
attention	-0.24	1.30
h80i	-0.24	0.99
hit	-0.24	1.09
power	-0.24	0.89
exhaust	-0.24	0.99
experiencing	-0.24	1.10
incase	-0.24	1.06
additionally	-0.24	1.06
sp120	-0.24	1.02
apu	-0.24	1.03
manage	-0.24	1.04
public	-0.24	1.12
pulling	-0.24	1.02
initially	-0.24	1.97
throttle	-0.24	1.08
vice	-0.24	1.31
suddenly	-0.24	1.25
gave	-0.24	1.89
never	-0.24	1.05
amps	-0.24	0.93
ran	-0.24	1.07
receiving	-0.24	1.13
290s	-0.24	0.92
text	-0.24	1.49
five	-0.24	1.13
compute	-0.24	1.04
tdp	-0.24	0.86
fx6300	-0.24	0.92
article	-0.24	1.61
evidence	-0.24	1.53
3-4	-0.23	1.14
anti-static	-0.23	0.99
default	-0.23	1.15
explained	-0.23	1.87
h220	-0.23	1.01
reinstalled	-0.23	1.53
hd	-0.23	0.86
shutdown	-0.23	1.15
dips	-0.23	1.15
200w	-0.23	0.85
media	-0.23	1.19
af	-0.23	0.99
discrete	-0.23	1.05
240mm	-0.23	0.98
tag	-0.23	1.33
5820k	-0.23	0.95
100w	-0.23	0.86
patch	-0.23	1.41
drivers	-0.23	1.37
d14	-0.23	1.14
own	-0.23	1.23
filters	-0.23	0.97
submit	-0.23	1.39
comparing	-0.23	1.00
area	-0.23	0.87
wasted	-0.23	1.18
6350	-0.23	0.92
tis	-0.23	0.92
prove	-0.23	1.64
freeze	-0.23	1.21
tasks	-0.23	1.11
mirror	-0.23	1.07
partpicker	-0.23	1.20
lead	-0.22	1.08
fx-6300	-0.22	0.93
280mm	-0.22	0.98
680	-0.22	0.89
uninstalled	-0.22	1.44
x61	-0.22	0.99
shrink	-0.22	1.10
irrelevant	-0.22	1.44
fx-8320	-0.22	0.91
country	-0.22	0.91
english	-0.22	1.95
lists	-0.22	1.21
deliver	-0.22	1.00
nh-d15	-0.22	1.13
nevermind	-0.22	2.96
1-2	-0.22	1.13
phases	-0.22	0.90
replaced	-0.22	0.98
wood	-0.22	0.96
120mm	-0.22	0.98
market	-0.22	2.42
io	-0.22	2.13
140mm	-0.22	0.98
pccg	-0.22	0.95
x60	-0.22	0.99
kraken	-0.22	0.99
mass	-0.22	1.09
enable	-0.22	1.18
grounded	-0.22	0.99
due	-0.21	1.01
returning	-0.21	1.00
showing	-0.21	1.20
redundancy	-0.21	1.09
8350	-0.21	0.95
59	-0.21	0.93
hdd/ssd	-0.21	1.07
offered	-0.21	0.97
8320	-0.21	0.93
high-end	-0.21	1.16
10-15	-0.21	1.10
loop	-0.21	1.02
radiator	-0.21	0.96
780s	-0.21	0.91
system	-0.21	1.20
war	-0.21	1.62
draw	-0.21	0.90
without	-0.21	1.13
read/write	-0.21	1.12
brackets	-0.21	1.91
profit	-0.20	0.97
backed	-0.20	1.19
virus	-0.20	1.34
mounted	-0.20	1.68
older	-0.20	1.02
wear	-0.20	1.00
mode	-0.20	1.13
pcpp	-0.20	1.09
r9-290	-0.20	0.93
amd	-0.20	0.94
word	-0.20	1.41
simpler	-0.20	1.30
read	-0.20	1.32
reviewed	-0.20	1.21
fx8320	-0.20	0.92
ups	-0.20	1.05
liquid	-0.20	1.10
shock	-0.20	0.99
german	-0.20	1.02
method	-0.20	1.29
shut	-0.20	1.12
typical	-0.20	1.21
mistakes	-0.20	2.04
split	-0.20	1.03
pass	-0.20	1.06
degrade	-0.20	1.09
unlikely	-0.20	1.24
produces	-0.20	1.08
worrying	-0.19	1.31
threads	-0.19	1.33
5.25	-0.19	1.06
occasional	-0.19	1.16
speed	-0.19	1.14
x4	-0.19	0.91
flat	-0.19	0.95
duty	-0.19	1.17
report	-0.19	1.47
ivy	-0.19	0.90
salt	-0.19	0.98
local	-0.19	0.85
ie	-0.19	1.04
10	-0.19	1.10
bracket	-0.19	1.93
bundles	-0.19	0.91
storing	-0.19	1.17
swiftech	-0.19	0.98
forgive	-0.19	2.05
delivery	-0.19	0.97
drives	-0.19	1.01
europe	-0.19	0.93
discharge	-0.19	0.96
official	-0.19	1.25
silent	-0.19	1.49
grounding	-0.19	0.97
requirement	-0.19	1.08
calculator	-0.19	0.97
whatnot	-0.19	1.06
further	-0.19	1.48
water	-0.18	1.02
url	-0.18	1.40
compared	-0.18	1.27
understood	-0.18	2.46
isopropyl	-0.18	0.95
pure	-0.18	1.19
shutting	-0.18	1.12
tear	-0.18	1.36
somewhere	-0.18	1.30
past	-0.18	1.07
rev	-0.18	0.95
beeps	-0.18	1.04
essentials	-0.18	1.42
x99	-0.18	0.91
afterburner	-0.18	1.10
nh-d14	-0.18	1.12
direction	-0.18	1.31
each	-0.18	1.12
consuming	-0.18	1.06
couple	-0.18	1.16
80mm	-0.18	0.98
checked	-0.18	1.59
stack	-0.18	1.29
rubbing	-0.18	0.98
monitoring	-0.18	1.05
bundle	-0.17	0.90
static	-0.17	0.94
lay	-0.17	0.95
passed	-0.17	0.92
push/pull	-0.17	0.96
external	-0.17	1.04
hassle	-0.17	1.15
pro	-0.17	1.09
hence	-0.17	1.18
alcohol	-0.17	0.96
6300	-0.17	0.92
lg	-0.17	1.20
arrow	-0.17	1.15
unused	-0.17	1.04
6-core	-0.17	0.90
latest	-0.17	1.29
sata	-0.17	1.11
driver	-0.17	1.31
firmware	-0.17	1.40
scythe	-0.17	1.08
850	-0.17	1.09
automatic	-0.17	1.08
incompatible	-0.16	0.94
updates	-0.16	1.36
floor	-0.16	0.86
forget	-0.16	1.89
ten	-0.16	1.14
bridge	-0.16	0.90
consumption	-0.16	0.96
hold	-0.16	1.33
1x	-0.16	1.13
argue	-0.16	1.37
noob	-0.16	1.85
producing	-0.16	1.03
possibly	-0.16	1.72
thermal	-0.16	0.99
gen	-0.16	1.04
sandy	-0.16	0.89
related	-0.16	1.25
chance	-0.16	1.29
internal	-0.16	1.06
offerings	-0.16	1.13
tested	-0.16	1.05
vishera	-0.16	0.94
virtual	-0.16	1.17
moves	-0.16	1.19
creating	-0.16	1.12
store	-0.16	0.85
despite	-0.16	1.31
process	-0.16	1.05
included	-0.15	1.13
three	-0.15	1.18
factory	-0.15	1.19
forgot	-0.15	2.92
mounting	-0.15	1.88
battlefield	-0.15	1.74
usb3.0	-0.15	0.91
arctic	-0.15	0.92
generally	-0.15	1.24
pushing	-0.15	0.97
cards	-0.15	1.02
vram	-0.15	1.08
words	-0.15	2.26
ground	-0.15	0.96
g10	-0.15	0.99
750k	-0.15	0.93
damage	-0.15	1.14
nuts	-0.15	1.06
car	-0.15	1.13
host	-0.15	1.40
computer	-0.15	1.11
reuse	-0.15	1.06
performing	-0.15	1.44
massively	-0.14	1.46
held	-0.14	1.37
risky	-0.14	1.05
hardware	-0.14	1.06
990fx	-0.14	0.89
295x2	-0.14	0.90
32gb	-0.14	0.99
fx8350	-0.14	0.88
taxes	-0.14	0.95
update	-0.14	1.37
dangerous	-0.14	1.00
noticeably	-0.14	1.39
cod	-0.14	1.60
imac	-0.14	1.17
cfm	-0.14	1.11
link	-0.14	1.41
post	-0.14	1.88
falls	-0.14	1.04
materials	-0.14	0.99
zealand	-0.14	0.86
compound	-0.14	0.99
door	-0.14	1.01
660ti	-0.14	0.85
risk	-0.14	1.14
volts	-0.14	0.99
weaker	-0.14	1.36
awhile	-0.13	1.27
cleaner	-0.13	1.07
760k	-0.13	0.94
therefore	-0.13	1.18
foot	-0.13	1.00
picker	-0.13	1.11
secondary	-0.13	1.02
office	-0.13	1.12
upon	-0.13	1.44
pricier	-0.13	1.17
sorry	-0.13	2.86
gone	-0.13	1.21
created	-0.13	1.02
latter	-0.13	1.10
redundant	-0.13	1.10
generation	-0.13	1.05
levels	-0.13	1.12
than	-0.13	1.40
15-20	-0.13	1.07
carpet	-0.13	0.88
applies	-0.13	1.08
electrical	-0.13	0.82
music	-0.13	1.14
fluid	-0.13	1.04
pages	-0.13	1.24
stopped	-0.13	1.33
ii	-0.13	0.88
150w	-0.13	0.83
fx-8350	-0.13	0.90
heatsinks	-0.12	0.90
holes	-0.12	1.89
has	-0.12	0.92
tax	-0.12	0.95
thus	-0.12	1.13
upper	-0.12	1.00
loads	-0.12	1.17
insurance	-0.12	1.10
bsod	-0.12	1.19
limits	-0.12	1.03
statement	-0.12	1.91
6+2	-0.12	1.09
10-20	-0.12	1.08
exceed	-0.12	1.02
nvidia	-0.12	1.00
200mm	-0.12	0.97
860k	-0.12	0.94
radiators	-0.12	0.93
sfx	-0.12	0.89
flow	-0.12	1.00
watts	-0.12	0.83
phase	-0.12	0.96
proofing	-0.12	1.33
technologies	-0.12	1.03
rear	-0.12	1.02
290xs	-0.12	0.90
pulls	-0.12	0.84
extend	-0.12	1.27
mixing	-0.12	1.02
xeons	-0.12	0.96
250w	-0.12	0.84
lose	-0.12	1.15
usable	-0.12	1.07
15	-0.12	1.03
beta	-0.12	1.37
average	-0.12	1.14
canada	-0.12	0.93
originally	-0.11	2.04
covers	-0.11	1.10
recognize	-0.11	1.30
multithreaded	-0.11	1.09
realize	-0.11	2.88
crossfired	-0.11	0.83
kaveri	-0.11	0.99
texture	-0.11	1.18
wrist	-0.11	0.95
foam	-0.11	0.91
refuse	-0.11	1.01
strap	-0.11	0.98
enclosure	-0.11	1.02
told	-0.11	1.64
considerably	-0.11	1.40
few	-0.11	1.15
textures	-0.11	1.14
compares	-0.11	1.02
crash	-0.11	1.19
enabled	-0.11	1.12
xmp	-0.11	1.07
lines	-0.11	1.20
4930k	-0.11	0.92
revision	-0.11	1.18
electricity	-0.11	0.91
fraps	-0.11	1.07
cage	-0.11	1.13
marginally	-0.11	1.42
percentage	-0.11	1.00
rad	-0.11	0.94
specifically	-0.11	1.75
modded	-0.11	1.30
timings	-0.10	1.10
240	-0.10	0.93
sorts	-0.10	1.22
2x	-0.10	1.02
entire	-0.10	1.05
table	-0.10	0.94
cleaned	-0.10	1.06
two	-0.10	1.15
methods	-0.10	1.34
electric	-0.10	0.90
utilizing	-0.10	1.14
anecdotal	-0.10	1.22
coffee	-0.10	0.96
restricted	-0.10	1.01
remembered	-0.10	2.48
ati	-0.10	0.84
energy	-0.10	0.96
newest	-0.10	1.24
threaded	-0.10	1.08
borderlands	-0.10	1.79
par	-0.10	1.32
components	-0.10	0.99
256	-0.10	1.17
include	-0.10	1.31
sample	-0.10	1.07
bays	-0.10	1.05
found	-0.10	1.39
pop	-0.10	1.10
happens	-0.10	1.34
cheap	-0.10	1.66
contrast	-0.10	1.20
stronger	-0.10	1.38
brick	-0.10	0.88
sinks	-0.09	0.91
20-30	-0.09	1.05
exists	-0.09	1.37
realise	-0.09	2.90
seconds	-0.09	1.21
whilst	-0.09	0.98
required	-0.09	0.89
silverstone	-0.09	0.89
screw	-0.09	1.80
catch	-0.09	2.76
arma	-0.09	1.60
movie	-0.09	1.22
reaches	-0.09	1.04
standoff	-0.09	2.01
side	-0.09	1.02
listening	-0.09	1.08
disabled	-0.09	1.07
overheating	-0.09	1.10
band	-0.09	0.98
1155	-0.09	0.85
usual	-0.08	0.99
disabling	-0.08	1.21
quad	-0.08	0.88
posted	-0.08	1.69
cat	-0.08	1.35
front	-0.08	1.00
raised	-0.08	1.56
hitting	-0.08	1.06
sign	-0.08	1.03
30	-0.08	1.05
reccomend	-0.08	1.13
pay	-0.08	0.99
thought	-0.08	2.85
block	-0.08	0.90
bluetooth	-0.08	1.11
bound	-0.08	1.39
impression	-0.08	2.04
memory	-0.08	1.06
recommend	-0.08	1.20
within	-0.08	1.06
transferring	-0.08	1.13
blows	-0.08	1.05
phanteks	-0.08	1.07
portion	-0.08	1.03
ncix	-0.08	0.89
caching	-0.08	1.04
2nd	-0.08	1.00
gainward	-0.08	0.99
throttling	-0.07	1.05
ahci	-0.07	1.12
whenever	-0.07	1.03
theory	-0.07	1.49
a6	-0.07	0.96
mods	-0.07	1.18
bearing	-0.07	1.04
140	-0.07	0.91
submissions	-0.07	1.36
turns	-0.07	1.14
food	-0.07	1.21
pointing	-0.07	2.32
22	-0.07	1.12
avg	-0.07	1.33
bugs	-0.07	1.36
stores	-0.07	0.91
20	-0.07	1.04
writing	-0.07	1.22
bug	-0.07	1.35
consumes	-0.07	0.84
class	-0.07	1.04
antivirus	-0.07	1.32
section	-0.07	1.30
pull	-0.07	0.97
5-10	-0.07	1.09
6950	-0.07	0.80
search	-0.07	1.76
1.65v	-0.07	1.05
frequency	-0.07	1.09
installed	-0.07	1.26
hdds	-0.07	0.99
noting	-0.07	1.34
strain	-0.07	1.31
subjective	-0.07	1.30
print	-0.07	1.14
bias	-0.06	1.19
movies	-0.06	1.23
minor	-0.06	1.29
haswell-e	-0.06	0.92
obs	-0.06	1.05
lga1155	-0.06	0.82
self	-0.06	1.29
quadro	-0.06	0.95
draws	-0.06	0.81
round	-0.06	0.99
wtf	-0.06	1.79
tank	-0.06	0.92
apply	-0.06	0.95
happened	-0.06	1.48
parallel	-0.06	1.08
properly	-0.06	2.41
450	-0.06	0.88
album	-0.06	1.64
fan	-0.06	0.96
preferably	-0.06	0.86
backing	-0.06	1.13
online	-0.06	0.95
hwmonitor	-0.06	0.99
australia	-0.06	0.84
titan	-0.06	0.88
nz	-0.05	0.82
limit	-0.05	1.01
clocks	-0.05	1.08
processors	-0.05	0.94
pairing	-0.05	0.88
w	-0.05	0.83
updating	-0.05	1.38
argument	-0.05	1.52
salvage	-0.05	1.03
compare	-0.05	0.96
short	-0.05	1.14
appears	-0.05	1.14
tagged	-0.05	1.48
nobody	-0.05	1.82
30-40	-0.05	1.04
result	-0.05	1.04
wake	-0.05	1.11
miles	-0.05	0.86
discount	-0.05	0.95
1.5v	-0.05	1.05
slightly	-0.05	1.38
meet	-0.05	1.05
dip	-0.05	1.07
f	-0.05	1.31
i3s	-0.05	0.95
min	-0.05	1.09
viruses	-0.04	1.24
timing	-0.04	1.07
4tb	-0.04	0.99
dual-core	-0.04	0.83
credit	-0.04	0.95
underneath	-0.04	0.92
buffer	-0.04	0.93
1/2	-0.04	1.02
errors	-0.04	1.17
rads	-0.04	0.90
tubing	-0.04	0.88
threw	-0.04	1.06
making	-0.04	1.09
fast	-0.04	1.40
modified	-0.04	1.01
oculus	-0.04	1.02
5400	-0.04	1.00
cages	-0.04	1.03
staples	-0.04	0.81
avast	-0.04	1.34
sending	-0.04	1.02
protector	-0.04	0.99
wiring	-0.04	0.89
destroy	-0.04	1.02
titanfall	-0.04	1.73
i3-4130	-0.04	0.86
a8	-0.04	0.97
least	-0.04	0.92
860	-0.04	0.85
asked	-0.03	1.67
combo	-0.03	0.96
iii	-0.03	1.04
break	-0.03	1.32
25	-0.03	1.02
driving	-0.03	0.95
jumped	-0.03	1.16
widely	-0.03	2.20
researched	-0.03	1.02
cl	-0.03	1.07
practical	-0.03	1.15
35	-0.03	1.02
eyes	-0.03	1.24
physics	-0.03	1.05
cheapest	-0.03	2.49
cooler	-0.03	1.02
massive	-0.03	1.05
ssds	-0.03	1.07
picks	-0.03	0.95
specifications	-0.03	1.07
placed	-0.03	1.58
screwing	-0.03	1.71
i.e	-0.03	0.86
g3220	-0.03	0.91
bottle	-0.03	1.08
completed	-0.02	1.26
paste	-0.02	0.97
control	-0.02	1.07
90c	-0.02	0.97
damaging	-0.02	1.17
functions	-0.02	1.04
described	-0.02	1.13
competition	-0.02	1.25
v	-0.02	1.17
description	-0.02	2.03
oil	-0.02	0.98
nvm	-0.02	2.82
malwarebytes	-0.02	1.34
580	-0.02	0.82
square	-0.02	0.87
cas	-0.02	1.06
2011	-0.02	0.81
gear	-0.02	1.01
hybrid	-0.02	0.98
placement	-0.02	1.15
av	-0.02	1.45
providing	-0.02	1.08
gpus	-0.02	1.00
vast	-0.02	1.06
harddrive	-0.02	1.02
dimms	-0.02	1.00
perform	-0.02	1.35
lighter	-0.02	1.10
fm2	-0.02	0.96
i3	-0.02	0.90
mhz	-0.02	1.06
shield	-0.01	1.86
rock	-0.01	1.16
oriented	-0.01	0.98
i5s	-0.01	0.93
bill	-0.01	0.95
preferences	-0.01	1.33
c	-0.01	1.06
pin	-0.01	1.09
show	-0.01	1.15
updated	-0.01	1.57
titles	-0.01	1.30
electronics	-0.01	0.81
unplayable	-0.01	1.15
6gb/s	-0.01	1.08
40-50	-0.01	1.01
omg	-0.01	1.88
pic	-0.01	1.39
4130	-0.01	0.87
40	-0.01	1.00
hide	-0.01	1.16
steal	-0.01	1.18
1	-0.01	1.05
crazy	-0.01	1.50
pwm	-0.01	0.98
212	-0.01	0.98
scan	-0.01	1.24
5770	-0.01	0.78
simultaneously	-0.01	1.10
along	-0.01	1.04
combine	-0.00	1.03
1333	-0.00	1.04
intels	-0.00	0.96
router	-0.00	0.91
web	-0.00	1.13
compatible	-0.00	0.88
player	-0.00	1.30
ht	-0.00	1.04
a10	-0.00	1.01
recent	-0.00	1.26
discovered	-0.00	1.37
nand	-0.00	0.86
requirements	-0.00	1.25
5ghz	-0.00	1.01
linking	-0.00	1.43
feature	0.00	0.99
60-70	0.00	1.01
4150	0.00	0.87
generations	0.00	0.96
stock	0.00	0.85
hanging	0.00	0.98
in-game	0.00	0.98
ddr4	0.00	0.98
reached	0.00	1.01
removable	0.00	1.01
trim	0.00	1.06
against	0.00	1.05
pentiums	0.00	0.95
speedfan	0.00	0.99
paypal	0.00	0.93
b	0.00	1.11
shadows	0.00	1.10
displayed	0.00	1.03
years	0.00	1.02
feet	0.00	0.92
cap	0.00	1.04
trend	0.01	1.01
quiet	0.01	1.45
temperatures	0.01	1.02
ventilation	0.01	0.92
compete	0.01	1.19
lt	0.01	0.87
cloth	0.01	0.90
skeptical	0.01	1.71
reapply	0.01	1.00
shadowplay	0.01	1.00
boxed	0.01	0.88
n200	0.01	0.88
sony	0.01	1.07
span	0.01	1.27
computing	0.01	1.03
mount	0.01	1.28
selected	0.01	1.11
pentium	0.01	0.89
turn	0.01	1.05
seidon	0.01	0.92
loops	0.01	0.97
bottom	0.01	1.02
frustrating	0.01	1.09
knew	0.01	2.56
nearby	0.01	0.81
conversion	0.01	1.08
max	0.01	1.23
places	0.01	1.01
690	0.01	0.86
porn	0.01	1.26
voltages	0.02	0.98
primary	0.02	1.18
surprise	0.02	1.14
50	0.02	1.00
didnt	0.02	2.76
sweat	0.02	1.37
necessity	0.02	1.25
x6	0.02	0.79
6-pin	0.02	0.93
i5-4690k	0.02	0.86
temps	0.02	0.98
bios	0.02	1.18
who	0.02	1.95
blocks	0.02	0.91
troubleshooting	0.02	1.15
frying	0.02	1.13
offering	0.02	1.14
articles	0.02	1.37
60gb	0.02	1.06
90	0.02	0.92
top	0.03	0.99
bend	0.03	1.22
cools	0.03	1.56
batch	0.03	1.01
months	0.03	0.98
cpus	0.03	0.91
45	0.03	1.02
80c	0.03	0.98
780tis	0.03	0.87
recording	0.03	1.04
nervous	0.03	1.60
grow	0.03	1.30
core	0.03	0.84
70	0.03	0.98
hits	0.03	1.02
logo	0.03	1.25
uninstalling	0.03	1.35
tubes	0.03	0.87
clocked	0.03	0.99
net	0.03	1.05
160	0.03	0.88
single-threaded	0.03	1.04
account	0.03	1.25
stickers	0.03	1.12
250	0.03	0.88
crucial	0.03	1.12
labeled	0.03	1.02
instantly	0.03	1.18
atleast	0.03	0.92
straight	0.03	1.06
locally	0.03	0.87
chips	0.03	0.92
leads	0.04	0.94
ultimate	0.04	1.82
accessories	0.04	1.01
21.5	0.04	1.15
12gb	0.04	0.95
clock	0.04	1.13
thousand	0.04	1.05
dongle	0.04	1.07
230	0.04	0.86
4600	0.04	0.98
critical	0.04	1.07
overheat	0.04	1.08
sdd	0.04	1.11
1150	0.04	0.82
i7s	0.04	0.98
discounts	0.04	0.89
dynamic	0.04	1.14
yet	0.04	1.13
stuttering	0.04	1.26
auto	0.04	1.04
watercooling	0.04	0.94
internet	0.04	1.01
ridiculously	0.04	1.42
suffer	0.04	0.99
near	0.04	0.89
separate	0.04	1.03
480	0.04	0.79
tools	0.04	1.27
counterparts	0.04	1.17
50c	0.04	0.98
maintenance	0.04	1.13
neck	0.04	1.05
physx	0.04	0.99
major	0.04	1.32
arm	0.04	0.93
i3-4150	0.04	0.85
ultra	0.05	1.20
last	0.05	1.01
rules	0.05	1.37
netflix	0.05	1.19
reddit	0.05	1.42
page	0.05	1.18
50-60	0.05	1.07
tv	0.05	1.14
drops	0.05	1.13
off	0.05	1.08
bottlenecks	0.05	1.25
non-gaming	0.05	1.02
speaker	0.05	0.98
110	0.05	0.89
100	0.05	0.97
waterblock	0.05	0.89
legs	0.05	0.88
mod	0.05	1.13
49	0.05	0.92
discontinued	0.05	0.88
warmer	0.05	1.25
coding	0.05	1.05
specify	0.05	1.68
28	0.05	1.05
gameplay	0.05	1.10
quad-core	0.06	0.85
powerful	0.06	1.13
expectations	0.06	1.04
fewer	0.06	1.09
gigabit	0.06	0.94
wall	0.06	0.92
tons	0.06	1.62
cycles	0.06	1.12
integrated	0.06	0.96
sticks	0.06	1.01
maxes	0.06	0.91
70c	0.06	0.97
law	0.06	0.99
dual	0.06	0.96
realtek	0.06	1.05
differences	0.06	1.21
clockspeed	0.06	1.11
shop	0.06	0.85
thunderbolt	0.06	1.16
275	0.06	0.86
full	0.06	0.95
forum	0.06	1.36
slide	0.06	1.12
center	0.06	0.80
usb3	0.06	1.01
fry	0.06	0.88
values	0.06	0.96
ports	0.06	0.93
modem	0.07	0.86
majority	0.07	0.98
availability	0.07	0.85
push	0.07	0.95
used	0.07	0.88
uk	0.07	0.86
screenshot	0.07	1.30
phenom	0.07	0.77
vcore	0.07	0.94
sound	0.07	0.99
2133	0.07	1.02
nature	0.07	1.18
instant	0.07	1.01
scared	0.07	1.45
poster	0.07	1.89
tx3	0.07	0.94
aus	0.07	0.82
headaches	0.07	1.18
etc	0.07	1.15
haswell	0.07	0.93
while	0.07	1.09
combos	0.07	0.93
chances	0.07	1.16
standoffs	0.07	2.74
4.0	0.07	0.83
empty	0.07	0.98
load	0.07	0.98
dedicated	0.07	1.00
both	0.07	1.10
19	0.07	1.02
similarly	0.07	1.25
adata	0.08	1.05
security	0.08	1.26
natively	0.08	1.05
threading	0.08	1.13
college	0.08	1.02
rpm	0.08	0.99
9	0.08	1.09
enthusiast	0.08	1.07
built-in	0.08	0.93
days	0.08	1.01
tall	0.08	1.04
smallest	0.08	0.92
calculate	0.08	0.96
calls	0.08	1.70
fourth	0.08	1.01
intel	0.08	0.84
architecture	0.08	1.00
mix	0.08	0.96
newbie	0.08	1.73
outlet	0.08	0.92
temp	0.08	0.95
efficiently	0.08	1.07
architectures	0.08	0.96
craigslist	0.08	0.84
180	0.08	0.84
everyday	0.08	1.06
stopping	0.08	1.13
msaa	0.08	1.17
powers	0.08	1.02
visual	0.08	1.01
hurt	0.08	1.33
measure	0.08	0.96
individual	0.08	1.03
ps3	0.09	1.14
cloud	0.09	1.07
things	0.09	1.22
opencl	0.09	0.98
23	0.09	1.08
newegg	0.09	0.95
appeal	0.09	1.20
119	0.09	0.88
0	0.09	0.99
60c	0.09	0.95
below	0.09	1.01
loss	0.09	1.05
detect	0.09	1.00
entry	0.09	1.13
towers	0.09	0.93
toward	0.09	0.93
sell	0.09	0.87
330	0.09	0.86
repeat	0.09	1.01
considered	0.09	1.81
material	0.09	0.88
away	0.09	1.00
ear	0.09	0.86
105	0.09	0.88
pea	0.09	0.92
theoretically	0.09	1.14
ud3h	0.09	0.85
germany	0.09	0.89
log	0.09	1.13
fear	0.09	1.20
problems	0.09	1.18
indicator	0.09	0.98
proof	0.09	1.48
fps	0.09	1.15
normally	0.09	1.17
170	0.09	0.86
warning	0.09	1.10
available	0.09	2.27
screws	0.09	1.64
meaning	0.10	0.93
crush	0.10	1.00
debate	0.10	1.51
overhead	0.10	0.88
favorite	0.10	1.69
longevity	0.10	1.14
paranoid	0.10	1.75
directly	0.10	0.97
comparable	0.10	1.29
citizen	0.10	1.23
roll	0.10	1.04
idle	0.10	0.96
superior	0.10	1.54
width	0.10	1.08
safety	0.10	0.94
care	0.10	1.08
i7-4790k	0.10	0.86
besides	0.10	1.56
sits	0.10	0.86
issues	0.10	1.16
demanding	0.10	1.18
powerline	0.10	0.89
googled	0.11	2.26
browsing	0.11	1.10
manually	0.11	1.04
memtest	0.11	0.90
code	0.11	1.20
bunch	0.11	1.63
images	0.11	1.17
estimate	0.11	0.95
3.5ghz	0.11	0.84
55	0.11	0.96
ssd	0.11	1.10
walk	0.11	0.88
destroys	0.11	1.11
unlike	0.11	0.88
lineup	0.11	0.91
importantly	0.11	0.96
several	0.11	1.14
1333mhz	0.11	0.98
turned	0.11	1.10
rebates	0.11	0.90
set	0.11	1.04
mm	0.11	1.02
limited	0.11	0.90
networking	0.11	0.91
above	0.11	0.95
graphics	0.11	0.97
vastly	0.11	1.33
towards	0.11	1.04
basis	0.11	1.12
applying	0.11	1.00
holding	0.11	1.12
wi-fi	0.11	0.98
applied	0.11	1.13
amp	0.11	1.03
beating	0.11	1.14
lifespan	0.11	1.27
shops	0.11	0.95
loading	0.11	1.27
profile	0.12	0.99
mail-in	0.12	0.93
map	0.12	1.23
mesh	0.12	0.89
variant	0.12	0.86
calculations	0.12	1.01
effective	0.12	1.33
reach	0.12	0.93
eu	0.12	0.92
mail	0.12	0.90
dual-channel	0.12	1.00
16gb	0.12	0.98
paired	0.12	0.94
overnight	0.12	0.96
wifi	0.12	0.97
x	0.12	1.00
assumption	0.12	1.80
event	0.12	1.12
600	0.12	0.88
3770k	0.12	0.77
extreme3	0.12	0.81
versa	0.12	1.33
error	0.12	1.10
paid	0.12	0.93
addition	0.12	1.01
6pin	0.12	0.94
rams	0.12	0.98
3.2ghz	0.12	0.83
corner	0.12	0.97
types	0.12	1.03
mins	0.12	1.06
none	0.12	1.34
keys	0.12	1.29
220	0.12	0.86
msata	0.12	1.09
suspect	0.12	1.42
200	0.12	0.87
64gb	0.12	1.04
added	0.12	1.46
standard	0.12	1.04
cf	0.13	0.88
newer	0.13	1.00
clearly	0.13	1.73
tb	0.13	0.99
house	0.13	0.80
1866	0.13	1.00
greater	0.13	1.32
dimm	0.13	1.00
utilized	0.13	1.18
allowed	0.13	1.20
idles	0.13	0.96
150	0.13	0.88
reaching	0.13	0.94
precision	0.13	0.93
engineering	0.13	0.90
struggle	0.13	1.13
handful	0.13	1.15
4.0ghz	0.13	0.82
celsius	0.13	1.00
mc	0.13	0.80
inches	0.13	1.06
went	0.13	1.34
camera	0.13	1.17
excluding	0.13	0.95
2x8	0.13	0.98
dark	0.13	1.19
rolling	0.13	1.21
becomes	0.13	1.26
outperforms	0.13	1.14
turning	0.13	1.05
versus	0.13	0.89
facebook	0.14	1.32
compact	0.14	0.86
3.4ghz	0.14	0.83
biggest	0.14	1.29
210	0.14	0.86
igpu	0.14	0.94
floating	0.14	1.09
stream	0.14	1.09
standards	0.14	1.00
blank	0.14	1.19
beats	0.14	1.14
comp	0.14	0.95
attempt	0.14	1.10
3k	0.14	0.95
kicking	0.14	0.88
priority	0.14	1.13
bank	0.14	0.94
numerous	0.14	0.99
frys	0.14	0.81
mounts	0.14	1.38
displaying	0.14	1.04
transcoding	0.14	1.02
trouble	0.14	1.06
breaking	0.14	1.14
niche	0.14	1.04
storage	0.14	0.97
hyper	0.14	0.92
smoother	0.14	1.13
hard	0.14	0.99
us	0.14	0.90
hour	0.14	0.98
micro	0.14	0.81
75	0.14	0.95
careful	0.14	1.10
500	0.14	0.88
fixes	0.15	1.38
lian	0.15	0.92
support	0.15	0.92
ram	0.15	0.97
skyrim	0.15	1.46
mid-range	0.15	1.11
840	0.15	1.08
mic	0.15	0.86
ago	0.15	0.95
multiple	0.15	1.13
outperform	0.15	1.15
mid	0.15	0.86
aoc	0.15	1.05
extreme	0.15	0.88
turbo	0.15	0.92
afraid	0.15	1.70
itx	0.15	0.85
mini-itx	0.15	0.85
fallout	0.15	1.56
beat	0.15	1.15
seperate	0.15	0.94
colored	0.15	1.25
thousands	0.15	1.09
operation	0.15	1.13
network	0.15	0.97
arrived	0.15	1.00
solutions	0.15	1.30
advantage	0.15	1.12
tray	0.15	1.04
walls	0.16	0.87
settings	0.16	1.24
chassis	0.16	0.84
production	0.16	0.97
kits	0.16	0.95
wanted	0.16	1.12
pictures	0.16	1.36
2133mhz	0.16	0.98
rely	0.16	1.03
asus	0.16	0.93
dimensions	0.16	1.04
idling	0.16	0.95
mitx	0.16	0.86
convince	0.16	2.03
1x8	0.16	0.99
cuda	0.16	1.00
distance	0.16	0.97
setups	0.16	0.97
streams	0.16	1.09
suite	0.16	1.07
grain	0.16	0.95
190	0.16	0.82
heatsink	0.16	1.25
21	0.16	0.99
cart	0.16	0.90
running	0.16	0.91
allows	0.16	0.87
motherboards	0.16	0.78
hadron	0.16	0.86
degrees	0.16	0.99
cpu/gpu	0.16	0.95
5400rpm	0.16	0.96
base	0.16	1.01
meets	0.16	1.07
i7	0.16	0.91
crashed	0.16	1.39
combined	0.16	1.05
reading	0.16	1.30
i5-4670k	0.16	0.81
prodigy	0.16	0.85
view	0.16	1.11
limitations	0.16	1.08
hyper-threading	0.17	1.11
respectable	0.17	1.09
stable	0.17	0.82
miniitx	0.17	0.86
3.3ghz	0.17	0.83
120gb	0.17	1.08
constant	0.17	1.04
wireless	0.17	0.97
toss	0.17	1.10
played	0.17	1.70
huge	0.17	1.05
cube	0.17	0.85
small	0.17	0.94
target	0.17	0.99
minus	0.17	0.93
whereas	0.17	0.77
measured	0.17	1.12
performs	0.17	1.34
xlr8	0.17	1.04
channel	0.17	1.00
recently	0.17	1.04
ways	0.17	1.27
record	0.17	1.01
sabertooth	0.17	0.85
sleep	0.17	0.93
gskill	0.17	0.97
size	0.17	0.91
improved	0.18	1.22
2400	0.18	0.95
minute	0.18	1.08
operate	0.18	0.97
aaa	0.18	1.19
titans	0.18	0.83
extremely	0.18	1.39
many	0.18	1.16
micro-atx	0.18	0.84
mini	0.18	0.84
streaming	0.18	1.06
14	0.18	0.87
life	0.18	1.25
4790k	0.18	0.83
content	0.18	1.11
i5-3570k	0.18	0.76
graphically	0.18	1.40
570	0.18	0.76
closest	0.18	0.89
safer	0.18	1.22
hyperthreading	0.18	1.09
400	0.18	0.87
including	0.18	1.02
respectively	0.18	0.83
sources	0.18	1.39
crashing	0.18	1.31
fill	0.18	1.05
usually	0.18	1.12
mobos	0.18	0.78
opted	0.18	0.89
posting	0.18	1.38
i5-4590	0.18	0.81
processor	0.18	0.81
station	0.18	1.02
500gb	0.18	0.98
configuration	0.18	0.96
hours	0.18	1.01
ethernet	0.18	0.87
3000	0.18	0.89
upload	0.19	1.28
demand	0.19	1.02
builders	0.19	0.96
finished	0.19	1.10
deep	0.19	0.98
e.g	0.19	0.79
ease	0.19	0.94
q6600	0.19	0.77
115	0.19	0.88
source	0.19	1.08
higher	0.19	1.42
99	0.19	0.83
done	0.19	1.05
6mb	0.19	0.82
vs	0.19	0.85
glass	0.19	0.88
250d	0.19	0.85
nic	0.19	0.95
less	0.19	1.13
difficulty	0.19	0.98
twitch	0.19	1.21
240gb	0.19	1.08
correctly	0.19	2.45
extensions	0.19	0.87
4670k	0.19	0.79
pins	0.19	1.23
lan	0.19	0.97
microatx	0.19	0.86
i5	0.19	0.84
obsolete	0.20	1.07
routing	0.20	0.90
devil	0.20	0.92
adapter	0.20	0.99
book	0.20	1.00
vengeance	0.20	0.94
hell	0.20	1.52
potential	0.20	1.02
tower	0.20	0.85
left	0.20	1.02
sec	0.20	1.70
technology	0.20	0.95
4770k	0.20	0.80
non	0.20	0.85
year	0.20	0.88
cases	0.20	0.84
maxing	0.20	1.14
body	0.20	1.06
preform	0.20	1.13
up	0.20	1.49
studio	0.20	0.92
individually	0.20	0.89
3tb	0.20	0.97
i5-4430	0.20	0.80
8-pin	0.20	0.94
xfire	0.20	0.88
bed	0.20	0.98
temperature	0.20	0.88
smaller	0.20	0.87
opposed	0.20	0.72
matx	0.20	0.82
vary	0.20	0.99
capture	0.20	1.03
processing	0.20	0.99
sister	0.20	2.33
planetside	0.20	1.70
headers	0.20	0.96
leak	0.20	1.10
bottlenecking	0.20	1.23
hdd	0.20	0.97
expansion	0.20	1.03
capabilities	0.20	0.93
additional	0.20	1.02
g3258	0.20	0.86
304	0.21	0.85
hole	0.21	1.26
form	0.21	0.87
700	0.21	0.88
2500	0.21	0.88
dropped	0.21	1.11
100mhz	0.21	0.95
37	0.21	0.88
wikipedia	0.21	1.45
i5-4570	0.21	0.81
sized	0.21	0.87
taken	0.21	1.29
ends	0.21	0.96
300	0.21	0.87
pickup	0.21	0.84
i5-4440	0.21	0.82
factor	0.21	0.92
sit	0.21	0.77
slap	0.21	1.05
skill	0.21	1.01
i5-4460	0.21	0.81
understand	0.21	1.96
accuracy	0.21	1.00
slim	0.21	0.94
hub	0.21	0.96
prices	0.21	0.80
8pin	0.21	0.93
spots	0.21	1.19
adds	0.21	0.96
medium	0.21	1.15
western	0.21	0.97
gets	0.21	1.13
fit	0.21	0.86
snap	0.21	1.14
parts	0.22	0.94
node	0.22	0.84
science	0.22	0.88
scroll	0.22	1.05
math	0.22	0.97
amount	0.22	1.02
2400mhz	0.22	0.95
lock	0.22	1.07
setting	0.22	1.08
8mb	0.22	0.86
minutes	0.22	1.09
1x8gb	0.22	0.95
antenna	0.22	0.95
takes	0.22	1.14
airflow	0.22	0.97
varies	0.22	0.99
term	0.22	1.38
place	0.22	1.74
booted	0.22	1.11
upgradable	0.22	1.06
username	0.22	1.83
200r	0.22	0.85
orders	0.22	1.18
zalman	0.22	0.83
z77	0.22	0.73
ballistix	0.22	0.94
ambient	0.22	0.96
luxury	0.22	1.08
earlier	0.22	1.55
1600	0.22	0.95
die	0.22	1.08
i7-4770k	0.22	0.83
60fps	0.22	1.10
reporting	0.22	0.93
125	0.22	0.86
2x8gb	0.22	0.94
dozen	0.22	1.16
supported	0.22	1.02
corners	0.22	1.31
former	0.23	0.64
definition	0.23	1.14
these	0.23	1.13
after	0.23	1.10
chipsets	0.23	0.79
130	0.23	0.84
7200	0.23	0.97
supports	0.23	0.78
was	0.23	2.03
falling	0.23	1.01
being	0.23	1.29
sport	0.23	0.94
atx	0.23	0.80
whole	0.23	1.18
i5/i7	0.23	0.92
specs	0.23	1.05
headroom	0.23	0.89
g45	0.23	0.80
native	0.23	1.12
microcenter	0.23	0.81
bass	0.23	0.93
heating	0.23	1.01
hundreds	0.23	1.15
multiplier	0.23	0.95
heres	0.23	1.23
false	0.23	2.11
anything	0.23	1.34
tiny	0.23	0.92
sink	0.23	1.36
stability	0.23	0.90
configurations	0.23	0.93
stayed	0.23	1.02
crt	0.23	1.08
clearance	0.23	0.95
60	0.23	1.05
4440	0.23	0.81
compatibility	0.23	1.04
tigerdirect	0.23	0.84
4460	0.23	0.80
2000	0.23	0.88
limiting	0.23	0.98
recognized	0.23	1.03
netherlands	0.23	0.98
cl9	0.24	0.94
concept	0.24	1.55
dayz	0.24	1.61
compiling	0.24	1.02
viewing	0.24	0.99
drastically	0.24	1.27
address	0.24	0.97
2k	0.24	0.94
condition	0.24	0.95
minimal	0.24	1.05
crank	0.24	1.16
aa	0.24	1.11
immediately	0.24	1.14
pics	0.24	1.44
were	0.24	1.73
912	0.24	0.90
genuinely	0.24	1.34
enthusiasts	0.24	0.95
wary	0.24	1.32
inch	0.24	1.00
slight	0.24	1.04
instead	0.24	0.91
hang	0.24	1.06
under	0.24	0.94
bothered	0.24	1.21
those	0.24	1.14
2x4	0.24	0.94
nanoxia	0.24	0.86
competitor	0.24	1.03
cars	0.24	0.90
pairs	0.24	0.94
4.4	0.24	0.76
downgrade	0.24	1.01
reinstalling	0.24	1.27
2x4gb	0.24	0.94
sshd	0.24	0.97
multitasking	0.24	1.00
percent	0.24	0.98
encoding	0.24	1.01
in-store	0.24	0.81
res	0.25	1.01
apart	0.25	1.23
4.2	0.25	0.76
sync	0.25	1.04
raise	0.25	1.05
remains	0.25	0.98
most	0.25	1.08
120	0.25	0.95
2tb	0.25	0.97
throwing	0.25	1.27
3.4	0.25	0.81
64mb	0.25	0.98
photos	0.25	1.23
quicksync	0.25	0.97
productivity	0.25	1.02
chunk	0.25	1.03
ipc	0.25	0.97
2.5	0.25	1.00
1000	0.25	0.87
30fps	0.25	1.07
assembled	0.25	1.00
v-sync	0.25	1.10
3570k	0.25	0.73
sitting	0.25	0.81
199	0.25	0.81
accommodate	0.25	0.90
special	0.25	1.21
tiger	0.25	0.81
potentially	0.25	1.13
fyi	0.25	1.36
4.6	0.25	0.76
hidden	0.25	0.95
particular	0.25	1.18
spare	0.25	0.94
took	0.25	1.10
1k	0.25	0.87
aspects	0.25	1.05
high/ultra	0.25	1.09
marginal	0.25	1.04
wasting	0.26	1.01
various	0.26	1.13
4.5ghz	0.26	0.76
managed	0.26	1.06
ranges	0.26	0.94
adapters	0.26	0.95
msrp	0.26	0.87
4430	0.26	0.80
back	0.26	1.02
4.3	0.26	0.75
on-board	0.26	0.92
forums	0.26	1.20
delivered	0.26	1.01
decided	0.26	1.10
magic	0.26	1.03
aftermarket	0.26	0.89
sleeve	0.26	0.90
boards	0.26	0.77
gives	0.26	0.89
essential	0.26	1.11
medium-high	0.26	1.08
1300	0.26	0.88
1200	0.26	0.88
4.4ghz	0.26	0.75
diminishing	0.26	1.17
felt	0.26	1.41
type|item|price	0.26	0.84
hundred	0.26	1.01
sizes	0.26	0.92
2009	0.26	0.71
taxing	0.26	1.00
american	0.26	0.86
officially	0.26	0.90
connection	0.26	0.87
gfx	0.27	0.91
normal	0.27	0.95
lower	0.27	1.36
replace	0.27	1.02
builds	0.27	1.09
overclockers	0.27	0.88
n	0.27	1.16
cpu	0.27	0.87
gamers	0.27	0.94
desire	0.27	1.00
op	0.27	1.78
mir	0.27	0.83
onboard	0.27	0.92
equal	0.27	1.28
connectors	0.27	0.97
provides	0.27	0.93
culprit	0.27	1.92
i5-4670	0.27	0.81
ps2	0.27	1.25
512gb	0.27	1.06
4570	0.27	0.80
header	0.27	0.96
weeks	0.27	1.02
games	0.27	1.32
4590	0.27	0.79
picked	0.27	1.07
stutter	0.27	1.18
wires	0.27	1.03
ping	0.27	1.15
offset	0.27	0.98
around	0.27	0.91
ghz	0.27	0.76
standalone	0.27	0.92
count	0.27	1.02
flip	0.27	1.06
colour	0.27	1.13
cpu/motherboard	0.28	0.84
connector	0.28	0.98
maintain	0.28	1.01
homework	0.28	1.05
significant	0.28	1.05
high-ultra	0.28	1.07
appear	0.28	1.10
250gb	0.28	1.04
modules	0.28	1.04
case	0.28	0.83
preference	0.28	1.28
bitfenix	0.28	0.82
2600k	0.28	0.71
i/o	0.28	1.49
handled	0.28	0.88
4ghz	0.28	0.74
elite	0.28	0.85
chosen	0.28	0.97
attempting	0.28	1.12
dump	0.28	1.04
hot	0.28	1.16
graphical	0.28	0.99
wider	0.28	0.90
aspect	0.28	1.43
costs	0.28	0.93
vsync	0.28	1.12
scene	0.28	1.02
noticeable	0.28	1.08
i5-4690	0.28	0.80
accurate	0.29	1.00
playable	0.29	1.07
access	0.29	1.18
age	0.29	1.17
losing	0.29	1.08
4.5	0.29	0.76
4690	0.29	0.80
z97-a	0.29	0.78
track	0.29	0.89
doubled	0.29	1.06
h81	0.29	0.76
rebate	0.29	0.83
whatsoever	0.29	1.03
substantial	0.29	1.04
codes	0.29	0.90
z87-a	0.29	0.76
canyon	0.29	0.88
did	0.29	2.12
killer	0.29	0.80
starting	0.29	1.17
g-sync	0.29	1.07
noticable	0.29	1.07
immediate	0.29	1.00
4670	0.29	0.81
angles	0.29	0.97
category	0.29	2.00
placing	0.30	0.98
cons	0.30	1.01
order	0.30	1.00
board	0.30	0.76
time	0.30	1.46
multi	0.30	0.95
paperclip	0.30	1.14
goes	0.30	1.01
his	0.30	1.97
l3	0.30	1.01
happen	0.30	1.21
cheaper	0.30	1.12
dependent	0.30	1.05
supposedly	0.30	1.09
vi	0.30	0.85
1,000	0.30	0.87
4.2ghz	0.30	0.73
4-pin	0.30	0.95
downgraded	0.30	1.10
sli	0.30	0.84
run	0.30	1.05
lga1150	0.30	0.82
carefully	0.30	1.40
yellow	0.30	1.24
kinds	0.30	1.14
logic	0.30	1.39
cycle	0.30	1.01
aud	0.31	0.86
picture	0.31	1.20
chipset	0.31	0.77
promo	0.31	0.82
frame	0.31	1.12
2-way	0.31	0.87
futureproof	0.31	1.00
moderate	0.31	0.99
microphone	0.31	0.84
ripjaws	0.31	0.93
between	0.31	0.89
degree	0.31	0.80
some	0.31	1.16
crossfire	0.31	0.87
modding	0.31	0.98
1tb	0.31	0.96
le	0.31	1.09
steady	0.31	1.03
cache	0.31	1.01
moving	0.31	1.00
overclocked	0.31	0.76
wiggle	0.31	0.94
7200rpm	0.31	0.96
aim	0.31	0.87
finger	0.31	1.28
coupon	0.31	0.81
purchases	0.31	1.04
chairs	0.32	0.80
paying	0.32	0.94
caviar	0.32	0.95
leaves	0.32	0.87
1400	0.32	0.87
maximus	0.32	0.85
goals	0.32	0.95
solidworks	0.32	0.99
strictly	0.32	1.09
i7-4770	0.32	0.87
treat	0.32	1.07
closer	0.32	0.89
consoles	0.32	1.04
eye	0.32	1.11
larger	0.32	0.94
1920x1200	0.32	1.13
config	0.32	1.00
65	0.32	0.94
he	0.32	1.84
incredibly	0.32	1.39
certain	0.32	1.08
browse	0.32	1.14
torn	0.32	1.63
2010	0.32	0.70
separately	0.32	0.91
yourself	0.32	0.92
framerates	0.33	1.05
non-k	0.33	0.81
cents	0.33	0.97
adjust	0.33	1.06
watch	0.33	1.43
85	0.33	0.85
tops	0.33	0.90
xeon	0.33	0.86
molex	0.33	0.94
720p	0.33	1.06
1500	0.33	0.86
keeps	0.33	1.21
oced	0.33	0.74
nzxt	0.33	0.84
field	0.33	0.98
reducing	0.33	1.17
allowing	0.33	0.88
attach	0.33	1.05
st1000dm003	0.33	0.96
multiplayer	0.33	1.36
silence	0.33	0.91
4690k	0.33	0.80
framerate	0.33	1.10
other	0.33	1.11
fix	0.33	1.35
single	0.33	1.03
cramped	0.33	0.86
put	0.33	1.06
stuff	0.34	1.02
euro	0.34	0.88
remaining	0.34	0.92
permanent	0.34	1.06
mobo/cpu	0.34	0.83
already	0.34	1.01
modern	0.34	1.04
personal	0.34	1.25
room	0.34	0.91
internals	0.34	1.23
edges	0.34	0.95
mid-tower	0.34	0.81
google	0.34	1.45
low	0.34	1.25
and/or	0.34	0.88
seagate	0.34	0.98
building	0.34	1.12
controller	0.34	0.94
purchased	0.34	0.78
formula	0.34	0.86
got	0.34	0.97
edge	0.34	0.89
downgrading	0.34	0.95
dramatically	0.34	1.24
1100	0.35	0.87
card	0.35	1.03
oc'ed	0.35	0.72
tends	0.35	1.31
1600mhz	0.35	0.92
successfully	0.35	1.01
z87-g45	0.35	0.76
regarding	0.35	1.41
screens	0.35	1.01
coolermaster	0.35	0.87
e3	0.35	0.86
general	0.35	1.02
offer	0.35	1.28
4790	0.35	0.82
bot	0.35	1.39
worried	0.35	1.59
secure	0.35	1.61
complaint	0.35	1.45
times	0.35	1.28
ish	0.35	0.88
focused	0.35	0.97
forth	0.35	1.06
95	0.35	0.85
large	0.35	1.09
controlled	0.35	0.91
intensive	0.35	1.20
devils	0.35	0.86
1st	0.35	0.83
locked	0.35	0.81
runs	0.35	1.00
tad	0.35	1.18
phantom	0.35	0.85
cord	0.36	0.96
purchase	0.36	1.00
heavy	0.36	0.99
died	0.36	0.81
upwards	0.36	1.04
non-overclocking	0.36	0.80
non-overclockable	0.36	0.80
bst+0100	0.36	1.72
upside	0.36	1.08
dollar	0.36	0.90
australian	0.36	0.80
features	0.36	0.90
space	0.36	0.92
wd	0.36	0.92
euros	0.36	0.89
basic	0.36	1.01
involved	0.36	1.13
current	0.36	0.99
albeit	0.36	1.14
possibility	0.36	1.01
worthy	0.36	0.96
enthoo	0.36	0.86
fall	0.36	0.87
ikea	0.36	0.79
135	0.36	0.85
convenience	0.36	0.94
grey	0.37	1.03
rates	0.37	1.07
ps4	0.37	1.05
3x	0.37	0.98
filling	0.37	0.96
human	0.37	0.82
34	0.37	1.12
inflated	0.37	1.01
cords	0.37	0.91
users	0.37	1.00
expense	0.37	1.04
300r	0.37	0.83
i7-4790	0.37	0.84
frames	0.37	1.07
usd	0.37	0.88
require	0.37	0.95
whoever	0.37	1.47
peace	0.38	1.01
easy	0.38	1.00
significantly	0.38	1.24
v3	0.38	0.85
leave	0.38	0.97
via	0.38	1.03
based	0.38	1.13
notice	0.38	1.09
common	0.38	1.20
wherever	0.38	0.95
gsync	0.38	1.05
carbide	0.38	0.82
4770	0.38	0.85
13	0.38	0.76
24	0.38	1.00
reduced	0.38	1.25
plugs	0.38	0.98
during	0.38	0.83
resolved	0.38	1.35
giving	0.38	1.25
stick	0.38	1.03
upvote	0.38	1.71
kingston	0.38	0.91
jumping	0.38	0.96
gains	0.38	1.04
peripheral	0.38	0.87
yesterday	0.38	1.14
partial	0.38	1.09
pushed	0.38	1.08
leaks	0.38	1.16
t	0.38	1.17
lasted	0.38	0.86
grabbed	0.38	0.80
1080p	0.38	1.03
variable	0.39	1.01
complex	0.39	0.99
e	0.39	1.22
suffice	0.39	0.90
bigger	0.39	0.96
mom	0.39	2.19
mainstream	0.39	1.31
star	0.39	1.13
middle	0.39	0.85
builder	0.39	0.96
her	0.39	2.18
900	0.39	0.88
posts	0.39	1.41
barracuda	0.39	0.95
530	0.39	0.89
560	0.39	0.68
li	0.39	0.86
leading	0.39	0.82
sandisk	0.39	1.11
relative	0.39	1.04
behind	0.39	0.97
user	0.39	0.81
headphones	0.39	0.86
boosts	0.39	1.01
chip	0.39	0.93
pair	0.39	0.86
substantially	0.39	1.24
judge	0.39	1.10
gap	0.39	0.95
reconsider	0.39	1.09
sale	0.39	0.79
ultimately	0.39	1.12
territory	0.40	1.01
sleeved	0.40	0.84
warrant	0.40	0.98
suitable	0.40	1.08
6850	0.40	0.67
killing	0.40	1.27
anywhere	0.40	1.02
8gb	0.40	0.90
audiophile	0.40	0.83
serious	0.40	0.92
she	0.40	2.20
89	0.40	0.84
cpu/mobo	0.40	0.82
eat	0.40	1.63
leaving	0.40	0.93
casual	0.40	1.01
h97	0.40	0.74
provide	0.40	0.96
big	0.40	1.11
battery	0.40	1.10
narrow	0.40	0.92
soft	0.40	0.86
becoming	0.40	1.08
z97	0.40	0.78
range	0.40	0.86
chose	0.40	1.02
offers	0.40	1.27
1920x1080	0.40	1.02
beefier	0.41	0.92
costing	0.41	0.92
universal	0.41	0.81
light	0.41	0.93
happening	0.41	1.22
locking	0.41	1.23
powered	0.41	0.90
extension	0.41	0.87
focus	0.41	1.05
controllers	0.41	0.95
income	0.41	0.81
strike	0.41	1.43
g.skill	0.41	0.91
programming	0.41	0.98
gain	0.41	1.02
assembly	0.41	1.09
binned	0.41	0.88
saves	0.41	0.99
upcoming	0.41	0.96
strip	0.41	0.85
strongly	0.41	0.99
watching	0.41	1.26
reusing	0.41	1.24
5760x1080	0.41	0.99
approach	0.41	1.06
margin	0.41	1.04
photoshop	0.41	0.97
achieve	0.41	0.96
yield	0.41	1.00
800	0.41	0.85
reggae	0.41	1.36
h	0.41	0.88
h87	0.41	0.74
recall	0.41	1.16
350	0.41	0.84
extreme4	0.41	0.77
keep	0.42	1.39
comfort	0.42	0.77
shortly	0.42	1.11
appealing	0.42	1.07
effects	0.42	0.93
safely	0.42	0.85
expandability	0.42	0.98
connects	0.42	0.96
kill	0.42	1.22
players	0.42	1.18
rendering	0.42	0.97
functionality	0.42	0.90
spent	0.42	0.95
aggressive	0.42	0.83
solution	0.42	2.14
difference	0.42	1.03
lowering	0.42	1.07
tech	0.42	1.00
eyefinity	0.42	0.96
lcd	0.42	1.07
97	0.42	0.76
affected	0.42	0.95
please	0.42	1.47
month	0.43	0.98
s340	0.43	0.84
boost	0.43	1.02
refer	0.43	1.26
haf	0.43	0.90
remotely	0.43	1.17
drop	0.43	1.12
worry	0.43	1.11
capability	0.43	0.85
virtually	0.43	0.96
solve	0.43	1.21
msy	0.43	0.90
frankly	0.43	1.11
owners	0.43	0.84
performances	0.43	1.23
overclocks	0.43	0.81
disconnect	0.43	1.09
kid	0.43	1.47
fatal1ty	0.43	0.76
z87	0.43	0.72
410	0.43	0.84
downside	0.43	1.13
figuring	0.43	1.00
upped	0.43	1.01
holy	0.43	1.58
multi-monitor	0.43	0.93
granted	0.43	1.10
stage	0.43	0.98
hesitant	0.43	1.52
1600x900	0.43	0.96
k	0.43	0.80
powering	0.43	0.97
latency	0.43	1.22
height	0.44	0.87
increased	0.44	1.12
graphic	0.44	0.94
vegas	0.44	1.01
juice	0.44	0.91
extras	0.44	0.95
mad	0.44	0.99
norm	0.44	1.10
bottleneck	0.44	1.00
justified	0.44	0.95
every	0.44	0.92
busy	0.44	1.49
savings	0.44	0.96
became	0.44	1.10
miners	0.44	0.87
z	0.44	0.79
deals	0.44	0.82
having	0.44	1.00
ebay	0.44	0.84
million	0.44	1.04
checking	0.44	0.98
solely	0.44	1.08
limitation	0.44	1.05
fractal	0.44	0.82
350d	0.44	0.81
plug	0.44	0.96
experienced	0.44	1.07
high	0.44	1.22
increasing	0.44	1.10
broadwell	0.45	0.87
points	0.45	1.29
expand	0.45	0.99
desk	0.45	0.80
improvement	0.45	1.03
justify	0.45	0.98
roughly	0.45	0.86
means	0.45	0.96
bat	0.45	0.91
throw	0.45	1.16
clip	0.45	0.97
become	0.45	1.13
render	0.45	0.97
shared	0.45	1.30
chair	0.45	0.74
action	0.45	1.10
cable	0.45	0.88
conclusion	0.45	1.48
cables	0.45	0.88
notes	0.45	1.26
planned	0.45	0.95
essentially	0.45	0.92
increments	0.45	1.24
obsidian	0.46	0.82
before	0.46	1.17
controls	0.46	0.84
visible	0.46	0.84
xbox	0.46	1.08
thread	0.46	1.68
disconnected	0.46	1.15
define	0.46	0.84
purpose	0.46	1.09
clips	0.46	1.28
profiles	0.46	0.87
date	0.46	0.93
decide	0.46	1.17
paint	0.46	0.89
such	0.46	1.14
equivalent	0.46	1.04
logical	0.46	1.24
stay	0.46	0.94
budgets	0.46	0.90
resolutions	0.46	1.00
scale	0.46	1.02
cost	0.46	0.94
soundcard	0.46	0.90
pounds	0.46	0.93
impact	0.46	1.01
grab	0.46	1.10
check	0.46	1.11
500r	0.47	0.82
decrease	0.47	1.12
trade	0.47	1.06
effect	0.47	1.02
velcro	0.47	0.92
wide	0.47	0.92
144fps	0.47	1.01
unplugged	0.47	1.05
provided	0.47	1.14
965	0.47	0.74
r5	0.47	0.84
benefit	0.47	1.08
choose	0.47	1.19
175	0.47	0.80
jack	0.47	0.89
unlocked	0.47	0.80
autocad	0.47	0.94
lastly	0.47	1.04
fitting	0.48	0.81
knock	0.48	1.06
resource	0.48	1.20
midi	0.48	0.83
theme	0.48	1.08
school	0.48	0.87
seeing	0.48	1.34
gaming	0.48	1.01
bumping	0.48	0.93
cad	0.48	0.96
asrock	0.48	0.78
handle	0.48	0.96
searching	0.48	1.15
adobe	0.48	0.96
quid	0.48	0.94
dollars	0.48	0.93
learned	0.48	1.27
king	0.48	1.49
lowered	0.48	1.14
increase	0.49	1.04
capable	0.49	0.87
sigh	0.49	1.68
releases	0.49	0.98
fingers	0.49	1.20
alternatively	0.49	1.10
instruction	0.49	0.94
status	0.49	0.89
rule	0.49	1.12
tweak	0.49	1.05
120fps	0.49	1.01
afterwards	0.49	1.34
windowed	0.49	0.84
benefits	0.49	1.03
320	0.49	0.83
adjusted	0.49	1.09
i5-2500k	0.49	0.65
headphone	0.49	0.88
depend	0.49	0.99
chain	0.49	1.28
splitter	0.49	0.96
bucks	0.49	0.98
rubber	0.49	0.85
88	0.49	0.85
approximately	0.49	0.88
remember	0.49	1.51
launched	0.49	0.78
iirc	0.49	0.84
half	0.49	0.94
cutting	0.49	0.77
intense	0.50	1.03
first	0.50	0.99
increases	0.50	1.09
emulators	0.50	1.18
premiere	0.50	0.95
funds	0.50	0.97
rise	0.50	0.90
primarily	0.50	1.13
modelling	0.50	0.97
2012	0.50	0.69
counter	0.50	1.44
creation	0.50	0.93
specific	0.50	1.17
modest	0.50	0.90
ability	0.50	0.84
affects	0.50	1.00
swap	0.50	1.14
moderators	0.50	1.38
b85	0.50	0.77
gf	0.50	2.11
passive	0.50	1.19
barely	0.50	1.04
advantages	0.50	1.02
l	0.50	1.09
tvs	0.50	1.30
460	0.50	0.79
scales	0.50	0.98
plans	0.50	0.94
expect	0.50	0.94
odds	0.50	1.12
desired	0.50	1.13
1080	0.50	0.97
projects	0.50	0.96
strong	0.51	0.87
currency	0.51	0.86
750d	0.51	0.82
nowadays	0.51	0.90
connect	0.51	0.93
horsepower	0.51	1.00
meantime	0.51	1.35
48	0.51	1.18
configured	0.51	0.89
sli/crossfire	0.51	0.86
shorting	0.51	1.25
sacrifice	0.51	0.97
arc	0.51	0.82
flexible	0.51	0.82
purposes	0.51	1.03
canadian	0.51	0.79
whichever	0.51	1.95
ordered	0.51	0.92
monitor	0.51	1.00
purely	0.51	1.08
r4	0.51	0.84
oc	0.51	0.73
popular	0.51	1.58
wins	0.51	1.16
magnetic	0.51	1.48
angle	0.51	0.79
pros	0.52	0.86
triple	0.52	0.93
snag	0.52	1.04
steel	0.52	0.82
respond	0.52	1.93
h440	0.52	0.82
editing	0.52	0.96
future-proof	0.52	1.06
bought	0.52	0.67
second	0.52	0.99
matters	0.52	0.86
different	0.52	0.97
scheme	0.52	1.15
launch	0.52	0.93
density	0.52	0.95
mild	0.53	0.79
jump	0.53	0.97
tried	0.53	1.21
money	0.53	1.04
green	0.53	0.94
540	0.53	0.82
breathing	0.53	1.00
reduction	0.53	1.13
myself	0.53	0.93
thin	0.53	0.79
lots	0.53	1.22
swing	0.53	1.17
determine	0.53	0.90
purple	0.53	0.96
noticing	0.53	1.23
pricey	0.53	0.94
450d	0.53	0.82
performance	0.53	1.28
cabling	0.53	0.88
quickly	0.53	1.26
holds	0.53	0.96
dig	0.53	1.28
linustechtips	0.53	1.33
hardcore	0.53	0.89
match	0.53	0.81
dropping	0.53	0.96
r2	0.53	0.83
strips	0.54	0.86
grabbing	0.54	0.97
144	0.54	1.02
factors	0.54	1.02
beefy	0.54	0.89
highly	0.54	0.97
m500	0.54	1.09
ddr3-1600	0.54	0.89
digging	0.54	1.10
stepping	0.54	0.96
unlucky	0.54	1.48
warm	0.54	1.08
depends	0.54	0.98
audio	0.54	0.96
simply	0.54	1.41
whistles	0.54	0.88
main	0.54	1.05
4k	0.54	0.97
close	0.54	0.80
design	0.54	1.00
sufficient	0.54	0.82
wife	0.54	2.07
responsive	0.54	0.95
plain	0.54	1.17
changing	0.54	0.97
sake	0.54	0.91
troubleshoot	0.54	1.02
splurge	0.55	1.10
dac	0.55	0.98
360	0.55	0.96
easily	0.55	0.91
depending	0.55	1.02
discussion	0.55	1.53
prepared	0.55	1.26
present	0.55	1.44
twice	0.55	0.97
mobo	0.55	0.92
motherboard	0.55	0.91
reseat	0.55	1.44
acceptable	0.55	1.20
lot	0.55	1.23
pls	0.55	1.16
saved	0.55	1.00
connecting	0.55	0.98
surely	0.55	1.12
priced	0.55	1.07
upgraded	0.55	0.76
talking	0.55	1.52
reduce	0.55	1.21
smooth	0.55	0.98
r/hardwareswap	0.56	0.97
shave	0.56	1.04
describe	0.56	1.18
progress	0.56	1.24
photo	0.56	0.94
why	0.56	1.39
spread	0.56	0.98
important	0.56	0.88
watercool	0.56	0.89
per	0.56	1.02
switched	0.56	1.16
civ	0.56	1.65
sort	0.56	0.97
bargain	0.56	1.14
brightness	0.56	0.88
tell	0.56	1.14
family	0.56	1.72
given	0.57	0.94
effectively	0.57	1.28
equally	0.57	1.08
alone	0.57	0.74
stand	0.57	0.84
wheel	0.57	0.91
elsewhere	0.57	0.97
peoples	0.57	1.21
bells	0.57	0.88
mainboard	0.57	0.91
night	0.57	1.03
plugging	0.57	0.99
save	0.57	1.07
day	0.57	0.93
gift	0.57	1.55
seated	0.57	2.32
fact	0.57	1.55
matched	0.57	0.83
variety	0.57	0.99
3d	0.57	0.92
next	0.57	0.90
improvements	0.57	1.09
hue	0.57	0.87
mx100	0.57	1.09
issue	0.57	1.15
displays	0.57	1.02
afaik	0.57	1.14
tweaking	0.57	1.08
consistent	0.57	0.99
modeling	0.58	0.93
cut	0.58	0.98
pocket	0.58	0.94
overclockable	0.58	0.78
heavier	0.58	0.95
together	0.58	1.04
pro4	0.58	0.77
improving	0.58	1.14
staying	0.58	0.86
realistically	0.58	1.06
deciding	0.58	1.19
setup	0.58	1.08
speakers	0.58	0.91
matching	0.58	0.84
competitive	0.58	1.20
new	0.58	0.93
ips	0.58	1.06
convenient	0.58	1.13
upgradability	0.59	1.13
wonder	0.59	1.52
flashing	0.59	0.99
fly	0.59	0.89
allow	0.59	0.89
1ms	0.59	1.20
lights	0.59	0.91
rog	0.59	0.90
surround	0.59	0.89
estate	0.59	1.00
largely	0.59	1.13
hehe	0.59	2.29
choosing	0.59	0.97
120/144hz	0.59	1.01
putting	0.59	0.98
baby	0.59	1.08
led	0.59	0.91
kidding	0.59	1.68
spend	0.59	0.92
bf	0.59	1.26
lighting	0.59	0.87
cuts	0.59	0.95
nor	0.59	1.05
googling	0.59	1.28
extra	0.60	0.98
removing	0.60	1.13
dampening	0.60	0.85
feasible	0.60	1.00
sidebar	0.60	1.21
hes	0.60	1.20
final	0.60	1.19
anymore	0.60	1.12
improve	0.60	1.15
spending	0.60	0.92
confirmed	0.60	1.00
downsides	0.60	1.01
somewhat	0.60	1.22
guy	0.60	1.57
plenty	0.60	0.88
explain	0.60	1.49
active	0.60	1.25
himself	0.60	1.58
sacrificing	0.60	1.11
videocard	0.60	1.07
72	0.60	0.91
settled	0.61	0.98
zip	0.61	0.86
swapped	0.61	1.15
monitors	0.61	0.95
aluminum	0.61	0.78
renders	0.61	0.91
16:9	0.61	1.05
litecoin	0.61	0.88
father	0.61	1.78
curve	0.61	0.90
60hz	0.61	1.00
animation	0.61	0.95
mining	0.61	0.90
thoroughly	0.61	1.30
better	0.61	1.59
crossfire/sli	0.61	0.87
into	0.61	1.03
today	0.61	1.01
extensive	0.61	1.15
smarter	0.61	0.78
links	0.61	1.39
somebody	0.62	1.59
wiki	0.62	1.18
switching	0.62	0.95
receiver	0.62	0.98
question	0.62	1.95
tn	0.62	1.03
since	0.62	1.05
when	0.62	1.16
rate	0.62	1.15
except	0.62	0.98
pad	0.62	1.09
person	0.62	1.40
parents	0.62	1.74
faq	0.62	1.18
investing	0.62	0.98
24-pin	0.62	1.19
regardless	0.62	1.00
adaptor	0.62	1.09
squeeze	0.62	1.14
aesthetic	0.62	1.11
function	0.62	0.90
affect	0.62	1.01
force	0.63	0.90
horizontal	0.63	0.90
remain	0.63	1.07
go-to	0.63	1.32
happily	0.63	0.77
message	0.63	1.34
beneficial	0.63	1.06
mother	0.63	1.62
mine	0.63	0.89
worthwhile	0.63	1.04
options	0.63	1.52
strict	0.63	0.90
connected	0.63	1.08
seat	0.63	0.99
lets	0.63	0.94
maxwell	0.64	0.90
conversation	0.64	1.52
bit	0.64	1.14
buy	0.64	1.13
adding	0.64	1.01
crossfiring	0.64	0.84
swapping	0.64	0.94
price	0.64	1.09
change	0.64	1.16
overall	0.64	1.17
replacing	0.64	0.94
our	0.64	0.93
ddr3	0.64	0.86
plugged	0.64	1.11
where	0.64	1.01
suggest	0.64	1.01
invest	0.64	1.15
tie	0.64	0.88
leaning	0.64	1.15
research	0.64	1.22
attached	0.64	1.20
sennheiser	0.64	0.86
indie	0.64	1.40
particularly	0.64	1.17
gamer	0.64	0.88
unplug	0.64	1.04
hands	0.64	1.06
maybe	0.64	1.54
wish	0.65	1.60
eventually	0.65	0.98
shoot	0.65	1.17
ties	0.65	0.85
rather	0.65	1.16
dat	0.65	1.53
kit	0.65	0.85
overly	0.65	1.17
beginning	0.65	0.74
counts	0.65	0.91
releasing	0.65	0.89
refresh	0.65	1.09
quite	0.65	1.22
budget	0.65	0.87
settle	0.65	1.07
yo	0.66	1.48
changed	0.66	1.23
shiny	0.66	0.85
basics	0.66	1.08
color	0.66	0.91
r	0.66	1.35
price/performance	0.66	1.86
ideal	0.66	1.54
cold	0.66	1.06
sooner	0.66	1.01
colors	0.66	0.86
smoothly	0.66	0.90
over	0.66	1.03
ensure	0.66	1.99
consider	0.66	1.05
buck	0.66	1.78
spring	0.66	0.79
ordering	0.67	0.91
someone	0.67	1.57
add	0.67	1.12
coin	0.67	0.93
boom	0.67	0.83
extent	0.67	0.89
affordable	0.67	1.11
there	0.67	1.18
skylake	0.67	0.84
finding	0.67	1.02
orange	0.67	0.94
harm	0.67	1.05
tearing	0.67	1.29
blue	0.67	0.84
subreddit	0.67	1.22
doable	0.67	0.98
entirely	0.67	1.19
purchasing	0.67	0.96
cash	0.67	1.03
bullet	0.67	0.97
regret	0.67	1.21
21:9	0.67	1.04
2500k	0.67	0.66
vertical	0.67	0.91
arrive	0.67	0.98
hero	0.68	0.79
trick	0.68	1.04
vii	0.68	0.80
reasons	0.68	1.12
subject	0.68	1.10
1866mhz	0.68	0.89
upgrades	0.68	0.99
comfortably	0.68	0.83
arent	0.68	1.16
concern	0.68	1.12
needing	0.68	0.92
researching	0.68	1.00
kinda	0.68	1.23
example	0.68	1.33
another	0.68	1.12
connections	0.68	1.21
bang	0.68	1.78
benq	0.68	1.06
shooters	0.68	1.21
bitcoin	0.68	0.93
him	0.68	1.66
week	0.68	0.92
256gb	0.69	1.06
safe	0.69	0.99
63	0.69	1.03
panel	0.69	0.93
very	0.69	1.19
saving	0.69	0.97
find	0.69	1.15
detail	0.69	1.22
upgradeable	0.69	0.95
sub	0.69	1.20
future	0.69	0.94
vesa	0.69	0.82
resolution	0.69	1.02
bonus	0.69	0.93
any	0.69	1.18
white	0.69	0.94
2.1	0.69	0.97
clue	0.69	1.27
heart	0.69	0.97
hooked	0.69	1.01
fancy	0.70	0.86
digital	0.70	1.09
suited	0.70	0.79
solved	0.70	1.32
shooting	0.70	1.28
perspective	0.70	1.01
r/buildapc	0.70	1.24
girlfriend	0.70	1.97
30hz	0.70	1.12
mousepad	0.70	1.14
6870	0.70	0.68
buildapc	0.70	1.20
videos	0.70	1.27
blood	0.70	1.06
expecting	0.71	1.55
released	0.71	0.83
relevant	0.71	1.33
patriot	0.71	0.80
lego	0.71	0.83
about	0.71	1.07
signature	0.71	0.80
master	0.71	0.87
october	0.71	0.73
basically	0.71	0.86
goal	0.71	0.89
ready	0.71	1.07
taste	0.71	1.09
named	0.71	1.09
convert	0.71	1.22
tweaked	0.71	1.27
position	0.71	0.95
leds	0.71	0.89
pricing	0.72	0.79
tinkering	0.72	1.11
struggling	0.72	1.40
stretch	0.72	1.01
could	0.72	1.46
birthday	0.72	1.54
920	0.72	0.69
decisions	0.72	1.11
aesthetically	0.72	1.16
assemble	0.72	1.02
thick	0.72	0.73
overclock	0.72	0.91
always	0.72	1.23
880	0.72	0.87
87	0.73	0.80
announced	0.73	0.86
once	0.73	1.11
glance	0.73	1.32
little	0.73	1.11
viable	0.73	1.08
27	0.73	0.89
future-proofing	0.73	1.08
da	0.73	1.36
cousin	0.73	1.74
matches	0.73	0.77
exact	0.73	0.94
aesthetics	0.73	0.95
movement	0.73	0.85
zero	0.73	0.82
3.5	0.73	0.96
route	0.73	1.09
heck	0.73	1.09
technically	0.73	1.21
sims	0.73	1.35
panels	0.74	0.94
hooking	0.74	0.90
r/buildapcsales	0.74	0.97
dad	0.74	1.74
display	0.74	1.14
beginners	0.74	1.17
playing	0.74	1.56
admittedly	0.74	1.10
sticking	0.74	0.95
keyboard/mouse	0.74	0.96
window	0.74	0.91
kids	0.74	1.35
weight	0.74	0.73
differ	0.74	0.95
identical	0.74	0.88
beginner	0.74	1.10
hz	0.74	1.06
swift	0.74	0.92
wars	0.74	1.55
8g	0.74	0.82
gpu	0.74	1.21
ocd	0.74	0.62
lag	0.75	1.37
unplugging	0.75	1.10
alternate	0.75	1.11
2014	0.75	0.71
late	0.75	0.71
fits	0.75	0.70
they	0.75	0.95
reset	0.75	1.18
bother	0.75	1.08
super	0.75	1.22
128gb	0.75	1.05
challenge	0.75	1.16
cuz	0.75	1.41
shopping	0.75	0.83
video	0.75	1.15
penny	0.75	0.80
february	0.75	0.75
seemed	0.75	1.28
thinking	0.75	1.49
only	0.76	1.13
completely	0.76	1.12
son	0.76	1.80
62	0.76	1.04
consensus	0.76	0.95
upgrade	0.76	1.11
release	0.76	0.86
heh	0.76	2.33
stands	0.76	0.87
flexibility	0.76	1.17
especially	0.76	1.12
january	0.76	0.67
rough	0.76	1.06
path	0.76	1.23
inclined	0.76	1.19
samsung	0.76	1.05
port	0.76	1.14
coming	0.76	0.81
sick	0.76	1.62
respect	0.76	1.09
enough	0.77	0.95
successful	0.77	1.06
throughout	0.77	0.70
jobs	0.77	0.74
june	0.77	0.72
youtube	0.77	1.32
winter	0.77	0.69
evo	0.77	0.95
road	0.77	0.95
tf2	0.77	1.55
all	0.77	1.12
august	0.77	0.67
2015	0.77	0.78
firmly	0.77	2.13
september	0.77	0.72
answered	0.77	1.89
picking	0.77	1.01
friends	0.77	1.60
stuck	0.77	1.43
engineer	0.77	1.52
creative	0.77	0.91
buying	0.77	1.00
120hz	0.77	0.92
existed	0.77	2.18
pick	0.77	1.20
960	0.77	0.87
vid	0.78	1.19
expected	0.78	0.84
blur	0.78	1.27
reduces	0.78	1.25
overclocking	0.78	0.83
situation	0.78	1.23
great	0.78	1.33
accomplish	0.78	1.02
alternatives	0.78	1.42
want	0.78	1.35
feeling	0.78	1.00
people	0.78	1.31
upgrading	0.78	0.94
resetting	0.79	1.10
fairly	0.79	1.20
see	0.79	1.16
hook	0.79	0.99
vg248qe	0.79	0.99
perhaps	0.79	1.48
friend	0.79	1.69
sata3	0.79	0.98
144hz	0.79	1.03
announcement	0.79	1.08
strategy	0.79	1.35
cooled	0.79	1.08
hah	0.79	2.27
1440	0.79	0.86
curious	0.79	1.59
too	0.79	1.13
1440p	0.79	0.88
typing	0.80	1.13
step	0.80	0.87
motion	0.80	1.25
story	0.80	1.46
handles	0.80	0.81
guides	0.80	1.23
reseating	0.80	1.34
practically	0.80	0.82
screwdriver	0.80	1.19
legends	0.80	1.54
minecraft	0.80	1.52
april	0.80	0.68
overclocker	0.80	0.94
later	0.80	1.00
adequate	0.80	0.83
insanely	0.80	1.28
skills	0.80	1.01
wonders	0.80	0.99
surprised	0.80	1.54
terms	0.80	1.59
interest	0.81	0.74
advise	0.81	0.98
arrives	0.81	0.94
league	0.81	1.54
here	0.81	1.39
early	0.81	0.72
edt-0400	0.81	1.53
afford	0.81	1.20
unsure	0.81	1.62
shame	0.81	1.06
watched	0.81	1.37
suit	0.81	0.91
sales	0.81	0.75
se	0.82	0.99
pm	0.82	1.28
decently	0.82	1.09
dota	0.82	1.54
stays	0.82	1.01
cs	0.82	1.58
rumors	0.82	1.11
knowledge	0.82	1.08
nicer	0.82	1.27
maximize	0.82	1.65
learning	0.82	1.10
7.1	0.82	0.95
concerned	0.82	1.35
use	0.82	1.00
ha	0.83	1.96
play	0.83	1.47
suits	0.83	0.81
doesnt	0.83	1.19
r/overclocking	0.83	1.11
topic	0.83	1.49
bumped	0.83	1.26
figure	0.83	1.17
waited	0.83	0.80
channels	0.83	1.17
id	0.84	1.00
mmos	0.84	1.44
monster	0.84	1.03
maintaining	0.84	0.90
delay	0.84	1.41
sc2	0.84	1.50
switch	0.84	0.92
debating	0.85	1.32
compromise	0.85	1.60
anyone	0.85	1.38
wondering	0.85	1.55
personally	0.85	1.43
ex	0.85	1.23
starcraft	0.85	1.55
explains	0.85	1.49
resources	0.85	1.37
diablo	0.85	1.57
knowing	0.85	1.02
jumper	0.85	1.13
assembling	0.85	1.05
others	0.85	1.24
combination	0.85	1.73
intention	0.85	0.94
bright	0.85	0.83
jesus	0.86	1.42
getting	0.86	1.04
96	0.86	0.81
selection	0.86	1.04
csgo	0.86	1.53
vouch	0.86	0.85
durable	0.86	0.92
relatively	0.86	1.21
following	0.86	0.90
linus	0.86	1.28
nicely	0.86	0.89
mind	0.86	1.05
literally	0.87	0.80
improves	0.87	1.21
mostly	0.87	1.37
ratio	0.87	1.72
boat	0.87	1.44
couldnt	0.87	1.16
5.1	0.87	0.96
red	0.87	0.96
go	0.88	1.18
balance	0.88	1.66
dead	0.88	0.77
ask	0.88	1.14
give	0.88	1.11
elaborate	0.88	1.70
module	0.88	1.17
december	0.88	0.65
converter	0.88	1.18
2560x1440	0.88	0.85
bleed	0.88	0.78
clocking	0.89	0.91
am	0.89	1.07
out	0.89	1.15
imho	0.89	1.05
irc	0.89	1.18
cmos	0.89	1.14
know	0.89	1.20
finally	0.89	1.18
d	0.89	1.23
appropriate	0.89	1.57
ocing	0.90	0.91
r/watercooling	0.90	1.09
state	0.90	1.02
reasonable	0.90	0.95
wanting	0.90	1.22
steps	0.91	0.89
worth	0.91	0.93
5ms	0.91	1.20
serve	0.91	0.80
reasonably	0.91	1.06
ca	0.91	1.14
560ti	0.91	0.63
investment	0.91	1.07
doing	0.91	0.89
november	0.91	0.64
optimal	0.91	1.42
oh	0.91	2.22
commenting	0.91	1.84
sensors	0.91	0.88
orientation	0.92	1.86
surprising	0.92	0.96
r/suggestalaptop	0.92	1.19
oc'ing	0.92	0.91
tutorials	0.92	1.35
kind	0.92	1.25
supposed	0.92	0.86
me	0.93	1.44
brothers	0.93	1.13
performed	0.93	0.90
forced	0.93	1.03
share	0.93	1.03
sleeving	0.93	0.79
asking	0.93	1.39
visit	0.93	0.98
head	0.93	1.35
o	0.93	1.51
black	0.93	0.82
same	0.93	0.89
morning	0.94	1.01
thumb	0.94	0.86
anybody	0.94	1.22
learn	0.94	1.08
summer	0.94	0.70
wired	0.94	1.01
keeping	0.94	0.80
matter	0.94	1.08
nothing	0.94	0.87
grip	0.94	1.16
feels	0.95	0.93
adjustable	0.95	0.70
ye	0.95	1.46
120g	0.95	1.00
alternative	0.95	1.12
decision	0.95	1.14
headsets	0.95	0.97
tweaks	0.95	1.34
using	0.95	1.41
mainly	0.95	1.38
sometime	0.95	0.83
need	0.96	1.16
plan	0.96	0.96
tempted	0.96	1.52
wo	0.96	1.13
instructions	0.96	0.87
might	0.96	1.39
dont	0.96	1.16
sataiii	0.96	0.99
no	0.96	0.98
pixels	0.96	0.76
may	0.96	1.42
m	0.97	1.11
previously	0.97	1.02
everybody	0.97	1.48
functioning	0.97	0.79
intend	0.97	0.93
vague	0.97	1.81
ton	0.97	1.32
try	0.97	1.18
r/techsupport	0.98	1.10
either	0.98	1.40
bleeding	0.98	0.75
imagine	0.98	1.16
them	0.98	1.01
headset	0.98	0.96
eh	0.98	1.67
flawlessly	0.99	0.74
hobby	0.99	0.87
shouldnt	0.99	1.14
does	0.99	1.08
everyone	0.99	1.41
psd38g1600kh	0.99	0.97
backlight	1.00	0.78
curiosity	1.00	0.92
truly	1.00	1.13
y	1.00	1.14
peripherals	1.00	1.05
signal	1.00	1.29
r/buildmeapc	1.00	1.20
forward	1.00	0.98
unable	1.01	1.22
we	1.01	1.05
management	1.01	0.78
huh	1.01	2.15
seem	1.01	1.12
set-up	1.01	0.90
anyhow	1.01	1.36
freaking	1.01	1.58
c70	1.01	0.74
umm	1.02	1.50
guide	1.02	1.07
opinion	1.02	1.26
manuals	1.02	1.03
surprisingly	1.02	1.13
wait	1.02	0.91
atm	1.02	1.54
em	1.02	1.35
until	1.02	0.89
silicon	1.03	0.85
rush	1.03	0.81
sadly	1.03	1.00
yours	1.03	1.13
pixel	1.04	0.76
value	1.04	1.52
effort	1.04	1.34
hx318c10fk2/8	1.04	0.82
take	1.04	1.30
convinced	1.04	1.40
reasoning	1.04	1.42
mean	1.05	1.20
also	1.05	1.37
watercooled	1.05	0.79
sounds	1.05	1.67
hyperx	1.05	0.83
korean	1.05	0.81
comments	1.05	1.69
qx2710	1.05	0.82
theyre	1.05	0.96
cm	1.05	1.03
4gx2	1.05	0.85
feel	1.05	0.89
neither	1.05	1.26
brother	1.05	1.48
much	1.05	1.03
monday	1.05	0.80
hahaha	1.06	1.72
840bw	1.06	0.89
cyber	1.06	0.78
necessary	1.06	0.98
whatever	1.06	1.51
ps	1.06	1.17
young	1.06	0.96
qnix	1.06	0.80
friday	1.06	0.78
should	1.06	1.35
console	1.06	0.91
how	1.06	1.08
closely	1.06	0.85
anytime	1.06	0.96
soon	1.06	1.00
fury	1.06	0.82
weekend	1.07	0.83
interior	1.07	0.88
wont	1.07	1.16
colours	1.07	0.77
totally	1.07	1.60
v2	1.07	1.00
raw	1.07	0.84
concerns	1.07	1.27
verify	1.07	1.60
reason	1.07	1.09
attractive	1.08	0.80
r/buildapcforme	1.08	1.18
guarantee	1.08	0.85
note	1.08	1.39
till	1.08	0.87
xd	1.08	1.89
til	1.08	1.25
output	1.08	1.23
worked	1.09	1.08
cant	1.09	1.18
aiming	1.09	1.08
nearly	1.09	0.79
excited	1.09	1.71
greens	1.09	0.98
let	1.09	1.14
theres	1.09	1.24
dp	1.09	1.29
christmas	1.10	0.69
tutorial	1.10	1.27
guaranteed	1.10	0.73
holiday	1.11	0.68
able	1.11	1.07
understanding	1.11	1.64
make	1.11	1.03
hand	1.11	0.91
blacks	1.11	0.96
96hz	1.11	0.77
wouldnt	1.12	1.12
almost	1.12	0.81
necessarily	1.12	1.12
xbone	1.12	1.01
displayport	1.12	1.27
amazingly	1.12	0.97
needed	1.12	1.06
pretty	1.12	1.14
going	1.12	1.33
analog	1.12	1.25
idk	1.12	1.47
probably	1.12	1.35
taking	1.12	1.20
ahead	1.12	1.02
vga	1.12	1.29
manual	1.13	1.72
friendly	1.13	0.89
followed	1.13	1.09
indeed	1.13	1.57
mouse	1.13	1.28
dr	1.13	1.19
760t	1.13	0.82
accordingly	1.13	0.96
even	1.13	1.20
outputs	1.14	1.24
informed	1.14	1.10
thing	1.14	1.19
trying	1.14	1.14
dunno	1.14	1.43
rig	1.14	0.92
mmo	1.14	1.15
hdmi	1.14	1.27
deal	1.14	0.79
performer	1.14	1.42
acceleration	1.14	0.98
isnt	1.14	1.18
matte	1.14	0.74
doubt	1.14	1.15
say	1.15	1.14
dvi-i	1.15	1.28
which	1.15	1.06
considering	1.15	1.26
part	1.15	1.27
follow	1.15	0.98
depth	1.16	1.29
willing	1.16	1.13
option	1.16	1.55
moment	1.16	1.34
won	1.16	0.80
waiting	1.17	0.88
expert	1.17	1.15
because	1.17	1.11
list	1.17	1.44
rest	1.17	0.74
pcpartpicker	1.17	1.44
folks	1.17	1.20
dvi	1.17	1.26
confirmation	1.17	1.20
well	1.18	1.03
confirm	1.18	1.07
honest	1.18	1.26
perfectly	1.18	0.86
tomorrow	1.18	1.11
opinions	1.18	1.49
tl	1.18	1.16
generated	1.18	1.44
unless	1.19	0.99
trigger	1.19	1.02
makes	1.19	1.22
ta	1.19	1.45
2013	1.19	0.87
buttons	1.19	0.97
whether	1.19	0.98
technical	1.20	1.20
comfortable	1.20	0.67
exactly	1.20	1.07
wise	1.20	1.22
confident	1.20	1.69
feed	1.20	1.36
est-0500	1.20	1.44
then	1.20	1.24
re	1.20	1.03
by	1.21	1.43
figured	1.21	1.85
sorted	1.21	1.69
dvi-d	1.21	1.21
planning	1.21	1.18
likely	1.21	1.12
examples	1.21	1.45
bezels	1.21	0.68
lottery	1.22	0.91
charm	1.22	0.90
really	1.22	1.09
assuming	1.22	1.26
inputs	1.23	1.19
handy	1.23	1.28
rgb	1.23	0.98
youre	1.23	1.00
gmt+0000	1.23	1.48
promise	1.23	0.99
bite	1.24	1.03
point	1.24	1.08
work	1.24	1.08
est+1100	1.24	1.44
owned	1.24	1.29
project	1.24	0.84
seems	1.25	1.05
patient	1.25	1.37
choices	1.25	1.30
rich	1.25	0.78
changes	1.25	1.38
anniversary	1.25	1.12
believe	1.25	1.12
build	1.25	0.92
obviously	1.26	1.20
shape	1.26	0.78
course	1.26	1.16
wan	1.26	1.08
useful	1.26	1.30
details	1.26	1.41
adjustments	1.26	1.21
lol	1.26	1.68
um	1.27	1.38
im	1.27	1.08
sensor	1.27	1.05
bump	1.27	0.98
winner	1.28	1.12
dream	1.28	0.95
clear	1.28	1.60
laser	1.28	1.10
pleasing	1.28	1.15
dpi	1.28	0.84
everything	1.28	0.87
r/mechanicalkeyboards	1.28	0.95
glossy	1.29	0.67
wat	1.29	1.40
patience	1.29	1.26
storm	1.29	1.11
way	1.30	1.09
right	1.30	0.93
true	1.30	1.50
guessing	1.31	1.64
woah	1.31	1.72
u	1.31	1.31
beauty	1.31	0.75
inexpensive	1.32	1.13
decent	1.32	1.06
opportunity	1.32	1.19
rapid	1.33	1.08
tbh	1.33	1.19
honestly	1.33	1.05
interesting	1.34	1.63
pb278q	1.34	0.69
fine	1.34	0.82
beast	1.34	0.86
bezel	1.34	0.67
currently	1.34	0.75
flashy	1.35	1.21
specifics	1.35	1.14
explaining	1.35	1.60
working	1.35	0.79
glorious	1.35	0.83
r/pcmasterrace	1.36	0.86
aswell	1.36	1.01
member	1.37	0.75
otherwise	1.37	1.05
think	1.37	1.19
sharp	1.37	0.66
youll	1.37	1.01
ah	1.38	1.92
certainly	1.38	1.13
served	1.38	1.04
familiar	1.39	1.58
revised	1.39	1.51
switches	1.39	1.08
idea	1.39	1.13
bet	1.39	1.38
art	1.39	0.70
functional	1.39	0.83
look	1.40	0.93
razer	1.40	1.41
keyboard	1.40	1.14
actually	1.40	1.05
rocking	1.40	1.14
tonight	1.41	1.13
p.s	1.41	1.60
possible	1.41	1.36
cherry	1.41	1.09
shine	1.41	1.11
tight	1.41	1.20
ducky	1.41	1.11
assume	1.41	1.00
problem	1.42	1.12
fellow	1.42	0.83
brown	1.42	1.06
still	1.42	0.89
quickfire	1.42	1.09
mech	1.42	1.10
naga	1.43	1.36
spot	1.43	1.15
keyboards	1.43	1.13
favourite	1.44	0.68
darn	1.44	1.39
community	1.44	1.06
g502	1.44	1.32
unfortunately	1.44	1.11
absolutely	1.44	0.71
imo	1.44	0.88
mice	1.44	1.32
mx	1.45	1.06
aware	1.45	1.51
mechanical	1.46	1.12
although	1.46	0.96
firstly	1.46	1.06
lucky	1.46	1.26
choice	1.46	1.27
news	1.46	1.59
yea	1.47	1.73
however	1.48	0.93
na	1.48	1.07
red/black	1.48	0.95
its	1.49	0.96
ur	1.49	1.16
pleased	1.50	1.27
damn	1.50	1.39
sense	1.51	1.56
whats	1.52	1.24
satisfied	1.52	1.53
simple	1.52	0.99
hm	1.52	1.64
uh	1.53	1.65
asap	1.53	1.13
picky	1.53	1.29
reds	1.53	1.03
reckon	1.54	1.24
dude	1.54	1.60
guess	1.54	1.54
nah	1.54	1.44
savvy	1.55	1.27
impressed	1.55	1.19
response	1.56	1.40
yeah	1.56	1.62
looking	1.57	1.41
definitely	1.57	1.27
hmmm	1.57	1.57
critique	1.58	1.31
nonetheless	1.58	1.24
finish	1.58	0.69
p	1.59	1.65
blues	1.59	1.03
unique	1.59	1.00
beastly	1.60	0.77
valuable	1.60	1.31
questions	1.60	1.39
suppose	1.60	1.42
browns	1.60	1.05
now	1.61	0.89
interested	1.61	1.33
shot	1.62	1.26
hmm	1.63	1.57
hoping	1.63	1.46
steelseries	1.63	1.15
though	1.64	0.96
letting	1.64	1.25
haha	1.64	1.62
ll	1.64	1.25
anyway	1.64	1.25
nope	1.65	1.36
proud	1.65	1.23
happier	1.65	1.20
deathadder	1.65	1.28
similar	1.65	0.94
perfect	1.66	0.85
definately	1.66	1.11
gotcha	1.66	1.70
replying	1.66	1.69
logitech	1.66	1.20
information	1.67	1.36
neat	1.67	0.85
yes	1.67	1.10
fair	1.67	1.27
greatly	1.68	1.36
impressive	1.68	0.71
works	1.69	0.77
ya	1.69	1.53
knowledgeable	1.69	1.27
liking	1.69	0.91
thats	1.70	1.39
clearing	1.70	1.22
sure	1.71	1.08
cake	1.71	0.92
brilliant	1.72	0.80
balanced	1.73	0.91
blackwidow	1.73	1.19
m8	1.73	1.31
sexy	1.74	0.86
ahh	1.74	1.58
good	1.74	0.73
tips	1.75	1.34
k70	1.75	1.18
tho	1.76	1.42
sturdy	1.78	0.90
race	1.78	0.71
tempting	1.78	0.96
badass	1.78	0.69
yup	1.79	1.43
solid	1.79	0.95
doge	1.81	0.84
def	1.82	1.21
anyways	1.82	1.36
club	1.82	0.74
owner	1.82	0.74
yep	1.83	1.39
answer	1.84	1.34
beautiful	1.84	0.64
gon	1.85	1.14
wow	1.87	1.41
recommendation	1.87	1.29
yay	1.87	1.13
dang	1.88	1.38
hopefully	1.88	1.10
thoughts	1.89	1.34
advance	1.89	1.48
consideration	1.90	1.31
responding	1.90	1.45
answers	1.90	1.37
enjoying	1.91	0.98
sleek	1.91	0.78
helping	1.92	1.18
alot	1.93	1.33
heads	1.95	1.42
ahhh	1.95	1.43
gorgeous	1.95	0.57
responses	1.95	1.35
okay	1.95	1.40
jealous	1.96	0.82
recommendations	1.97	1.30
ok	1.97	1.41
noted	1.97	1.38
helped	1.98	1.12
holidays	1.98	1.02
detailed	1.98	1.24
replies	1.99	1.34
answering	1.99	1.31
prob	1.99	1.18
lovely	2.00	0.58
buddy	2.02	1.01
bro	2.02	1.27
loving	2.03	0.49
clarification	2.03	1.35
ill	2.03	1.24
again	2.04	1.26
explanation	2.04	1.23
info	2.05	1.29
sir	2.05	1.23
suggestions	2.06	1.28
advice	2.06	1.29
reply	2.06	1.30
ideas	2.08	1.27
man	2.08	1.29
informative	2.08	1.27
alright	2.08	1.32
thorough	2.08	1.28
insight	2.08	1.28
ty	2.09	1.32
input	2.09	1.27
bud	2.09	1.29
alrighty	2.10	1.32
tip	2.10	1.30
quick	2.10	1.27
hello	2.10	1.01
job	2.10	0.59
glad	2.11	1.22
cheers	2.11	1.28
guys	2.11	1.25
suggestion	2.11	1.25
worries	2.12	1.17
looks	2.12	0.78
mate	2.13	1.21
feedback	2.13	1.27
thanks	2.13	1.28
thank	2.13	1.28
fun	2.13	0.99
helpful	2.14	1.25
btw	2.14	1.21
thx	2.14	1.26
help	2.15	1.23
appreciated	2.15	1.26
appreciate	2.15	1.26
heaps	2.15	1.25
helps	2.16	1.21
hey	2.16	1.20
sharing	2.17	1.06
cool	2.17	0.93
np	2.21	1.11
sweet	2.21	0.97
hope	2.22	1.07
luck	2.22	1.06
congrats	2.38	0.80
shall	2.39	0.91
welcome	2.45	0.78
hi	2.49	0.84
enjoy	2.54	0.66
