denounce	-4.68	1.48
denounces	-4.62	1.52
denouncing	-4.62	1.49
dow	-4.59	1.49
hating	-4.57	1.39
denounced	-4.51	1.51
declared	-4.32	1.51
backstabbed	-4.24	1.38
backstab	-4.24	1.51
pissed	-4.21	1.06
angry	-4.19	1.18
declares	-4.15	1.54
backstabbing	-4.12	1.44
attacked	-4.07	1.40
piss	-4.07	1.46
everybody	-4.06	1.42
declare	-4.01	1.28
declaring	-3.97	1.26
war	-3.96	1.25
pisses	-3.85	1.28
warring	-3.81	1.19
denouncements	-3.81	1.28
warmongering	-3.79	1.45
dows	-3.79	1.34
screw	-3.79	1.31
suck	-3.78	1.26
meet	-3.76	1.49
declarations	-3.76	1.28
chain	-3.71	1.17
bribing	-3.71	1.19
bribe	-3.69	1.21
else	-3.69	1.50
dof	-3.65	1.27
embargoed	-3.65	1.33
plotting	-3.57	0.96
bully	-3.55	1.19
sucks	-3.55	1.07
whom	-3.54	1.24
warmonger	-3.53	1.52
dofs	-3.53	1.33
asks	-3.52	1.21
settles	-3.51	1.29
jerk	-3.50	1.29
me	-3.48	1.17
pissing	-3.47	1.21
friendship	-3.45	1.24
alex	-3.41	1.51
loses	-3.41	1.64
crappy	-3.39	1.47
decides	-3.38	1.68
everyone	-3.38	1.20
waging	-3.34	0.92
target	-3.31	1.18
nobody	-3.30	1.66
pay	-3.28	1.19
pact	-3.27	1.20
thinks	-3.26	1.29
motherfucker	-3.26	1.45
wiped	-3.26	1.04
ugly	-3.25	1.30
invaded	-3.24	1.15
blame	-3.23	1.12
stacks	-3.23	1.56
invade	-3.23	1.15
smug	-3.22	1.43
mongering	-3.21	1.15
him	-3.20	1.17
asshole	-3.20	1.52
shitty	-3.14	1.43
guarded	-3.14	1.28
she	-3.13	1.13
talks	-3.13	1.30
someone	-3.11	1.21
warmongers	-3.10	1.18
buddies	-3.09	1.17
suddenly	-3.08	1.23
covet	-3.07	1.16
bitch	-3.06	1.48
naval	-3.06	1.57
neighbor	-3.06	1.15
eliminated	-3.06	1.08
trust	-3.03	1.30
befriend	-3.03	1.17
prick	-3.02	1.48
assholes	-3.02	1.56
wage	-3.02	0.95
forgive	-3.00	1.41
ra	-3.00	1.21
attack	-3.00	1.14
nuked	-2.97	1.08
captures	-2.95	1.14
rid	-2.95	1.71
insult	-2.95	1.34
dies	-2.94	1.73
fight	-2.94	0.99
buys	-2.94	1.22
hostile	-2.92	1.23
signed	-2.92	1.13
met	-2.91	1.10
trigger	-2.91	1.13
steamrolled	-2.88	0.89
douche	-2.87	1.49
expansionist	-2.85	1.63
partner	-2.84	1.14
dick	-2.83	1.15
likes	-2.82	2.20
annoyed	-2.81	1.22
cares	-2.81	1.68
declaration	-2.81	1.15
he	-2.80	1.16
incomplete	-2.80	1.67
eachother	-2.79	1.10
reaction	-2.79	0.93
hatred	-2.77	1.53
asked	-2.77	1.01
largely	-2.76	1.69
busy	-2.75	1.52
friendships	-2.74	1.15
battles	-2.74	0.71
somebody	-2.73	1.18
agreements	-2.73	1.15
who	-2.73	1.28
sees	-2.71	1.59
conquer	-2.71	1.11
whoever	-2.70	1.20
wipe	-2.70	1.04
paying	-2.70	1.11
whore	-2.69	1.60
agreement	-2.65	1.13
useless	-2.64	1.62
sign	-2.64	1.09
b	-2.63	1.01
doom	-2.62	1.98
awkward	-2.62	1.58
pacts	-2.61	1.12
wars	-2.61	0.83
positioning	-2.61	1.55
meeting	-2.61	1.09
fucker	-2.59	1.32
forward	-2.59	1.72
treaties	-2.58	1.12
became	-2.58	1.91
ramkhamhaeng	-2.55	1.32
friends	-2.54	1.13
refers	-2.53	1.65
fighting	-2.53	0.93
trades	-2.53	1.12
attacking	-2.53	1.04
wiping	-2.52	1.11
conquering	-2.49	1.12
catherine	-2.49	1.23
destroyed	-2.48	0.98
sue	-2.48	1.09
nowhere	-2.47	1.10
knows	-2.47	2.12
oda	-2.45	1.13
trash	-2.45	1.27
wants	-2.45	2.28
her	-2.44	1.11
alexander	-2.44	1.37
neighbours	-2.44	1.10
anyone	-2.43	1.18
garbage	-2.43	1.82
greedy	-2.43	1.59
neighbour	-2.42	1.15
tbh	-2.41	1.64
embassies	-2.41	1.10
anybody	-2.41	1.24
president	-2.40	1.61
suleiman	-2.38	1.33
poor	-2.38	1.54
mad	-2.37	1.33
present	-2.37	1.66
conquered	-2.37	1.08
crushed	-2.36	0.92
ras	-2.36	1.09
eliminating	-2.36	1.21
penalties	-2.35	1.18
warfare	-2.35	1.59
refuse	-2.35	1.08
peace	-2.35	1.08
deals	-2.35	1.10
sucked	-2.33	0.59
annoys	-2.33	1.34
dido	-2.32	1.25
attacks	-2.32	1.03
accept	-2.31	1.07
1upt	-2.31	1.55
dislike	-2.30	1.69
forever	-2.29	1.90
attitude	-2.29	1.14
neighbors	-2.28	1.08
taking	-2.27	1.12
monty	-2.27	1.25
bothered	-2.27	1.78
treaty	-2.26	1.08
against	-2.26	1.01
closest	-2.25	1.06
lying	-2.24	1.01
convince	-2.24	0.96
hiawatha	-2.24	1.40
sends	-2.23	1.19
inspired	-2.23	1.85
shaka	-2.22	1.23
widely	-2.21	1.52
kicked	-2.21	0.75
joined	-2.21	1.07
lie	-2.21	1.42
request	-2.20	1.06
stupid	-2.19	1.40
stuck	-2.19	0.84
demanding	-2.19	0.99
living	-2.18	1.74
face	-2.18	1.05
offered	-2.18	1.05
maria	-2.17	1.18
took	-2.17	1.03
spying	-2.17	0.98
liberated	-2.16	1.05
pocatello	-2.16	1.19
embassy	-2.15	1.06
ends	-2.15	1.03
liberating	-2.15	1.14
throwing	-2.15	1.72
bastard	-2.15	1.42
offer	-2.14	1.07
ramesses	-2.14	0.84
isabella	-2.14	1.28
himself	-2.13	1.04
ashurbanipal	-2.13	1.19
fought	-2.13	0.84
nebuchadnezzar	-2.13	1.03
theresa	-2.13	1.27
opponent	-2.12	1.03
theodora	-2.12	1.12
montezuma	-2.12	1.20
wu	-2.12	1.17
foe	-2.12	1.01
atilla	-2.11	1.21
secret	-2.11	1.72
darius	-2.10	1.18
allying	-2.10	1.04
gajah	-2.09	1.20
napoleon	-2.09	1.22
retarded	-2.09	1.32
reroll	-2.09	1.94
enrico	-2.08	0.65
offers	-2.07	1.06
friend	-2.07	1.02
genghis	-2.07	1.25
off	-2.06	1.04
crush	-2.06	1.08
attila	-2.05	1.22
nobunaga	-2.04	1.15
refused	-2.04	1.03
worthless	-2.04	1.56
negotiate	-2.03	1.05
ass	-2.03	1.08
askia	-2.02	1.21
screwed	-2.02	0.80
fights	-2.02	0.62
sejong	-2.02	1.20
harun	-2.01	1.15
balls	-2.01	0.79
liberate	-2.00	1.08
open	-2.00	1.03
caesar	-1.98	1.18
bullshit	-1.97	0.84
lump	-1.96	1.05
chess	-1.96	1.75
upset	-1.96	0.93
liberation	-1.95	1.29
defensive	-1.95	0.97
paid	-1.95	1.10
washington	-1.95	1.13
offering	-1.95	0.99
capturing	-1.95	1.13
killed	-1.94	0.89
constructed	-1.94	1.84
tired	-1.93	1.79
demand	-1.93	1.00
prepare	-1.93	0.81
alliance	-1.92	0.96
pachacuti	-1.91	1.15
gifting	-1.91	1.01
eliminate	-1.91	1.23
defending	-1.90	0.80
ramses	-1.90	1.09
constantly	-1.89	0.97
casimir	-1.89	1.18
rest	-1.89	1.00
augustus	-1.89	1.17
haile	-1.89	1.05
decline	-1.88	0.99
penalty	-1.88	1.24
alliances	-1.87	1.05
demands	-1.87	0.97
builds	-1.86	1.06
bam	-1.85	0.99
nearest	-1.83	1.12
mess	-1.82	0.88
bad	-1.82	1.56
ally	-1.82	1.00
partners	-1.81	1.05
neutral	-1.80	1.17
pacal	-1.80	1.15
boudicca	-1.80	1.07
captured	-1.79	0.97
dare	-1.79	1.03
allies	-1.79	0.99
hurts	-1.78	0.75
dealing	-1.78	1.75
deal	-1.77	1.16
bluetooth	-1.76	1.09
gandhi	-1.76	1.23
sneak	-1.76	0.94
zetian	-1.74	1.19
ais	-1.74	1.01
proceed	-1.73	0.95
relationship	-1.73	1.26
taken	-1.73	1.00
miss	-1.72	2.24
burned	-1.71	0.92
citystates	-1.71	0.98
allied	-1.71	0.98
bismark	-1.70	1.16
bothers	-1.70	1.95
guy	-1.70	1.22
worse	-1.69	2.18
picks	-1.68	1.28
a.i	-1.68	0.98
tribute	-1.67	0.96
quit	-1.67	0.63
his	-1.67	1.00
weakened	-1.67	0.96
ranged	-1.67	0.79
maritime	-1.67	0.98
surrender	-1.66	0.96
invasions	-1.66	0.66
selassie	-1.66	1.12
ghengis	-1.66	0.96
idiot	-1.66	2.08
error	-1.66	2.36
join	-1.65	0.89
invading	-1.65	0.84
mercantile	-1.65	0.98
bismarck	-1.65	1.08
hes	-1.64	1.10
proxy	-1.64	0.74
lands	-1.63	1.01
state	-1.63	0.98
cs	-1.63	0.98
snow	-1.62	1.09
bag	-1.62	1.00
joining	-1.62	0.89
gifts	-1.62	0.97
aggressive	-1.62	1.29
acts	-1.62	1.09
capture	-1.61	0.98
city-state	-1.61	0.98
harald	-1.60	1.04
sum	-1.60	1.01
competent	-1.60	1.45
rude	-1.59	2.12
militaristic	-1.59	0.96
states	-1.59	0.98
city-states	-1.58	0.98
ask	-1.58	1.05
occupied	-1.58	1.02
bordering	-1.57	0.93
neglect	-1.57	0.93
ukraine	-1.57	0.83
fuck	-1.57	1.97
battle	-1.56	0.84
elizabeth	-1.56	1.16
animation	-1.56	1.87
razed	-1.55	0.94
at	-1.54	1.75
proper	-1.54	1.63
stole	-1.54	1.13
flanking	-1.54	0.76
caravels	-1.54	0.86
cses	-1.53	0.98
razing	-1.52	0.99
absolute	-1.52	1.73
puppeting	-1.52	1.03
enemies	-1.52	0.96
steamroll	-1.51	0.91
enemy	-1.51	0.90
scratch	-1.51	1.82
ruined	-1.51	0.77
suffer	-1.50	1.15
borders	-1.50	0.93
queen	-1.50	1.02
hit	-1.49	1.14
css	-1.49	0.95
athens	-1.49	1.03
fucking	-1.49	1.78
status	-1.49	1.16
dumb	-1.48	1.83
fucked	-1.48	1.73
messed	-1.48	2.14
requests	-1.47	1.08
settled	-1.47	1.19
battlefield	-1.46	0.78
stack	-1.45	1.15
tundra	-1.45	1.08
aggression	-1.45	0.95
puppeted	-1.44	1.01
kill	-1.44	0.91
gifted	-1.44	0.94
hits	-1.43	1.12
destroy	-1.43	0.92
smash	-1.43	0.75
mediocre	-1.42	1.63
repeatedly	-1.42	0.92
puppet	-1.42	1.00
crushing	-1.42	0.71
stomp	-1.42	0.85
kamehameha	-1.42	1.18
accepted	-1.41	0.92
others	-1.41	1.13
negative	-1.41	1.15
destroying	-1.40	0.92
settling	-1.40	1.28
quests	-1.40	0.92
wwii	-1.40	0.66
raze	-1.40	0.99
uses	-1.40	2.13
annexing	-1.40	1.02
khan	-1.37	1.14
stacked	-1.37	0.94
attrition	-1.37	0.77
anytime	-1.37	0.97
death	-1.36	0.89
sent	-1.36	0.87
annexed	-1.36	0.98
behavior	-1.36	0.86
inevitably	-1.35	1.03
simultaneously	-1.35	0.78
promptly	-1.35	0.90
removes	-1.35	1.04
damage	-1.34	0.87
pays	-1.33	0.88
severe	-1.33	1.02
whenever	-1.32	1.02
marching	-1.31	0.88
combat	-1.31	0.75
stealing	-1.31	1.09
looking	-1.31	2.51
bombing	-1.31	0.87
inevitable	-1.31	0.88
bastards	-1.30	0.98
gift	-1.30	0.95
revenge	-1.30	0.93
tea	-1.30	0.94
held	-1.30	0.61
pain	-1.29	1.01
fell	-1.29	0.87
rival	-1.29	0.93
cripple	-1.29	0.92
submarines	-1.28	0.88
privateers	-1.28	0.96
explore	-1.28	0.96
influence	-1.28	0.91
ironclads	-1.27	0.94
message	-1.27	0.90
capitol	-1.27	0.83
reminds	-1.26	1.64
pedro	-1.26	1.01
capitals	-1.26	0.90
fronts	-1.25	0.79
fleet	-1.25	0.93
disappointing	-1.24	2.22
drunk	-1.23	0.96
return	-1.23	0.95
expert	-1.23	2.34
already	-1.23	1.12
frigates	-1.23	0.94
proceeded	-1.23	0.95
nuking	-1.22	0.90
am	-1.22	2.54
prove	-1.22	2.61
dad	-1.21	0.91
melee	-1.21	0.81
paris	-1.21	0.87
throws	-1.21	0.95
submarine	-1.20	0.88
fleets	-1.20	0.84
invasion	-1.19	0.72
rip	-1.19	0.67
99	-1.19	0.83
consequences	-1.19	1.02
embarked	-1.19	0.82
discovered	-1.18	0.94
about	-1.18	2.82
ships	-1.18	0.96
annex	-1.18	0.97
breaking	-1.17	0.88
killing	-1.17	0.86
falls	-1.17	0.81
conflict	-1.17	0.80
aggressively	-1.17	1.03
civ4	-1.17	2.59
crippled	-1.17	0.94
losses	-1.17	0.90
constant	-1.17	0.90
missing	-1.16	2.96
units	-1.16	0.81
embargo	-1.16	0.91
slaughter	-1.16	0.81
supposed	-1.15	2.62
tactics	-1.15	0.76
goes	-1.15	1.05
sink	-1.15	0.91
deserves	-1.15	0.62
planning	-1.14	1.24
being	-1.14	1.05
anywhere	-1.14	1.01
finds	-1.14	0.95
ahead	-1.13	0.84
fail	-1.13	0.90
bros	-1.13	0.79
avoiding	-1.13	0.89
mov	-1.13	0.90
died	-1.13	0.79
has	-1.12	1.10
attention	-1.12	0.80
outright	-1.12	0.89
beggars	-1.11	0.98
privateer	-1.11	0.91
ignored	-1.11	0.88
astronomy	-1.11	0.97
boom	-1.11	0.94
defense	-1.11	0.77
smart	-1.11	1.10
loyalty	-1.10	0.95
arguing	-1.10	2.96
model	-1.10	0.62
rage	-1.10	0.91
civs	-1.10	0.89
occurs	-1.09	0.91
alongside	-1.09	0.79
genuinely	-1.09	1.40
settle	-1.08	1.17
girl	-1.08	1.04
resting	-1.08	0.90
opponents	-1.08	0.89
falling	-1.08	0.92
capitols	-1.08	0.84
discover	-1.07	1.00
kick	-1.07	0.80
rolled	-1.07	1.04
berlin	-1.07	0.76
expands	-1.06	1.04
retreat	-1.06	0.83
genocide	-1.06	0.83
promise	-1.06	0.88
afterwards	-1.06	0.77
seas	-1.06	0.88
afraid	-1.05	1.06
avoid	-1.05	0.99
tactical	-1.05	0.92
protect	-1.05	0.81
marines	-1.05	0.62
exploring	-1.05	0.96
nuke	-1.05	0.80
intend	-1.04	0.99
thebes	-1.04	0.96
removing	-1.04	0.99
defeat	-1.04	0.79
saying	-1.03	2.94
told	-1.03	1.04
tendency	-1.03	0.98
blitzkrieg	-1.03	0.72
messing	-1.03	1.26
ground	-1.03	0.79
permanent	-1.03	1.03
gustavus	-1.02	1.18
blank	-1.02	0.70
pushing	-1.02	1.13
civ3	-1.02	2.61
puppets	-1.01	0.95
coastal	-1.01	0.89
removed	-1.01	0.75
unit	-1.01	0.79
ship	-1.01	0.90
slavery	-1.00	0.73
bombard	-1.00	0.79
ignore	-1.00	0.86
stacking	-1.00	1.31
defend	-1.00	0.81
convinced	-1.00	0.96
m	-1.00	2.71
frigate	-1.00	0.86
remove	-1.00	0.98
weaken	-1.00	0.86
sea	-0.99	0.90
xd	-0.99	1.92
exploration	-0.98	0.82
doing	-0.98	2.90
fortify	-0.98	0.78
siege	-0.98	0.76
refer	-0.98	0.99
peoples	-0.97	0.85
conflicts	-0.97	0.74
child	-0.97	0.67
ai	-0.96	0.89
distant	-0.96	0.81
dead	-0.96	0.69
shame	-0.96	2.10
explored	-0.96	0.84
dominate	-0.96	0.75
everything	-0.96	0.81
programmed	-0.95	0.93
decide	-0.95	1.03
hole	-0.94	0.92
threats	-0.94	0.85
fire	-0.94	0.77
wreck	-0.94	0.90
banned	-0.93	1.14
independence	-0.93	0.73
downvoted	-0.93	2.89
actively	-0.93	0.89
thrown	-0.93	0.67
kicking	-0.93	0.88
secondary	-0.93	0.73
harsh	-0.93	1.01
battleship	-0.93	0.76
moves	-0.92	0.85
battleships	-0.92	0.78
defeated	-0.92	0.80
scared	-0.92	1.29
noob	-0.92	2.46
exchange	-0.92	0.94
ottoman	-0.92	0.66
squares	-0.92	0.79
campaign	-0.92	0.75
dozens	-0.91	0.84
agree	-0.91	2.38
elections	-0.91	0.81
exists	-0.91	0.88
acting	-0.91	0.71
deter	-0.91	0.98
picking	-0.91	0.88
downvoting	-0.91	1.62
land	-0.91	0.76
usage	-0.91	1.00
putting	-0.91	0.87
accordingly	-0.91	1.05
launched	-0.91	0.73
leaves	-0.90	0.88
formed	-0.90	0.77
tries	-0.90	2.12
destroyers	-0.90	0.76
capital	-0.90	0.77
diplo	-0.90	1.29
competing	-0.90	0.90
defence	-0.89	0.80
snipe	-0.89	0.90
merely	-0.89	0.89
navies	-0.89	0.94
rivals	-0.89	0.94
lincoln	-0.89	0.76
hitting	-0.89	0.99
leads	-0.89	0.93
sides	-0.89	0.75
decided	-0.88	1.05
friendly	-0.88	2.26
butt	-0.88	0.85
spots	-0.88	1.02
silly	-0.88	1.93
existence	-0.88	1.02
prize	-0.88	0.81
people	-0.87	1.17
organization	-0.87	0.93
remembered	-0.87	2.81
suggesting	-0.87	1.79
elsewhere	-0.87	1.09
steal	-0.87	0.84
preparing	-0.87	0.90
horde	-0.87	0.83
them	-0.87	1.08
fat	-0.87	1.85
annoying	-0.86	1.99
caravel	-0.86	0.75
talked	-0.86	0.75
spies	-0.86	0.69
unclaimed	-0.85	0.82
blind	-0.85	1.17
appears	-0.85	0.81
owner	-0.85	0.77
themselves	-0.85	0.88
needs	-0.85	1.01
nukes	-0.85	0.77
formation	-0.85	0.87
gave	-0.85	0.94
russians	-0.85	0.72
destroyer	-0.85	0.73
destruction	-0.84	0.73
gpt	-0.84	0.88
empty	-0.84	0.78
cruisers	-0.84	0.72
earning	-0.84	0.91
thinking	-0.84	2.93
when	-0.84	1.05
air	-0.83	0.74
heal	-0.83	0.93
forces	-0.83	0.73
boat	-0.83	0.76
bombardment	-0.83	0.71
intercept	-0.83	0.72
shared	-0.83	0.88
george	-0.82	0.73
geography	-0.82	0.60
william	-0.82	0.90
kept	-0.82	1.02
aircraft	-0.82	0.78
subs	-0.82	0.72
boring	-0.82	2.22
story	-0.82	2.11
crap	-0.82	1.01
wwi	-0.82	0.80
dust	-0.82	0.86
fend	-0.82	0.84
began	-0.82	0.79
wales	-0.81	0.89
shooting	-0.81	0.93
deny	-0.81	0.93
bored	-0.81	1.11
optional	-0.81	0.70
confusion	-0.81	2.82
pillage	-0.81	0.80
triremes	-0.80	0.73
reinforcements	-0.80	0.93
burning	-0.80	0.82
showed	-0.80	0.86
by	-0.80	0.95
warsaw	-0.80	0.83
poorly	-0.80	0.92
settlement	-0.80	0.88
integrated	-0.80	0.93
wife	-0.79	0.84
actions	-0.79	0.73
kills	-0.79	0.79
hurting	-0.79	1.34
murder	-0.79	0.82
relationships	-0.79	1.18
hitler	-0.79	0.81
previously	-0.79	0.94
jerusalem	-0.79	0.92
mounted	-0.79	0.74
royal	-0.79	0.70
missile	-0.78	0.70
burn	-0.78	0.83
protection	-0.78	0.80
healing	-0.78	0.80
swear	-0.78	0.98
move	-0.77	0.77
lazy	-0.77	1.30
trireme	-0.77	0.74
traded	-0.77	0.83
targets	-0.77	0.78
damaged	-0.77	0.89
gets	-0.77	1.04
overseas	-0.76	0.62
apologize	-0.76	2.55
curious	-0.76	1.76
stopped	-0.76	0.99
greek	-0.76	0.99
carrier	-0.76	0.71
neighboring	-0.76	0.85
moai	-0.76	0.96
instantly	-0.76	0.78
reset	-0.76	0.86
lay	-0.76	0.79
costing	-0.76	0.82
creation	-0.76	0.67
dominated	-0.75	0.80
courthouse	-0.75	1.07
buggy	-0.75	1.38
admirals	-0.75	0.82
purchased	-0.75	0.81
requirement	-0.75	0.77
fortunately	-0.75	0.86
navy	-0.75	0.92
focuses	-0.75	0.91
bay	-0.75	0.80
nations	-0.75	0.78
town	-0.75	0.85
ww2	-0.75	0.70
sitting	-0.75	0.94
forgetting	-0.74	2.08
rename	-0.74	0.85
unnecessary	-0.74	0.96
buddy	-0.74	1.26
resort	-0.74	0.82
suffering	-0.74	1.00
founded	-0.74	0.80
calls	-0.74	0.99
claim	-0.74	0.78
hp	-0.74	0.81
kid	-0.73	0.74
oddly	-0.73	0.76
opposing	-0.73	0.80
dropped	-0.73	0.73
lost	-0.73	0.88
onto	-0.73	0.87
pointless	-0.73	1.16
wasted	-0.73	0.95
another	-0.73	1.03
nearby	-0.73	0.85
careful	-0.73	0.97
reach	-0.73	0.91
acquire	-0.72	0.69
pillaged	-0.72	0.78
immediately	-0.72	0.94
wind	-0.72	0.80
keeps	-0.72	1.00
carriers	-0.72	0.70
london	-0.72	0.75
claimed	-0.72	0.77
caught	-0.72	0.81
knock	-0.71	0.90
fortified	-0.71	0.75
plunder	-0.71	0.75
treated	-0.71	0.78
defenses	-0.71	0.65
engineering	-0.71	0.85
waves	-0.71	0.75
threatening	-0.70	0.95
troop	-0.70	0.78
mongols	-0.70	0.89
holding	-0.70	0.66
push	-0.70	0.87
camera	-0.70	0.92
battering	-0.70	0.81
whole	-0.70	0.87
modifier	-0.69	0.91
surround	-0.69	0.74
truth	-0.69	1.12
doesnt	-0.69	1.02
hover	-0.69	0.88
asking	-0.69	1.85
york	-0.69	0.72
excited	-0.69	2.04
theirs	-0.69	0.85
puny	-0.68	0.80
sell	-0.68	0.82
protecting	-0.68	0.78
smarter	-0.68	0.86
u.s	-0.68	0.85
prevents	-0.68	0.94
circle	-0.68	0.88
damned	-0.68	1.04
girlfriend	-0.68	0.77
relations	-0.68	1.11
pointed	-0.68	1.25
beijing	-0.68	0.68
renamed	-0.67	0.75
sudden	-0.67	1.71
danish	-0.67	0.71
swarm	-0.67	0.74
shut	-0.67	1.08
vatican	-0.67	0.85
server	-0.67	0.70
worried	-0.67	1.57
worm	-0.67	0.71
powers	-0.67	0.72
unplayable	-0.67	0.92
willing	-0.67	0.98
replaced	-0.66	0.72
network	-0.66	0.70
weakest	-0.66	2.42
territory	-0.65	0.86
danger	-0.65	0.93
product	-0.65	0.49
la	-0.65	0.62
impi	-0.65	0.90
civilian	-0.65	0.73
intrigue	-0.65	0.74
considered	-0.65	2.48
tie	-0.65	0.72
laughing	-0.65	0.96
ugh	-0.65	0.85
crater	-0.64	0.91
rams	-0.64	0.80
trained	-0.64	0.72
mentioning	-0.64	1.66
models	-0.64	0.66
throw	-0.64	0.73
civilians	-0.64	0.90
stations	-0.64	0.83
walking	-0.64	0.70
belongs	-0.64	0.77
union	-0.63	0.68
selling	-0.63	0.81
surprise	-0.63	0.86
garrison	-0.63	0.74
effect	-0.63	0.86
woman	-0.63	0.73
line	-0.62	0.74
cancel	-0.62	0.68
knowing	-0.62	1.21
nation	-0.62	0.82
converting	-0.62	0.80
retain	-0.62	0.87
skipped	-0.62	0.86
die	-0.61	0.88
garrisoned	-0.61	0.88
germans	-0.61	0.76
station	-0.61	0.66
lancers	-0.61	0.89
japanese	-0.61	0.81
front	-0.61	0.72
stealth	-0.61	0.65
respond	-0.61	1.18
bet	-0.61	0.92
assault	-0.61	0.63
missiles	-0.61	0.68
together	-0.61	0.82
decisions	-0.61	0.80
losing	-0.61	1.04
ghandi	-0.61	1.23
passage	-0.61	0.74
guard	-0.61	0.76
welp	-0.60	0.94
bringing	-0.60	0.98
diplomatically	-0.60	0.88
conversation	-0.60	1.34
group	-0.60	0.79
door	-0.59	0.96
invisible	-0.59	0.83
stalin	-0.59	0.69
bombs	-0.59	0.70
troops	-0.59	0.76
road	-0.59	0.77
mecca	-0.59	0.75
pull	-0.59	1.01
shoot	-0.59	0.74
screens	-0.59	0.73
troll	-0.59	1.12
al	-0.59	0.72
gains	-0.59	0.96
draw	-0.59	0.80
acceptable	-0.58	2.06
everytime	-0.58	1.02
non	-0.58	0.62
bombers	-0.58	0.67
appeared	-0.58	0.76
contact	-0.58	0.90
choices	-0.58	0.82
implying	-0.58	1.01
expecting	-0.58	1.09
react	-0.58	0.92
hands	-0.58	0.73
mao	-0.58	0.57
strikes	-0.58	0.61
repair	-0.57	0.74
host	-0.57	0.68
stationed	-0.57	0.69
madrid	-0.57	0.77
whoring	-0.57	0.94
nuclear	-0.57	0.72
ussr	-0.57	0.64
embark	-0.57	0.72
member	-0.57	0.80
intentionally	-0.57	0.79
stopping	-0.57	0.82
monster	-0.57	0.95
blocked	-0.57	0.71
player	-0.56	0.64
mission	-0.56	0.75
before	-0.56	0.95
project	-0.56	0.65
trade	-0.56	0.82
discovering	-0.56	0.80
rape	-0.56	0.86
players	-0.56	0.75
effectively	-0.56	0.79
occupy	-0.56	0.72
break	-0.56	0.88
racist	-0.56	1.08
warning	-0.56	1.08
settlements	-0.55	0.76
eh	-0.55	0.95
facing	-0.55	1.13
send	-0.55	0.75
terrifying	-0.55	1.73
lives	-0.55	0.73
laughed	-0.55	1.94
favour	-0.55	0.81
black	-0.54	0.68
fault	-0.54	1.05
newly	-0.54	0.83
receives	-0.54	0.79
placed	-0.54	0.75
horribly	-0.54	2.44
concerned	-0.54	1.15
thankfully	-0.54	0.82
cities	-0.54	0.80
sail	-0.54	0.72
range	-0.54	0.72
desire	-0.54	0.91
computers	-0.54	0.70
territories	-0.53	0.72
millions	-0.53	0.71
hordes	-0.53	0.72
efforts	-0.53	0.77
beats	-0.53	0.87
guessing	-0.53	1.68
mentions	-0.53	1.17
effects	-0.52	0.81
complaining	-0.52	1.54
entire	-0.52	0.81
turning	-0.52	0.79
planes	-0.52	0.69
practically	-0.52	0.88
prevent	-0.52	0.84
block	-0.52	0.76
spy	-0.52	0.72
split	-0.52	0.74
fighters	-0.52	0.72
plane	-0.52	0.71
purpose	-0.51	0.73
currently	-0.51	1.88
xcoms	-0.51	0.66
purple	-0.51	0.73
roads	-0.51	0.79
1/3	-0.51	0.73
online	-0.51	0.69
throne	-0.51	0.80
crippling	-0.51	0.81
sotl	-0.51	0.97
costs	-0.51	0.79
league	-0.51	0.88
price	-0.51	0.78
viking	-0.51	0.77
joking	-0.50	2.94
murica	-0.50	0.86
teams	-0.50	0.68
cut	-0.50	0.87
female	-0.50	0.69
bomber	-0.50	0.67
spammed	-0.50	0.80
passive	-0.49	1.06
bridges	-0.49	0.85
missions	-0.49	0.73
horse	-0.49	0.79
dropping	-0.49	0.70
artillery	-0.49	0.68
inquisitor	-0.49	0.78
polynesian	-0.49	0.85
covered	-0.49	0.88
pulling	-0.49	0.94
table	-0.49	0.64
meh	-0.49	1.16
construct	-0.49	0.79
planned	-0.48	0.67
resistance	-0.48	0.91
sat	-0.48	0.71
police	-0.48	0.66
disappointed	-0.48	1.19
movement	-0.48	0.71
indian	-0.48	0.76
stage	-0.48	0.76
ruler	-0.48	0.70
cannon	-0.48	0.68
counter	-0.48	0.74
winner	-0.48	0.70
opposite	-0.47	1.37
permanently	-0.47	0.70
drop	-0.47	0.74
diplomats	-0.47	0.74
animations	-0.47	0.76
grammar	-0.47	2.89
trapped	-0.47	0.84
boats	-0.47	0.73
ride	-0.47	0.85
blocks	-0.47	0.66
archers	-0.47	0.70
led	-0.47	0.64
sticking	-0.47	0.97
carried	-0.47	0.77
crossbowman	-0.47	0.68
typical	-0.46	0.98
claiming	-0.46	0.79
cost	-0.46	0.79
named	-0.46	0.83
intelligence	-0.46	0.69
eg	-0.46	0.75
caused	-0.46	0.82
completion	-0.46	0.74
invented	-0.46	0.67
moscow	-0.46	0.72
leader	-0.46	0.74
soldier	-0.46	0.74
twice	-0.46	0.84
enter	-0.45	0.81
confused	-0.45	2.73
appeal	-0.45	0.72
usa	-0.45	0.68
owned	-0.45	0.72
credit	-0.45	0.98
differing	-0.45	0.70
wondering	-0.45	2.11
logistics	-0.45	0.69
itself	-0.45	0.93
skills	-0.45	0.75
starts	-0.45	0.69
talking	-0.45	3.04
catapult	-0.45	0.69
squads	-0.45	0.65
diplomat	-0.45	0.73
decision	-0.44	0.90
lived	-0.44	0.98
inside	-0.44	0.73
act	-0.44	0.79
rain	-0.44	0.79
squad	-0.44	0.68
father	-0.44	0.73
resulting	-0.44	0.84
getting	-0.44	1.09
modifiers	-0.44	0.85
lesser	-0.44	0.91
threat	-0.44	0.94
ocean	-0.44	0.71
mr	-0.44	0.72
suicide	-0.44	0.77
confirm	-0.44	0.96
direction	-0.44	0.96
fool	-0.44	0.89
citys	-0.44	0.91
pushed	-0.43	0.73
wanting	-0.43	1.06
grid	-0.43	0.67
dog	-0.43	0.83
soviet	-0.43	0.61
maintenance	-0.43	0.93
im	-0.43	2.71
private	-0.43	0.74
proposed	-0.43	0.74
owning	-0.43	0.75
besides	-0.43	0.87
wave	-0.43	0.86
mistaken	-0.43	3.00
lan	-0.43	0.71
towards	-0.43	0.95
bias	-0.43	0.86
huns	-0.43	0.85
patience	-0.43	1.04
sending	-0.43	0.75
amsterdam	-0.42	0.72
ruled	-0.42	0.72
rely	-0.42	0.77
crash	-0.42	0.93
prepared	-0.42	0.95
navigation	-0.42	0.71
rounds	-0.42	0.75
cross	-0.42	0.72
made	-0.42	1.33
boot	-0.42	0.67
vikings	-0.42	0.78
snowballing	-0.42	0.95
seconds	-0.42	0.90
bomb	-0.42	0.72
repeat	-0.41	0.80
founding	-0.41	0.89
worrying	-0.41	0.83
fishing	-0.41	0.71
builder	-0.41	0.78
catapults	-0.41	0.68
harbor	-0.41	0.69
duh	-0.41	1.56
amusing	-0.41	2.10
forced	-0.41	1.06
letting	-0.41	0.86
panama	-0.41	0.99
amphibious	-0.41	0.63
constructing	-0.40	0.75
popped	-0.40	0.76
suggests	-0.40	0.98
bloody	-0.40	0.87
receive	-0.40	0.88
brute	-0.40	0.73
offensive	-0.40	0.84
step	-0.40	0.92
avoided	-0.40	0.93
during	-0.40	0.81
clue	-0.40	1.46
aswell	-0.40	0.94
mentioned	-0.40	1.21
forts	-0.40	0.69
remaining	-0.40	0.73
seemingly	-0.40	0.70
quest	-0.40	0.65
colours	-0.40	0.84
restart	-0.40	0.74
dominating	-0.39	0.77
former	-0.39	0.87
session	-0.39	0.99
lasted	-0.39	1.08
northwest	-0.39	0.82
armed	-0.39	0.69
puts	-0.39	0.59
offset	-0.39	0.92
needless	-0.39	0.81
fallout	-0.39	0.70
united	-0.39	0.64
medic	-0.38	0.73
failing	-0.38	1.01
figuring	-0.38	1.07
welsh	-0.38	1.15
ice	-0.38	0.63
goods	-0.38	0.67
mp	-0.38	0.64
walk	-0.38	0.76
protected	-0.38	0.82
atm	-0.38	1.29
irrelevant	-0.38	0.85
giving	-0.38	0.95
events	-0.38	1.08
myself	-0.38	1.25
modified	-0.38	0.89
built	-0.38	0.83
pillaging	-0.38	0.85
civ5	-0.37	1.34
controlled	-0.37	0.73
gdr	-0.37	0.63
buy	-0.37	0.79
fully	-0.37	1.14
manifest	-0.37	0.72
hat	-0.37	0.87
referring	-0.37	2.97
sight	-0.37	0.73
parties	-0.37	0.80
person	-0.37	0.79
votes	-0.37	0.72
encampment	-0.37	0.73
disappear	-0.37	0.72
australian	-0.37	1.14
loss	-0.37	0.88
horsemen	-0.36	0.69
britain	-0.36	0.76
star	-0.36	0.64
mouth	-0.36	0.84
fourth	-0.36	1.04
roughly	-0.36	1.05
threw	-0.36	0.62
kidding	-0.36	2.41
impis	-0.36	0.69
horseman	-0.36	0.68
trebuchets	-0.36	0.67
crashes	-0.36	0.99
cheats	-0.36	0.69
paratroopers	-0.36	0.66
internal	-0.36	0.72
escape	-0.36	0.80
window	-0.36	0.81
sigh	-0.36	0.89
overflow	-0.36	1.00
crashed	-0.36	0.79
using	-0.36	1.59
arms	-0.35	0.69
profit	-0.35	0.72
covert	-0.35	0.69
aliens	-0.35	0.68
iii	-0.35	1.64
destination	-0.35	1.03
reload	-0.35	0.74
dying	-0.35	0.79
romans	-0.35	0.74
ban	-0.35	0.75
kremlin	-0.35	0.84
requirements	-0.35	0.82
buffer	-0.35	0.76
escort	-0.35	0.71
accidentally	-0.35	1.09
aware	-0.34	2.01
voting	-0.34	0.71
then	-0.34	0.98
ignores	-0.34	0.64
surrounding	-0.34	0.66
keshiks	-0.34	0.73
vote	-0.34	0.71
travel	-0.34	0.66
mongol	-0.34	0.78
language	-0.34	1.56
offense	-0.34	0.93
closed	-0.34	0.76
reached	-0.34	0.80
carry	-0.34	0.67
pops	-0.34	0.76
ski	-0.34	0.90
spearmen	-0.34	0.68
breaks	-0.33	0.92
risk	-0.33	0.98
chat	-0.33	0.79
ease	-0.33	0.77
bonus	-0.33	0.82
voted	-0.33	0.71
manhattan	-0.33	0.72
once	-0.33	0.95
hannibal	-0.33	0.68
owns	-0.33	0.96
italy	-0.33	0.68
congress	-0.33	0.72
khans	-0.33	0.72
bonuses	-0.33	0.85
legion	-0.33	0.78
pulled	-0.33	0.88
commonly	-0.32	0.95
proposal	-0.32	0.73
ended	-0.32	0.84
medieval	-0.32	0.88
masses	-0.32	0.72
entirety	-0.32	0.67
heart	-0.32	0.76
million	-0.32	0.83
multiplayer	-0.32	0.69
human	-0.32	0.67
happily	-0.32	0.81
council	-0.32	0.71
colonies	-0.32	0.81
without	-0.32	0.90
reaches	-0.32	0.77
cleared	-0.32	0.72
initially	-0.32	1.31
carries	-0.32	0.69
among	-0.32	2.27
delegates	-0.32	0.71
bowmen	-0.31	0.67
buying	-0.31	0.78
interact	-0.31	0.91
proposals	-0.31	0.72
coasts	-0.31	0.66
leaving	-0.31	0.76
fired	-0.31	0.74
universe	-0.31	0.66
mount	-0.31	0.77
connection	-0.31	0.69
developers	-0.31	0.79
intelligent	-0.31	0.80
luxes	-0.31	0.75
indirect	-0.31	0.67
notification	-0.31	1.11
nothing	-0.31	1.08
halfway	-0.31	1.03
youre	-0.31	1.56
wc	-0.31	0.72
surrounded	-0.30	0.74
compete	-0.30	0.80
underwhelming	-0.30	1.38
weapons	-0.30	0.75
edge	-0.30	0.95
vassal	-0.30	1.11
matters	-0.30	0.99
route	-0.30	0.72
heathen	-0.30	1.14
conquests	-0.30	0.80
pole	-0.30	0.61
world	-0.30	0.72
said	-0.30	1.52
trouble	-0.30	0.93
john	-0.30	0.61
converted	-0.30	0.76
additionally	-0.30	0.79
dollars	-0.30	0.76
directions	-0.30	0.75
mandatory	-0.30	0.98
optics	-0.30	0.72
plop	-0.30	0.74
zone	-0.30	0.74
superiority	-0.30	0.77
chinese	-0.30	0.77
experienced	-0.30	0.76
guaranteed	-0.30	0.77
soldiers	-0.29	0.71
admiral	-0.29	0.76
3d	-0.29	0.75
xcom	-0.29	0.65
texas	-0.29	0.77
train	-0.29	0.90
expect	-0.29	0.98
convert	-0.29	0.75
nest	-0.29	0.67
armies	-0.29	0.80
un	-0.29	0.73
stolen	-0.29	0.71
call	-0.29	1.01
fancy	-0.29	0.94
coast	-0.29	0.75
spending	-0.29	0.80
back	-0.29	0.88
force	-0.29	0.74
government	-0.28	0.68
brought	-0.28	0.91
modern	-0.28	0.85
beakers	-0.28	0.76
training	-0.28	0.75
resolutions	-0.28	0.72
clearing	-0.28	0.71
prior	-0.28	0.75
automatically	-0.28	0.77
stood	-0.28	0.74
forcing	-0.28	0.82
swedish	-0.28	0.65
passing	-0.28	0.73
lackluster	-0.28	1.32
zealand	-0.28	0.65
acquired	-0.28	0.72
own	-0.27	0.76
middle	-0.27	0.68
inquisitors	-0.27	0.75
moving	-0.27	0.79
implies	-0.27	1.12
west	-0.27	0.79
cavalry	-0.27	0.68
instant	-0.27	0.74
muskets	-0.27	0.65
reaching	-0.27	0.81
attempted	-0.27	0.74
approach	-0.27	0.75
polish	-0.26	0.81
forgotten	-0.26	1.95
receiving	-0.26	1.00
vs	-0.26	0.69
punch	-0.26	0.99
catching	-0.26	0.77
pikemen	-0.26	0.66
de	-0.26	0.77
weakness	-0.26	0.81
routes	-0.26	0.77
nw	-0.26	0.80
nazi	-0.26	0.96
expanding	-0.26	1.03
knights	-0.26	0.67
missionary	-0.26	0.75
causes	-0.26	0.82
passed	-0.25	0.73
disagree	-0.25	1.32
spent	-0.25	1.04
finding	-0.25	0.87
brother	-0.25	0.66
primary	-0.25	0.79
heritage	-0.25	0.72
projects	-0.25	0.70
oceans	-0.25	0.73
movements	-0.25	0.72
row	-0.25	0.77
broke	-0.25	0.99
put	-0.25	0.82
reloaded	-0.25	0.74
cites	-0.25	0.75
strength	-0.25	0.67
incorrect	-0.25	2.89
cannons	-0.25	0.67
theres	-0.25	0.94
spamming	-0.25	0.81
opening	-0.25	0.65
infantry	-0.25	0.65
wild	-0.24	0.79
greatest	-0.24	2.47
hold	-0.24	0.79
lag	-0.24	0.74
system	-0.24	0.98
exploit	-0.24	0.92
deep	-0.24	0.71
applied	-0.24	0.99
opened	-0.24	0.67
upkeep	-0.24	0.79
missionaries	-0.24	0.74
trading	-0.24	0.74
stop	-0.24	0.82
cover	-0.24	0.67
warrior	-0.24	0.73
layer	-0.24	0.68
exception	-0.24	0.76
hero	-0.23	0.82
fighter	-0.23	0.71
reducing	-0.23	0.93
pass	-0.23	0.73
randomly	-0.23	0.85
terrain	-0.23	0.67
crossbows	-0.23	0.67
karma	-0.23	1.49
hun	-0.23	0.91
coup	-0.23	0.75
waters	-0.23	0.66
et	-0.23	0.67
coastline	-0.23	0.72
fence	-0.23	0.65
pet	-0.23	0.80
democracy	-0.23	0.67
longswordsmen	-0.23	0.65
golden	-0.23	0.75
connect	-0.22	0.69
begin	-0.22	0.81
team	-0.22	0.83
bases	-0.22	0.65
warriors	-0.22	0.69
riflemen	-0.22	0.66
making	-0.22	1.21
composite	-0.22	0.67
ignoring	-0.22	0.72
across	-0.22	0.71
whilst	-0.22	0.72
researching	-0.22	0.74
positive	-0.22	1.00
use	-0.22	0.79
place	-0.22	0.88
sold	-0.22	0.79
yours	-0.22	0.71
holy	-0.21	0.73
waited	-0.21	0.89
assuming	-0.21	3.02
arts	-0.21	0.73
moment	-0.21	1.10
equivalent	-0.21	0.67
loose	-0.21	0.79
their	-0.21	0.82
funding	-0.21	0.71
causing	-0.21	0.85
unbalanced	-0.21	1.37
result	-0.21	0.77
crossbowmen	-0.21	0.66
swordsmen	-0.21	0.66
samurai	-0.21	0.70
unsure	-0.21	1.61
foot	-0.21	0.76
leave	-0.21	1.01
debt	-0.21	0.68
entered	-0.20	0.80
march	-0.20	0.70
classic	-0.20	0.68
chariot	-0.20	0.67
lies	-0.20	0.71
civilizations	-0.20	0.73
bow	-0.20	0.64
hybrid	-0.20	0.82
promotion	-0.20	0.69
federation	-0.20	0.66
aesthetics	-0.20	0.65
tribes	-0.20	0.76
ready	-0.20	1.04
mobility	-0.20	0.68
skip	-0.20	0.69
crossing	-0.20	0.71
honor	-0.19	0.67
comp	-0.19	0.67
americans	-0.19	0.90
dull	-0.19	1.40
needing	-0.19	0.88
cuz	-0.19	1.30
citadels	-0.19	0.70
past	-0.19	1.06
keep	-0.19	1.19
storm	-0.19	0.80
coded	-0.19	0.86
solely	-0.19	0.70
placement	-0.19	0.78
broken	-0.19	1.30
ftfy	-0.19	1.08
ago	-0.19	1.16
speaks	-0.19	1.08
foreign	-0.19	0.72
tempted	-0.19	1.22
composites	-0.19	0.67
robots	-0.19	0.58
advisors	-0.19	0.80
treat	-0.19	0.75
wrecked	-0.19	0.68
spirit	-0.19	0.95
area	-0.19	0.73
europe	-0.19	0.67
archer	-0.19	0.70
sailing	-0.18	0.71
whatnot	-0.18	0.63
survive	-0.18	0.78
spearman	-0.18	0.68
attempts	-0.18	0.78
launching	-0.18	0.68
downvote	-0.18	1.75
continent	-0.18	0.72
failed	-0.18	0.80
square	-0.18	0.57
after	-0.18	0.85
grabbing	-0.18	1.07
oblivion	-0.18	1.02
roll	-0.18	0.61
gdrs	-0.18	0.67
phase	-0.18	0.64
european	-0.18	0.64
selection	-0.18	0.76
guns	-0.18	0.67
bows	-0.18	0.67
border	-0.18	0.78
regarding	-0.18	0.78
literacy	-0.18	0.69
drain	-0.18	0.76
loyal	-0.17	1.18
spelling	-0.17	3.00
offline	-0.17	0.75
sounded	-0.17	1.47
greeks	-0.17	0.79
scholars	-0.17	0.81
explorers	-0.17	0.64
connected	-0.17	0.69
scouting	-0.17	0.78
altogether	-0.17	0.70
email	-0.17	0.87
problems	-0.17	1.02
countries	-0.17	0.67
cutting	-0.17	0.74
impact	-0.17	0.90
promotions	-0.17	0.69
researched	-0.17	0.74
arent	-0.17	1.36
seat	-0.17	0.71
bowman	-0.17	0.67
musketmen	-0.17	0.65
buffs	-0.17	0.74
unable	-0.17	0.97
politics	-0.17	0.68
take	-0.17	1.07
gold	-0.17	0.76
selecting	-0.17	0.70
region	-0.17	0.67
atomic	-0.16	0.80
cash	-0.16	0.78
4th	-0.16	0.76
conversion	-0.16	0.75
associated	-0.16	0.81
negatives	-0.16	0.84
gaining	-0.16	0.85
suggested	-0.16	1.00
planted	-0.16	0.71
encountered	-0.16	0.95
control	-0.16	0.76
scenarios	-0.16	1.05
serve	-0.16	0.75
followed	-0.16	0.77
dev	-0.16	0.84
deciding	-0.16	0.92
<SPECIAL>	-0.16	0.63
<URL>	-0.16	0.63
included	-0.16	1.14
diplomacy	-0.16	0.80
prophets	-0.16	0.74
mistake	-0.16	3.03
spawn	-0.16	0.74
dlc	-0.16	1.10
intention	-0.15	0.87
civilisation	-0.15	0.68
flight	-0.15	0.67
piety	-0.15	0.66
communist	-0.15	0.63
explorer	-0.15	0.65
room	-0.15	0.95
blocking	-0.15	0.80
went	-0.15	0.82
graphical	-0.15	1.07
typo	-0.15	2.97
arguably	-0.15	2.40
tl	-0.15	0.99
3/4	-0.15	0.69
connecting	-0.15	0.71
mediterranean	-0.15	0.68
evidence	-0.15	1.33
anything	-0.15	1.21
barbarian	-0.15	0.71
roman	-0.15	0.68
party	-0.15	0.76
wasting	-0.15	0.87
event	-0.14	0.84
merchants	-0.14	0.72
cargo	-0.14	0.74
groups	-0.14	0.64
passes	-0.14	0.71
defended	-0.14	0.74
rank	-0.14	0.79
packs	-0.14	1.12
loving	-0.14	1.83
supply	-0.14	0.66
nests	-0.14	0.66
arrows	-0.14	0.95
bc	-0.14	0.82
determine	-0.14	0.90
dominance	-0.14	0.73
third	-0.14	0.76
vision	-0.14	0.75
honour	-0.14	0.64
towers	-0.14	0.67
colour	-0.14	0.72
portuguese	-0.14	0.98
food/production	-0.14	0.70
barely	-0.14	0.99
reward	-0.14	0.83
outside	-0.14	0.71
2nd	-0.14	0.73
capabilities	-0.14	0.66
outcome	-0.14	0.74
bother	-0.13	1.00
europeans	-0.13	0.76
comparison	-0.13	0.70
dip	-0.13	0.72
ie	-0.13	0.70
carefully	-0.13	0.78
naming	-0.13	0.75
along	-0.13	1.17
nazis	-0.13	1.05
laugh	-0.13	1.00
western	-0.13	0.64
research	-0.13	0.73
humans	-0.13	0.62
blitz	-0.13	0.69
expand	-0.13	0.85
scouts	-0.13	0.77
originally	-0.13	1.43
spreading	-0.13	0.87
denmark	-0.13	0.68
hardly	-0.13	0.76
modify	-0.13	0.77
railroad	-0.13	0.68
were	-0.13	0.96
beaker	-0.13	0.82
utopia	-0.13	0.72
havent	-0.13	0.96
fly	-0.13	0.72
entering	-0.13	0.81
hex	-0.12	0.65
tldr	-0.12	0.88
barbarians	-0.12	0.69
x	-0.12	0.83
preventing	-0.12	0.86
turtle	-0.12	0.72
prophet	-0.12	0.73
unlocking	-0.12	0.64
eternal	-0.12	0.73
shit	-0.12	1.10
techs	-0.12	0.71
transport	-0.12	0.80
plays	-0.12	0.86
rocket	-0.12	0.62
gatling	-0.12	0.65
heading	-0.12	0.82
while	-0.12	0.96
pressure	-0.12	0.72
rich	-0.12	0.80
sphere	-0.12	0.62
caravan	-0.12	0.70
word	-0.12	3.01
worms	-0.12	0.67
byzantines	-0.11	0.67
spear	-0.11	0.86
stand	-0.11	1.15
happening	-0.11	1.83
law	-0.11	1.07
east	-0.11	0.71
native	-0.11	1.22
produced	-0.11	0.72
becoming	-0.11	0.87
technologies	-0.11	0.69
isolated	-0.11	0.79
tree	-0.11	0.63
finishing	-0.11	0.67
brings	-0.11	0.66
feet	-0.11	0.70
young	-0.10	0.67
progression	-0.10	0.69
thousands	-0.10	0.74
stays	-0.10	0.82
elephants	-0.10	0.79
bat	-0.10	0.70
patronage	-0.10	0.63
down	-0.10	0.81
upon	-0.10	0.74
changed	-0.10	0.92
e	-0.10	0.91
pile	-0.10	0.61
tested	-0.10	0.97
eras	-0.10	0.84
foy	-0.10	0.86
dae	-0.10	1.29
rationalism	-0.10	0.64
proximity	-0.10	0.83
meat	-0.10	0.76
spread	-0.10	0.73
y	-0.10	0.79
english	-0.10	1.89
spawned	-0.10	0.80
bear	-0.10	0.69
behind	-0.10	0.75
eastern	-0.09	0.65
catholicism	-0.09	0.71
t	-0.09	0.86
created	-0.09	0.88
surely	-0.09	1.10
planting	-0.09	0.70
finishes	-0.09	0.72
3rd	-0.09	0.72
shock	-0.09	0.66
barbs	-0.09	0.70
advantages	-0.09	0.82
workers	-0.09	0.75
aa	-0.09	0.76
churn	-0.09	0.76
via	-0.09	0.71
camp	-0.09	0.70
mighty	-0.09	0.72
fort	-0.09	0.65
command	-0.09	0.76
choosing	-0.09	0.66
barb	-0.09	0.69
commerce	-0.09	0.61
animal	-0.09	0.71
merchant	-0.09	0.74
strategic	-0.08	0.68
germany	-0.08	0.73
trees	-0.08	0.63
directly	-0.08	0.74
longbows	-0.08	0.79
r/civcirclejerk	-0.08	1.08
north	-0.08	0.69
strike	-0.08	0.83
clicked	-0.08	0.92
camps	-0.08	0.70
huts	-0.08	0.67
sure	-0.08	1.61
spawning	-0.08	0.73
legions	-0.08	0.69
bed	-0.08	1.27
display	-0.08	0.99
bts	-0.08	1.47
clearly	-0.08	1.43
rebuild	-0.08	0.85
turned	-0.08	0.81
contested	-0.08	0.89
lacking	-0.08	0.84
strategics	-0.08	0.76
hide	-0.07	0.66
around	-0.07	0.80
forth	-0.07	0.86
dirty	-0.07	0.95
ruin	-0.07	0.76
what	-0.07	1.84
lines	-0.07	1.34
scout	-0.07	0.76
dynamite	-0.07	0.70
34	-0.07	0.62
kingdom	-0.07	0.63
occasionally	-0.07	0.83
proud	-0.07	1.17
ex	-0.07	0.71
eventually	-0.07	0.97
revolt	-0.07	0.84
found	-0.07	0.88
5th	-0.07	0.69
feeling	-0.07	1.29
impression	-0.07	1.38
instead	-0.07	0.82
developing	-0.07	0.86
islam	-0.07	0.71
prime	-0.07	2.11
yellow	-0.07	0.72
prices	-0.06	0.72
gun	-0.06	0.65
essentially	-0.06	0.69
spare	-0.06	0.76
minute	-0.06	0.94
superpower	-0.06	0.71
hi	-0.06	1.42
ruins	-0.06	0.80
landlocked	-0.06	0.68
russia	-0.06	0.64
chu-ko-nu	-0.06	0.66
riding	-0.06	0.63
timer	-0.06	0.71
crashing	-0.06	0.87
curtain	-0.06	0.73
spreads	-0.06	0.74
waiting	-0.06	0.83
full	-0.06	0.66
stories	-0.06	1.93
buff	-0.06	0.81
ops	-0.06	0.70
south	-0.06	0.70
extent	-0.06	0.83
1st	-0.06	0.71
rig	-0.06	0.65
biggest	-0.05	2.38
explained	-0.05	1.14
money	-0.05	0.81
uk	-0.05	0.66
rifleman	-0.05	0.62
bright	-0.05	0.73
incoming	-0.05	0.74
upgraded	-0.05	0.65
replied	-0.05	1.93
ring	-0.05	0.70
self	-0.05	1.04
slowing	-0.05	0.80
interaction	-0.05	0.78
encounter	-0.05	0.84
start	-0.05	0.87
policy	-0.05	0.61
blast	-0.05	0.70
whichever	-0.05	0.77
unhappiness	-0.05	1.12
mark	-0.05	0.71
ol	-0.05	0.79
turns	-0.05	0.81
sparta	-0.05	1.02
arc	-0.05	0.60
percent	-0.05	0.73
shortly	-0.05	0.84
unlocked	-0.05	0.70
automated	-0.05	0.73
33	-0.05	0.68
values	-0.05	0.63
mongolian	-0.05	0.65
filling	-0.05	0.64
gps	-0.05	0.71
loading	-0.05	0.75
destiny	-0.05	0.89
connections	-0.04	0.74
bucks	-0.04	0.72
deleted	-0.04	1.93
helicopter	-0.04	0.81
beforehand	-0.04	0.90
choose	-0.04	0.74
f	-0.04	0.78
swordsman	-0.04	0.65
eating	-0.04	0.85
dialogue	-0.04	0.63
involve	-0.04	0.77
crossbow	-0.04	0.65
asia	-0.04	0.64
versus	-0.04	0.69
cry	-0.04	0.80
purchases	-0.04	0.65
us	-0.04	0.77
accident	-0.04	0.93
hell	-0.04	1.26
feature	-0.04	1.03
radius	-0.04	0.70
highest	-0.04	0.81
pool	-0.04	0.70
wtf	-0.04	1.75
family	-0.04	0.90
recover	-0.04	0.80
backed	-0.04	0.84
french	-0.04	1.03
idk	-0.03	1.77
republic	-0.03	0.63
placing	-0.03	0.70
antiquity	-0.03	0.93
gunpowder	-0.03	0.73
maxed	-0.03	0.67
hah	-0.03	0.98
straight	-0.03	0.74
british	-0.03	0.92
jokes	-0.03	0.82
blow	-0.03	0.70
miles	-0.03	0.77
implemented	-0.03	0.72
mother	-0.03	0.83
religions	-0.03	0.73
minor	-0.03	1.02
beelining	-0.03	0.75
effectiveness	-0.03	0.72
habit	-0.03	1.20
canals	-0.03	0.70
weapon	-0.02	0.76
luxury	-0.02	0.71
defender	-0.02	0.69
swap	-0.02	0.78
castle	-0.02	0.65
locked	-0.02	0.73
yet	-0.02	1.08
generic	-0.02	0.68
improvements	-0.02	0.71
upgrades	-0.02	0.61
lux	-0.02	0.71
construction	-0.02	0.70
aka	-0.02	1.06
furthermore	-0.02	0.74
citadel	-0.02	0.71
picked	-0.02	0.67
drill	-0.02	0.66
religion	-0.02	0.71
african	-0.02	0.64
son	-0.02	1.11
renaissance	-0.02	0.84
translate	-0.02	1.73
born	-0.02	0.73
areas	-0.02	0.70
portion	-0.02	0.74
twenty	-0.02	0.75
persian	-0.02	0.72
remains	-0.02	0.76
latin	-0.02	1.92
fixing	-0.02	0.92
purchasing	-0.02	0.77
america	-0.02	0.64
study	-0.01	0.85
programming	-0.01	0.77
share	-0.01	0.83
minutes	-0.01	0.82
mass	-0.01	0.64
rough	-0.01	0.63
crab	-0.01	0.68
matches	-0.01	0.64
designed	-0.01	0.95
wonderwhore	-0.01	0.93
encampments	-0.01	0.68
inland	-0.01	0.71
bland	-0.01	1.36
pick	-0.01	0.69
generals	-0.01	0.73
le	-0.01	1.19
wasnt	-0.01	1.20
corrected	-0.01	3.05
conquistadors	-0.01	0.69
bodies	-0.01	0.68
ive	-0.01	1.22
pikeman	-0.01	0.67
tech	-0.01	0.71
rolls	-0.01	0.72
cases	-0.01	0.95
reloading	-0.01	0.80
fuji	-0.01	0.65
funny	-0.01	1.94
venice	-0.01	0.74
contain	-0.01	0.88
shift	-0.01	0.77
grand	-0.01	0.62
africa	-0.01	0.64
25	-0.01	0.73
1-3	-0.01	0.78
capacity	-0.00	0.66
chosen	-0.00	0.81
social	-0.00	0.60
resist	-0.00	0.85
evil	-0.00	0.82
sentence	-0.00	2.31
gm	-0.00	0.72
1k	-0.00	0.72
lasts	-0.00	0.83
years	-0.00	0.84
green	-0.00	0.69
body	-0.00	0.68
completing	-0.00	0.59
china	-0.00	0.71
dr	-0.00	1.06
biology	-0.00	0.68
include	-0.00	1.13
port	-0.00	0.64
favor	0.00	0.73
frequently	0.00	0.92
moved	0.00	0.79
warming	0.00	0.92
tradition	0.00	0.63
through	0.00	0.80
el	0.00	0.71
desperate	0.00	1.44
rating	0.00	0.62
emphasis	0.00	0.85
pathfinders	0.00	0.68
globalization	0.00	0.82
upgrade	0.00	0.63
worry	0.00	1.08
satellite	0.00	0.58
machinery	0.01	0.70
courthouses	0.01	1.17
omg	0.01	1.50
hot	0.01	0.79
miasma	0.01	0.59
teching	0.01	0.73
bound	0.01	0.92
technology	0.01	0.70
30	0.01	0.68
isles	0.01	1.14
century	0.01	0.88
luckily	0.01	0.84
involved	0.01	0.83
alternatively	0.01	0.80
bugs	0.01	0.94
classical	0.01	0.91
energy	0.01	0.70
cheating	0.01	1.13
finish	0.01	0.69
political	0.01	0.66
canal	0.01	0.75
era	0.01	0.84
purchase	0.01	0.75
branch	0.01	0.64
resolution	0.01	0.73
russian	0.01	0.67
pathetic	0.01	0.86
extreme	0.01	0.99
railroads	0.01	0.69
outpost	0.01	0.62
disadvantage	0.01	0.88
represented	0.01	0.73
engineers	0.01	0.69
pump	0.01	0.72
trying	0.01	1.62
live	0.01	0.85
meanwhile	0.01	0.67
round	0.02	0.71
90	0.02	0.70
literally	0.02	0.82
st	0.02	0.70
asian	0.02	0.64
alone	0.02	1.05
harbors	0.02	0.73
250	0.02	0.72
strongly	0.02	0.97
policies	0.02	0.60
half	0.02	0.79
zulus	0.02	0.74
buffalo	0.02	0.73
strategically	0.02	0.70
backwards	0.02	0.70
sacrifice	0.02	0.92
hours	0.02	0.82
direct	0.02	1.19
revolutions	0.02	1.13
design	0.02	0.80
camel	0.02	0.67
industrial	0.02	0.84
turn	0.02	0.71
dorado	0.02	0.70
eu	0.02	0.59
assyria	0.03	0.74
2x	0.03	0.69
outdated	0.03	1.08
radar	0.03	0.66
rebel	0.03	0.79
earned	0.03	0.73
propose	0.03	0.79
diplomatic	0.03	1.11
gg	0.03	0.70
distinct	0.03	0.62
krakatoa	0.03	0.63
steps	0.03	0.95
reveal	0.03	0.73
static	0.03	0.70
finisher	0.03	0.63
internet	0.03	0.66
gibraltar	0.03	0.63
tax	0.03	0.76
opener	0.03	0.62
liberty	0.03	0.64
competition	0.03	0.86
surviving	0.03	0.75
ad	0.03	0.74
husbandry	0.03	0.69
personalities	0.03	0.62
expanded	0.03	0.65
activated	0.03	0.74
mesa	0.03	0.61
settler	0.03	0.76
endgame	0.03	0.73
hence	0.03	0.98
naturally	0.03	0.89
norway	0.03	0.65
customs	0.03	0.69
adopt	0.04	0.87
faithful	0.04	0.61
presence	0.04	0.85
venetian	0.04	0.78
worker	0.04	0.74
popping	0.04	0.70
gone	0.04	0.92
supremacy	0.04	0.60
weight	0.04	0.75
ball	0.04	0.82
ii	0.04	0.90
seriously	0.04	1.85
kilimanjaro	0.04	0.68
color	0.04	0.72
persons	0.04	0.72
chill	0.04	1.11
rng	0.04	0.82
obtain	0.04	0.92
added	0.04	1.07
span	0.04	0.81
bronze	0.04	0.70
fixed	0.04	1.40
completely	0.04	0.87
espionage	0.04	0.72
until	0.04	0.86
stands	0.04	1.17
potosi	0.04	0.66
colonists	0.04	0.59
serious	0.04	0.91
stockpile	0.04	0.74
completed	0.05	0.68
musketman	0.05	0.65
50	0.05	0.69
handicap	0.05	0.82
fur	0.05	0.69
catch	0.05	0.82
sinai	0.05	0.65
creative	0.05	0.61
cerro	0.05	0.66
saving	0.05	0.75
bring	0.05	0.84
japan	0.05	0.70
correctly	0.05	2.71
meaning	0.05	1.43
regions	0.05	0.68
satellites	0.05	0.60
sri	0.05	0.66
wheel	0.05	0.69
pada	0.05	0.66
stress	0.05	1.08
uranium	0.05	0.70
reflect	0.05	0.86
restarting	0.05	0.93
pre	0.05	0.72
physics	0.05	0.68
despite	0.05	0.85
gp	0.05	0.70
mt	0.05	0.66
languages	0.05	1.55
mine	0.05	0.74
pre-bnw	0.05	0.79
affinities	0.06	0.60
scotland	0.06	0.77
sit	0.06	0.76
points	0.06	0.76
serves	0.06	0.86
finally	0.06	0.96
cycle	0.06	0.66
exp	0.06	0.66
southern	0.06	0.73
flip	0.06	0.74
seen	0.06	1.00
orange	0.06	0.67
tf2	0.06	0.65
mining	0.06	0.70
purity	0.06	0.62
masonry	0.06	0.69
clear	0.06	0.86
accuracy	0.06	0.63
re	0.06	1.76
hexes	0.06	0.67
revealed	0.06	0.71
speaking	0.06	1.51
c	0.06	0.73
attempting	0.06	1.08
uluru	0.06	0.67
adopting	0.06	0.60
amongst	0.06	0.77
fountain	0.06	0.69
great	0.06	0.71
company	0.06	0.61
scrambled	0.06	1.04
represents	0.06	0.68
controlling	0.06	0.68
revolutionary	0.07	0.64
bridge	0.07	0.73
plan	0.07	0.94
second	0.07	0.82
120	0.07	0.71
last	0.07	0.84
military	0.07	0.68
centuries	0.07	0.84
armor	0.07	0.61
into	0.07	0.77
harmony	0.07	0.64
developed	0.07	0.72
spot	0.07	0.87
flat	0.07	0.88
action	0.07	0.78
industrialization	0.07	0.67
600	0.07	0.74
walls	0.07	0.78
jungle	0.07	0.73
mongolia	0.07	0.74
country	0.07	0.68
ottomans	0.07	0.71
youth	0.07	0.67
generating	0.07	0.73
obsolete	0.07	0.96
judaism	0.07	0.83
commit	0.07	0.69
nature	0.07	0.66
steel	0.07	0.75
rushed	0.07	0.72
establish	0.07	0.70
unfair	0.07	1.15
island	0.08	0.69
barrier	0.08	0.66
spanish	0.08	1.15
curiosity	0.08	1.37
accent	0.08	1.04
45	0.08	0.68
finished	0.08	0.79
end	0.08	0.94
80	0.08	0.68
rome	0.08	0.71
india	0.08	0.70
ages	0.08	0.71
zoom	0.08	1.07
forest	0.08	0.74
scheme	0.08	0.80
theory	0.08	0.69
archery	0.08	0.70
3000	0.08	0.73
chopping	0.08	0.69
alter	0.08	0.83
income	0.08	0.73
gained	0.08	0.76
france	0.08	0.71
gbr	0.08	0.68
printing	0.08	0.67
scientists	0.08	0.70
papal	0.08	0.73
toward	0.08	0.89
tank	0.08	0.65
account	0.09	0.96
greece	0.09	0.72
beeline	0.09	0.72
mathematics	0.09	0.70
jungles	0.09	0.71
solve	0.09	0.94
going	0.09	1.48
tanks	0.09	0.67
lose	0.09	1.17
ironic	0.09	1.09
automatic	0.09	0.77
unlocks	0.09	0.68
material	0.09	0.69
belong	0.09	1.83
porcelain	0.09	0.67
polystralia	0.09	0.59
150	0.09	0.71
adopted	0.09	0.65
stops	0.09	0.83
ge	0.09	0.69
zulu	0.09	0.75
sets	0.09	0.72
waste	0.09	0.85
k	0.09	0.87
ireland	0.09	0.70
remain	0.09	0.86
resources	0.09	0.72
gunships	0.09	0.78
humanity	0.09	0.63
unlock	0.09	0.66
takes	0.09	0.87
rushes	0.09	0.96
race	0.09	0.68
life	0.09	0.79
technical	0.09	0.89
40	0.10	0.68
reef	0.10	0.65
white	0.10	0.68
society	0.10	0.94
currency	0.10	0.68
propaganda	0.10	0.70
regret	0.10	0.95
selected	0.10	0.70
persia	0.10	0.72
position	0.10	0.80
plans	0.10	0.80
forests	0.10	0.75
leaders	0.10	0.63
lastly	0.10	0.57
item	0.10	0.71
cold	0.10	0.83
judging	0.10	1.23
gs	0.10	0.69
ve	0.10	1.05
sweden	0.10	0.67
hour	0.10	0.87
1500	0.10	0.75
modding	0.10	0.85
300	0.10	0.72
every	0.10	0.71
utterly	0.10	0.84
bug	0.10	1.09
75	0.10	0.69
100	0.10	0.71
400	0.10	0.73
200	0.10	0.71
firing	0.10	0.79
brain	0.10	1.50
songhai	0.10	0.72
glitches	0.10	1.09
ideology	0.10	0.62
match	0.10	0.66
later	0.11	0.92
35	0.11	0.63
siam	0.11	0.71
perform	0.11	0.70
rush	0.11	0.72
mayans	0.11	0.77
record	0.11	0.72
peninsula	0.11	0.65
calendar	0.11	0.70
earn	0.11	0.77
barringer	0.11	0.63
alert	0.11	0.59
700	0.11	0.74
existed	0.11	0.91
polynesia	0.11	0.70
hovering	0.11	0.84
failure	0.11	0.74
radio	0.11	0.66
copies	0.11	0.69
suspect	0.11	1.02
global	0.11	0.71
longbowmen	0.11	0.76
knight	0.11	0.65
affect	0.11	0.88
multi	0.11	0.62
conclusion	0.11	1.03
fuckin	0.11	1.35
eyes	0.11	0.65
plot	0.11	0.52
800	0.11	0.73
tiles	0.11	0.69
determined	0.11	1.03
impressive	0.11	2.11
year	0.11	0.81
succeed	0.11	0.86
switch	0.11	0.68
resource	0.12	0.69
gnk	0.12	0.84
luxuries	0.12	0.83
value	0.12	0.67
due	0.12	0.78
involves	0.12	0.81
i.e	0.12	0.71
filled	0.12	0.68
amp	0.12	0.85
20	0.12	0.66
500	0.12	0.73
2000	0.12	0.74
aurora	0.12	0.70
g	0.12	0.84
surprised	0.12	1.53
items	0.12	0.65
reduction	0.12	0.75
pottery	0.12	0.69
excess	0.12	0.71
build	0.12	0.81
minimum	0.12	0.78
caroleans	0.12	0.72
harm	0.12	0.99
restarted	0.12	1.17
scientist	0.12	0.71
28	0.12	0.62
jaguars	0.12	0.73
1000	0.12	0.73
switching	0.12	0.67
sub	0.12	1.52
score	0.12	0.69
se	0.12	1.17
allowing	0.12	0.78
races	0.12	0.62
slaves	0.12	0.72
wherever	0.12	0.76
mini	0.12	0.64
editing	0.13	1.26
box	0.13	0.86
discovery	0.13	0.64
simultaneous	0.13	0.68
theology	0.13	0.70
oligarchy	0.13	0.62
justify	0.13	0.92
farming	0.13	0.71
divided	0.13	0.72
times	0.13	0.87
writing	0.13	0.68
indonesia	0.13	0.71
never	0.13	1.08
cheat	0.13	0.86
red	0.13	0.68
glitch	0.13	1.10
finland	0.13	0.66
artists	0.13	0.71
represent	0.13	0.81
orbital	0.13	0.58
safely	0.13	0.80
awhile	0.13	0.99
horses	0.13	0.68
winter	0.13	0.73
achievement	0.13	1.14
stayed	0.13	0.80
complete	0.14	0.71
slavic	0.14	0.62
treasury	0.14	0.67
byzantium	0.14	0.69
hammers	0.14	0.74
spend	0.14	0.84
affects	0.14	0.81
dlcs	0.14	0.82
head	0.14	0.82
keshik	0.14	0.83
recently	0.14	0.89
2/3	0.14	0.68
press	0.14	0.76
tends	0.14	1.72
moon	0.14	0.58
differences	0.14	1.07
70	0.14	0.68
strongest	0.14	2.30
positions	0.14	0.74
understood	0.14	1.62
saved	0.14	0.79
poland	0.14	0.73
cloud	0.14	1.14
60	0.14	0.69
dark	0.14	0.69
xp	0.14	0.65
bugged	0.14	0.94
academies	0.14	0.68
flow	0.14	0.83
bought	0.14	0.71
ideologies	0.14	0.67
ur	0.14	1.35
level	0.14	0.83
reduced	0.14	0.74
largest	0.14	1.41
bulb	0.14	0.68
korea	0.15	0.73
upvotes	0.15	1.69
personality	0.15	0.61
r	0.15	0.94
class	0.15	0.79
basically	0.15	1.02
expansions	0.15	0.82
importance	0.15	0.84
armory	0.15	0.62
firewall	0.15	0.64
celts	0.15	0.73
age	0.15	0.81
colonize	0.15	0.61
patched	0.15	0.92
over	0.15	0.79
dll	0.15	0.81
been	0.15	0.98
testing	0.15	1.00
philosophy	0.15	0.70
15	0.15	0.64
heavily	0.16	0.87
americas	0.16	0.59
austria	0.16	0.71
cause	0.16	0.90
drag	0.16	0.82
telescope	0.16	0.59
hidden	0.16	0.69
rushing	0.16	0.74
remotely	0.16	0.98
separately	0.16	0.75
nearly	0.16	0.81
advancing	0.16	0.72
4000	0.16	0.75
gt	0.16	0.64
producing	0.16	0.95
enhance	0.16	0.69
bar	0.16	0.80
comes	0.16	0.77
out	0.16	1.05
plastics	0.16	0.68
specifically	0.16	1.25
content	0.16	1.05
scale	0.16	0.90
grab	0.16	0.74
cultures	0.16	0.74
within	0.16	0.72
practice	0.16	0.75
follows	0.16	0.77
electricity	0.16	0.66
caravans	0.16	0.73
bnw	0.16	0.83
secularism	0.16	0.64
launch	0.16	0.65
right	0.16	1.28
bulbing	0.17	0.69
dutch	0.17	0.90
26	0.17	0.65
sick	0.17	1.51
editor	0.17	0.87
hello	0.17	1.09
came	0.17	0.76
freedom	0.17	0.63
shown	0.17	0.86
generate	0.17	0.74
arabia	0.17	0.73
summer	0.17	0.74
solomon	0.17	0.68
axis	0.17	0.74
natural	0.17	0.70
babylon	0.17	0.73
iroquois	0.17	0.73
consideration	0.17	0.96
sticks	0.17	0.73
reduces	0.17	0.77
helicopters	0.17	0.78
adding	0.17	1.03
architecture	0.17	0.67
yourself	0.17	1.07
mobile	0.17	2.17
stated	0.17	1.12
boy	0.17	0.99
shoshone	0.17	0.73
normal	0.17	0.89
apart	0.17	0.62
followers	0.17	0.68
prussia	0.18	0.62
outposts	0.18	0.64
concert	0.18	0.70
detrimental	0.18	2.13
rolling	0.18	0.77
pirate	0.18	0.66
drive	0.18	0.75
argue	0.18	1.28
thousand	0.18	0.81
notifications	0.18	0.72
jack	0.18	0.76
trailer	0.18	0.71
carthage	0.18	0.72
consistent	0.18	0.85
oil	0.18	0.69
pronounced	0.18	1.41
colonialist	0.18	0.72
badly	0.18	1.02
lt	0.18	0.80
includes	0.18	0.85
occur	0.18	0.97
gotten	0.18	0.94
abuse	0.18	0.81
scores	0.18	0.68
bump	0.18	0.96
legacies	0.18	0.72
chop	0.18	0.70
brave	0.18	0.83
spain	0.18	0.70
diversity	0.18	0.68
clarify	0.18	2.29
dig	0.18	0.64
sake	0.18	0.76
visible	0.18	0.74
brazil	0.18	0.72
banana	0.18	0.62
comparing	0.19	0.91
confirmed	0.19	0.79
months	0.19	0.82
tier	0.19	0.62
higher	0.19	0.85
web	0.19	0.69
first	0.19	0.88
engineer	0.19	0.69
1/2	0.19	0.66
fashion	0.19	0.63
up	0.19	0.96
author	0.19	0.81
icons	0.19	0.74
multipliers	0.19	0.70
space	0.19	0.58
method	0.19	0.78
sale	0.19	0.73
had	0.19	1.06
marshes	0.19	0.82
happens	0.19	1.23
chart	0.19	0.77
spaces	0.19	0.66
egypt	0.19	0.73
queue	0.19	0.71
purposes	0.19	0.84
ever	0.19	1.05
calm	0.19	0.84
dam	0.19	0.76
runaway	0.19	0.89
anymore	0.19	1.17
preferably	0.19	0.77
korean	0.19	0.69
portugal	0.19	0.72
brasilia	0.19	0.65
lighthouse	0.19	0.66
covers	0.19	0.76
drama	0.19	0.70
rising	0.19	0.60
mainland	0.19	0.62
monarchy	0.20	0.63
incentive	0.20	0.85
days	0.20	0.83
speech	0.20	0.88
favors	0.20	0.86
companies	0.20	0.64
defensively	0.20	0.93
tourism	0.20	0.70
introduced	0.20	0.77
morocco	0.20	0.73
neither	0.20	0.81
apply	0.20	0.71
landmarks	0.20	0.71
musicians	0.20	0.71
calling	0.20	1.30
discount	0.20	0.70
discussion	0.20	1.48
airports	0.20	0.63
tenant	0.20	0.67
symbol	0.20	0.77
metal	0.20	1.00
ige	0.20	0.85
bundle	0.20	0.72
generated	0.20	0.72
communism	0.20	0.68
ranks	0.20	0.70
under	0.20	0.70
edition	0.20	0.72
iron	0.21	0.69
whose	0.21	0.69
peacefully	0.21	0.82
opinions	0.21	1.41
wonderwhoring	0.21	0.94
fortress	0.21	0.57
relies	0.21	0.81
answered	0.21	1.47
wall	0.21	0.66
jumping	0.21	1.00
odds	0.21	0.75
showing	0.21	1.18
giant	0.21	0.55
upvoted	0.21	1.67
replace	0.21	0.61
arrow	0.21	0.97
got	0.21	0.95
17	0.21	0.66
modpack	0.21	0.83
men	0.21	0.82
weeks	0.21	0.83
isnt	0.21	1.28
loaded	0.21	0.78
texture	0.21	0.78
downside	0.21	0.89
fallen	0.21	0.74
chunk	0.21	0.75
ethiopia	0.21	0.73
maya	0.21	0.74
australia	0.21	0.60
keys	0.22	0.70
apollo	0.22	0.68
chance	0.22	0.87
flying	0.22	0.86
27	0.22	0.62
experiment	0.22	0.72
wondered	0.22	1.24
pathfinder	0.22	0.66
started	0.22	0.78
pacific	0.22	0.78
including	0.22	1.14
water	0.22	0.73
2k	0.22	0.93
14	0.22	0.68
counts	0.22	0.70
machine	0.22	0.68
mistakes	0.22	1.95
interests	0.22	0.81
fails	0.22	0.77
chemistry	0.22	0.67
edit	0.22	3.07
issues	0.22	0.92
appear	0.22	0.83
complaint	0.22	0.88
sponsors	0.22	0.87
dyes	0.22	0.68
promoted	0.22	0.65
barracks	0.22	0.64
individually	0.22	0.73
realizing	0.23	1.46
lake	0.23	0.72
england	0.23	0.69
hill	0.23	0.82
become	0.23	0.98
requiring	0.23	0.78
collection	0.23	0.75
physical	0.23	0.68
par	0.23	0.75
changes	0.23	0.75
planets	0.23	0.54
alhambra	0.23	0.61
tied	0.23	0.85
seaport	0.23	0.63
function	0.23	0.76
silk	0.23	0.67
furs	0.23	0.68
why	0.23	1.69
required	0.23	0.77
clean	0.23	0.75
whereas	0.23	0.62
promised	0.23	0.99
spaceship	0.23	0.69
technologically	0.23	0.76
structure	0.23	0.67
affected	0.23	0.77
stat	0.23	0.58
debate	0.23	1.09
upvote	0.23	1.58
boosting	0.23	0.69
jfd	0.24	0.65
hotels	0.24	0.63
egyptian	0.24	0.71
artist	0.24	0.71
identify	0.24	0.84
upgrading	0.24	0.73
counting	0.24	0.78
vanilla	0.24	0.97
strengths	0.24	0.87
manufactories	0.24	0.66
skyrim	0.24	0.69
allowed	0.24	0.93
res	0.24	0.85
landing	0.24	0.85
accomplish	0.24	1.28
promote	0.24	0.70
history	0.24	0.60
airport	0.24	0.60
writers	0.24	0.70
occasional	0.24	0.57
whales	0.24	0.68
spice	0.24	0.70
name	0.24	1.20
throughout	0.24	0.73
fear	0.24	0.67
noticed	0.24	1.34
32	0.24	1.23
parts	0.24	0.72
fifth	0.24	0.78
yields	0.24	0.69
processing	0.24	0.79
starving	0.24	0.84
reddit	0.24	1.63
mountain	0.24	0.81
nor	0.24	0.92
automate	0.24	0.77
load	0.24	0.74
grasslands	0.24	0.84
flexibility	0.24	0.71
blood	0.24	0.64
sp	0.25	0.71
11	0.25	0.72
r.e.d	0.25	0.85
humble	0.25	0.73
terms	0.25	0.79
autosaves	0.25	0.75
demographics	0.25	0.74
generation	0.25	0.74
success	0.25	0.77
speak	0.25	1.18
crabs	0.25	0.68
virtues	0.25	0.60
tool	0.25	0.72
survived	0.25	0.63
victoria	0.25	0.59
invested	0.25	0.85
progress	0.25	0.71
christmas	0.25	0.74
hundreds	0.25	0.77
celtic	0.25	0.91
aluminum	0.25	0.71
education	0.25	0.69
revolution	0.25	1.17
universal	0.25	0.80
virtually	0.25	0.88
board	0.25	0.63
countless	0.25	0.86
side	0.25	0.80
screen	0.25	0.83
ethnic	0.25	0.80
lowest	0.25	0.70
mines	0.25	0.68
affinity	0.25	0.72
truffles	0.26	0.68
levels	0.26	0.86
how	0.26	1.46
conquest	0.26	0.98
called	0.26	1.05
brandenburg	0.26	0.62
communitas	0.26	0.89
triple	0.26	0.73
bananas	0.26	0.67
count	0.26	0.84
expansion	0.26	0.79
decrease	0.26	0.78
business	0.26	0.66
spices	0.26	0.68
minutemen	0.26	0.60
access	0.26	0.71
between	0.26	0.76
corporations	0.26	1.11
prioritise	0.26	0.70
marsh	0.26	0.86
musician	0.26	0.71
fish	0.26	0.68
grassland	0.26	0.84
day	0.26	0.88
scroll	0.26	0.80
incense	0.26	0.68
atleast	0.26	0.80
ivory	0.26	0.68
copper	0.26	0.67
spell	0.26	1.61
technological	0.27	0.72
vice	0.27	0.73
hubble	0.27	0.62
overview	0.27	0.84
expected	0.27	0.67
silver	0.27	0.67
clicking	0.27	0.82
report	0.27	0.98
utilize	0.27	0.82
view	0.27	0.72
strictly	0.27	0.90
fixes	0.27	0.88
350	0.27	0.75
xml	0.27	1.23
claims	0.27	0.66
test	0.27	0.89
dependent	0.27	0.81
aristocracy	0.27	0.63
grant	0.27	0.73
colony	0.27	0.57
oops	0.27	2.97
sugar	0.27	0.65
ram	0.27	0.90
academy	0.27	0.65
liked	0.27	2.00
needed	0.27	0.87
percentage	0.27	0.72
colors	0.27	0.87
hotel	0.27	0.59
auto	0.27	0.72
marble	0.27	0.68
tells	0.27	0.89
soon	0.28	0.99
r/civ	0.28	1.41
writer	0.28	0.71
development	0.28	0.66
contribute	0.28	0.87
topic	0.28	1.54
wine	0.28	0.68
gems	0.28	0.68
shots	0.28	0.96
invest	0.28	0.76
absolutely	0.28	1.75
gather	0.28	0.84
fix	0.28	0.87
inclined	0.28	1.01
afford	0.28	0.81
numbers	0.28	0.73
pressing	0.28	0.80
sales	0.28	0.69
attempt	0.28	0.81
constantinople	0.28	0.61
jaguar	0.28	0.68
posts	0.28	1.29
top	0.28	0.81
cotton	0.28	0.68
hundred	0.28	0.80
environment	0.28	0.67
bottom	0.28	0.81
joke	0.28	1.31
citrus	0.28	0.68
budget	0.28	0.75
external	0.28	0.74
deer	0.28	0.67
militarily	0.28	0.74
hail	0.28	0.97
places	0.28	0.77
ca	0.28	1.22
sponsor	0.28	0.65
implement	0.28	0.80
transition	0.28	0.79
base	0.28	0.67
wait	0.29	0.88
economic	0.29	0.70
trap	0.29	0.70
week	0.29	0.88
searching	0.29	0.97
package	0.29	0.75
contains	0.29	0.74
done	0.29	1.29
software	0.29	0.62
severely	0.29	0.74
above	0.29	0.87
pearls	0.29	0.68
tag	0.29	1.23
amass	0.29	0.75
dream	0.29	0.84
castles	0.29	0.76
understand	0.29	1.73
subscribe	0.29	0.98
collective	0.29	0.65
plantations	0.29	0.69
from	0.29	0.76
exceptions	0.29	0.77
order	0.29	0.61
words	0.29	2.29
angkor	0.29	0.91
faction	0.29	0.61
lua	0.29	0.86
spawns	0.29	0.83
sheep	0.29	0.71
raging	0.29	0.68
agreed	0.30	1.02
u	0.30	1.44
button	0.30	0.81
old	0.30	0.65
realize	0.30	2.85
army	0.30	0.71
located	0.30	0.72
casual	0.30	0.92
received	0.30	0.88
plantation	0.30	0.68
whether	0.30	1.35
mouse	0.30	0.84
importantly	0.30	0.82
beginning	0.30	1.05
special	0.30	0.86
10	0.30	0.67
switched	0.30	0.69
salt	0.30	0.69
posted	0.30	1.34
develop	0.30	0.74
advantage	0.30	0.83
alaska	0.30	0.63
36	0.30	0.66
coding	0.30	0.89
unlimited	0.30	0.68
16	0.30	0.66
manufactory	0.30	0.68
unrealistic	0.30	1.31
controls	0.31	0.71
coal	0.31	0.70
except	0.31	0.90
corner	0.31	0.81
impressed	0.31	1.42
plains	0.31	0.88
legalism	0.31	0.63
aluminium	0.31	0.71
marine	0.31	0.68
culture	0.31	0.89
developer	0.31	0.64
shore	0.31	0.88
inferior	0.31	0.76
enhancer	0.31	0.66
same	0.31	1.22
preachers	0.31	0.67
felt	0.31	1.28
itinerant	0.31	0.67
0	0.31	0.70
river	0.31	0.80
negligible	0.31	0.82
presumably	0.31	0.82
issue	0.31	1.01
produce	0.31	0.73
sleep	0.31	1.09
care	0.31	1.44
robot	0.32	0.60
international	0.32	0.72
drops	0.32	0.70
lacks	0.32	0.64
da	0.32	1.21
overhaul	0.32	0.77
phrase	0.32	1.39
apple	0.32	0.65
alien	0.32	0.57
reformation	0.32	0.65
cant	0.32	1.18
autocracy	0.32	0.62
decreases	0.32	0.78
opens	0.32	0.86
unimproved	0.32	0.67
lancer	0.32	0.72
pop	0.32	0.68
least	0.32	0.96
select	0.32	0.77
autosave	0.32	0.83
yesterday	0.32	0.93
meant	0.32	2.91
images	0.32	1.11
log	0.32	0.64
pm	0.32	1.10
total	0.33	0.65
rebels	0.33	0.73
porn	0.33	0.89
gods	0.33	0.78
dont	0.33	1.46
oxford	0.33	0.66
95	0.33	0.72
regardless	0.33	1.02
central	0.33	0.63
buttons	0.33	0.81
features	0.33	0.85
flag	0.33	0.84
shall	0.33	0.97
weekend	0.33	0.90
copy	0.33	0.65
choke	0.33	0.71
13	0.33	0.67
show	0.33	0.91
save	0.33	0.90
socialist	0.33	0.58
coming	0.33	0.73
texts	0.33	0.67
replay	0.33	0.78
worlds	0.33	0.74
forget	0.33	1.21
unrelated	0.33	0.95
german	0.33	1.13
settlers	0.33	0.78
patches	0.33	0.75
w	0.33	0.78
college	0.33	0.69
addict	0.33	0.90
write	0.33	1.19
fog	0.33	0.72
review	0.33	0.93
eui	0.33	0.92
infoaddict	0.33	0.90
period	0.34	0.75
missed	0.34	1.97
mechanic	0.34	0.96
kicks	0.34	0.87
scientific	0.34	0.72
shows	0.34	0.90
snatch	0.34	0.85
starcraft	0.34	0.71
vague	0.34	1.12
master	0.34	0.72
northern	0.34	0.78
leading	0.34	0.75
farther	0.34	0.76
gw	0.34	0.68
somewhere	0.34	1.11
amazon	0.34	0.70
program	0.34	0.59
lumber	0.34	0.68
18	0.34	0.66
custom	0.34	0.73
ability	0.34	0.73
tooltip	0.34	0.92
power	0.34	0.70
rivers	0.34	0.79
apparently	0.34	1.48
image	0.34	1.18
ran	0.34	0.83
animals	0.35	0.71
reduce	0.35	0.77
code	0.35	0.79
deserve	0.35	1.27
tab	0.35	0.81
wheat	0.35	0.74
prod	0.35	0.66
nowadays	0.35	0.72
exit	0.35	0.72
lately	0.35	0.92
handle	0.35	0.80
24	0.35	0.64
lucky	0.35	1.01
delete	0.35	0.84
hopes	0.35	0.66
actual	0.35	1.27
solved	0.35	1.19
dozen	0.35	0.76
paths	0.35	0.72
becomes	0.35	1.03
secure	0.35	0.79
final	0.35	0.67
elephant	0.35	0.85
saves	0.35	0.84
canada	0.36	0.62
uu	0.36	0.65
food	0.36	0.66
archaeology	0.36	0.65
graphs	0.36	0.83
time	0.36	0.99
genre	0.36	0.74
hype	0.36	0.76
formula	0.36	0.75
date	0.36	0.78
landsknechts	0.36	0.79
active	0.36	0.86
experiences	0.36	0.75
aztecs	0.36	0.77
concern	0.36	1.08
says	0.36	1.22
tile	0.36	0.70
subject	0.36	1.12
netherlands	0.36	0.75
istanbul	0.36	0.59
ultimately	0.36	0.83
underestimate	0.36	0.83
cattle	0.36	0.69
guarantee	0.36	0.90
official	0.36	0.86
cows	0.36	0.69
temporary	0.36	0.84
biased	0.36	0.95
release	0.36	0.66
core	0.36	0.85
4-6	0.36	0.75
stay	0.36	0.96
shot	0.36	0.94
realized	0.36	1.79
fill	0.36	0.67
compatible	0.36	0.84
stages	0.36	0.87
playable	0.36	0.63
raw	0.36	0.71
fertilizer	0.36	0.67
byzantine	0.36	0.66
mod	0.37	0.92
magic	0.37	0.79
zero	0.37	0.62
tried	0.37	0.96
icon	0.37	0.77
performance	0.37	0.75
shorter	0.37	0.94
nc	0.37	0.72
school	0.37	0.62
chances	0.37	0.81
ten	0.37	0.77
downvotes	0.37	2.10
representation	0.37	0.76
seven	0.37	0.84
rts	0.37	0.53
new	0.37	0.76
task	0.37	0.75
belief	0.37	0.64
improved	0.37	0.70
six	0.37	0.79
ancient	0.37	0.84
criticism	0.37	1.05
listed	0.37	0.88
skill	0.37	0.76
broadcast	0.37	0.61
polan	0.37	1.05
scales	0.37	0.81
20-30	0.37	0.71
wanted	0.37	1.23
unlucky	0.37	1.14
comments	0.38	1.75
taught	0.38	0.73
graphic	0.38	0.78
wealth	0.38	0.65
19	0.38	0.65
cpu	0.38	0.93
go	0.38	0.92
create	0.38	0.85
winning	0.38	1.06
feed	0.38	0.64
explain	0.38	1.78
subreddit	0.38	1.32
tenet	0.38	0.78
pack	0.38	0.75
rewards	0.38	0.82
yield	0.38	0.69
8	0.38	0.64
standards	0.38	0.61
houses	0.38	0.63
begins	0.39	0.75
form	0.39	0.76
21	0.39	0.64
mostly	0.39	0.76
free	0.39	0.66
pure	0.39	0.63
click	0.39	0.82
source	0.39	0.72
religious	0.39	0.66
exactly	0.39	1.80
confident	0.39	1.32
compare	0.39	0.58
iirc	0.39	0.99
devs	0.39	0.69
hmmm	0.39	1.18
tools	0.39	0.77
patch	0.39	0.77
near	0.39	0.95
wrote	0.39	1.83
menu	0.39	0.74
deleting	0.39	0.86
fake	0.39	0.97
deserts	0.39	0.94
format	0.39	0.84
increased	0.39	0.75
extended	0.39	0.82
changing	0.39	0.87
children	0.39	0.79
quality	0.39	0.71
separate	0.39	0.79
disabling	0.40	0.91
unlike	0.40	0.63
ideological	0.40	0.76
latter	0.40	1.13
admit	0.40	1.24
difference	0.40	0.96
elaborate	0.40	1.38
always	0.40	1.17
spam	0.40	0.68
element	0.40	0.73
installing	0.40	0.88
v	0.40	1.00
9	0.40	0.73
understanding	0.40	0.91
mods	0.40	0.83
hunt	0.40	0.64
community	0.40	0.94
played	0.40	0.86
labs	0.40	0.66
thin	0.40	0.68
intended	0.40	1.41
wont	0.40	1.21
depend	0.40	0.86
installed	0.40	0.93
dunno	0.40	1.18
hooked	0.40	0.76
list	0.40	0.85
kings	0.40	0.85
gain	0.40	0.91
regard	0.41	0.73
downloaded	0.41	0.87
theming	0.41	0.66
default	0.41	0.70
sites	0.41	0.67
dang	0.41	1.53
modded	0.41	0.69
raise	0.41	0.76
narrow	0.41	0.78
released	0.41	0.72
advisor	0.41	0.73
unknown	0.41	0.74
7	0.41	0.66
sorry	0.41	2.89
somehow	0.41	1.21
dx9	0.41	0.85
gap	0.41	0.85
delay	0.41	0.76
orders	0.41	0.72
tithe	0.41	0.65
singleplayer	0.41	0.62
downloading	0.41	0.90
rock	0.41	0.55
checked	0.41	1.34
activate	0.41	0.78
set	0.42	0.73
granary	0.42	0.65
net	0.42	0.84
original	0.42	0.84
imho	0.42	1.05
search	0.42	1.10
install	0.42	0.86
noted	0.42	1.11
beliefs	0.42	0.64
assume	0.42	1.77
month	0.42	0.93
chose	0.42	0.60
definition	0.42	1.33
locations	0.42	0.79
sky	0.42	0.67
teach	0.42	0.75
site	0.42	1.04
working	0.42	0.74
stone	0.42	0.70
interest	0.42	0.71
e.g	0.42	0.70
twist	0.42	0.60
economically	0.42	0.85
admittedly	0.42	0.73
traits	0.42	0.63
factors	0.42	0.82
saw	0.42	1.57
produces	0.42	0.71
increase	0.42	0.77
primarily	0.42	0.69
10-15	0.42	0.73
eight	0.42	0.74
mid	0.42	0.93
investment	0.42	0.82
science	0.42	0.78
perspective	0.42	0.89
turkey	0.42	0.59
properly	0.43	1.12
arrive	0.43	0.70
fyi	0.43	1.18
possibly	0.43	1.24
known	0.43	0.87
interface	0.43	0.90
hills	0.43	0.96
seeing	0.43	1.47
heck	0.43	0.97
depth	0.43	0.67
schools	0.43	0.65
setup	0.43	0.77
change	0.43	0.95
reverse	0.43	0.85
sarcasm	0.43	2.10
industry	0.43	0.59
characters	0.43	0.58
manner	0.43	1.07
stronk	0.43	0.88
drastically	0.43	0.72
longhouse	0.43	0.66
counted	0.43	0.76
cn	0.43	0.59
process	0.43	0.92
stretch	0.43	0.90
pattern	0.43	0.85
library	0.43	0.65
drink	0.43	0.55
enhanced	0.43	0.92
enable	0.43	0.81
bison	0.43	0.67
founder	0.43	0.64
benefits	0.43	0.84
sun	0.43	0.70
prosperity	0.43	0.65
visual	0.43	0.86
users	0.43	0.87
sorts	0.43	0.96
n	0.43	0.68
monument	0.43	0.66
glorious	0.44	0.93
further	0.44	0.76
neuschwanstein	0.44	0.59
12	0.44	0.64
beer	0.44	0.50
national	0.44	0.62
applies	0.44	0.73
games	0.44	0.56
micro	0.44	0.80
slow	0.44	1.16
numerous	0.44	0.87
imgur	0.44	1.34
landmasses	0.44	0.71
user	0.44	0.92
card	0.44	0.75
processor	0.44	0.93
priorities	0.44	0.76
update	0.44	0.82
latest	0.44	0.82
palace	0.44	0.63
keyboard	0.44	0.69
sometime	0.44	0.92
initial	0.44	0.83
night	0.44	0.86
brazilian	0.44	0.85
successfully	0.44	0.73
precious	0.44	0.79
amounts	0.44	0.72
turtling	0.45	0.77
role	0.45	0.71
traditional	0.45	0.64
eat	0.45	0.74
steam	0.45	0.76
plant	0.45	0.66
assigned	0.45	0.72
we	0.45	1.19
names	0.45	0.97
forbidden	0.45	0.62
sydney	0.45	0.57
five	0.45	0.78
screenshots	0.45	1.23
away	0.45	0.84
folder	0.45	0.74
vary	0.45	0.80
management	0.45	0.75
slowly	0.45	0.95
previous	0.45	0.79
file	0.45	0.78
fuel	0.45	0.73
windowed	0.45	0.81
vietnam	0.45	0.63
achievements	0.45	0.96
civ	0.45	1.25
therefore	0.46	0.89
6	0.46	0.66
improve	0.46	0.79
reinstall	0.46	0.80
increases	0.46	0.75
filthy	0.46	0.72
unless	0.46	1.43
circles	0.46	0.70
folks	0.46	1.04
disabled	0.46	0.96
graphics	0.46	0.75
monitor	0.46	0.66
regards	0.46	0.63
cuts	0.46	0.80
picchu	0.46	0.63
follower	0.46	0.64
afaik	0.46	0.88
women	0.46	0.87
23	0.46	0.64
realised	0.46	1.46
download	0.46	0.94
logic	0.46	1.31
intel	0.46	0.94
similarly	0.46	0.65
pisa	0.46	0.61
disable	0.46	0.88
ssd	0.46	0.90
links	0.46	1.61
10x	0.46	1.02
faith	0.46	0.62
congratulations	0.47	0.89
archaeologists	0.47	0.68
surface	0.47	0.93
updating	0.47	0.90
smac	0.47	1.32
1-2	0.47	0.73
stats	0.47	0.76
purely	0.47	0.75
unfortunately	0.47	1.31
consider	0.47	0.72
elite	0.47	0.62
files	0.47	0.69
mechanics	0.47	0.70
enjoying	0.47	1.09
terribly	0.47	1.12
supported	0.47	0.68
guild	0.47	0.71
reasoning	0.47	1.44
till	0.47	0.96
extend	0.47	0.80
calculated	0.47	0.87
respective	0.47	0.75
specs	0.47	0.80
mills	0.47	0.64
lesson	0.47	0.74
beaten	0.47	0.90
path	0.48	0.76
village	0.48	0.91
hammer	0.48	0.70
chivalry	0.48	0.77
independent	0.48	0.61
o	0.48	1.62
continue	0.48	0.89
ending	0.48	0.80
tell	0.48	1.13
closely	0.48	0.97
upper	0.48	0.76
cheaper	0.48	0.79
directx	0.48	0.83
dedicated	0.48	0.71
each	0.48	0.71
staying	0.48	0.85
hussars	0.48	0.77
civilisations	0.48	0.58
recognize	0.48	0.80
weather	0.48	0.72
engine	0.48	0.74
kids	0.48	0.81
complaints	0.48	1.13
mexico	0.48	0.62
based	0.48	0.86
supporting	0.48	0.68
where	0.48	1.19
ideally	0.48	0.79
sword	0.48	0.94
recent	0.48	0.81
rules	0.49	0.93
demo	0.49	0.76
left	0.49	0.85
em	0.49	1.16
production	0.49	0.70
pictures	0.49	1.26
crank	0.49	0.84
handful	0.49	0.78
subreddits	0.49	1.29
limits	0.49	0.78
upload	0.49	1.08
having	0.49	1.09
rate	0.49	0.71
mayan	0.49	0.74
manually	0.49	0.74
micromanaging	0.49	0.80
5	0.49	0.62
focus	0.49	0.74
cache	0.49	0.74
theoretically	0.49	0.95
cards	0.49	0.85
tv	0.49	0.81
swords	0.50	0.60
exclusively	0.50	0.62
secondly	0.50	0.78
character	0.50	0.68
glory	0.50	0.63
major	0.50	0.87
updates	0.50	0.84
replacing	0.50	0.72
require	0.50	0.79
typically	0.50	0.78
towns	0.50	0.62
available	0.50	0.94
differently	0.50	0.99
inuit	0.50	0.59
museums	0.50	0.65
pics	0.50	1.02
here	0.50	1.61
check	0.50	0.97
leaning	0.50	0.61
such	0.50	0.99
sound	0.50	0.94
link	0.51	1.66
keeping	0.51	0.89
arsenal	0.51	0.77
charge	0.51	0.72
decades	0.51	0.79
does	0.51	1.36
bill	0.51	0.83
extract	0.51	0.77
israel	0.51	0.66
tower	0.51	0.60
planet	0.51	0.63
iv	0.51	2.09
results	0.51	0.99
scene	0.51	0.55
shrine	0.51	0.64
plowshares	0.51	0.63
complexity	0.51	0.75
script	0.51	0.75
scenario	0.51	0.69
nerf	0.51	0.94
driver	0.51	0.81
os	0.51	0.78
enabled	0.51	0.94
amount	0.51	0.75
possibility	0.51	0.84
tedious	0.51	1.36
tilted	0.51	0.71
verify	0.51	0.75
efficiency	0.52	0.79
broadway	0.52	0.60
regular	0.52	0.57
workable	0.52	0.77
nerfed	0.52	0.81
matter	0.52	1.33
hardware	0.52	0.83
rarely	0.52	0.96
p	0.52	2.75
pic	0.52	1.28
flower	0.52	1.01
goddess	0.52	0.66
minimap	0.52	0.78
oasis	0.52	0.81
allow	0.52	0.86
slot	0.52	0.72
media	0.52	0.61
terracotta	0.52	0.63
playing	0.52	1.04
almost	0.52	1.02
periods	0.52	0.54
snowball	0.52	0.88
varies	0.52	0.79
drivers	0.52	0.78
address	0.52	0.97
running	0.52	0.92
trait	0.52	0.68
vastly	0.52	0.77
desert	0.52	0.96
setting	0.53	0.68
jump	0.53	0.83
influenced	0.53	0.77
closer	0.53	0.86
lore	0.53	0.65
2050	0.53	1.01
boosted	0.53	0.72
linked	0.53	1.16
mixed	0.53	0.90
providing	0.53	0.88
4-5	0.53	0.74
weaker	0.53	1.15
eiffel	0.53	0.59
culturally	0.53	0.65
next	0.53	0.91
minus	0.53	0.74
cap	0.53	0.64
dual	0.53	0.65
dammit	0.53	1.26
text	0.53	1.44
landed	0.53	0.61
subscribed	0.53	1.08
cheesy	0.53	1.48
identical	0.53	0.81
requires	0.53	0.67
newest	0.53	0.81
loads	0.53	0.75
economy	0.53	0.69
monthly	0.53	1.03
billion	0.53	0.72
macbook	0.53	0.85
specialist	0.53	0.74
continued	0.53	0.68
legit	0.54	0.97
brazilwood	0.54	0.81
knowledge	0.54	0.73
landmass	0.54	0.72
screenshot	0.54	1.24
perk	0.54	0.68
statue	0.54	0.58
systems	0.54	0.65
precisely	0.54	1.10
versa	0.54	0.80
mode	0.54	0.79
sole	0.54	0.58
run	0.54	0.85
younger	0.54	1.02
exist	0.54	1.20
none	0.54	0.97
belgium	0.54	0.76
lists	0.54	1.02
heavy	0.54	0.78
laptop	0.54	0.84
runs	0.54	0.86
fact	0.54	1.36
basis	0.54	0.83
sacred	0.54	0.63
mac	0.54	0.81
hermitage	0.54	0.61
settings	0.54	0.75
lame	0.55	1.42
challenges	0.55	0.89
cathedrals	0.55	0.64
micromanagement	0.55	0.83
2-3	0.55	0.75
cheapest	0.55	0.81
blue	0.55	0.59
ben	0.55	0.61
public	0.55	0.66
micromanage	0.55	0.75
aiming	0.55	1.17
workshop	0.55	0.93
mention	0.55	2.25
amd	0.55	0.90
separated	0.55	0.83
existing	0.55	0.64
gaming	0.55	0.58
rule	0.55	0.99
dramatically	0.55	0.77
advance	0.55	0.87
reviews	0.55	0.87
machu	0.55	0.64
fall	0.55	0.62
5-6	0.55	0.72
assign	0.55	0.76
pursue	0.55	1.09
pantheon	0.55	0.66
pointing	0.55	2.37
cultural	0.56	1.16
louvre	0.56	0.59
location	0.56	0.88
stupidly	0.56	0.94
pantheons	0.56	0.66
3	0.56	0.72
news	0.56	0.78
bot	0.56	1.40
gpu	0.56	0.89
aspects	0.56	0.72
scramble	0.56	0.61
id	0.56	0.88
updated	0.56	1.12
colonial	0.56	0.56
improving	0.56	0.72
historic	0.56	0.74
mountains	0.56	0.88
future	0.56	0.57
nvidia	0.56	0.73
virtue	0.56	0.62
options	0.56	0.82
american	0.56	0.70
um	0.56	1.53
learning	0.56	1.09
hunting	0.56	0.63
measure	0.56	0.75
relative	0.56	0.73
whatsoever	0.56	0.84
victory	0.56	1.18
looked	0.57	1.16
lower	0.57	0.76
achieved	0.57	1.15
wat	0.57	0.97
akin	0.57	0.55
lock	0.57	0.74
quarries	0.57	0.60
factories	0.57	0.63
boosts	0.57	0.77
victories	0.57	1.15
minimal	0.57	0.85
improvement	0.57	0.76
hurt	0.57	0.96
comparable	0.57	0.95
won	0.57	1.04
beside	0.57	0.90
app	0.57	1.08
degree	0.57	0.69
ingame	0.57	0.97
morning	0.57	0.94
adjust	0.57	0.78
mosques	0.57	0.64
honest	0.57	1.32
delaying	0.57	0.68
gate	0.57	0.66
citizens	0.57	0.74
nevermind	0.57	2.25
unemployed	0.57	0.74
increasing	0.58	0.76
immersion	0.58	0.78
computer	0.58	0.80
couple	0.58	0.84
slots	0.58	0.70
advanced	0.58	0.83
tomorrow	0.58	1.03
2-4	0.58	0.74
realistically	0.58	0.87
balancing	0.58	0.75
forums	0.58	1.26
google	0.58	1.39
seemed	0.58	1.19
fellow	0.58	1.26
f12	0.58	1.13
vic	0.58	1.18
considerably	0.58	1.04
formatting	0.58	2.57
specialists	0.58	0.76
effort	0.58	0.92
examples	0.58	0.91
whatever	0.58	1.10
store	0.58	0.93
four	0.58	0.81
sistine	0.58	0.60
domination	0.59	1.16
universities	0.59	0.66
book	0.59	0.69
pre-order	0.59	0.68
per	0.59	0.74
adjacent	0.59	0.86
4	0.59	0.63
pls	0.59	1.19
integrity	0.59	0.77
beta	0.59	0.71
yay	0.59	0.57
1	0.59	0.68
sequel	0.59	1.00
figure	0.59	1.21
figured	0.59	1.74
overly	0.60	1.14
pursuing	0.60	1.12
dom	0.60	1.16
hang	0.60	0.87
hand	0.60	0.90
surplus	0.60	0.64
2014	0.60	0.69
longer	0.60	1.03
hagia	0.60	0.64
yo	0.60	1.15
goal	0.60	1.11
health	0.60	0.92
checking	0.60	0.99
number	0.60	0.70
length	0.60	0.81
threads	0.60	1.33
tenets	0.60	0.67
condition	0.61	1.17
post	0.61	1.56
uffizi	0.61	0.60
starve	0.61	0.77
likewise	0.61	0.69
yup	0.61	1.44
economics	0.61	0.55
civfanatics	0.61	1.26
sadly	0.61	1.08
pretend	0.61	0.92
math	0.61	1.26
guilds	0.61	0.70
messenger	0.61	0.66
encourage	0.61	0.74
taste	0.61	0.81
snag	0.61	0.69
lategame	0.61	0.73
landscape	0.61	0.70
successful	0.62	0.86
lead	0.62	0.86
website	0.62	1.04
additional	0.62	0.85
dear	0.62	1.40
movie	0.62	0.58
tenants	0.62	0.69
linux	0.62	0.72
sophia	0.62	0.63
rocks	0.62	0.67
aspect	0.62	0.63
posting	0.62	1.33
elements	0.62	0.58
sci-fi	0.62	0.71
proof	0.62	1.72
rapidly	0.62	0.89
chapel	0.62	0.59
version	0.62	0.73
doge	0.63	1.09
field	0.63	0.77
3-5	0.63	0.74
monasteries	0.63	0.61
in-game	0.63	0.99
lack	0.63	0.73
granted	0.63	0.89
want	0.63	1.26
museum	0.63	0.64
able	0.63	1.12
argument	0.63	1.15
3-4	0.63	0.75
attached	0.63	0.54
forum	0.63	1.31
ea	0.63	0.85
than	0.63	1.08
factory	0.63	0.60
guarantees	0.63	0.72
freaking	0.63	0.80
asap	0.64	0.78
question	0.64	1.80
instructions	0.64	1.05
manual	0.64	0.81
notice	0.64	1.58
grown	0.64	0.67
dame	0.64	0.60
adapt	0.64	0.76
detail	0.64	0.94
citizen	0.64	0.74
wouldnt	0.64	0.73
irl	0.64	1.01
strange	0.64	1.39
multiplier	0.64	0.75
fertility	0.64	0.61
generates	0.64	0.67
weak	0.64	1.24
written	0.64	0.67
excuse	0.64	1.30
comfortable	0.64	0.99
describe	0.64	0.93
rites	0.65	0.62
and/or	0.65	0.79
43	0.65	0.74
situations	0.65	0.86
gameplay	0.65	0.71
pyramids	0.65	0.63
twitch	0.65	0.58
superior	0.65	0.83
center	0.65	0.65
variety	0.65	0.66
nab	0.65	0.71
ynaemp	0.65	0.82
zeus	0.65	0.65
tad	0.65	1.22
notre	0.65	0.61
mean	0.65	1.42
simply	0.65	1.14
single	0.65	0.56
output	0.65	0.70
building	0.65	0.78
didnt	0.65	1.78
honestly	0.65	1.25
know	0.65	1.47
random	0.65	0.70
struggle	0.65	0.97
advise	0.66	0.76
things	0.66	1.00
problem	0.66	1.14
windows	0.66	0.84
sidebar	0.66	1.24
perks	0.66	0.74
flair	0.66	1.76
overwhelming	0.66	0.85
beat	0.66	0.84
modders	0.66	0.91
maintaining	0.66	0.80
linear	0.66	0.83
cow	0.66	0.70
factor	0.66	0.93
equal	0.66	0.70
look	0.66	1.15
stronger	0.66	1.07
capable	0.66	0.83
civil	0.66	0.76
firaxis	0.66	0.66
newer	0.66	0.66
hilly	0.66	0.84
compared	0.66	1.10
uh	0.66	1.64
win	0.67	1.13
6-8	0.67	0.70
sooner	0.67	0.83
university	0.67	0.60
thus	0.67	0.81
according	0.67	0.93
itza	0.67	0.64
ensure	0.67	0.85
parthenon	0.67	0.63
baby	0.67	0.77
influential	0.67	0.77
optimal	0.67	0.99
beating	0.67	0.79
give	0.67	1.05
pastures	0.67	0.65
today	0.67	0.91
ranges	0.67	0.79
vulnerable	0.67	1.04
heh	0.67	1.38
wins	0.68	1.08
whoa	0.68	1.28
wo	0.68	1.24
ck2	0.68	0.54
announced	0.68	0.78
earlier	0.68	0.84
picture	0.68	1.26
heads	0.68	1.15
titles	0.68	0.54
questions	0.68	1.37
overrated	0.68	0.88
context	0.68	2.22
underpowered	0.68	1.25
assumed	0.68	1.72
vc	0.68	1.22
tweak	0.68	0.88
chichen	0.68	0.63
regularly	0.68	0.80
gl	0.69	0.69
let	0.69	0.94
respectively	0.69	0.78
sources	0.69	0.78
peaceful	0.69	0.86
combination	0.69	0.92
touch	0.69	0.90
achieve	0.69	1.12
situational	0.69	1.21
wiki	0.69	1.33
park	0.69	0.71
conditions	0.69	1.09
focusing	0.69	0.74
provide	0.70	0.76
hanging	0.70	0.63
extra	0.70	0.86
several	0.70	0.88
again	0.70	1.20
speeds	0.70	0.83
now	0.70	1.78
oracle	0.70	0.64
desktop	0.70	1.03
competitive	0.70	0.88
lab	0.70	0.59
pasture	0.70	0.69
happen	0.70	1.11
toa	0.70	0.62
ways	0.70	0.87
marathon	0.70	0.73
tears	0.70	0.89
tend	0.70	0.75
bits	0.70	0.61
tone	0.71	0.59
discuss	0.71	0.90
abilities	0.71	0.67
flaws	0.71	1.57
various	0.71	0.86
title	0.71	1.76
encourages	0.71	0.81
stars	0.71	0.74
thread	0.71	1.47
reasons	0.71	0.84
wear	0.71	0.63
r/civsaves	0.71	1.27
judge	0.71	0.94
supports	0.71	0.85
difficulties	0.71	0.85
dominant	0.71	0.75
average	0.71	0.81
plain	0.71	0.97
goddamn	0.71	0.86
did	0.71	1.44
max	0.71	0.64
rates	0.71	0.73
service	0.71	0.83
mausoleum	0.72	0.67
fans	0.72	0.62
versions	0.72	0.60
page	0.72	1.24
below	0.72	0.81
option	0.72	0.92
nope	0.72	1.70
colossus	0.72	0.65
episode	0.72	0.61
overcome	0.72	0.81
quick	0.72	0.75
gunboat	0.72	0.74
rapid	0.72	0.70
epic	0.72	0.65
hopefully	0.72	0.85
opportunity	0.73	0.69
artemis	0.73	0.61
tablet	0.73	1.11
artifacts	0.73	0.62
opera	0.73	0.56
starting	0.73	0.85
civilopedia	0.73	0.87
sometimes	0.73	1.14
individual	0.73	0.71
daily	0.73	1.02
aqueducts	0.73	0.64
worth	0.73	0.95
emperor	0.73	0.82
phone	0.73	2.54
hydro	0.73	0.67
verifying	0.73	0.83
managing	0.73	0.77
artifact	0.73	0.67
vi	0.73	0.95
wan	0.73	1.32
article	0.74	1.55
beyond	0.74	0.96
android	0.74	0.92
standing	0.74	0.79
come	0.74	1.07
strat	0.74	0.81
types	0.74	0.89
polder	0.74	0.99
happened	0.74	1.12
endless	0.74	0.56
boost	0.74	1.04
few	0.74	0.88
tear	0.75	0.58
bit	0.75	1.24
dat	0.75	1.01
legendary	0.75	0.73
maximum	0.75	0.65
pace	0.75	0.76
fund	0.75	0.57
compensate	0.75	0.83
perhaps	0.75	1.14
flood	0.75	0.95
try	0.75	1.06
bro	0.75	1.29
1v1	0.75	0.78
provided	0.75	0.81
difficulty	0.75	0.80
track	0.75	1.02
balance	0.75	0.67
mosque	0.76	0.56
mix	0.76	0.68
whoops	0.76	2.27
reality	0.76	0.84
king	0.76	0.81
following	0.76	0.82
chieftain	0.76	0.74
knew	0.76	1.51
other	0.76	1.00
climate	0.76	0.93
strategies	0.76	0.79
house	0.76	0.56
overpowered	0.76	1.35
choice	0.76	0.93
glance	0.76	1.04
gardens	0.76	0.63
pc	0.76	0.97
ss	0.76	0.53
speed	0.76	0.74
usually	0.76	1.05
tsl	0.76	0.76
medium	0.76	0.69
fields	0.77	0.87
instance	0.77	0.86
universalis	0.77	0.66
temple	0.77	0.59
used	0.77	1.00
unique	0.77	0.70
alot	0.77	0.78
abundant	0.77	0.69
album	0.77	1.15
necessarily	0.77	1.19
odd	0.77	1.44
warlord	0.78	0.76
factions	0.78	0.69
22	0.78	0.64
creates	0.78	0.73
hardest	0.78	1.06
wikipedia	0.78	0.97
immortal/deity	0.78	0.86
pro	0.78	0.88
frankly	0.78	1.01
lakes	0.78	0.84
circumstances	0.78	0.85
applicable	0.78	0.87
4x	0.78	0.61
easily	0.78	1.12
multiple	0.78	0.90
grabbed	0.78	0.65
garden	0.78	0.62
realise	0.78	1.52
ones	0.78	0.91
mill	0.79	0.62
empires	0.79	0.71
opinion	0.79	1.16
meantime	0.79	0.72
meier	0.79	0.86
prioritize	0.79	0.82
unusual	0.79	0.99
stonehenge	0.79	0.66
sharing	0.79	1.11
mind	0.79	1.17
cheese	0.79	0.92
long	0.80	1.06
impossible	0.80	1.16
goals	0.80	0.94
islands	0.80	0.70
username	0.80	1.40
prince	0.80	0.76
background	0.80	0.60
surprisingly	0.80	1.16
rights	0.80	0.67
empire	0.80	0.62
three	0.80	0.90
feels	0.80	1.34
suez	0.80	0.71
data	0.80	0.81
technically	0.80	1.08
real	0.80	0.87
prioritizing	0.81	0.87
totally	0.81	1.66
art	0.81	0.59
wearing	0.81	0.58
faster	0.81	0.86
helping	0.81	1.05
basics	0.81	0.95
possibilities	0.81	0.73
replaces	0.82	0.53
shape	0.82	0.78
description	0.82	1.17
statement	0.82	2.18
sid	0.82	0.94
grasp	0.82	1.05
immortal	0.82	0.84
read	0.82	1.17
famous	0.82	0.81
na	0.82	1.62
flavor	0.82	0.65
benefit	0.82	0.95
little	0.83	1.21
edited	0.83	2.56
reasonably	0.83	0.88
plenty	0.83	0.83
double	0.83	0.72
grows	0.83	0.79
fastest	0.83	1.09
meritocracy	0.83	0.87
certain	0.83	0.87
opportunities	0.83	0.82
massively	0.83	0.79
gon	0.83	1.64
point	0.83	1.26
information	0.83	0.99
longest	0.83	1.84
opposed	0.83	0.53
respect	0.84	0.84
managed	0.84	0.97
doubt	0.84	1.00
heard	0.84	0.80
stream	0.84	0.55
find	0.84	1.12
pagodas	0.84	0.72
depending	0.84	0.87
grants	0.84	0.65
court	0.84	0.70
which	0.84	1.24
usual	0.84	0.83
kinds	0.84	0.74
seems	0.84	1.34
rather	0.84	0.99
historical	0.84	0.94
dance	0.85	0.58
depends	0.85	0.90
pieces	0.85	0.55
church	0.85	0.79
since	0.85	1.15
observatory	0.85	0.79
explaining	0.85	1.64
sheer	0.85	0.69
globe	0.85	0.67
recommended	0.85	0.67
no	0.85	1.21
slight	0.85	0.79
pumping	0.85	0.75
deity	0.86	0.92
heaven	0.86	0.92
our	0.86	0.70
occ	0.86	1.00
two	0.86	0.89
lots	0.86	0.79
pushes	0.86	0.57
tactic	0.86	0.98
markets	0.86	0.73
hm	0.86	1.57
aid	0.86	0.81
tricks	0.86	0.84
canadian	0.86	1.72
concepts	0.87	0.81
see	0.87	1.35
situation	0.87	1.10
low	0.87	0.74
false	0.87	0.96
crusader	0.87	0.61
europa	0.87	0.66
aim	0.87	1.23
bunch	0.87	0.86
necessary	0.87	0.93
limiting	0.87	0.75
jumped	0.87	0.83
type	0.87	0.83
ll	0.87	1.22
worthwhile	0.87	1.12
distance	0.88	0.74
painful	0.88	1.33
strategy	0.88	0.74
certainly	0.88	1.14
hurry	0.88	0.82
futuristic	0.88	0.63
sprawling	0.88	0.67
progresses	0.88	0.69
tonight	0.88	1.13
floodplains	0.88	0.94
imo	0.88	1.10
references	0.88	1.34
fantasy	0.88	0.70
slightly	0.89	0.99
nicely	0.89	0.84
mainly	0.89	0.57
farm	0.89	0.87
considering	0.89	1.15
2	0.89	0.66
thoughts	0.89	0.81
obviously	0.89	1.13
btw	0.89	1.77
genius	0.89	1.09
caps	0.89	0.71
meaningful	0.89	0.78
exact	0.89	0.94
interested	0.89	1.63
suggest	0.89	0.73
memory	0.90	2.20
ui	0.90	0.91
these	0.90	0.96
sandstorm	0.90	0.68
majority	0.90	0.69
doubled	0.90	0.70
worked	0.90	0.89
improves	0.90	0.80
priority	0.90	0.85
observatories	0.90	0.70
ratio	0.90	0.93
realism	0.91	0.77
learn	0.91	0.81
banks	0.91	0.70
civilization	0.91	0.91
eu4	0.91	0.59
preference	0.91	0.82
super	0.91	1.09
maintain	0.91	0.75
libraries	0.91	0.76
thumb	0.92	0.87
slower	0.92	0.90
relatively	0.92	0.96
hassle	0.92	1.03
folklore	0.92	0.75
playstyle	0.92	0.85
highly	0.92	0.96
tho	0.92	1.30
albeit	0.93	1.04
any	0.93	1.15
historically	0.93	1.24
need	0.93	1.29
coincidence	0.93	1.26
anyways	0.93	1.57
follow	0.93	0.98
sci	0.93	0.54
solar	0.93	0.57
holds	0.93	1.40
feel	0.94	1.22
alternate	0.94	0.61
valid	0.94	0.85
seem	0.94	1.19
somewhat	0.94	1.11
sizes	0.94	0.71
rare	0.94	1.37
lord	0.94	1.00
slows	0.94	0.78
monuments	0.94	0.78
related	0.94	0.73
fresh	0.94	0.85
current	0.94	0.86
reason	0.94	1.33
wider	0.94	0.85
imagine	0.94	0.85
timing	0.94	0.80
lol	0.95	1.78
stick	0.95	0.74
ics	0.95	0.81
ac	0.95	1.76
plants	0.95	0.72
will	0.95	1.16
diety	0.95	0.92
amphitheater	0.95	0.54
alternative	0.95	0.69
pichu	0.95	0.73
mid-late	0.95	0.75
market	0.95	0.53
delayed	0.95	0.83
highlands	0.95	0.70
normally	0.95	0.93
playthrough	0.95	0.64
either	0.95	1.31
pun	0.95	1.18
immediate	0.95	0.81
yeah	0.95	1.71
main	0.96	0.89
ton	0.96	0.85
play	0.96	0.60
yep	0.96	2.01
consistently	0.96	0.93
standard	0.96	0.70
comment	0.96	2.24
unfortunate	0.96	1.13
described	0.96	0.87
incredibly	0.96	1.13
insanely	0.96	1.07
confusing	0.96	1.30
allows	0.96	0.86
specific	0.96	0.99
colonization	0.96	1.89
rev	0.97	1.74
windmill	0.97	0.60
section	0.97	0.90
kinda	0.97	1.25
oriented	0.97	0.70
thing	0.97	1.30
notes	0.97	0.65
sorta	0.97	1.08
common	0.97	1.04
fairly	0.97	1.11
different	0.97	0.91
tight	0.97	0.87
shrines	0.97	0.80
could	0.97	1.27
work	0.98	1.04
particularly	0.98	1.10
kind	0.98	1.25
say	0.98	1.39
entirely	0.98	1.72
specialize	0.98	0.92
define	0.98	0.66
personally	0.98	0.98
brand	0.98	0.68
solution	0.98	0.91
apologies	0.99	2.41
example	0.99	1.07
underrated	0.99	1.11
because	0.99	1.33
course	0.99	1.22
fewer	0.99	0.90
recommend	0.99	0.61
local	0.99	0.80
please	0.99	1.67
uus	0.99	1.11
styles	0.99	0.73
pangaea	0.99	0.69
an	0.99	0.89
granaries	0.99	0.77
far	0.99	1.12
something	1.00	1.36
only	1.00	1.20
workshops	1.00	0.73
quicker	1.00	0.91
telling	1.00	1.44
survey	1.00	1.23
quote	1.00	0.60
extremely	1.00	1.11
duel	1.00	0.71
gives	1.00	0.90
cheap	1.00	1.19
its	1.01	1.17
high	1.01	0.75
rewarding	1.01	1.28
manage	1.01	0.94
gigantic	1.01	0.81
terra	1.01	0.74
hugely	1.01	0.88
polders	1.01	0.96
adds	1.01	0.81
okay	1.01	2.33
infinite	1.01	0.65
ha	1.01	1.53
yea	1.01	2.03
reliably	1.02	0.93
trick	1.02	1.01
complicated	1.02	1.39
category	1.02	0.51
continents	1.02	0.70
ridiculously	1.02	1.05
wonder	1.02	0.80
dynamic	1.02	0.85
stock	1.02	0.64
pangea	1.03	0.71
very	1.03	1.10
populations	1.03	0.64
details	1.03	1.02
obvious	1.03	1.52
significantly	1.04	0.76
learned	1.04	0.92
frustrating	1.04	1.43
older	1.04	0.52
even	1.04	1.31
case	1.04	1.35
archipelago	1.04	0.69
shuffle	1.04	0.69
weird	1.04	1.49
aside	1.05	1.02
established	1.05	0.65
replies	1.05	1.60
equally	1.05	1.03
playthroughs	1.05	0.57
ya	1.05	1.65
wonders	1.05	0.79
cooler	1.05	0.95
thought	1.05	1.87
uncommon	1.05	1.12
sprawl	1.05	0.65
ill	1.05	1.41
aztec	1.06	0.76
term	1.06	1.93
appropriate	1.06	0.73
greatly	1.06	0.74
franchise	1.06	0.75
recall	1.06	1.20
m8	1.06	1.25
curve	1.07	0.85
think	1.07	1.38
moments	1.07	0.65
believe	1.07	1.44
experience	1.07	0.87
smaller	1.07	0.80
incans	1.07	0.98
forgot	1.07	2.34
quickly	1.07	1.09
geared	1.07	0.84
arabian	1.07	0.56
scary	1.07	1.10
unlikely	1.07	1.18
maddjinn	1.07	0.56
wise	1.08	0.81
info	1.08	1.36
incas	1.08	0.89
pirates	1.08	1.51
reply	1.08	1.93
aqueduct	1.08	0.62
less	1.08	1.07
short	1.08	1.63
otherwise	1.08	1.24
anyway	1.09	1.36
guess	1.09	1.91
paradox	1.09	0.57
quill18	1.09	0.57
prora	1.09	0.86
long-term	1.09	0.81
those	1.09	0.92
oh	1.09	2.04
maps	1.09	0.65
simpler	1.09	0.81
means	1.09	1.15
quite	1.09	1.13
potentially	1.09	0.84
some	1.10	0.94
map	1.10	0.67
greater	1.10	0.73
partially	1.10	1.71
hardcore	1.10	0.60
fed	1.10	1.64
farms	1.10	0.96
doubles	1.10	0.76
tall	1.10	0.74
books	1.11	1.28
explains	1.11	1.25
works	1.11	0.73
really	1.11	1.24
kasbah	1.11	0.95
christ	1.11	1.09
god	1.11	0.97
video	1.11	0.52
sort	1.11	1.15
jeans	1.11	0.60
legitimate	1.11	1.47
tiny	1.11	0.73
remember	1.11	1.30
reference	1.11	1.14
population	1.12	0.84
make	1.12	1.22
big	1.12	0.91
more	1.12	1.11
legend	1.12	0.50
d	1.12	1.28
congrats	1.13	1.14
earth	1.13	0.54
floating	1.13	0.67
response	1.13	1.64
buildings	1.13	0.93
often	1.13	1.14
decently	1.13	0.75
personal	1.13	0.85
whats	1.13	0.81
accessible	1.13	0.85
suppose	1.13	2.16
luck	1.13	1.34
guides	1.13	0.96
band	1.14	0.51
many	1.14	0.99
tutorial	1.14	0.72
gamble	1.14	1.04
grew	1.14	1.26
fair	1.14	1.16
yetu	1.14	0.93
given	1.14	1.06
suggestions	1.14	1.16
size	1.14	0.70
actually	1.15	1.38
channel	1.15	0.53
etc	1.15	0.77
provides	1.15	0.63
videos	1.15	0.54
easier	1.15	1.14
light	1.16	0.59
thats	1.16	1.86
growth	1.16	0.76
fractal	1.16	0.75
inca	1.16	0.93
note	1.16	1.22
too	1.16	1.17
may	1.17	1.23
looks	1.17	2.01
likely	1.17	1.13
nuts	1.17	1.09
youtube	1.18	0.54
earliest	1.18	1.66
quotes	1.18	0.67
challenge	1.18	0.92
sustain	1.18	0.67
midgame	1.18	0.84
powerhouse	1.18	0.84
haha	1.18	1.85
late-game	1.18	0.87
shield	1.18	0.63
deeper	1.18	0.83
temples	1.19	0.77
uniques	1.19	0.75
alpha	1.19	1.66
lets	1.19	0.67
pretty	1.19	1.21
maybe	1.19	1.24
ahh	1.20	1.78
should	1.20	1.28
coupled	1.20	0.75
watched	1.20	0.52
probably	1.20	1.27
might	1.20	1.26
grow	1.21	0.62
infrastructure	1.21	0.82
though	1.21	1.35
heroic	1.21	0.64
centauri	1.21	1.64
stuff	1.22	1.07
huh	1.22	1.77
definitely	1.22	1.29
complex	1.22	1.00
vast	1.22	0.58
coffee	1.22	0.64
focused	1.22	0.70
watch	1.23	0.51
support	1.23	0.65
generally	1.23	0.96
lp	1.23	0.50
burial	1.23	0.56
ah	1.23	1.93
way	1.23	1.23
however	1.23	1.28
creating	1.24	0.65
marbozir	1.24	0.50
early-game	1.24	0.96
key	1.24	0.89
suit	1.25	0.72
maximize	1.25	0.77
favourite	1.25	1.73
sufficient	1.26	0.74
til	1.27	1.61
welcome	1.27	1.28
tons	1.27	0.77
late	1.28	0.97
harder	1.28	1.06
concept	1.28	0.66
bank	1.29	0.53
answers	1.29	1.41
would	1.30	1.28
suits	1.30	0.79
preferred	1.30	1.65
panzers	1.30	0.78
popular	1.30	0.81
input	1.30	1.55
liking	1.30	1.30
niche	1.30	0.95
bigger	1.31	0.93
doable	1.31	0.99
although	1.31	1.24
ua	1.31	0.68
part	1.32	1.65
petra	1.32	0.86
overlap	1.32	1.62
replacement	1.33	0.52
mid-game	1.33	0.77
alive	1.33	1.77
feedback	1.33	1.34
hmm	1.33	1.68
ok	1.34	1.85
suggestion	1.34	1.22
enough	1.34	1.02
gamer	1.34	0.49
everywhere	1.35	0.68
hoping	1.35	1.33
explanation	1.36	1.55
cute	1.36	1.14
sir	1.36	1.60
combined	1.37	0.58
general	1.37	0.84
difficult	1.37	1.35
guys	1.38	1.65
yes	1.38	2.10
ta	1.38	1.28
wide	1.38	0.83
crack	1.39	0.97
especially	1.39	0.96
damn	1.39	1.51
perfectly	1.39	0.75
most	1.39	1.64
risky	1.40	1.20
gotcha	1.40	1.68
clarification	1.40	1.79
watching	1.40	0.52
expensive	1.41	1.25
smooth	1.41	0.76
huge	1.41	0.85
maximus	1.42	1.04
dude	1.42	1.49
cheers	1.43	1.68
delicious	1.43	0.67
unstoppable	1.43	1.22
intense	1.43	1.33
uas	1.43	0.77
style	1.43	0.61
hope	1.44	1.06
op	1.44	1.74
fine	1.44	1.11
essential	1.44	0.82
alright	1.44	1.65
larger	1.44	0.80
basic	1.45	0.74
talk	1.45	1.10
surprising	1.45	1.38
baba	1.45	0.96
complain	1.46	1.16
struggling	1.46	1.40
voice	1.47	1.07
colosseum	1.47	0.90
makes	1.47	1.13
easiest	1.47	1.67
both	1.48	1.68
challenging	1.48	1.08
efficient	1.49	1.06
much	1.50	1.13
tricky	1.50	1.29
home	1.50	1.40
worries	1.50	1.35
true	1.50	1.43
answer	1.51	1.84
sized	1.51	0.69
overall	1.51	0.93
effective	1.51	1.15
detailed	1.51	1.27
hilarious	1.52	1.31
profitable	1.53	1.04
ideas	1.53	1.14
limited	1.54	0.71
hahaha	1.54	1.29
practical	1.54	0.84
enormous	1.55	0.69
suited	1.55	1.56
still	1.55	1.22
add	1.56	1.01
rise	1.56	0.46
large	1.56	0.72
massive	1.57	0.69
advice	1.57	1.38
sacrificing	1.58	0.60
small	1.58	0.74
reliable	1.58	1.07
accurate	1.58	1.27
feasible	1.59	0.97
reading	1.59	1.11
idea	1.59	1.25
crowded	1.59	0.95
convenient	1.60	1.02
lot	1.60	1.05
specialized	1.60	0.85
tips	1.60	1.22
ubs	1.60	1.19
appreciate	1.61	1.41
help	1.62	1.10
exciting	1.62	1.01
logical	1.62	0.87
simple	1.63	0.99
tip	1.63	1.29
dangerous	1.64	0.99
limit	1.64	0.52
close	1.64	1.26
wow	1.65	1.53
panzer	1.66	0.57
powerful	1.66	1.17
crucial	1.67	0.96
balanced	1.68	1.00
hard	1.68	1.30
sense	1.69	1.42
entertaining	1.69	0.53
fast	1.69	0.92
vital	1.69	0.94
movies	1.70	1.06
enjoy	1.70	0.97
particular	1.70	1.28
brutal	1.71	1.05
wish	1.71	1.14
there	1.71	1.11
visit	1.72	1.16
dem	1.72	0.78
stability	1.73	1.23
critical	1.73	0.98
hey	1.73	1.51
appreciated	1.73	1.29
guide	1.74	0.98
productive	1.74	0.87
boss	1.74	1.24
viable	1.75	1.35
realistic	1.76	0.98
series	1.76	1.10
ub	1.76	0.49
clever	1.77	0.98
better	1.77	1.34
beast	1.77	1.03
hall	1.78	0.43
defensible	1.78	0.81
winged	1.78	1.15
valuable	1.79	1.01
man	1.79	1.35
hear	1.80	0.98
diverse	1.80	0.64
flexible	1.80	1.07
reasonable	1.80	0.67
jesus	1.81	1.11
helped	1.81	0.74
music	1.81	0.67
eye	1.81	1.44
bazaar	1.82	0.50
nah	1.83	1.25
themes	1.83	1.02
must	1.83	1.29
pyramid	1.83	0.49
fits	1.83	1.04
indeed	1.85	1.35
intro	1.86	0.96
safe	1.87	1.26
possible	1.88	1.08
easy	1.88	1.28
favorite	1.89	1.34
familiar	1.89	1.11
happiness	1.90	1.68
stele	1.91	0.48
substantial	1.93	0.63
growing	1.94	1.38
satisfying	1.94	0.81
woah	1.94	1.06
enjoyable	1.95	0.67
thanks	1.95	1.52
mate	1.98	1.48
glad	1.98	1.08
unhappy	1.99	1.36
switzerland	2.01	1.14
tough	2.01	1.13
prefer	2.01	0.98
thank	2.02	1.44
ultimate	2.02	0.93
song	2.03	0.92
colosseums	2.04	1.56
ooh	2.04	1.26
sounds	2.05	1.22
fitting	2.05	0.97
10/10	2.06	0.93
fan	2.06	0.91
cake	2.06	0.75
truly	2.07	0.91
handy	2.07	1.21
perfect	2.08	1.01
useful	2.09	1.20
listening	2.12	0.91
paper	2.13	0.72
enjoyed	2.14	0.82
tempting	2.14	1.10
crazy	2.14	0.90
beneficial	2.14	1.06
listen	2.14	0.90
similar	2.15	1.06
circus	2.15	1.53
versatile	2.15	1.14
relevant	2.15	0.86
significant	2.18	0.86
ftw	2.18	0.93
stable	2.18	0.56
also	2.19	1.25
deadly	2.19	0.78
well	2.19	1.20
important	2.19	1.15
healthy	2.21	0.89
addition	2.22	0.83
absurd	2.25	0.70
killer	2.28	0.82
favorites	2.29	0.95
maker	2.31	0.73
early	2.33	1.03
potential	2.34	0.89
incan	2.34	0.93
immensely	2.35	0.67
ridiculous	2.36	0.59
neat	2.36	1.04
hearing	2.37	0.78
plus	2.45	1.06
fun	2.46	1.13
fit	2.49	0.61
piece	2.50	0.46
devastating	2.52	0.90
combine	2.53	0.62
badass	2.54	0.80
insane	2.55	0.70
helpful	2.55	1.01
theme	2.57	0.64
job	2.57	0.85
ideal	2.59	0.83
kasbahs	2.64	0.84
strong	2.73	0.77
terrace	2.73	0.80
synergy	2.74	0.57
interesting	2.77	0.90
decent	2.78	0.59
cool	2.82	0.87
combo	2.84	0.57
good	2.91	0.66
wonderful	2.91	0.42
helps	2.92	0.69
excellent	3.01	0.34
solid	3.04	0.38
sweet	3.07	0.39
lovely	3.09	0.28
brilliant	3.10	0.26
hanse	3.14	0.46
beautiful	3.15	0.26
incredible	3.23	0.24
