officiating	-5.40	2.87
blame	-5.24	2.01
sides	-4.97	3.08
bashing	-4.82	2.06
reffing	-4.72	2.93
questionable	-4.71	3.28
poorly	-4.61	3.01
sucked	-4.47	2.48
ways	-4.40	2.86
refs	-4.35	2.80
horrendous	-4.31	3.24
garbage	-4.27	3.18
both	-4.26	3.19
hating	-4.23	2.29
calls	-4.15	2.65
complain	-4.13	2.35
bothers	-4.12	2.51
shitty	-4.03	3.08
execution	-4.01	3.04
hansbrough	-4.00	3.29
henderson	-4.00	3.06
naturally	-3.99	2.55
tack	-3.99	2.52
decisions	-3.94	3.11
officials	-3.93	2.15
officiated	-3.93	2.51
crew	-3.92	2.60
favor	-3.87	2.34
hess	-3.87	2.60
ticky	-3.85	2.63
whistles	-3.84	2.31
byrd	-3.76	2.61
tyler	-3.72	3.17
criticize	-3.71	2.32
fouls	-3.69	2.53
jimmer	-3.66	3.04
inconsistency	-3.65	3.19
jj	-3.64	3.32
hatred	-3.63	3.16
sloppy	-3.62	3.35
replace	-3.62	2.60
referees	-3.62	2.34
yankees	-3.62	2.69
fanbases	-3.61	2.85
united	-3.59	2.24
judgement	-3.57	2.70
redick	-3.55	3.09
phantom	-3.54	2.48
circlejerk	-3.52	2.44
call	-3.52	2.53
ignored	-3.51	2.55
speaks	-3.50	2.27
called	-3.42	2.32
bullshit	-3.41	2.97
bash	-3.40	2.70
stupid	-3.38	2.86
bitching	-3.38	1.29
ref	-3.36	2.30
suck	-3.35	2.13
dumbass	-3.34	2.32
killing	-3.34	3.14
referee	-3.32	2.10
bs	-3.32	2.57
these	-3.31	2.93
rival	-3.30	2.76
evil	-3.30	1.88
rivals	-3.28	2.98
calling	-3.27	2.05
screwed	-3.26	2.71
talk	-3.22	2.93
dae	-3.21	2.47
remind	-3.21	2.74
cyclone	-3.20	2.97
fans	-3.19	2.56
laettner	-3.19	3.05
foul	-3.18	2.36
believes	-3.18	3.05
titus	-3.17	2.40
inconsistent	-3.17	3.04
bandwagon	-3.16	2.64
bizarre	-3.16	2.89
unacceptable	-3.14	3.12
terribly	-3.14	2.10
allowing	-3.09	2.99
scare	-3.09	2.61
cbb	-3.08	2.85
except	-3.08	2.88
jeez	-3.06	2.78
thinks	-3.06	3.18
ends	-3.04	1.95
halves	-3.00	3.47
technical	-2.98	2.19
charge	-2.96	2.28
lights	-2.93	3.40
intentional	-2.93	2.19
no-call	-2.93	2.28
flagrant	-2.91	2.17
horribly	-2.90	2.11
understands	-2.90	2.76
referring	-2.88	2.89
heslip	-2.86	2.62
fault	-2.86	2.46
complaining	-2.82	1.83
blatant	-2.82	2.25
granted	-2.78	2.36
whistle	-2.76	2.08
cheered	-2.73	2.83
bothered	-2.73	3.12
respected	-2.72	2.46
literally	-2.71	3.36
tells	-2.71	1.89
amirite	-2.70	2.57
valentine	-2.69	1.59
makeup	-2.68	2.39
outs	-2.67	2.02
karl	-2.64	2.01
collapse	-2.64	2.55
bull	-2.62	2.23
chosen	-2.60	2.92
traveling	-2.58	1.52
me	-2.57	4.06
crappy	-2.57	3.38
rice	-2.54	3.58
speaking	-2.52	2.81
reminded	-2.51	2.93
possibly	-2.48	2.96
pisses	-2.48	2.36
scheme	-2.48	3.27
hack	-2.47	1.32
prove	-2.45	3.68
whining	-2.43	1.40
evenly	-2.43	2.14
critical	-2.42	2.64
stretches	-2.40	2.14
downvoted	-2.36	3.94
flop	-2.34	1.96
travel	-2.33	2.19
blown	-2.33	1.67
felix	-2.31	2.76
bad	-2.30	3.43
passionate	-2.28	2.45
rivalry	-2.27	2.58
blocking	-2.27	2.01
ruining	-2.26	2.52
blaming	-2.26	1.70
annoying	-2.26	2.40
review	-2.25	2.03
scenario	-2.25	2.99
flops	-2.22	1.79
replied	-2.20	4.08
atrocious	-2.20	3.43
throughout	-2.19	2.11
handed	-2.18	2.61
lazy	-2.18	3.05
ashamed	-2.18	3.83
memory	-2.17	3.40
retarded	-2.17	1.61
longest	-2.16	4.23
equally	-2.16	1.89
50/50	-2.14	1.90
proves	-2.14	3.49
clearly	-2.13	1.85
classless	-2.13	1.64
flow	-2.13	1.78
ol	-2.11	3.43
favorite	-2.11	3.76
latter	-2.11	3.06
flopping	-2.10	1.54
makes	-2.09	3.72
faded	-2.09	3.48
loyalty	-2.07	2.77
contact	-2.07	1.88
cheap	-2.06	2.00
those	-2.05	1.94
many	-2.05	1.92
lots	-2.05	1.85
world	-2.05	4.11
decide	-2.04	1.70
flat	-2.04	1.75
trez	-2.03	3.75
backcourt	-2.02	2.96
ignore	-2.02	1.62
lil	-2.00	3.54
sucking	-1.99	1.27
piss	-1.98	1.83
outcome	-1.98	1.67
dream	-1.97	3.11
completely	-1.97	4.24
rushing	-1.96	1.30
downvoting	-1.96	1.99
touch	-1.95	1.75
fought	-1.95	1.58
circle	-1.95	1.30
laughable	-1.94	2.91
simply	-1.94	4.59
reminds	-1.93	3.17
were	-1.93	2.39
goaltending	-1.91	2.12
monitor	-1.91	1.96
itt	-1.91	1.75
answered	-1.88	3.94
obvious	-1.87	2.06
numerous	-1.87	1.90
are	-1.86	1.98
silly	-1.84	2.79
blow	-1.84	1.56
stop	-1.84	1.57
bitch	-1.84	1.59
kinds	-1.83	1.85
storming	-1.83	1.62
myself	-1.82	4.27
quit	-1.81	1.49
lord	-1.81	2.63
realize	-1.81	4.70
commenting	-1.79	2.11
ejected	-1.79	1.54
plain	-1.78	2.05
tight	-1.78	1.80
karma	-1.76	1.88
crap	-1.75	1.99
consistently	-1.75	2.13
bounds	-1.74	1.83
neither	-1.74	1.87
decision	-1.74	2.02
haters	-1.73	1.35
performing	-1.72	1.73
other	-1.72	2.17
seen	-1.70	3.81
smile	-1.70	3.10
mistakes	-1.70	2.08
dumb	-1.69	2.75
accomplish	-1.69	2.46
spoiled	-1.68	3.70
kill	-1.67	1.44
downvotes	-1.66	2.14
hop	-1.65	1.25
culture	-1.65	1.70
suspect	-1.64	1.73
false	-1.63	3.68
reward	-1.63	1.47
everywhere	-1.63	1.81
jerk	-1.63	1.20
wtf	-1.63	2.91
arrogant	-1.62	1.49
flopped	-1.62	1.67
several	-1.61	1.87
forcing	-1.61	2.00
sportsmanship	-1.61	1.96
timeout	-1.61	1.93
dicks	-1.61	1.33
various	-1.61	1.91
replay	-1.60	1.75
angles	-1.60	1.56
meant	-1.59	4.58
brutal	-1.58	3.21
excessive	-1.58	1.58
photo	-1.58	1.14
none	-1.58	1.92
offenses	-1.56	1.89
behavior	-1.56	1.62
gary	-1.55	1.38
explained	-1.55	1.42
r/nba	-1.54	1.58
draw	-1.54	1.69
treated	-1.53	1.63
dislike	-1.52	3.26
justify	-1.52	1.69
kyrie	-1.52	1.53
booing	-1.51	1.22
pissing	-1.51	1.43
reggie	-1.51	1.31
whatever	-1.50	2.43
r/cfb	-1.50	1.69
discuss	-1.49	1.50
all	-1.49	2.19
thread	-1.49	2.14
embarrassment	-1.48	1.56
strange	-1.48	3.26
plenty	-1.48	1.83
sorts	-1.48	1.84
mediocre	-1.48	3.40
making	-1.48	1.90
convince	-1.47	2.00
adjustments	-1.47	1.73
elbow	-1.47	1.68
thankfully	-1.46	1.29
shitting	-1.46	2.16
multiple	-1.46	1.83
controversial	-1.46	2.05
loose	-1.45	1.67
upvotes	-1.44	1.80
poor	-1.44	3.63
teddy	-1.44	1.48
acting	-1.44	1.47
performance	-1.44	2.10
absolutely	-1.43	2.09
cocky	-1.43	3.27
styles	-1.43	1.77
tons	-1.43	1.66
butthurt	-1.43	1.90
ignorant	-1.42	1.74
mccabe	-1.42	1.22
blowing	-1.42	1.64
r/collegebasketball	-1.42	1.70
two	-1.42	1.89
drawing	-1.42	1.63
turnovers	-1.41	1.96
irving	-1.41	1.80
push	-1.41	1.61
nobody	-1.41	2.35
spelled	-1.40	4.17
handful	-1.39	1.84
downvote	-1.39	2.40
nope	-1.39	3.77
timeouts	-1.39	1.53
bunch	-1.39	1.74
just	-1.38	4.66
about	-1.38	2.77
universe	-1.38	1.25
blatantly	-1.37	1.79
douche	-1.36	1.34
kelly	-1.36	1.25
practices	-1.36	1.53
bases	-1.36	1.45
aspect	-1.36	1.59
moron	-1.35	1.57
petty	-1.35	2.00
lately	-1.35	1.82
everybody	-1.35	2.19
rivalries	-1.35	1.71
possessions	-1.35	1.85
kemba	-1.35	1.15
travis	-1.35	1.24
trolls	-1.35	1.80
shoulders	-1.34	1.38
portland	-1.34	1.18
reddit	-1.34	2.02
nightmare	-1.33	2.98
flair	-1.33	2.23
disagree	-1.33	4.74
agreeing	-1.33	4.29
train	-1.33	1.20
nonsense	-1.33	1.67
possible	-1.32	2.61
generally	-1.32	1.61
possession	-1.32	1.87
assholes	-1.32	1.24
zeller	-1.31	1.33
whoops	-1.31	4.58
guess	-1.31	4.75
charges	-1.31	1.59
plumlee	-1.31	1.35
sub	-1.31	2.06
fuck	-1.31	2.76
else	-1.30	2.49
fanbase	-1.30	1.48
punch	-1.30	1.35
luke	-1.30	1.11
posts	-1.30	2.13
however	-1.29	4.85
notion	-1.29	1.69
unnecessary	-1.28	1.92
fouling	-1.28	1.55
cares	-1.28	2.30
coincidence	-1.28	2.89
checking	-1.27	1.29
arm	-1.26	1.66
saying	-1.26	4.50
wants	-1.25	2.43
punish	-1.25	1.60
shove	-1.25	1.50
threads	-1.25	1.91
uncomfortable	-1.25	3.13
touched	-1.24	1.61
lawson	-1.24	1.26
wayne	-1.24	1.15
people	-1.24	2.42
meh	-1.24	3.39
complaints	-1.24	1.44
comments	-1.24	2.20
deleted	-1.24	2.61
appling	-1.24	1.15
face	-1.24	1.49
edit	-1.23	4.61
baller	-1.23	3.28
negative	-1.23	1.50
basically	-1.23	2.35
choices	-1.23	1.82
grabbing	-1.23	1.60
constantly	-1.23	1.47
comment	-1.22	2.79
nigger	-1.22	1.58
subject	-1.22	1.80
smart	-1.22	1.57
otherwise	-1.21	4.27
voted	-1.21	2.60
keith	-1.21	1.18
80s	-1.21	1.40
commit	-1.20	1.58
curry	-1.20	1.59
responsible	-1.20	1.52
ideal	-1.20	2.86
acted	-1.20	1.30
squads	-1.19	1.58
shoved	-1.19	1.55
upvoted	-1.18	2.47
posters	-1.18	1.43
checks	-1.18	1.64
pile	-1.18	1.45
some	-1.18	1.87
everyone	-1.18	2.63
defend	-1.17	1.68
fandom	-1.17	1.30
consider	-1.17	2.07
mods	-1.17	1.93
situations	-1.17	1.54
bumped	-1.16	1.61
split	-1.16	1.77
badly	-1.16	2.01
deciding	-1.16	1.54
rude	-1.16	1.91
fucked	-1.15	1.61
regards	-1.15	1.42
parts	-1.15	1.59
celebrating	-1.14	1.29
statements	-1.14	2.04
shoving	-1.13	1.47
subreddit	-1.13	1.82
returned	-1.13	1.60
ncsu	-1.13	1.12
types	-1.13	1.50
worthless	-1.13	2.80
flip	-1.12	1.52
ridiculous	-1.12	3.18
cringe	-1.12	1.40
act	-1.12	1.49
sorry	-1.12	4.41
follows	-1.12	1.59
publicly	-1.12	1.32
repeat	-1.11	1.38
seemingly	-1.11	1.32
jinx	-1.11	1.80
due	-1.11	1.70
dukes	-1.11	1.40
voting	-1.10	1.93
differently	-1.10	1.95
accidentally	-1.10	2.16
post	-1.10	2.53
rough	-1.10	3.55
danny	-1.09	0.90
flairs	-1.09	1.82
kiss	-1.08	1.23
argue	-1.08	3.16
mainly	-1.08	1.13
i.e	-1.08	1.20
speak	-1.08	1.70
youre	-1.08	2.04
screw	-1.08	1.32
explain	-1.07	2.59
subs	-1.07	1.51
traveled	-1.07	1.34
booker	-1.07	0.94
sidebar	-1.07	1.80
dook	-1.06	1.20
asses	-1.06	1.37
earlier	-1.05	1.90
side	-1.05	1.76
dozen	-1.05	1.69
selection	-1.05	1.94
represented	-1.05	1.14
nonetheless	-1.05	1.68
everything	-1.05	2.73
lot	-1.05	1.96
robbed	-1.05	1.64
turnover	-1.05	1.81
said	-1.05	1.89
says	-1.04	3.95
dawson	-1.04	1.08
gameplan	-1.04	1.13
graduation	-1.04	1.50
victors	-1.04	1.08
regard	-1.04	1.33
excuses	-1.04	1.67
entitled	-1.04	1.61
lewis	-1.04	1.11
performances	-1.04	2.19
described	-1.04	1.49
blows	-1.03	1.47
grab	-1.03	1.59
hand	-1.03	1.57
tbh	-1.03	2.07
board	-1.03	1.09
pushed	-1.03	1.58
agrees	-1.03	1.57
obligatory	-1.02	1.18
states	-1.02	1.60
typically	-1.02	1.47
forgot	-1.02	4.07
arguments	-1.02	2.06
ulis	-1.01	0.95
right	-1.00	4.44
constant	-1.00	1.33
idiotic	-1.00	1.80
agree	-1.00	4.89
define	-1.00	1.76
payne	-1.00	1.11
tobacco	-1.00	1.27
remembers	-0.99	1.17
posting	-0.99	2.08
kaminski	-0.99	1.07
discussion	-0.99	2.00
delete	-0.99	2.29
passion	-0.99	4.11
believed	-0.98	2.12
asshole	-0.98	1.47
acts	-0.97	1.09
talks	-0.97	3.70
respond	-0.97	2.16
removed	-0.97	1.93
dozens	-0.97	1.99
umd	-0.97	1.20
settled	-0.97	1.57
chane	-0.96	1.28
hindsight	-0.96	1.53
stops	-0.96	1.04
trash	-0.96	1.98
properly	-0.95	1.95
few	-0.95	1.77
users	-0.95	1.86
couple	-0.95	1.77
wash	-0.95	1.46
intentionally	-0.95	1.42
faces	-0.94	1.11
responded	-0.94	2.44
knows	-0.94	2.27
map	-0.94	1.41
emphasis	-0.94	1.57
idiot	-0.94	1.77
hurts	-0.94	1.95
glenn	-0.94	1.09
besides	-0.94	1.40
pair	-0.93	1.60
favors	-0.92	1.21
base	-0.92	1.86
harris	-0.92	1.07
trey	-0.92	0.95
si	-0.92	1.12
followed	-0.92	1.31
racist	-0.92	1.57
rush	-0.92	1.43
eventual	-0.92	1.34
stated	-0.92	2.28
territory	-0.92	1.23
laugh	-0.92	2.01
elbows	-0.92	1.38
heat	-0.91	1.03
claim	-0.91	2.37
marcus	-0.91	1.31
charity	-0.91	1.44
others	-0.91	2.15
favored	-0.91	1.65
counted	-0.91	1.72
k-state	-0.90	1.27
apparently	-0.89	2.48
well	-0.89	2.47
mental	-0.88	1.78
r/cbb	-0.88	1.81
partially	-0.88	2.00
favorites	-0.88	1.55
warning	-0.88	1.44
management	-0.87	1.64
rivers	-0.87	1.21
cowboys	-0.87	1.08
directed	-0.87	1.97
harrison	-0.87	0.96
nearly	-0.87	1.83
op	-0.87	2.89
yelled	-0.87	1.41
punished	-0.86	1.59
caused	-0.86	1.54
trice	-0.86	1.13
barnes	-0.86	1.36
rewarded	-0.86	1.66
mack	-0.86	1.20
identity	-0.86	1.46
becoming	-0.86	2.06
jayhawk	-0.86	1.24
bets	-0.86	1.55
each	-0.85	2.61
opinions	-0.85	2.41
rarely	-0.85	1.67
everytime	-0.85	1.62
typical	-0.85	1.23
cfb	-0.85	1.38
waste	-0.85	1.41
merely	-0.85	1.55
jamie	-0.85	1.16
burke	-0.85	1.13
reply	-0.85	3.10
siva	-0.84	1.36
absurd	-0.84	2.28
image	-0.84	1.46
lakers	-0.84	1.11
tends	-0.84	1.62
commits	-0.84	1.56
jumping	-0.84	1.19
mentioning	-0.83	2.39
havent	-0.83	2.06
excuse	-0.83	1.63
stuck	-0.82	1.83
orr	-0.82	1.58
exist	-0.82	2.41
definition	-0.82	1.29
someone	-0.81	2.69
mention	-0.81	2.55
hundreds	-0.81	1.56
original	-0.81	2.82
earth	-0.81	1.27
ku	-0.81	1.31
fewer	-0.80	1.79
dominated	-0.80	1.58
minds	-0.80	1.38
conspiracy	-0.80	1.62
chanting	-0.80	1.30
miles	-0.80	1.12
rage	-0.80	1.33
places	-0.79	1.62
killed	-0.79	1.45
pathetic	-0.79	3.60
noted	-0.79	1.50
shift	-0.79	1.44
idiots	-0.79	1.45
towards	-0.78	1.30
dedicated	-0.78	1.33
obnoxious	-0.78	1.57
pictures	-0.78	1.40
topic	-0.78	1.82
claims	-0.78	1.60
originally	-0.78	2.61
rhythm	-0.78	1.69
kills	-0.78	1.28
hancock	-0.78	1.16
code	-0.78	1.49
matched	-0.77	1.62
struggles	-0.77	1.61
nothing	-0.77	2.74
towns	-0.77	1.02
direction	-0.77	1.70
abysmal	-0.77	3.59
part	-0.77	5.06
andrew	-0.77	0.95
cat	-0.77	1.16
user	-0.77	1.76
avoid	-0.76	1.84
ksu	-0.76	1.33
across	-0.76	1.34
assumption	-0.76	1.66
marshall	-0.76	1.09
sf	-0.76	1.12
ul	-0.76	1.11
instant	-0.76	1.54
quote	-0.75	1.64
incident	-0.75	1.41
explode	-0.75	1.45
aw	-0.75	1.86
shoulder	-0.75	1.51
onto	-0.75	1.33
mark	-0.75	1.54
touching	-0.75	1.44
passes	-0.75	2.13
announcers	-0.75	1.31
forum	-0.75	1.67
existed	-0.74	1.52
influence	-0.74	1.56
grind	-0.74	1.65
ole	-0.74	1.15
fear	-0.74	1.37
struggled	-0.74	1.78
blew	-0.74	1.51
stepped	-0.74	1.77
word	-0.74	2.15
tl	-0.74	1.47
knew	-0.74	3.48
community	-0.74	1.29
africa	-0.74	1.58
duck	-0.73	1.22
rule	-0.73	1.77
linked	-0.73	2.32
racial	-0.73	1.80
mind	-0.73	3.34
performed	-0.73	1.73
exists	-0.73	1.86
bias	-0.73	1.36
outplayed	-0.73	1.48
bbn	-0.72	1.48
commercials	-0.72	1.63
conversation	-0.72	2.32
blackshear	-0.72	1.32
affected	-0.72	1.47
ford	-0.72	1.07
slur	-0.71	1.78
dribbling	-0.71	1.64
areas	-0.71	1.45
warrant	-0.71	1.46
content	-0.71	1.76
apologies	-0.71	2.43
nash	-0.71	1.17
lyles	-0.71	1.03
total	-0.71	1.88
dumbest	-0.71	4.66
different	-0.71	1.87
rising	-0.71	1.43
destroyed	-0.70	1.69
understood	-0.70	2.01
most	-0.70	4.77
swing	-0.70	1.42
drawn	-0.70	1.64
moral	-0.70	1.29
narrative	-0.70	1.38
wasted	-0.70	1.48
prince	-0.69	1.15
react	-0.69	1.80
underneath	-0.69	1.45
borderline	-0.69	1.64
planned	-0.69	1.65
walked	-0.69	1.34
kendall	-0.69	1.12
sentiment	-0.69	2.43
jumped	-0.69	1.08
rasheed	-0.68	1.11
made	-0.68	1.76
in-state	-0.68	1.90
stands	-0.68	1.43
tool	-0.68	1.65
wcs	-0.68	1.12
ban	-0.68	1.43
notice	-0.68	2.06
worry	-0.68	2.72
who	-0.68	2.54
virtually	-0.67	1.54
facebook	-0.67	1.74
christian	-0.67	1.28
make	-0.67	2.72
necessarily	-0.67	3.41
somebody	-0.67	2.25
t	-0.67	1.69
costello	-0.67	1.10
applies	-0.67	1.56
bobby	-0.67	1.05
consecutive	-0.67	2.03
tuned	-0.67	1.37
treat	-0.67	1.69
floor	-0.66	1.54
teammate	-0.66	1.35
gbinije	-0.66	1.41
remove	-0.66	1.83
unfair	-0.66	2.05
upvote	-0.66	2.18
philosophy	-0.66	1.11
claiming	-0.66	2.05
az	-0.65	1.25
insert	-0.65	1.44
4-5	-0.65	1.76
included	-0.65	1.51
lobos	-0.65	1.38
loser	-0.65	1.45
lee	-0.65	1.02
assumed	-0.65	2.79
underestimate	-0.65	1.90
piece	-0.65	1.57
contest	-0.65	1.43
sideline	-0.65	1.31
dawkins	-0.65	1.26
fran	-0.65	1.30
gap	-0.65	1.26
bump	-0.65	1.42
around	-0.64	1.67
troll	-0.64	1.85
mccants	-0.64	1.39
uf	-0.64	1.29
pace	-0.64	1.81
differences	-0.64	1.27
movement	-0.64	1.85
delusional	-0.64	2.18
soooo	-0.64	2.16
war	-0.64	1.30
predictions	-0.64	1.59
attitude	-0.63	1.29
crucial	-0.63	3.18
jokes	-0.63	1.55
latest	-0.63	1.38
evidence	-0.63	1.74
leave	-0.63	2.25
because	-0.63	3.27
remembered	-0.63	1.56
afterwards	-0.63	1.15
lean	-0.63	1.61
evening	-0.63	1.66
tiger	-0.63	1.24
trouble	-0.63	1.82
wragge	-0.62	1.84
screen	-0.62	1.45
caps	-0.62	2.19
check	-0.62	1.35
equal	-0.62	1.70
alot	-0.62	1.53
hairston	-0.62	1.14
directly	-0.62	1.51
claimed	-0.62	1.39
ship	-0.62	1.27
imo	-0.62	1.87
arrow	-0.62	1.35
posted	-0.62	2.08
dr	-0.62	1.23
dakari	-0.61	1.02
sucks	-0.61	3.10
rozier	-0.61	1.31
recognize	-0.61	2.28
bonus	-0.61	2.02
protect	-0.61	1.67
atleast	-0.61	1.33
vote	-0.61	2.05
heavy	-0.61	1.65
nine	-0.61	1.72
reasons	-0.61	1.18
leap	-0.60	1.60
hood	-0.60	1.36
issues	-0.60	1.66
hmmm	-0.60	1.81
arenas	-0.60	1.29
six	-0.60	1.72
phone	-0.60	1.51
cases	-0.60	1.73
kicked	-0.60	1.36
obviously	-0.60	3.35
rip	-0.60	1.43
view	-0.59	1.80
anybody	-0.59	2.83
one	-0.59	4.85
him	-0.59	3.11
five	-0.59	1.76
discussing	-0.59	1.90
message	-0.59	1.58
ok	-0.59	4.42
overlooked	-0.59	1.72
commented	-0.59	2.28
creepy	-0.59	3.13
involved	-0.59	1.56
gift	-0.59	1.47
kick	-0.59	1.51
alumni	-0.59	1.12
worse	-0.59	1.98
stauskas	-0.58	0.97
book	-0.58	1.23
things	-0.58	2.49
official	-0.58	1.66
hug	-0.58	1.91
seven	-0.58	1.73
amount	-0.58	1.60
seconds	-0.58	1.78
statement	-0.58	2.47
bag	-0.58	1.21
nets	-0.58	1.28
70s	-0.58	1.46
immediately	-0.58	1.70
variety	-0.57	1.77
1-3-1	-0.57	1.36
never	-0.57	2.56
sore	-0.57	1.79
here	-0.57	3.07
scoreboard	-0.57	1.41
vt	-0.57	1.23
tagged	-0.57	1.71
likes	-0.57	3.94
border	-0.57	1.38
same	-0.57	2.42
times	-0.56	2.14
production	-0.56	1.56
okay	-0.56	4.35
jones	-0.56	1.20
stephen	-0.56	1.34
count	-0.56	3.41
selling	-0.56	1.57
almost	-0.56	2.35
anger	-0.56	1.44
mobile	-0.56	2.32
address	-0.55	1.67
guessed	-0.55	2.38
mostly	-0.55	1.57
fouled	-0.55	1.77
twenty	-0.55	1.72
loudest	-0.55	5.16
understand	-0.55	3.79
aside	-0.55	1.34
winston	-0.55	1.11
facts	-0.55	2.54
joke	-0.55	2.25
motion	-0.55	1.56
boston	-0.54	1.05
barkley	-0.54	1.77
nowadays	-0.54	1.41
slam	-0.54	3.73
jackass	-0.54	1.97
tourneys	-0.54	1.65
youth	-0.54	1.60
thus	-0.54	1.88
rebuilding	-0.54	1.53
hardaway	-0.54	1.02
exchange	-0.54	1.25
uhh	-0.54	1.81
implying	-0.54	2.84
fellow	-0.54	1.82
10-15	-0.54	1.72
chant	-0.53	1.16
despite	-0.53	1.70
internet	-0.53	1.59
anyone	-0.53	2.98
whether	-0.53	2.73
established	-0.53	1.56
buzz	-0.53	1.05
mentioned	-0.53	1.79
ahh	-0.53	2.58
97	-0.53	1.50
fairness	-0.53	1.45
cauley-stein	-0.53	1.03
william	-0.53	1.10
practically	-0.52	1.19
terry	-0.52	1.32
disappointing	-0.52	3.11
cupcakes	-0.52	2.81
forget	-0.52	3.39
lesser	-0.52	1.83
entire	-0.52	5.28
prior	-0.52	1.71
reputation	-0.52	1.61
truth	-0.52	1.81
standing	-0.52	1.41
commentators	-0.52	1.28
ripped	-0.52	1.44
barber	-0.52	1.67
prevent	-0.52	1.66
ross	-0.52	0.86
embarrassing	-0.52	3.43
mod	-0.52	2.02
stealing	-0.51	1.44
decides	-0.51	1.68
confirmed	-0.51	1.41
always	-0.51	2.53
absolute	-0.51	3.37
beating	-0.51	1.40
cornell	-0.51	1.43
rolls	-0.51	1.49
al	-0.50	1.17
fact	-0.50	3.10
3-4	-0.50	1.71
thrown	-0.50	1.61
keeps	-0.50	1.35
ton	-0.50	1.64
deny	-0.50	2.61
ground	-0.50	1.50
cheer	-0.50	1.56
being	-0.50	2.21
wrist	-0.50	1.27
poster	-0.50	1.61
izzo	-0.50	1.00
spartans	-0.50	1.11
fire	-0.50	1.50
any	-0.50	2.55
hoosiers	-0.50	1.31
hear	-0.50	1.70
difficulty	-0.50	2.27
ties	-0.50	1.25
willis	-0.50	1.12
off	-0.50	1.74
devin	-0.49	1.09
perhaps	-0.49	2.20
moving	-0.49	1.63
gotcha	-0.49	2.73
more	-0.49	2.26
crying	-0.49	1.79
where	-0.49	2.99
owned	-0.49	1.36
link	-0.48	1.88
stanley	-0.48	1.10
creating	-0.48	1.44
spotlight	-0.48	1.50
cam	-0.48	1.55
net	-0.48	1.34
feelings	-0.48	1.58
toward	-0.48	1.10
flipped	-0.48	1.31
mu	-0.48	1.17
something	-0.48	3.38
boat	-0.48	1.29
therefore	-0.48	1.49
laughed	-0.48	1.53
winter	-0.47	1.72
less	-0.47	2.03
sooo	-0.47	1.37
doesnt	-0.47	2.34
n	-0.47	1.71
text	-0.47	1.66
cities	-0.47	1.69
apparent	-0.47	1.69
contribute	-0.47	1.73
duncan	-0.47	1.08
fat	-0.47	1.33
with	-0.47	2.81
fool	-0.47	1.85
clicked	-0.47	2.28
thought	-0.47	3.30
guys	-0.47	2.85
levels	-0.47	1.39
justified	-0.47	1.92
figure	-0.47	2.79
saw	-0.47	2.02
replaced	-0.47	1.58
believing	-0.46	2.96
shoe	-0.46	1.46
umm	-0.46	1.61
jahlil	-0.46	1.10
opinion	-0.46	2.85
stretch	-0.46	1.96
owe	-0.46	1.55
stripe	-0.46	1.63
seeding	-0.46	1.75
speculation	-0.46	1.70
stormed	-0.46	1.56
arms	-0.46	1.48
3	-0.46	1.81
turns	-0.46	1.62
context	-0.46	2.43
reporter	-0.46	1.44
reaching	-0.46	1.47
nik	-0.46	0.97
2-3	-0.46	1.64
perception	-0.46	1.59
invite	-0.45	1.57
ed	-0.45	1.68
interview	-0.45	1.34
ashley	-0.45	1.11
how	-0.45	3.30
rumor	-0.45	1.47
fan	-0.45	1.56
time	-0.45	2.72
returns	-0.45	1.21
had	-0.45	2.54
closely	-0.45	1.36
useless	-0.45	1.68
cbi	-0.45	1.54
started	-0.45	1.81
battle	-0.45	1.27
reported	-0.45	1.31
finds	-0.45	1.36
anymore	-0.45	3.35
chair	-0.45	1.37
ellis	-0.45	1.08
selected	-0.45	1.74
bound	-0.44	1.69
tell	-0.44	3.14
slow	-0.44	1.78
shocker	-0.44	1.47
zeus	-0.44	1.14
edited	-0.44	3.34
forgive	-0.44	1.84
5	-0.44	1.71
morgan	-0.44	1.09
ruined	-0.44	3.25
greene	-0.44	1.23
frustration	-0.44	1.51
imply	-0.44	3.09
separate	-0.44	1.58
admit	-0.44	3.46
inbounds	-0.44	1.99
click	-0.44	1.99
care	-0.44	3.28
become	-0.43	1.63
suggesting	-0.43	3.01
knicks	-0.43	1.23
bang	-0.43	1.32
princeton	-0.43	1.36
links	-0.43	1.80
course	-0.43	2.87
ware	-0.43	1.14
race	-0.43	1.38
mean	-0.43	3.58
concept	-0.43	1.64
email	-0.43	1.56
confused	-0.43	5.29
rushed	-0.43	1.52
bother	-0.43	2.77
too	-0.43	3.22
remain	-0.43	1.58
swept	-0.43	1.44
knocked	-0.43	1.56
dj	-0.43	1.32
sites	-0.43	1.31
definitely	-0.43	3.18
carter	-0.43	1.10
suspension	-0.43	1.45
pointless	-0.42	2.10
ask	-0.42	2.62
intent	-0.42	1.78
6	-0.42	1.71
worries	-0.42	2.33
discount	-0.42	2.69
report	-0.42	1.49
matchup	-0.42	1.57
from	-0.42	1.79
rest	-0.42	5.49
hater	-0.42	1.93
dixon	-0.42	1.13
sweep	-0.42	1.88
inevitable	-0.42	1.50
carry	-0.42	1.45
invited	-0.42	1.50
stone	-0.41	1.26
christmas	-0.41	1.48
exactly	-0.41	3.66
proof	-0.41	1.74
storm	-0.41	1.38
tobey	-0.41	1.29
affiliation	-0.41	1.26
york	-0.41	0.94
dumpster	-0.41	1.50
re	-0.41	3.45
including	-0.41	1.74
tag	-0.41	1.85
4	-0.41	1.71
ads	-0.40	1.42
explains	-0.40	1.72
thing	-0.40	2.70
jefferson	-0.40	1.12
handle	-0.40	2.27
talking	-0.40	3.35
username	-0.40	1.93
near	-0.40	1.64
life	-0.40	3.39
mitchell	-0.40	1.08
pointed	-0.40	1.65
pretend	-0.40	3.34
maintain	-0.40	1.35
frequently	-0.40	1.19
7	-0.40	1.71
hahahaha	-0.40	1.68
keep	-0.40	2.28
wojo	-0.40	1.12
looked	-0.40	1.94
alums	-0.40	1.26
stopped	-0.40	1.59
acknowledge	-0.40	2.73
button	-0.40	1.80
committee	-0.39	1.73
winning	-0.39	2.09
ago	-0.39	1.96
stood	-0.39	1.38
general	-0.39	1.40
blocked	-0.39	1.55
yelling	-0.39	1.53
miss	-0.39	1.46
soft	-0.39	2.35
harrell	-0.39	1.62
zero	-0.39	1.69
actions	-0.39	1.46
jumps	-0.39	1.37
10	-0.39	1.72
bird	-0.39	1.53
logic	-0.39	2.25
lists	-0.39	1.51
further	-0.39	1.77
discussed	-0.39	1.51
yell	-0.39	1.32
uk	-0.39	1.63
gone	-0.39	2.22
anything	-0.38	3.16
salty	-0.38	4.56
maker	-0.38	1.38
nick	-0.38	1.07
select	-0.38	1.54
semi	-0.38	1.21
easily	-0.38	2.55
anyway	-0.38	3.31
single	-0.38	2.98
months	-0.38	1.94
butt	-0.38	1.70
e	-0.38	1.68
spurs	-0.38	1.28
river	-0.38	1.55
schools	-0.38	1.52
voters	-0.38	1.68
examples	-0.38	1.56
stating	-0.38	2.82
responding	-0.38	2.28
hundred	-0.38	1.69
why	-0.38	3.66
span	-0.38	1.84
surgery	-0.38	1.49
king	-0.38	1.35
fist	-0.38	1.36
leg	-0.37	1.35
wrote	-0.37	1.57
totally	-0.37	3.61
join	-0.37	1.58
unfortunately	-0.37	1.90
streaks	-0.37	1.64
appearance	-0.37	1.99
interviews	-0.37	1.22
within	-0.37	1.76
lifetime	-0.37	2.53
causing	-0.37	1.55
kyle	-0.37	1.11
theres	-0.37	1.52
particular	-0.37	1.31
ecu	-0.37	1.27
minutes	-0.37	1.83
intended	-0.37	1.96
nose	-0.37	1.43
dealing	-0.37	1.52
clear	-0.37	2.20
jump	-0.37	1.27
minute	-0.37	1.94
get	-0.37	3.00
hang	-0.37	1.72
giant	-0.37	1.34
broken	-0.37	1.40
does	-0.37	3.05
submit	-0.37	1.79
poythress	-0.37	1.01
demand	-0.37	1.44
racism	-0.37	1.52
kstate	-0.37	1.21
sight	-0.37	1.67
committed	-0.37	1.47
respective	-0.37	2.15
certainly	-0.36	3.30
welp	-0.36	1.64
bazz	-0.36	1.26
skip	-0.36	1.44
dick	-0.36	1.72
create	-0.36	1.65
starts	-0.36	1.65
replacing	-0.36	1.25
assume	-0.36	3.75
lineups	-0.36	1.41
tweeted	-0.36	1.26
only	-0.36	2.79
what	-0.36	3.67
slap	-0.36	1.54
legend	-0.36	1.18
boss	-0.36	1.54
update	-0.36	1.62
suddenly	-0.36	1.71
96	-0.36	1.51
homerism	-0.36	1.73
yesterday	-0.36	1.75
ridiculously	-0.35	1.64
key	-0.35	2.26
hawkeye	-0.35	1.18
mess	-0.35	1.75
shows	-0.35	1.03
rodney	-0.35	1.23
case	-0.35	2.61
find	-0.35	2.67
cut	-0.35	1.83
forgetting	-0.35	2.77
years	-0.35	2.03
arguing	-0.35	4.40
struggle	-0.35	1.45
richard	-0.35	1.31
budget	-0.35	1.31
hypothetical	-0.35	1.73
amongst	-0.35	1.70
getting	-0.35	2.57
predict	-0.35	1.65
yale	-0.35	1.69
throwing	-0.35	1.52
pretending	-0.35	2.39
alex	-0.34	1.00
wish	-0.34	2.73
initial	-0.34	1.53
days	-0.34	2.02
really	-0.34	3.39
normally	-0.34	2.16
rebounds	-0.34	1.75
past	-0.34	2.02
clock	-0.34	1.72
number	-0.34	2.29
court	-0.34	1.41
streaky	-0.34	1.97
2	-0.34	1.71
means	-0.34	3.13
bloods	-0.34	1.35
end	-0.34	2.07
appear	-0.34	1.74
honesty	-0.34	1.97
luckily	-0.34	1.49
see	-0.33	3.41
cutting	-0.33	1.37
celebrate	-0.33	1.37
amile	-0.33	1.18
legacy	-0.33	1.71
tom	-0.33	1.39
realized	-0.33	2.47
defeat	-0.33	1.49
created	-0.33	1.48
casual	-0.33	1.69
extremely	-0.33	1.86
thunder	-0.33	1.18
sending	-0.33	1.44
us	-0.33	3.08
eat	-0.33	1.29
criteria	-0.33	1.65
tweet	-0.33	1.79
zags	-0.33	1.28
its	-0.33	2.80
initially	-0.33	2.33
questioning	-0.33	2.96
which	-0.33	3.23
johnson	-0.33	0.98
taken	-0.33	1.86
start	-0.32	2.11
reach	-0.32	1.60
no	-0.32	2.70
trips	-0.32	1.88
huggins	-0.32	1.24
alexander	-0.32	1.12
pushing	-0.32	1.64
form	-0.32	1.30
person	-0.32	2.68
offense	-0.32	1.74
charles	-0.32	1.73
defense	-0.32	1.88
so	-0.32	3.63
biggest	-0.32	4.79
vegas	-0.32	1.45
sulaimon	-0.32	1.17
streak	-0.32	1.86
your	-0.32	2.41
last	-0.32	2.12
banned	-0.32	1.59
thousands	-0.32	1.47
cliff	-0.32	1.12
heads	-0.32	1.62
holes	-0.32	1.48
sits	-0.32	1.34
entirely	-0.31	2.19
rid	-0.31	1.47
offended	-0.31	3.11
1-seed	-0.31	1.70
barely	-0.31	1.60
humor	-0.31	1.51
themselves	-0.31	2.46
changing	-0.31	1.56
sets	-0.31	1.52
impact	-0.31	1.53
hide	-0.31	1.59
shared	-0.31	1.56
personally	-0.31	3.35
incredibly	-0.31	1.83
yourselves	-0.31	1.72
if	-0.31	3.42
assault	-0.31	1.39
mcgary	-0.31	1.02
giving	-0.31	1.69
way	-0.31	2.89
realignment	-0.31	1.54
weeks	-0.31	1.99
hawks	-0.31	1.23
shall	-0.31	1.79
hold	-0.31	2.38
cook	-0.31	1.17
deal	-0.31	2.28
includes	-0.31	1.67
tend	-0.31	1.72
sg	-0.30	1.14
cops	-0.30	1.50
still	-0.30	3.42
meaning	-0.30	1.91
touches	-0.30	1.07
5-6	-0.30	1.77
consideration	-0.30	1.37
backwards	-0.30	1.40
montrezl	-0.30	1.58
stand	-0.30	2.80
bit	-0.30	2.21
put	-0.30	2.49
entry	-0.30	1.50
somewhat	-0.30	1.85
listed	-0.30	1.62
handled	-0.30	1.72
mizzou	-0.30	1.22
probably	-0.30	3.05
largely	-0.30	2.06
ever	-0.30	4.88
sentence	-0.30	1.98
random	-0.30	1.78
card	-0.29	1.41
knees	-0.29	1.31
turning	-0.29	1.74
primarily	-0.29	1.63
later	-0.29	1.92
admitted	-0.29	1.51
highly	-0.29	1.56
majority	-0.29	2.01
jamari	-0.29	1.27
norm	-0.29	1.50
every	-0.29	3.08
changes	-0.29	1.73
organization	-0.29	1.24
bulls	-0.29	1.22
actively	-0.29	1.56
balance	-0.29	1.52
remains	-0.29	1.68
balls	-0.29	1.37
pg	-0.29	1.31
actually	-0.29	3.46
harrisons	-0.29	1.02
selfish	-0.29	1.78
them	-0.29	3.16
term	-0.29	2.04
recover	-0.28	1.90
details	-0.28	1.64
least	-0.28	2.72
putting	-0.28	1.70
turn	-0.28	2.07
views	-0.28	2.40
jayhawks	-0.28	1.14
benefit	-0.28	1.40
bragging	-0.28	1.30
hole	-0.28	1.47
myles	-0.28	1.47
smoke	-0.28	1.28
accounts	-0.28	1.46
physically	-0.28	1.54
chill	-0.28	1.96
priority	-0.28	1.43
may	-0.28	3.17
pride	-0.28	2.06
believe	-0.28	3.61
say	-0.28	3.57
series	-0.28	2.31
ahhh	-0.28	1.77
then	-0.28	3.16
wherever	-0.28	2.12
slide	-0.28	1.77
struggling	-0.28	1.77
20	-0.28	1.69
matter	-0.28	3.31
dig	-0.28	1.68
associated	-0.28	1.07
rekt	-0.28	1.75
d	-0.28	3.35
30	-0.28	1.80
include	-0.28	1.70
cleared	-0.27	1.63
independent	-0.27	1.37
straight	-0.27	1.86
goes	-0.27	1.60
egg	-0.27	1.42
should	-0.27	3.27
honestly	-0.27	3.58
devils	-0.27	1.09
riding	-0.27	1.48
population	-0.27	1.93
goals	-0.27	1.59
replays	-0.27	1.49
brand	-0.27	1.10
much	-0.27	2.59
look	-0.27	3.03
hawkins	-0.27	1.04
headed	-0.27	1.64
article	-0.27	1.77
updates	-0.27	1.40
did	-0.27	3.39
smarter	-0.27	1.70
already	-0.27	2.34
recently	-0.27	1.87
nicely	-0.27	1.93
decade	-0.27	1.84
nowhere	-0.27	1.63
behind	-0.27	1.64
yours	-0.26	1.82
seasons	-0.26	2.03
cardiac	-0.26	1.45
seem	-0.26	3.25
rep	-0.26	1.16
quicker	-0.26	1.51
mins	-0.26	1.78
buffalo	-0.26	1.22
cash	-0.26	1.41
tries	-0.26	1.63
debate	-0.26	1.72
hammered	-0.26	2.30
problems	-0.26	1.45
stays	-0.26	1.63
neck	-0.26	1.44
letting	-0.26	2.11
wells	-0.26	1.29
slump	-0.26	1.70
drew	-0.26	1.19
written	-0.26	1.60
typo	-0.26	3.28
portion	-0.26	2.65
rounds	-0.26	2.08
history	-0.26	5.19
mayor	-0.26	1.07
justice	-0.26	1.27
15	-0.26	1.70
wildcat	-0.26	1.33
longer	-0.25	1.72
selden	-0.25	1.11
grant	-0.25	1.31
clark	-0.25	1.21
cyclones	-0.25	1.25
ut	-0.25	1.18
tyus	-0.25	1.19
particularly	-0.25	1.86
nebrasketball	-0.25	1.46
words	-0.25	2.39
die	-0.25	1.24
little	-0.25	2.17
hearts	-0.25	1.37
accident	-0.25	1.45
90	-0.25	1.59
plane	-0.25	1.16
mason	-0.25	1.05
list	-0.25	2.34
dominant	-0.25	3.14
ksr	-0.25	1.61
slightly	-0.25	1.88
perceived	-0.25	1.42
8	-0.25	1.70
think	-0.25	3.54
allow	-0.24	1.90
begin	-0.24	1.47
learned	-0.24	1.72
russ	-0.24	1.47
burned	-0.24	1.57
very	-0.24	2.02
summer	-0.24	1.62
extended	-0.24	1.33
unless	-0.24	2.88
mater	-0.24	1.18
direct	-0.24	1.48
previously	-0.24	1.63
students	-0.24	1.23
period	-0.24	1.84
century	-0.24	2.25
plan	-0.24	1.57
half-court	-0.24	1.80
annoyed	-0.24	4.49
gets	-0.24	1.66
bounced	-0.24	1.87
regret	-0.24	2.03
johnny	-0.23	1.25
heel	-0.23	1.37
grabbed	-0.23	1.54
poll	-0.23	1.68
hands	-0.23	1.53
by	-0.23	2.23
statistically	-0.23	1.67
andy	-0.23	1.29
rashad	-0.23	1.35
chart	-0.23	1.46
fighting	-0.23	1.32
been	-0.23	2.19
twins	-0.23	1.02
during	-0.23	2.21
oubre	-0.23	1.14
idea	-0.23	3.40
air	-0.23	1.37
runs	-0.23	1.57
emotions	-0.23	1.24
1-3	-0.23	1.48
defenses	-0.23	1.56
twitter	-0.23	1.51
camera	-0.23	1.44
tour	-0.23	1.42
aww	-0.22	1.59
left	-0.22	2.21
craft	-0.22	3.93
dominate	-0.22	1.57
expect	-0.22	3.33
chest	-0.22	1.56
letter	-0.22	1.96
abuse	-0.22	1.49
bummer	-0.22	1.89
stay	-0.22	2.22
stick	-0.22	1.93
meltdown	-0.22	1.59
profit	-0.22	1.39
result	-0.22	1.55
would	-0.22	3.16
pan	-0.22	2.42
rape	-0.22	1.40
offensively	-0.22	2.07
genuinely	-0.22	2.41
smack	-0.22	1.60
fix	-0.22	2.14
profile	-0.22	1.41
cheering	-0.22	2.12
police	-0.22	1.36
wikipedia	-0.22	1.74
results	-0.22	1.67
hurting	-0.22	1.55
maybe	-0.22	3.41
send	-0.21	1.60
issue	-0.21	1.96
reserved	-0.21	1.38
wall	-0.21	1.04
perry	-0.21	1.09
arrested	-0.21	1.56
heh	-0.21	2.10
2.5	-0.21	1.50
stepping	-0.21	1.56
nights	-0.21	1.60
know	-0.21	3.54
tarik	-0.21	1.54
panthers	-0.21	1.40
fucks	-0.21	1.31
candidate	-0.21	1.63
meanwhile	-0.21	1.61
buckeye	-0.21	1.64
refer	-0.21	1.28
understandable	-0.21	2.22
whole	-0.21	3.08
lose	-0.21	2.79
fairly	-0.21	1.90
graphic	-0.21	1.43
buddies	-0.21	1.78
peace	-0.21	1.35
three	-0.21	1.66
price	-0.21	1.45
spread	-0.21	1.55
give	-0.21	2.27
hip	-0.20	1.32
month	-0.20	2.05
aau	-0.20	1.41
disparity	-0.20	1.49
surprise	-0.20	3.03
came	-0.20	1.89
heard	-0.20	2.49
doubt	-0.20	3.13
sole	-0.20	3.98
away	-0.20	1.87
happened	-0.20	2.51
healthy	-0.20	1.50
strongest	-0.20	5.54
nor	-0.20	2.06
even	-0.20	3.46
own	-0.20	2.07
mr	-0.20	1.48
hours	-0.20	1.87
feet	-0.20	1.52
edge	-0.20	1.38
continues	-0.20	1.62
adjust	-0.20	1.61
mighty	-0.20	1.82
famous	-0.20	1.42
considering	-0.20	1.91
policy	-0.20	1.52
crash	-0.20	1.35
titles	-0.20	1.97
sent	-0.20	1.43
four	-0.20	1.68
haith	-0.20	1.24
turner	-0.19	1.21
screens	-0.19	1.44
occurred	-0.19	1.54
take	-0.19	2.61
instantly	-0.19	1.70
process	-0.19	1.49
per	-0.19	1.77
blood	-0.19	1.29
fail	-0.19	1.67
frankamp	-0.19	1.14
prep	-0.19	1.45
disrespect	-0.19	1.59
su	-0.19	1.23
boards	-0.19	1.53
before	-0.19	2.17
overcome	-0.19	1.65
strongly	-0.19	1.91
load	-0.19	1.34
hardly	-0.19	1.97
instead	-0.19	1.68
match-up	-0.19	1.35
instance	-0.19	1.16
day	-0.19	2.30
era	-0.19	1.45
headline	-0.19	1.84
perform	-0.19	1.60
coaches	-0.19	1.50
1-2	-0.19	1.58
200	-0.19	1.47
work	-0.19	2.87
mattered	-0.19	1.77
steve	-0.19	1.19
health	-0.19	1.41
pack	-0.18	1.36
might	-0.18	3.28
realistically	-0.18	2.35
knowledge	-0.18	1.51
according	-0.18	1.30
incorrect	-0.18	4.31
another	-0.18	2.53
jr	-0.18	1.14
asking	-0.18	3.51
quinn	-0.18	1.19
sell	-0.18	1.48
ratio	-0.18	1.41
source	-0.18	1.34
opposing	-0.18	1.64
down	-0.18	2.04
trap	-0.18	1.39
ridley	-0.18	1.50
gotten	-0.18	1.89
willingham	-0.18	1.45
fly	-0.18	1.43
ou	-0.18	1.38
write	-0.18	1.92
kicking	-0.18	1.46
show	-0.18	2.21
copy	-0.18	1.59
additional	-0.18	1.51
griii	-0.18	1.13
determined	-0.18	1.68
weakest	-0.18	5.36
denied	-0.18	1.41
answers	-0.18	2.11
irvin	-0.18	1.06
kirk	-0.18	1.13
forces	-0.18	1.45
beauty	-0.18	2.77
isu	-0.17	1.24
help	-0.17	2.88
mentality	-0.17	1.36
imagine	-0.17	3.33
cost	-0.17	1.51
inferior	-0.17	1.65
purely	-0.17	1.64
josh	-0.17	1.10
nu	-0.17	1.15
becomes	-0.17	1.61
wondered	-0.17	1.83
resources	-0.17	1.39
above	-0.17	1.74
fours	-0.17	1.90
twice	-0.17	1.81
through	-0.17	1.66
score	-0.17	2.29
back	-0.17	2.66
hour	-0.17	1.69
irrelevant	-0.17	1.92
either	-0.17	3.44
arrived	-0.17	1.36
mitch	-0.17	1.06
recruitment	-0.17	1.39
manner	-0.17	1.66
rhj	-0.17	1.23
sales	-0.17	1.32
hopes	-0.16	1.61
fully	-0.16	2.46
sleep	-0.16	2.67
scout	-0.16	1.34
lasted	-0.16	1.62
opportunities	-0.16	1.60
bilas	-0.16	1.20
previous	-0.16	2.08
older	-0.16	1.36
into	-0.16	1.77
teammates	-0.16	1.31
feel	-0.16	3.27
pit	-0.16	1.27
anya	-0.16	1.27
in-game	-0.16	2.13
request	-0.16	1.45
columbia	-0.16	1.45
wasnt	-0.16	2.26
groups	-0.16	1.50
brain	-0.16	1.83
wind	-0.16	1.44
information	-0.16	1.57
quite	-0.16	2.47
developed	-0.16	1.23
settle	-0.16	1.68
adam	-0.16	1.00
shits	-0.16	1.47
ten	-0.16	1.73
page	-0.16	1.59
once	-0.16	2.40
missouri	-0.16	1.19
pulled	-0.16	1.45
phil	-0.16	1.12
added	-0.16	2.11
kept	-0.15	1.76
insulting	-0.15	2.52
when	-0.15	3.04
seriously	-0.15	2.86
tad	-0.15	1.60
personal	-0.15	1.53
13	-0.15	1.65
spell	-0.15	2.46
foster	-0.15	1.24
gus	-0.15	1.03
vandy	-0.15	1.31
must	-0.15	2.41
note	-0.15	1.81
holmes	-0.15	1.45
peak	-0.15	1.54
heavily	-0.15	1.55
difference	-0.15	1.87
gives	-0.15	1.30
judging	-0.15	1.66
especially	-0.15	1.80
wut	-0.14	1.58
focus	-0.14	1.66
austin	-0.14	1.07
broke	-0.14	1.35
levert	-0.14	1.00
foot	-0.14	1.40
nike	-0.14	1.42
pays	-0.14	1.45
lucas	-0.14	1.11
reporting	-0.14	1.39
wright	-0.14	1.35
willie	-0.14	1.17
trade	-0.14	1.51
homer	-0.14	2.25
bone	-0.14	1.35
fade	-0.14	1.74
lost	-0.14	1.86
exact	-0.14	1.72
thornton	-0.14	1.25
okafor	-0.14	1.12
desperately	-0.14	1.58
come	-0.14	2.52
complete	-0.14	1.90
extend	-0.14	1.61
chance	-0.14	2.70
buy	-0.14	1.64
child	-0.14	1.36
17	-0.14	1.66
accomplishments	-0.14	1.82
biased	-0.14	4.06
question	-0.14	2.92
gross	-0.14	1.55
block	-0.13	2.04
pull	-0.13	1.98
sound	-0.13	1.97
phrase	-0.13	1.93
or	-0.13	2.88
dropped	-0.13	1.66
texas	-0.13	1.26
okie	-0.13	1.23
questions	-0.13	2.69
njit	-0.13	1.59
locked	-0.13	1.37
account	-0.13	1.64
watches	-0.13	1.87
irony	-0.13	2.52
remember	-0.13	2.45
beginning	-0.13	2.12
body	-0.13	1.60
space	-0.13	1.46
bold	-0.13	1.64
99	-0.13	1.38
signs	-0.13	1.33
guilty	-0.13	1.58
landed	-0.13	1.34
belong	-0.13	2.12
boo	-0.13	1.15
crowds	-0.13	1.61
reached	-0.13	1.55
lsu	-0.13	1.27
cj	-0.13	1.58
himself	-0.13	2.15
vastly	-0.13	1.64
trevor	-0.13	1.30
wvu	-0.13	1.16
considered	-0.13	1.60
reflect	-0.13	1.61
programs	-0.13	2.16
pulls	-0.13	1.24
fame	-0.13	1.37
got	-0.12	2.78
awhile	-0.12	1.89
drop	-0.12	2.01
front	-0.12	1.44
usual	-0.12	1.66
flight	-0.12	1.40
occasionally	-0.12	1.42
problem	-0.12	2.31
connection	-0.12	1.42
85	-0.12	1.44
hunter	-0.12	1.18
bout	-0.12	2.21
celtics	-0.12	1.08
ncaat	-0.12	1.91
bc	-0.12	1.48
ours	-0.12	1.85
active	-0.12	1.44
osu	-0.12	1.25
rings	-0.12	1.44
toss	-0.12	1.37
ve	-0.12	2.50
gladly	-0.11	1.73
ultimately	-0.11	1.89
clue	-0.11	2.82
pf	-0.11	1.12
pump	-0.11	1.73
embiid	-0.11	1.11
screaming	-0.11	1.26
tharpe	-0.11	1.11
mouth	-0.11	1.47
pain	-0.11	1.37
speech	-0.11	1.40
fell	-0.11	1.39
sections	-0.11	1.37
updated	-0.11	1.55
similarly	-0.11	1.24
faced	-0.11	2.66
ames	-0.11	1.05
husky	-0.11	1.35
yet	-0.11	2.47
want	-0.11	3.24
18	-0.11	1.63
utes	-0.11	1.64
rules	-0.11	1.66
cup	-0.11	1.39
steps	-0.11	1.41
eku	-0.11	1.40
thompson	-0.11	1.37
rondae	-0.11	1.07
recognized	-0.11	1.07
ah	-0.11	3.38
points	-0.10	1.81
name	-0.10	1.90
alright	-0.10	2.83
ftfy	-0.10	1.42
tattoo	-0.10	1.54
dominance	-0.10	1.73
preferred	-0.10	1.42
country	-0.10	5.83
pete	-0.10	1.21
appearances	-0.10	1.83
announcement	-0.10	1.49
robert	-0.10	1.32
yay	-0.10	2.07
ran	-0.10	1.47
kane	-0.10	1.16
picture	-0.10	1.75
9	-0.10	1.64
improve	-0.10	1.78
along	-0.10	1.91
enough	-0.10	3.03
roughly	-0.10	1.75
retires	-0.10	1.29
cards	-0.10	1.33
set	-0.10	1.78
checked	-0.10	1.26
commentary	-0.10	1.33
support	-0.10	1.55
iii	-0.10	1.11
ourselves	-0.10	2.24
uhhh	-0.10	1.90
ejim	-0.10	1.18
bob	-0.09	1.08
hoosier	-0.09	1.43
extent	-0.09	1.67
position	-0.09	1.52
gr3	-0.09	1.18
deandre	-0.09	1.16
sometimes	-0.09	2.16
safety	-0.09	1.90
play	-0.09	2.55
likelihood	-0.09	1.55
rows	-0.09	1.46
distance	-0.09	1.47
averaging	-0.09	1.80
won	-0.09	1.93
unrelated	-0.09	2.00
costs	-0.09	1.47
pregame	-0.09	1.33
deficit	-0.09	1.85
zone	-0.09	1.47
heading	-0.09	1.56
opened	-0.09	1.63
smith	-0.09	1.13
ass	-0.09	1.60
benefits	-0.09	1.46
penalty	-0.09	1.47
dc	-0.09	1.07
statistic	-0.09	1.77
trend	-0.08	1.59
hoped	-0.08	2.65
andre	-0.08	1.16
80	-0.08	1.57
destroy	-0.08	1.71
fall	-0.08	1.76
limit	-0.08	1.50
21	-0.08	1.63
caught	-0.08	1.37
duke	-0.08	1.28
sleeping	-0.08	1.66
purpose	-0.08	1.74
14	-0.08	1.63
til	-0.08	1.60
ranks	-0.08	1.72
frame	-0.08	1.36
fsu	-0.08	1.14
sorta	-0.08	1.62
week	-0.08	1.88
11	-0.08	1.63
pounds	-0.08	1.63
egwu	-0.08	1.35
finger	-0.08	1.33
mudiay	-0.08	1.30
asked	-0.08	1.84
next	-0.08	2.25
unbiased	-0.08	2.25
media	-0.08	1.30
defending	-0.08	1.77
eyes	-0.08	1.60
showing	-0.08	1.49
sunday	-0.08	1.77
brandon	-0.07	1.08
children	-0.07	1.39
hi	-0.07	1.68
setup	-0.07	1.53
ny	-0.07	1.04
koenig	-0.07	1.16
rim	-0.07	1.72
given	-0.07	1.50
final	-0.07	1.71
attention	-0.07	1.32
derrick	-0.07	1.04
couch	-0.07	1.45
usually	-0.07	2.03
landing	-0.07	1.40
losing	-0.07	1.69
covered	-0.07	1.36
lack	-0.07	1.79
immediate	-0.07	1.40
song	-0.07	1.30
dropping	-0.07	1.55
f	-0.07	1.18
via	-0.07	1.49
locker	-0.07	1.46
blind	-0.07	1.62
19	-0.07	1.61
scene	-0.07	1.24
insult	-0.07	1.88
09	-0.07	1.59
also	-0.07	2.88
switching	-0.06	1.49
read	-0.06	2.14
40	-0.06	1.68
tigers	-0.06	1.26
tickets	-0.06	1.39
facing	-0.06	1.56
deals	-0.06	1.45
weed	-0.06	1.35
tournaments	-0.06	1.88
closest	-0.06	5.04
yikes	-0.06	1.49
legs	-0.06	1.48
gottfried	-0.06	1.46
fab	-0.06	1.21
apologize	-0.06	2.81
mass	-0.06	1.36
snow	-0.06	1.43
recruited	-0.06	1.41
again	-0.06	3.12
flaws	-0.06	1.65
cronin	-0.06	1.26
victory	-0.06	1.57
offseason	-0.06	1.64
predicting	-0.06	1.81
liked	-0.06	3.97
matches	-0.06	1.38
alabama	-0.06	1.30
effectively	-0.06	1.51
slowly	-0.06	1.55
breaks	-0.06	1.52
tcu	-0.06	1.36
decades	-0.06	2.31
thousand	-0.06	1.58
running	-0.06	1.68
expand	-0.06	1.97
wanted	-0.06	2.76
lines	-0.06	1.30
odd	-0.05	3.44
national	-0.05	1.68
uva	-0.05	1.11
drastically	-0.05	1.71
theirs	-0.05	1.52
comes	-0.05	1.55
lame	-0.05	2.55
momentum	-0.05	1.38
trip	-0.05	1.47
addition	-0.05	1.23
ncaas	-0.05	1.58
albeit	-0.05	1.79
auburn	-0.05	1.25
response	-0.05	2.71
season	-0.05	2.61
impression	-0.05	1.40
spend	-0.05	1.53
return	-0.05	1.60
teague	-0.05	1.10
bama	-0.05	1.31
underdogs	-0.05	1.54
site	-0.05	1.58
22	-0.05	1.61
hahaha	-0.05	1.85
08	-0.05	1.34
digit	-0.05	1.82
advantage	-0.05	1.57
could	-0.05	3.10
reason	-0.05	2.61
succeed	-0.05	1.67
fucker	-0.05	1.69
digits	-0.05	1.90
championships	-0.05	1.93
knock	-0.05	1.76
unm	-0.05	1.24
gim	-0.05	1.32
arent	-0.04	1.84
feeding	-0.04	1.54
lead	-0.04	1.96
bubble	-0.04	1.81
dones	-0.04	1.42
whenever	-0.04	1.67
lied	-0.04	1.79
took	-0.04	1.86
scheduled	-0.04	2.81
eliminated	-0.04	1.56
flashes	-0.04	1.51
offensive	-0.04	1.85
ideas	-0.04	1.85
bite	-0.04	1.97
historically	-0.04	1.78
post-game	-0.04	1.72
arkansas	-0.04	1.31
english	-0.04	1.74
smoking	-0.04	1.41
victim	-0.04	1.41
force	-0.04	1.53
baylor	-0.04	1.29
500	-0.04	1.71
slight	-0.04	1.63
hail	-0.04	1.28
davis	-0.04	1.06
she	-0.04	1.65
target	-0.04	1.52
cuz	-0.04	2.07
stayed	-0.04	1.59
mentions	-0.04	1.54
accepted	-0.04	1.47
horford	-0.04	1.08
sense	-0.04	2.95
wreck	-0.04	1.37
mine	-0.03	2.07
sit	-0.03	1.52
david	-0.03	1.14
began	-0.03	1.57
walk	-0.03	1.48
wait	-0.03	2.83
1/2	-0.03	1.56
tim	-0.03	0.99
chip	-0.03	1.56
cop	-0.03	1.37
ticket	-0.03	1.38
28	-0.03	1.66
announced	-0.03	1.74
12	-0.03	1.73
rick	-0.03	1.11
ra	-0.03	1.29
land	-0.03	1.27
gain	-0.03	1.58
harrow	-0.03	1.20
pretty	-0.03	2.31
hurt	-0.03	1.49
package	-0.03	1.40
finals	-0.03	1.60
games	-0.03	2.39
positions	-0.03	1.51
matta	-0.03	1.10
relationship	-0.03	1.22
marble	-0.03	1.28
specifically	-0.03	2.13
agent	-0.03	1.54
market	-0.03	1.28
coming	-0.03	2.04
5-10	-0.03	1.66
murder	-0.03	1.34
clip	-0.03	1.49
gabe	-0.03	1.19
23	-0.03	1.60
williams	-0.03	1.04
27	-0.02	1.67
courts	-0.02	2.07
g	-0.02	1.28
runner	-0.02	1.59
rolled	-0.02	1.48
derek	-0.02	1.32
translate	-0.02	2.33
randle	-0.02	1.06
analogy	-0.02	1.83
turned	-0.02	1.62
krzyzewski	-0.02	1.12
tourny	-0.02	1.77
kobe	-0.02	1.14
robinson	-0.02	1.02
handling	-0.02	2.01
movie	-0.02	1.42
since	-0.02	1.84
reactions	-0.02	1.48
vanderbilt	-0.02	1.30
growing	-0.02	1.24
patrick	-0.02	0.85
determine	-0.02	1.67
extra	-0.02	1.62
scale	-0.02	1.52
16	-0.02	1.81
up	-0.02	2.57
row	-0.02	1.86
relatively	-0.02	1.98
affect	-0.02	1.76
unexpected	-0.01	1.97
eight	-0.01	1.73
buying	-0.01	1.92
title	-0.01	1.81
prepare	-0.01	1.37
georgia	-0.01	1.27
98	-0.01	1.45
hawaii	-0.01	1.46
patterson	-0.01	1.16
24	-0.01	1.60
human	-0.01	1.54
flying	-0.01	1.36
agreement	-0.01	1.85
terrific	-0.01	3.50
whom	-0.01	1.52
traylor	-0.01	1.13
gym	-0.01	1.36
theory	-0.01	1.51
pts	-0.01	1.71
food	-0.01	1.28
celebration	-0.01	1.28
welcome	-0.01	1.80
automatically	-0.01	1.71
crushed	-0.01	1.37
championship	-0.01	1.72
flag	-0.01	1.32
rolling	-0.01	1.50
blog	-0.01	1.49
tennessee	-0.01	1.28
p	-0.01	2.11
spoken	-0.01	1.46
georges	-0.01	1.23
burning	-0.01	1.36
powerhouse	-0.01	1.60
cal	-0.01	1.22
wonder	-0.01	3.40
under	-0.01	1.34
manage	-0.01	2.30
yall	-0.01	2.67
kids	-0.00	1.64
props	-0.00	1.28
alford	-0.00	1.29
mkg	-0.00	1.10
ennis	-0.00	1.36
petteway	-0.00	1.14
backed	-0.00	1.65
evans	-0.00	1.29
financial	-0.00	1.46
closed	-0.00	1.45
legitimately	-0.00	2.68
defensive	-0.00	1.88
staying	-0.00	1.83
spike	-0.00	1.04
matchups	-0.00	2.68
faster	-0.00	1.55
kaminsky	-0.00	1.18
hawk	0.00	1.34
toledo	0.00	1.19
company	0.00	1.43
fight	0.00	1.66
c	0.00	1.32
guarding	0.00	1.49
idk	0.00	3.06
remaining	0.00	3.33
cry	0.00	4.65
corner	0.00	1.43
60	0.00	1.59
muscle	0.00	1.47
arguably	0.00	5.10
postseason	0.00	1.61
dont	0.00	3.07
severely	0.00	1.56
colleges	0.00	1.60
tune	0.00	1.24
champs	0.01	1.63
location	0.01	2.34
upper	0.01	1.42
bell	0.01	1.36
rock	0.01	1.25
audio	0.01	1.30
matt	0.01	1.23
scouting	0.01	1.62
walking	0.01	1.32
point	0.01	2.73
puts	0.01	1.33
frontcourt	0.01	1.34
ap	0.01	1.73
extreme	0.01	1.40
soul	0.01	1.33
yo	0.01	1.85
vast	0.01	2.08
victor	0.01	1.21
polson	0.01	1.23
notable	0.01	1.89
2012	0.01	1.61
than	0.01	1.93
greatest	0.01	5.14
zona	0.01	1.36
nc	0.01	1.21
beat	0.01	1.69
mcadoo	0.01	1.27
mcconnell	0.01	1.17
pot	0.01	1.36
brothers	0.01	1.29
nature	0.01	1.48
billy	0.01	1.17
tournament	0.01	1.76
mediocrity	0.01	1.45
timing	0.02	1.68
bear	0.02	1.44
brogdon	0.02	1.21
hello	0.02	1.65
<SPECIAL>	0.02	1.25
<URL>	0.02	1.25
fisher	0.02	1.35
elite	0.02	1.71
run	0.02	1.71
65	0.02	1.60
correctly	0.02	4.85
wku	0.02	1.56
institution	0.02	1.43
game	0.02	2.58
surprising	0.02	3.60
fixed	0.02	3.02
whats	0.02	1.90
pizza	0.02	1.25
statistics	0.02	1.70
learn	0.02	2.04
sixteen	0.02	1.69
nation	0.02	5.81
turgeon	0.02	1.39
ups	0.02	1.40
sticks	0.02	1.55
describe	0.02	2.30
cu	0.02	1.21
brice	0.02	1.30
honorable	0.02	1.45
data	0.02	1.50
clemson	0.02	1.16
daily	0.02	1.53
perrantes	0.02	1.27
bradley	0.02	1.21
off-season	0.02	1.51
cars	0.02	1.35
threw	0.03	1.59
over	0.03	1.62
somewhere	0.03	1.75
perspective	0.03	1.83
miller	0.03	1.08
whereas	0.03	1.47
ff	0.03	1.64
jabari	0.03	1.26
begins	0.03	1.80
thoughts	0.03	1.75
strengths	0.03	1.77
anywhere	0.03	2.32
attendance	0.03	1.59
boeheim	0.03	1.09
boom	0.03	1.31
parker	0.03	1.26
banner	0.03	1.53
31	0.03	1.67
whichever	0.03	1.41
sneak	0.03	2.23
hoiberg	0.03	1.11
3/4	0.03	1.58
members	0.03	1.39
melvin	0.03	1.21
liability	0.03	1.58
tar	0.03	1.22
fit	0.03	1.77
led	0.03	1.69
gas	0.03	1.45
weakness	0.03	2.04
choked	0.03	1.46
tenn	0.03	1.30
sean	0.03	1.28
champ	0.03	1.61
gay	0.03	1.03
miami	0.03	1.18
wake	0.03	1.17
300	0.03	1.84
pj	0.03	1.19
tuition	0.03	1.41
1	0.03	1.89
34	0.03	1.65
section	0.03	1.39
bledsoe	0.03	1.11
thad	0.04	1.14
regular	0.04	1.96
favorable	0.04	2.26
wise	0.04	1.56
xii	0.04	1.64
dog	0.04	1.43
monday	0.04	1.80
bench	0.04	1.33
depends	0.04	1.79
companies	0.04	1.25
depend	0.04	1.86
after	0.04	2.00
denying	0.04	2.71
gained	0.04	1.47
sweet	0.04	1.73
visiting	0.04	1.54
inches	0.04	1.57
stats	0.04	1.70
spots	0.04	1.94
surely	0.04	2.40
buckeyes	0.04	1.36
seating	0.04	1.37
rank	0.04	1.82
between	0.04	1.73
matters	0.04	2.30
lamb	0.04	1.11
florida	0.04	1.42
angle	0.04	1.71
mississippi	0.04	1.34
parties	0.05	1.46
drops	0.05	1.43
commercial	0.05	1.65
arizona	0.05	1.38
loses	0.05	1.61
afternoon	0.05	1.75
merit	0.05	1.40
maryland	0.05	1.17
without	0.05	1.94
chris	0.05	1.19
loud	0.05	1.44
29	0.05	1.66
champion	0.05	1.59
choosing	0.05	1.87
effect	0.05	1.67
super	0.05	2.02
shape	0.05	1.56
nit	0.05	1.69
niang	0.05	1.25
bid	0.05	1.56
system	0.05	1.35
weight	0.05	1.45
forest	0.05	1.20
increased	0.05	1.40
45	0.05	1.66
analysis	0.05	1.68
region	0.05	3.63
cousins	0.05	1.10
sources	0.05	1.48
aka	0.05	1.31
wyoming	0.05	1.33
averages	0.05	1.68
spending	0.05	1.44
aint	0.05	2.23
california	0.05	1.30
gave	0.06	1.76
wes	0.06	1.31
hence	0.06	1.69
itself	0.06	1.68
counter	0.06	2.49
confusion	0.06	1.52
increase	0.06	1.56
frank	0.06	1.17
figures	0.06	1.54
combined	0.06	2.11
averaged	0.06	1.76
analysts	0.06	1.30
wo	0.06	3.15
goat	0.06	1.34
tempo	0.06	1.65
honor	0.06	1.46
inability	0.06	1.59
toughest	0.06	5.39
category	0.06	1.84
fish	0.06	1.49
pic	0.06	1.44
ugh	0.06	1.51
okst	0.06	1.23
emotion	0.06	1.63
halftime	0.06	1.69
brian	0.06	1.17
1000	0.06	1.47
usc	0.06	1.24
unlv	0.06	1.34
tank	0.06	1.35
ua	0.06	1.13
min	0.06	1.94
adding	0.06	1.49
method	0.06	1.66
hardest	0.06	5.14
shaka	0.06	1.12
backs	0.06	1.35
apr	0.06	1.45
until	0.07	2.15
ill	0.07	2.25
delicious	0.07	1.47
responsibility	0.07	1.57
kim	0.07	1.22
circumstances	0.07	1.63
room	0.07	1.44
wooden	0.07	1.37
basis	0.07	1.95
upset	0.07	2.38
noel	0.07	1.17
brother	0.07	1.38
90s	0.07	1.60
cancelled	0.07	1.62
75	0.07	1.60
cooney	0.07	1.46
union	0.07	1.34
announce	0.07	1.38
lbs	0.07	1.48
oregon	0.07	1.27
compete	0.07	1.75
replacement	0.07	1.47
leaves	0.07	1.33
u	0.07	2.08
setting	0.07	1.36
heart	0.07	1.23
aztecs	0.07	1.35
victories	0.07	2.34
scored	0.07	1.80
e8	0.07	1.62
alcohol	0.07	1.37
golden	0.07	1.28
probability	0.07	1.58
empty	0.07	1.38
resumes	0.07	1.71
daniels	0.08	1.13
bids	0.08	1.68
guarantee	0.08	2.17
station	0.08	1.37
wiggins	0.08	1.32
roy	0.08	1.16
uga	0.08	1.32
im	0.08	3.15
essentially	0.08	1.89
champions	0.08	1.56
car	0.08	1.34
tech	0.08	1.24
bucks	0.08	1.54
kansas	0.08	1.44
cuse	0.08	1.33
pre-season	0.08	1.57
mcdonald	0.08	1.34
sooner	0.08	1.62
bus	0.08	1.26
oklahoma	0.08	1.32
year	0.08	2.57
woke	0.08	1.73
filled	0.08	1.57
mix	0.08	1.39
100	0.08	1.72
long	0.08	2.00
spelling	0.08	3.24
santa	0.08	1.26
wisky	0.08	1.28
retire	0.08	1.46
morning	0.08	1.81
plays	0.08	1.43
heels	0.08	1.24
kudos	0.08	1.69
afford	0.08	2.11
defeated	0.08	1.54
95	0.08	1.94
hope	0.08	3.24
painful	0.08	3.15
warren	0.08	1.44
50	0.08	1.71
1.5	0.08	1.50
anderson	0.08	1.15
washington	0.08	1.28
drugs	0.09	1.40
25	0.09	1.85
bo	0.09	1.11
joseph	0.09	1.24
bears	0.09	1.52
winner	0.09	1.58
barring	0.09	1.70
staten	0.09	1.22
at-large	0.09	1.67
night	0.09	1.77
dickie	0.09	1.77
versus	0.09	1.58
conclusion	0.09	1.71
sparty	0.09	1.42
durant	0.09	1.40
anthony	0.09	1.11
bourbon	0.09	1.42
overly	0.09	2.79
underdog	0.09	1.34
win	0.09	2.41
reality	0.09	1.69
drink	0.09	1.28
assists	0.09	1.80
attack	0.09	1.45
reference	0.09	1.50
msu	0.09	1.34
bitches	0.09	1.55
tourney	0.09	1.68
eric	0.09	1.15
writers	0.09	1.39
compared	0.09	1.64
tradition	0.09	1.97
trophy	0.09	1.38
serious	0.09	1.75
boise	0.09	1.28
btn	0.09	1.37
friday	0.09	1.82
rankings	0.10	1.71
wade	0.10	1.31
1-4	0.10	2.67
roles	0.10	1.55
growth	0.10	1.37
nigel	0.10	1.30
move	0.10	1.66
serve	0.10	1.34
explaining	0.10	2.64
standards	0.10	1.53
tuesday	0.10	1.81
exception	0.10	1.31
seat	0.10	1.39
annual	0.10	2.00
mary	0.10	1.26
percentages	0.10	1.72
combination	0.10	1.33
wins	0.10	2.37
traditional	0.10	1.17
b10	0.10	1.64
strike	0.10	1.57
his	0.10	1.66
gameday	0.10	2.00
member	0.10	1.29
tv	0.10	1.39
calhoun	0.10	1.11
rumors	0.10	1.48
wv	0.10	1.12
though	0.10	3.17
elsewhere	0.10	1.83
fill	0.10	1.41
pep	0.10	1.55
ballot	0.10	1.61
bay	0.10	1.28
dogs	0.10	1.54
happens	0.10	2.38
self	0.10	1.18
70	0.10	1.61
ducks	0.10	1.41
step	0.10	1.58
continue	0.10	2.09
26	0.10	1.68
continued	0.10	1.33
33	0.10	1.67
holding	0.10	1.55
drove	0.10	1.34
unranked	0.10	1.92
tubby	0.10	1.21
skins	0.10	1.47
use	0.10	1.86
kennedy	0.11	1.25
ga	0.11	1.31
outright	0.11	1.74
going	0.11	3.60
gif	0.11	1.52
admission	0.11	1.36
35	0.11	1.64
wednesday	0.11	1.83
ring	0.11	1.36
announcing	0.11	1.65
roommate	0.11	1.47
universities	0.11	1.51
wing	0.11	1.37
compare	0.11	2.19
counting	0.11	2.87
maui	0.11	1.43
jim	0.11	1.10
banners	0.11	1.55
recovery	0.11	1.37
fwiw	0.11	1.54
regulation	0.11	1.84
seats	0.11	1.40
louisiana	0.11	1.27
blocks	0.11	1.63
sec	0.11	1.64
acc	0.11	1.72
sweat	0.11	1.33
conf	0.11	2.33
significantly	0.11	1.80
boy	0.11	1.99
archie	0.11	1.24
julius	0.11	1.07
dunked	0.11	2.19
illegal	0.11	1.65
farther	0.11	1.98
choice	0.11	2.15
akil	0.11	1.35
juwan	0.11	1.41
losses	0.11	2.36
involving	0.11	1.55
happen	0.11	3.15
beilein	0.11	1.11
street	0.12	1.33
transferring	0.12	1.38
expected	0.12	2.72
39	0.12	1.63
warm	0.12	1.46
reports	0.12	1.88
located	0.12	1.07
ryan	0.12	1.10
opposite	0.12	2.03
sudden	0.12	1.44
now	0.12	3.26
pop	0.12	1.30
bringing	0.12	1.53
duquesne	0.12	1.45
signing	0.12	1.52
38	0.12	1.60
y'all	0.12	2.89
john	0.12	1.11
seeds	0.12	2.14
office	0.12	1.37
flawed	0.12	1.85
middle	0.12	1.64
margin	0.12	1.82
unc	0.12	1.32
joel	0.12	1.17
hung	0.12	1.26
accomplished	0.12	1.35
helps	0.12	1.76
approach	0.12	1.39
spring	0.12	1.63
used	0.12	2.05
shake	0.12	1.28
sat	0.12	1.48
weaknesses	0.12	1.98
noise	0.12	1.39
2000	0.12	1.68
property	0.12	1.52
has	0.12	1.98
rating	0.12	1.66
indeed	0.12	1.86
owns	0.12	1.70
natural	0.12	1.54
depth	0.13	1.37
till	0.13	2.00
rise	0.13	1.55
held	0.13	1.61
utah	0.13	1.31
argument	0.13	2.82
sprint	0.13	1.35
tweets	0.13	1.30
northwestern	0.13	1.25
r	0.13	1.79
eating	0.13	1.31
bitter	0.13	4.88
psu	0.13	1.24
tier	0.13	1.66
fg	0.13	1.80
paul	0.13	1.16
positive	0.13	2.60
leaning	0.13	2.43
espn3	0.13	1.51
having	0.13	1.94
coleman	0.13	1.26
pitino	0.13	1.14
purdue	0.13	1.24
requirements	0.13	1.50
consensus	0.13	1.61
mid-majors	0.13	1.48
lie	0.13	3.05
tosu	0.13	1.22
grow	0.13	1.51
byu	0.13	1.38
saved	0.13	1.17
certain	0.13	1.94
sdsu	0.13	1.33
hawkeyes	0.13	1.50
thursday	0.13	1.87
43	0.13	1.54
systems	0.13	1.54
meeks	0.13	1.21
ruin	0.13	1.73
rate	0.13	1.59
murray	0.13	1.26
plz	0.13	1.54
thames	0.14	1.26
utep	0.14	1.49
seth	0.14	1.02
colorado	0.14	1.29
adjusted	0.14	2.42
tj	0.14	1.26
ken	0.14	1.38
bet	0.14	2.60
recommend	0.14	1.48
terps	0.14	1.23
ucla	0.14	1.27
pt	0.14	1.77
paige	0.14	1.19
carolina	0.14	1.32
party	0.14	1.49
davidson	0.14	1.21
numbers	0.14	1.75
wiscy	0.14	1.29
defensively	0.14	1.88
beaten	0.14	2.10
sampson	0.14	1.29
scandal	0.14	1.45
illinois	0.14	1.24
bcs	0.14	1.72
uab	0.14	1.38
1990	0.14	1.62
polls	0.14	1.64
double	0.14	1.79
complaint	0.14	1.69
service	0.14	1.39
44	0.14	1.61
all-americans	0.14	1.58
smh	0.14	1.83
necessary	0.14	1.78
minus	0.14	1.34
half	0.14	2.72
beyond	0.14	1.79
tomorrow	0.14	1.94
injured	0.14	1.36
dammit	0.14	2.04
k	0.14	1.15
ps	0.14	1.67
webber	0.14	1.49
darius	0.14	1.19
son	0.14	1.40
whoever	0.14	1.75
condition	0.15	1.42
date	0.15	1.71
amp	0.15	1.53
yup	0.15	2.63
noticed	0.15	2.12
penn	0.15	1.24
howard	0.15	1.14
conditioning	0.15	1.51
current	0.15	2.26
forced	0.15	1.84
randomly	0.15	1.46
ucf	0.15	1.34
meeting	0.15	1.70
falling	0.15	1.66
keeping	0.15	1.74
vitale	0.15	1.83
moment	0.15	2.55
hoos	0.15	1.52
rutgers	0.15	1.15
cavs	0.15	1.19
alma	0.15	1.29
preseason	0.15	1.69
whatsoever	0.15	1.76
antonio	0.15	1.99
donovan	0.15	1.12
caris	0.15	1.12
barn	0.15	1.27
falls	0.15	1.32
ppg	0.15	1.70
relax	0.15	2.10
thomas	0.15	1.25
motivation	0.15	1.66
staff	0.15	1.70
1999	0.15	1.67
perennial	0.15	1.64
slip	0.15	1.85
access	0.15	1.67
released	0.16	1.65
m	0.16	3.49
espnu	0.16	1.25
b12	0.16	1.65
roads	0.16	1.42
sold	0.16	1.36
success	0.16	1.75
cousin	0.16	1.28
b1g	0.16	1.60
richardson	0.16	1.13
winners	0.16	1.58
american	0.16	1.45
martin	0.16	1.25
investigation	0.16	1.46
jam	0.16	1.61
pm	0.16	1.50
fashion	0.16	2.02
pitt	0.16	1.18
efficiency	0.16	1.70
bought	0.16	1.30
yeah	0.16	3.35
visit	0.16	1.35
walton	0.16	1.10
vertical	0.16	1.45
louisville	0.16	1.39
beers	0.16	1.30
playoffs	0.16	1.79
2013	0.16	1.66
dame	0.16	1.24
present	0.16	1.65
eligibility	0.16	1.37
venue	0.16	1.88
regional	0.16	2.07
notre	0.16	1.23
appears	0.16	1.46
understanding	0.16	2.14
48	0.16	1.64
teeth	0.16	1.41
asu	0.16	1.29
statistical	0.17	1.64
provided	0.17	1.58
saturday	0.17	1.85
window	0.17	1.60
dear	0.17	1.65
association	0.17	1.37
measure	0.17	1.57
calipari	0.17	1.14
mixed	0.17	1.47
mike	0.17	1.12
teams	0.17	2.37
knee	0.17	1.42
seattle	0.17	1.32
pieces	0.17	1.51
cinderella	0.17	1.52
syracuse	0.17	1.32
2004	0.17	1.64
awards	0.17	1.47
lehigh	0.17	1.48
2009	0.17	1.63
rational	0.17	2.56
37	0.17	1.65
books	0.17	1.50
dekker	0.17	1.37
minimum	0.17	1.56
club	0.17	1.35
2006	0.17	1.65
alert	0.17	1.50
greater	0.17	1.59
confirm	0.17	1.09
virginia	0.17	1.29
2010	0.17	1.64
nod	0.17	1.27
pac	0.17	1.61
bed	0.17	1.53
listen	0.17	1.25
legal	0.17	1.50
will	0.17	3.04
michigan	0.17	1.40
lunch	0.17	1.40
hype	0.17	1.13
55	0.18	1.64
bodies	0.18	1.32
bennett	0.18	1.11
malcolm	0.18	1.23
demarcus	0.18	1.33
arc	0.18	1.95
36	0.18	1.65
applied	0.18	1.52
wisconsin	0.18	1.38
wings	0.18	1.35
acct	0.18	1.58
store	0.18	1.31
bowl	0.18	1.53
lute	0.18	1.28
following	0.18	1.58
student	0.18	1.35
albany	0.18	1.37
shorter	0.18	1.73
2011	0.18	1.64
represent	0.18	1.39
murphy	0.18	1.29
south	0.18	1.65
extension	0.18	1.46
weekend	0.18	1.85
poy	0.18	1.69
2007	0.18	1.64
proven	0.18	1.90
record	0.18	3.17
ball	0.18	1.68
supposed	0.18	3.52
choose	0.18	1.92
vols	0.18	1.52
news	0.18	1.49
bill	0.18	0.97
collective	0.18	1.70
surprisingly	0.18	1.69
enjoy	0.18	2.98
san	0.18	1.56
j	0.18	1.50
advance	0.18	1.65
nw	0.18	1.25
together	0.18	2.71
quiet	0.18	1.64
britt	0.18	1.24
records	0.18	2.38
minnesota	0.19	1.25
zach	0.19	1.29
bruins	0.19	1.20
competing	0.19	1.63
sanctions	0.19	1.58
winslow	0.19	1.26
carrying	0.19	1.52
among	0.19	2.49
alone	0.19	1.66
guard	0.19	1.52
05	0.19	1.59
combo	0.19	1.36
rebounding	0.19	1.90
dare	0.19	1.75
chicken	0.19	1.25
entering	0.19	1.95
b	0.19	1.60
jason	0.19	1.16
transfer	0.19	1.40
chalk	0.19	1.23
accept	0.19	1.86
campus	0.19	1.33
knocking	0.19	1.53
research	0.19	1.44
skin	0.19	1.38
traffic	0.19	1.37
spencer	0.19	1.67
51	0.19	1.62
pac12	0.19	1.50
chances	0.19	1.79
nd	0.19	1.13
radio	0.19	1.20
lacking	0.20	2.06
share	0.20	1.61
52	0.20	1.75
inch	0.20	1.63
watchespn	0.20	1.70
basket	0.20	1.71
ohio	0.20	1.35
column	0.20	1.56
nolan	0.20	1.32
scrimmage	0.20	1.56
cuts	0.20	1.49
57	0.20	1.64
hd	0.20	1.52
fallen	0.20	1.60
41	0.20	1.70
gordon	0.20	1.35
deeper	0.20	1.68
midwest	0.20	3.22
hogue	0.20	1.36
bar	0.20	1.29
et	0.20	1.37
incognito	0.20	1.54
strategy	0.20	1.45
order	0.20	1.85
signed	0.20	1.48
crown	0.20	1.58
george	0.20	1.21
buddy	0.20	2.44
ratings	0.20	1.56
status	0.20	1.38
revenue	0.20	1.42
aaron	0.21	1.44
big	0.21	1.63
opportunity	0.21	2.29
improvement	0.21	1.46
buffs	0.21	1.53
public	0.21	1.89
administration	0.21	1.22
uofl	0.21	0.92
elijah	0.21	1.25
state	0.21	1.40
interest	0.21	1.40
conferences	0.21	1.92
silent	0.21	1.70
lunardi	0.21	1.57
roll	0.21	1.41
wont	0.21	2.60
ones	0.21	1.55
hollowell	0.21	1.24
2008	0.21	1.61
1998	0.21	1.63
helping	0.21	1.60
42	0.21	1.65
door	0.21	1.44
wilson	0.21	1.32
suspended	0.21	1.51
wildcats	0.21	1.43
security	0.21	1.43
example	0.22	1.84
mich	0.22	1.40
ranking	0.22	1.78
exit	0.22	1.73
cough	0.22	1.80
wisco	0.22	1.23
description	0.22	1.76
allowed	0.22	3.00
afh	0.22	1.81
attacks	0.22	1.36
pac-12	0.22	1.69
university	0.22	1.35
midnight	0.22	1.70
2/3	0.22	1.46
vaughn	0.22	1.31
2003	0.22	1.64
follow	0.22	2.14
needing	0.22	1.87
joe	0.22	1.21
kenpom	0.22	1.70
cheating	0.22	1.65
private	0.22	1.46
glory	0.22	1.46
stage	0.22	1.39
spartan	0.22	1.36
uw	0.22	1.29
indiana	0.22	1.22
1996	0.22	1.63
6'8	0.22	1.45
nate	0.22	1.21
kidding	0.22	2.58
stream	0.22	1.52
nebraska	0.22	1.29
68	0.22	1.68
odds	0.22	1.61
resume	0.22	2.29
missing	0.22	2.16
bigs	0.23	1.55
2005	0.23	1.62
dancing	0.23	1.39
coast	0.23	1.59
shit	0.23	2.44
frankly	0.23	2.70
disaster	0.23	1.93
bro	0.23	2.59
pittsburgh	0.23	1.35
footers	0.23	1.57
gonzaga	0.23	1.37
sporting	0.23	2.34
opposed	0.23	1.75
violations	0.23	1.59
diego	0.23	1.46
million	0.23	1.51
iowa	0.23	1.41
younger	0.23	1.43
formula	0.23	1.57
perfectly	0.23	1.81
assuming	0.23	3.48
beer	0.23	1.26
ron	0.23	1.51
lmao	0.23	1.58
can	0.23	3.03
cant	0.23	2.83
elimination	0.23	1.75
trolling	0.23	2.28
and/or	0.24	1.82
ray	0.24	1.05
32	0.24	1.72
ironic	0.24	2.18
died	0.24	1.24
concern	0.24	2.02
injuries	0.24	1.47
oops	0.24	2.39
reasoning	0.24	2.04
bryant	0.24	1.26
dinwiddie	0.24	1.33
folks	0.24	1.36
btw	0.24	2.01
needed	0.24	2.22
play-in	0.24	1.64
far	0.24	2.25
waited	0.24	1.68
paint	0.24	1.49
la	0.24	1.18
breslin	0.24	1.38
promise	0.24	1.61
box	0.24	1.42
mwc	0.24	1.59
coverage	0.24	1.36
indianapolis	0.24	1.80
relative	0.24	1.78
signature	0.24	1.54
wichita	0.24	2.10
fired	0.24	1.48
stanford	0.24	1.27
shock	0.24	2.41
roberson	0.24	1.48
boost	0.24	1.81
anyways	0.24	1.77
oladipo	0.24	1.19
mcdonalds	0.24	1.63
host	0.24	1.86
ya	0.24	2.72
scrappy	0.24	1.65
58	0.25	1.59
pun	0.25	1.73
lower	0.25	1.71
bud	0.25	2.07
go	0.25	1.72
percent	0.25	1.61
graham	0.25	1.07
hes	0.25	1.59
mo	0.25	1.14
contenders	0.25	1.53
wolfpack	0.25	1.24
rely	0.25	1.50
scares	0.25	2.54
regardless	0.25	1.65
ll	0.25	3.20
proving	0.25	2.54
feed	0.25	1.38
analyst	0.25	1.21
effort	0.25	1.76
big12	0.25	1.86
reaction	0.25	1.24
automatic	0.25	1.41
rights	0.25	1.49
schedules	0.25	3.45
beach	0.25	1.28
out	0.25	2.45
aac	0.25	1.57
announcer	0.25	1.55
conference	0.25	2.40
yourself	0.25	2.65
thinking	0.25	4.73
tone	0.25	1.57
television	0.25	1.43
assistants	0.25	1.38
metric	0.25	1.63
add	0.25	2.19
channels	0.25	1.41
dem	0.26	1.43
taco	0.26	1.32
2016	0.26	1.50
group	0.26	1.41
importantly	0.26	1.46
sometime	0.26	1.86
afam	0.26	1.57
home	0.26	2.30
a-10	0.26	1.53
cheese	0.26	1.31
recognition	0.26	1.32
a10	0.26	1.59
um	0.26	1.34
gasser	0.26	1.63
shockers	0.26	1.55
north	0.26	1.32
diamond	0.26	1.67
bpi	0.26	1.69
progress	0.26	1.62
knight	0.26	1.47
bryce	0.26	1.28
150	0.26	1.93
dunno	0.26	2.99
jared	0.26	1.22
6'7	0.26	1.51
apartment	0.26	1.26
mentally	0.26	1.54
surprised	0.26	5.28
contracts	0.26	1.50
yep	0.26	2.98
insanely	0.26	1.80
offers	0.26	1.50
mute	0.27	1.29
connecticut	0.27	1.37
jett	0.27	1.56
cats	0.27	1.83
exhibition	0.27	1.79
magic	0.27	1.22
taught	0.27	1.31
dance	0.27	1.37
buyout	0.27	1.52
cover	0.27	1.52
required	0.27	1.49
west	0.27	1.74
post-season	0.27	1.60
olds	0.27	1.50
americans	0.27	1.55
pastner	0.27	1.23
recruit	0.27	1.57
broadcast	0.27	1.34
bars	0.27	1.21
dollars	0.27	1.53
predicted	0.27	1.74
my	0.27	1.49
doing	0.27	3.03
congratulations	0.27	1.36
sample	0.27	1.49
jeff	0.27	1.17
centers	0.27	1.56
cameron	0.27	1.43
courses	0.27	1.60
rosters	0.27	1.45
decided	0.27	2.50
civil	0.27	1.51
spin	0.27	1.91
rose	0.27	1.29
careful	0.27	2.12
objective	0.27	2.42
develop	0.27	1.52
dorms	0.27	1.40
punched	0.28	1.46
tbs	0.28	1.34
practice	0.28	1.44
hired	0.28	1.33
crack	0.28	1.46
computer	0.28	1.56
mid-major	0.28	1.63
2014	0.28	1.66
badger	0.28	1.54
spirit	0.28	1.39
needs	0.28	2.20
badgers	0.28	1.50
april	0.28	2.43
cap	0.28	1.47
duh	0.28	1.75
wsu	0.28	2.44
writing	0.28	1.81
radar	0.28	1.42
while	0.28	2.40
boosters	0.28	1.45
hotel	0.28	1.62
improved	0.28	1.97
local	0.28	1.38
articles	0.28	1.46
millions	0.28	1.52
lady	0.28	1.32
streams	0.28	1.48
opening	0.28	1.94
scores	0.28	1.59
upon	0.28	1.57
academic	0.28	1.45
knowing	0.28	1.43
mid	0.28	1.67
online	0.28	1.53
taste	0.28	1.80
northern	0.28	1.28
names	0.28	1.54
isaiah	0.28	1.55
wild	0.29	1.36
value	0.29	1.39
dinner	0.29	1.36
parking	0.29	1.41
gators	0.29	1.40
switched	0.29	1.34
trust	0.29	3.71
seed	0.29	2.24
wilt	0.29	1.40
cause	0.29	2.09
gtown	0.29	1.24
hot	0.29	2.18
naismith	0.29	1.52
illini	0.29	1.34
contender	0.29	1.56
played	0.29	2.56
worked	0.29	1.80
driving	0.29	1.46
belmont	0.29	1.33
as	0.29	2.59
potentially	0.29	1.94
model	0.29	1.68
goal	0.29	1.51
cable	0.29	1.46
metrics	0.29	1.66
info	0.29	1.83
situation	0.29	2.14
sophomore	0.29	1.60
suffered	0.29	1.68
east	0.29	1.64
spent	0.29	2.07
mad	0.29	5.26
eastern	0.29	1.30
richmond	0.30	1.29
like	0.30	2.61
bruce	0.30	1.32
dudes	0.30	1.70
lansing	0.30	1.23
comparison	0.30	1.89
uconn	0.30	1.23
kentucky	0.30	2.10
troy	0.30	1.13
tore	0.30	1.44
deserve	0.30	2.13
skills	0.30	1.71
assistant	0.30	1.24
espn	0.30	1.45
airball	0.30	1.19
southern	0.30	1.34
am	0.30	3.85
discipline	0.30	1.43
opens	0.30	1.45
large	0.30	1.86
bring	0.30	2.18
cancer	0.30	1.20
possibility	0.30	1.92
catholic	0.30	1.35
network	0.30	1.42
cried	0.30	2.36
greensboro	0.30	1.23
rpi	0.30	2.26
overrated	0.30	2.16
regularly	0.30	1.70
island	0.30	1.24
app	0.30	1.51
russell	0.30	1.15
houston	0.31	1.50
6'6	0.31	1.45
representative	0.31	1.62
first	0.31	2.94
joining	0.31	1.62
mistaken	0.31	4.99
top	0.31	2.75
louder	0.31	1.44
cleveland	0.31	1.18
criticism	0.31	1.46
ankle	0.31	1.43
path	0.31	2.36
house	0.31	1.36
votes	0.31	1.47
brad	0.31	1.15
produced	0.31	1.46
easiest	0.31	4.88
switch	0.31	1.54
plus	0.31	1.69
lamar	0.31	1.61
glorious	0.31	2.04
scholarship	0.31	1.47
scholarships	0.31	1.41
jordan	0.31	1.13
yum	0.31	1.33
department	0.31	1.41
jerry	0.31	1.27
failing	0.31	1.42
build	0.31	1.53
hammons	0.31	1.52
naz	0.31	1.39
apply	0.32	2.08
jalen	0.32	1.10
wcc	0.32	1.62
ii	0.32	1.37
fyi	0.32	1.31
drinking	0.32	1.49
stock	0.32	1.56
caa	0.32	1.52
hilton	0.32	1.43
canadian	0.32	1.55
undefeated	0.32	2.92
allows	0.32	1.67
yea	0.32	3.24
dorm	0.32	1.35
disappointment	0.32	1.46
ncaa	0.32	1.67
improving	0.32	1.65
cross	0.32	1.63
control	0.32	1.58
fresh	0.32	1.57
manning	0.32	1.04
pomeroy	0.32	1.52
cbs	0.32	1.39
devil	0.32	1.33
recruiting	0.32	1.51
leaving	0.32	1.89
presence	0.32	1.68
equivalent	0.32	1.45
shown	0.32	1.41
low	0.33	1.92
bottle	0.33	1.31
cardinals	0.33	1.23
saint	0.33	1.33
ultimate	0.33	1.50
student-athletes	0.33	1.47
language	0.33	1.86
power	0.33	1.68
central	0.33	1.33
gw	0.33	1.30
action	0.33	1.29
memphis	0.33	1.31
events	0.33	1.58
studies	0.33	1.48
mode	0.33	1.67
recruits	0.33	1.61
failed	0.33	1.43
paid	0.33	1.83
style	0.33	1.34
rupp	0.33	1.35
dallas	0.33	1.27
below	0.33	1.89
shaq	0.33	1.39
va	0.33	1.18
6'10	0.34	1.45
pissed	0.34	5.40
taller	0.34	1.61
hopefully	0.34	2.90
larger	0.34	1.99
sfa	0.34	1.32
center	0.34	1.40
break	0.34	1.74
tests	0.34	1.50
shut	0.34	1.56
lacey	0.34	1.53
tested	0.34	1.70
tired	0.34	3.33
risk	0.34	1.47
stat	0.34	2.02
ca	0.34	3.03
didnt	0.34	2.81
mckay	0.34	1.61
age	0.34	1.47
stadium	0.34	1.44
praise	0.34	1.28
closing	0.34	1.55
gill	0.35	1.31
curse	0.35	1.34
judge	0.35	1.72
louis	0.35	1.42
usf	0.35	1.23
contract	0.35	1.47
town	0.35	1.32
sticking	0.35	1.62
education	0.35	1.40
sour	0.35	2.12
height	0.35	1.44
sign	0.35	1.52
hey	0.35	2.90
version	0.35	1.36
hah	0.35	2.29
juco	0.35	1.50
taking	0.35	1.89
leadership	0.35	1.39
pc	0.35	1.30
lincoln	0.35	1.42
non	0.35	3.33
competition	0.35	2.30
neutral	0.35	2.00
providing	0.35	1.33
sos	0.35	2.86
credit	0.35	1.37
carried	0.35	1.48
em	0.35	2.07
evan	0.35	0.98
allen	0.35	1.30
lineup	0.35	1.50
taylor	0.35	1.33
fine	0.36	4.62
burn	0.36	1.35
bored	0.36	4.89
occasional	0.36	1.42
mercy	0.36	1.74
soon	0.36	2.60
writer	0.36	1.47
michael	0.36	1.20
rant	0.36	1.36
silver	0.36	1.21
slu	0.36	1.37
atmosphere	0.36	1.78
social	0.36	1.57
using	0.36	1.67
rookie	0.36	1.57
inside	0.36	1.58
orlando	0.36	1.60
historic	0.36	2.06
ride	0.36	1.41
declare	0.36	1.76
story	0.36	2.18
tokoto	0.36	1.92
innocent	0.37	1.79
drunk	0.37	3.65
one-and-done	0.37	1.53
bloomington	0.37	1.27
milwaukee	0.37	1.86
vcu	0.37	1.29
horse	0.37	1.62
head	0.37	1.50
string	0.37	1.78
native	0.37	1.56
d2	0.37	1.87
steal	0.37	1.96
hiring	0.37	1.41
indicate	0.37	1.71
our	0.37	4.23
solely	0.37	1.57
apart	0.37	1.48
environment	0.37	1.55
ivy	0.37	1.67
dean	0.37	1.33
sigh	0.37	2.06
line	0.38	1.60
program	0.38	2.21
yearly	0.38	1.37
iirc	0.38	1.48
platoon	0.38	1.16
road	0.38	3.11
powell	0.38	1.17
joined	0.38	1.19
change	0.38	2.50
freak	0.38	1.51
missed	0.38	1.57
ooc	0.38	3.17
lol	0.38	2.69
redshirt	0.38	1.47
attend	0.38	1.18
major	0.38	2.01
2001	0.38	1.81
ended	0.38	1.87
bastard	0.38	1.46
average	0.38	1.96
angry	0.38	5.34
non-con	0.38	3.16
drinks	0.38	1.40
prediction	0.38	1.79
pearl	0.38	1.51
kenny	0.38	1.19
western	0.38	1.38
told	0.38	1.59
tonight	0.38	2.15
pat	0.38	1.37
poly	0.38	1.41
junior	0.38	1.62
google	0.38	1.55
found	0.38	1.92
terms	0.38	1.75
guy	0.38	2.30
gm	0.38	1.50
tears	0.38	1.72
da	0.38	1.59
mexico	0.38	1.33
gut	0.38	1.61
fucking	0.39	2.41
monte	0.39	1.66
desperate	0.39	1.55
schedule	0.39	3.19
although	0.39	3.32
mountain	0.39	1.60
cherry	0.39	1.36
logical	0.39	4.72
lane	0.39	1.51
root	0.39	3.49
there	0.39	2.56
opponents	0.39	2.67
sitting	0.39	1.34
stopping	0.39	1.81
philly	0.39	1.07
paying	0.39	1.86
marquee	0.39	2.88
level	0.39	1.62
non-conference	0.39	3.19
hearing	0.39	3.11
admittedly	0.39	1.54
failure	0.39	1.47
mac	0.39	1.52
semester	0.39	1.69
science	0.39	1.33
max	0.40	1.47
attacking	0.40	1.63
drive	0.40	1.57
memories	0.40	1.58
somehow	0.40	2.41
fox	0.40	1.41
morris	0.40	1.17
rebound	0.40	1.67
horizon	0.40	1.53
atlantic	0.40	1.68
rematch	0.40	1.78
valley	0.40	1.62
class	0.40	1.64
caliber	0.40	1.71
carrier	0.40	1.41
flyers	0.40	1.61
graduate	0.40	1.34
served	0.40	1.45
amazed	0.40	4.02
coastal	0.40	1.38
stole	0.40	1.39
capacity	0.40	1.37
attempts	0.40	1.61
daniel	0.40	1.62
sam	0.40	1.10
dunking	0.40	1.55
clicking	0.40	2.40
save	0.40	1.92
dakota	0.40	1.24
crime	0.40	1.53
nailed	0.40	1.54
wan	0.41	2.91
undergrad	0.41	1.20
packed	0.41	1.41
father	0.41	1.22
building	0.41	1.41
lets	0.41	1.98
chose	0.41	1.69
former	0.41	1.42
iu	0.41	1.17
huh	0.41	2.58
area	0.41	1.17
6'9	0.41	1.47
channel	0.41	1.42
done	0.41	1.95
vonleh	0.41	1.24
exposure	0.41	1.28
art	0.41	1.33
incoming	0.41	1.52
fraud	0.41	1.84
paper	0.41	1.69
fuckin	0.41	2.19
wondering	0.41	4.72
unreasonable	0.41	2.08
gods	0.41	1.38
transfers	0.41	1.57
villanova	0.41	1.41
assembly	0.42	1.38
based	0.42	1.83
clarify	0.42	5.36
sir	0.42	1.98
grand	0.42	1.51
director	0.42	1.32
uc	0.42	1.36
try	0.42	2.84
greatly	0.42	1.63
became	0.42	1.77
november	0.42	2.00
develops	0.42	1.10
material	0.42	1.53
eye	0.42	1.45
mclemore	0.42	1.06
stokes	0.42	1.40
stronger	0.42	2.17
continuing	0.42	1.63
recruiter	0.42	1.95
cream	0.42	1.21
guards	0.43	1.81
all-american	0.43	1.65
msg	0.43	1.49
passed	0.43	1.52
voice	0.43	1.42
weather	0.43	1.54
pay	0.43	1.73
assessment	0.43	2.99
crossed	0.43	1.62
smu	0.43	1.28
danger	0.43	1.48
huskies	0.43	1.86
factor	0.43	1.72
higher	0.43	1.94
dez	0.43	1.52
dome	0.43	1.41
wofford	0.43	1.28
rated	0.43	1.64
real	0.43	2.16
scott	0.43	0.96
chapel	0.43	1.19
etc	0.43	1.28
coliseum	0.43	1.34
square	0.43	1.38
fred	0.43	1.33
st	0.43	1.38
halfway	0.43	2.30
strength	0.43	2.18
closer	0.43	1.79
charlotte	0.43	1.40
lives	0.43	1.95
chicago	0.44	1.24
dave	0.44	1.35
hanging	0.44	1.61
purvis	0.44	1.16
umass	0.44	1.30
sun	0.44	1.49
starting	0.44	1.89
ncg	0.44	1.52
jealous	0.44	5.42
green	0.44	1.10
bucket	0.44	1.52
jeremy	0.44	1.06
papers	0.44	1.49
gu	0.44	2.08
cheerleaders	0.44	1.50
surrounding	0.44	1.34
tony	0.44	1.21
nerlens	0.44	1.33
reading	0.44	1.74
rowdy	0.44	1.56
jp	0.44	1.69
physical	0.44	1.43
moves	0.44	1.27
deserved	0.44	1.67
ad	0.44	1.46
dreams	0.44	1.22
couches	0.44	1.66
betting	0.45	2.12
moments	0.45	2.45
display	0.45	1.84
listening	0.45	1.65
provide	0.45	1.57
chants	0.45	1.57
money	0.45	1.66
managed	0.45	2.81
attempt	0.45	2.48
cared	0.45	2.00
suffer	0.45	1.71
seniors	0.45	1.64
smaller	0.45	1.87
bigger	0.45	2.10
complex	0.45	1.72
figured	0.45	3.16
inbound	0.45	2.37
64	0.45	1.60
reynolds	0.45	1.34
fieldhouse	0.45	1.44
jon	0.46	1.39
hoop	0.46	1.59
bottom	0.46	2.11
lawrence	0.46	1.22
haha	0.46	3.22
bros	0.46	2.00
logos	0.46	1.29
often	0.46	2.16
gt	0.46	1.42
leslie	0.46	1.39
speed	0.46	1.41
main	0.46	2.42
effective	0.46	1.94
deserves	0.46	1.38
options	0.46	1.82
salt	0.46	1.49
dying	0.46	1.68
joy	0.46	1.72
manhattan	0.46	1.62
expectations	0.46	1.46
hook	0.46	1.41
gpa	0.46	1.53
cinci	0.46	1.39
senior	0.46	1.72
website	0.46	1.41
rich	0.46	1.62
athletes	0.46	1.56
transferred	0.46	1.30
throw	0.46	1.61
factors	0.46	1.62
vacated	0.46	1.71
jobs	0.47	1.44
against	0.47	2.28
graduating	0.47	1.52
commentator	0.47	1.44
meet	0.47	1.61
revenge	0.47	1.85
drug	0.47	1.39
nevermind	0.47	2.36
stress	0.47	1.30
tear	0.47	1.48
professor	0.47	1.39
comparing	0.47	1.76
retired	0.47	1.28
seton	0.47	1.37
skilled	0.47	1.86
personality	0.47	1.43
corrected	0.47	5.43
grades	0.47	1.47
december	0.47	2.36
loss	0.47	2.12
dad	0.47	1.26
ceiling	0.47	1.48
raise	0.47	1.40
wide	0.47	1.56
officially	0.47	2.27
america	0.48	2.76
cincy	0.48	1.33
marquette	0.48	1.21
opponent	0.48	2.72
theyre	0.48	1.98
aware	0.48	4.71
standpoint	0.48	1.48
harvard	0.48	1.39
careers	0.48	2.03
misses	0.48	1.54
helped	0.48	2.09
beats	0.48	1.28
length	0.48	1.45
kohl	0.48	1.44
forte	0.48	1.53
error	0.48	1.69
bucky	0.48	1.45
format	0.48	1.76
misleading	0.48	2.54
detroit	0.48	1.29
rob	0.48	1.48
atlanta	0.48	1.22
hair	0.48	1.58
solution	0.48	1.90
arena	0.48	1.51
chuck	0.48	1.31
let	0.48	2.61
scheduling	0.49	3.05
sister	0.49	1.21
steals	0.49	2.59
melo	0.49	1.45
noah	0.49	1.57
punishment	0.49	1.51
bust	0.49	1.62
squad	0.49	1.80
mile	0.49	1.48
attempted	0.49	1.57
development	0.49	1.87
havoc	0.49	1.45
nickname	0.49	1.75
hanner	0.49	1.39
larry	0.49	1.14
disappointed	0.49	5.52
glass	0.49	1.43
earn	0.49	1.60
park	0.49	1.48
alive	0.49	1.54
butler	0.49	1.30
jay	0.50	1.13
match	0.50	1.57
congrats	0.50	2.14
uses	0.50	1.28
baskets	0.50	1.60
arbitrary	0.50	1.79
currently	0.50	2.70
cincinnati	0.50	1.41
plans	0.50	1.67
veteran	0.50	1.65
lebron	0.50	1.14
seeded	0.50	2.13
dominating	0.50	1.89
core	0.50	1.80
late	0.50	2.56
sophomores	0.50	1.52
background	0.50	1.18
shoots	0.50	1.60
february	0.50	2.23
agreed	0.50	2.67
release	0.50	1.48
finally	0.50	2.58
experience	0.50	1.35
sums	0.51	1.67
shabazz	0.51	1.33
backboard	0.51	2.42
handles	0.51	1.48
historical	0.51	1.75
x	0.51	1.68
cotton	0.51	1.55
outside	0.51	1.66
seems	0.51	2.28
traevon	0.51	1.42
produce	0.51	1.65
feb	0.51	2.05
adams	0.51	1.20
showed	0.51	1.37
engineering	0.51	1.30
hat	0.51	1.36
frazier	0.51	1.51
tree	0.51	1.16
dribble	0.52	1.59
eh	0.52	2.83
fails	0.52	1.40
prather	0.52	1.55
hall	0.52	1.31
documentary	0.52	1.48
deserving	0.52	1.43
need	0.52	2.93
usa	0.52	1.61
defenders	0.52	1.61
wire	0.52	1.72
kc	0.52	2.01
upsets	0.52	1.59
lying	0.52	5.00
mvc	0.52	1.57
tenure	0.52	1.44
whoa	0.52	1.68
uni	0.52	1.25
chaos	0.52	1.52
earned	0.52	1.46
sportscenter	0.53	1.40
temple	0.53	1.36
salary	0.53	1.50
d-1	0.53	2.32
early	0.53	2.31
refuse	0.53	2.85
confusing	0.53	2.55
thoroughly	0.53	4.94
ineligible	0.53	1.40
talent	0.53	1.42
curious	0.53	5.20
lock	0.54	2.14
mid-range	0.54	1.64
riot	0.54	1.48
ft	0.54	1.61
learning	0.54	1.44
mckale	0.54	1.43
convinced	0.54	4.03
40-0	0.54	1.55
finding	0.54	2.10
laughing	0.54	2.10
depaul	0.54	1.24
w	0.54	1.82
percentage	0.54	1.93
gophers	0.54	1.30
stuff	0.54	2.26
dish	0.54	1.53
ky	0.55	1.21
underrated	0.55	2.20
gottlieb	0.55	1.12
january	0.55	2.48
product	0.55	1.38
degree	0.55	1.67
2.0	0.55	1.46
xavier	0.55	1.30
stars	0.55	1.63
death	0.55	1.38
iq	0.55	1.56
belongs	0.55	1.60
quickly	0.55	2.09
eventually	0.55	2.36
juniors	0.55	1.57
joes	0.55	1.31
undersized	0.55	1.47
interior	0.55	1.72
london	0.55	1.41
city	0.55	1.49
math	0.55	1.94
awkward	0.55	2.67
couldnt	0.56	2.79
assist	0.56	1.96
geez	0.56	1.55
marketing	0.56	1.52
injury	0.56	1.44
standard	0.56	1.54
ha	0.56	2.73
freshmen	0.56	1.56
nah	0.56	2.80
receiving	0.56	1.49
sarcastic	0.56	4.72
layup	0.56	2.40
tucson	0.56	1.51
oh	0.56	2.88
dayton	0.56	1.39
degrees	0.56	1.41
weaker	0.56	2.81
shady	0.56	1.74
wife	0.56	1.30
shots	0.56	1.58
relief	0.56	1.47
brimah	0.56	1.52
providence	0.56	1.31
identical	0.56	1.70
yes	0.57	2.94
international	0.57	1.81
athletics	0.57	1.85
stud	0.57	1.81
shooting	0.57	1.65
hs	0.57	1.51
hits	0.57	1.67
water	0.57	1.26
fts	0.57	1.75
prime	0.57	1.19
attempting	0.57	2.21
massive	0.57	1.87
working	0.57	2.26
requires	0.57	1.60
gg	0.57	1.65
grown	0.57	1.41
require	0.57	1.52
wilbekin	0.57	1.43
shout	0.57	1.29
drives	0.58	1.56
contention	0.58	1.57
damage	0.58	1.63
able	0.58	2.99
walk-on	0.58	1.65
kasey	0.58	1.66
messed	0.58	2.15
balanced	0.58	2.08
coach	0.58	1.36
coaching	0.58	1.45
route	0.58	2.18
respect	0.58	3.64
shaking	0.58	1.74
march	0.58	2.20
amateur	0.58	2.14
starters	0.58	2.12
shocking	0.58	2.25
range	0.59	1.57
jackson	0.59	1.56
nationally	0.59	1.73
isnt	0.59	1.82
teach	0.59	1.72
declared	0.59	1.66
tougher	0.59	3.04
gregg	0.59	1.40
limited	0.59	1.45
justin	0.59	1.63
triple	0.59	1.53
upside	0.59	1.56
related	0.59	1.76
second	0.59	3.62
crowd	0.59	1.54
greg	0.59	1.33
submitted	0.60	1.79
pointers	0.60	1.57
sky	0.60	1.32
wanting	0.60	2.89
suggest	0.60	1.83
uofa	0.60	1.46
refused	0.60	1.92
pls	0.60	1.49
lowest	0.60	2.82
whose	0.60	1.39
tall	0.60	1.60
filling	0.60	1.47
gon	0.60	3.46
raw	0.60	1.46
attending	0.60	1.37
woo	0.60	1.37
shoot	0.61	1.58
hamilton	0.61	1.06
calm	0.61	1.94
collins	0.61	1.07
coached	0.61	1.19
canada	0.61	1.65
damnit	0.61	2.12
simmons	0.61	1.23
anytime	0.61	2.13
weber	0.61	1.13
cuonzo	0.61	1.35
bounce	0.61	1.80
woah	0.61	1.65
belt	0.61	1.44
consistency	0.61	1.43
academically	0.61	1.34
reverse	0.61	2.70
freshman	0.61	1.86
rotation	0.61	1.81
cardinal	0.61	1.19
spot	0.62	1.44
odu	0.62	1.16
sake	0.62	1.88
scream	0.62	1.42
jumpers	0.62	1.55
fitting	0.62	2.09
painter	0.62	1.77
film	0.62	1.42
cmon	0.62	1.86
roster	0.62	1.58
woodbury	0.62	1.27
amir	0.62	1.10
lay	0.62	2.21
coin	0.62	1.59
optimistic	0.62	5.38
experienced	0.63	1.48
prepared	0.63	2.57
chemistry	0.63	1.35
players	0.63	2.09
tulsa	0.63	1.59
na	0.63	3.27
minor	0.63	1.63
pickup	0.63	1.61
upperclassmen	0.63	1.57
tip	0.63	2.21
test	0.63	1.50
ndsu	0.63	1.47
2015	0.63	1.80
fifth	0.63	3.37
firing	0.63	1.57
eligible	0.63	1.39
offered	0.64	1.32
heck	0.64	1.48
goddamnit	0.64	2.02
wat	0.64	2.25
sport	0.64	2.56
uh	0.64	2.40
foolish	0.64	2.14
turnaround	0.64	1.53
footer	0.64	1.73
prestigious	0.64	1.54
tiny	0.64	1.78
unlike	0.65	1.32
forgotten	0.65	2.15
boatright	0.65	1.32
jays	0.65	1.44
brust	0.65	1.12
pros	0.65	1.94
field	0.65	1.69
respectively	0.65	3.24
aa	0.65	1.57
jumper	0.66	1.54
bank	0.66	1.59
event	0.66	2.26
modern	0.66	2.31
omg	0.66	2.36
girlfriend	0.66	1.25
recent	0.66	2.16
table	0.66	1.54
sequence	0.66	1.92
machine	0.66	1.24
advice	0.66	1.53
wood	0.66	1.35
dry	0.66	1.72
hire	0.66	1.33
beater	0.67	1.73
scared	0.67	5.50
quarter	0.67	3.35
alum	0.67	1.84
star	0.67	1.88
facilities	0.67	1.95
sounded	0.67	1.67
upsetting	0.67	1.76
worried	0.67	5.50
freaking	0.67	1.90
baseline	0.67	1.80
brought	0.67	1.71
friend	0.67	1.37
luck	0.67	1.80
giffey	0.67	1.19
1997	0.67	1.86
offering	0.67	1.72
playing	0.67	2.20
blowout	0.68	1.61
perimeter	0.68	1.63
powers	0.68	1.48
guaranteed	0.68	1.95
wiltjer	0.68	1.61
patric	0.68	1.38
miracle	0.68	1.63
overall	0.68	3.63
named	0.68	1.41
doe	0.68	4.44
academics	0.68	1.78
adult	0.69	1.56
walker	0.69	1.69
looking	0.69	2.84
mock	0.69	1.66
busy	0.69	2.02
study	0.69	1.35
worth	0.69	1.63
regarding	0.69	1.55
mutual	0.69	3.23
contested	0.70	1.39
rams	0.70	1.50
quality	0.70	2.30
insight	0.70	1.64
mvp	0.70	1.32
friends	0.70	1.34
hill	0.70	1.59
award	0.70	1.56
forwards	0.70	1.48
capable	0.70	1.86
james	0.70	1.34
hungry	0.70	2.68
character	0.70	1.42
sadly	0.71	1.63
cupcake	0.71	2.60
hell	0.71	2.68
receive	0.71	1.46
objectively	0.71	1.83
triangle	0.71	1.21
actual	0.71	1.54
comeback	0.71	1.86
placed	0.71	3.49
amen	0.71	1.79
her	0.71	1.28
unable	0.71	2.50
light	0.71	1.34
ive	0.71	4.31
tho	0.71	2.10
hyped	0.71	3.99
prize	0.71	1.50
fits	0.72	1.66
terrified	0.72	5.25
classes	0.72	1.58
forward	0.72	2.92
video	0.72	1.46
playoff	0.72	1.63
superstar	0.72	1.38
depending	0.72	1.64
exposed	0.72	1.86
built	0.72	1.42
bummed	0.72	5.57
rather	0.72	2.58
3-point	0.72	1.74
majors	0.72	1.50
collegiate	0.72	2.40
designed	0.73	1.55
today	0.73	2.03
abilities	0.73	1.47
lesson	0.73	1.73
par	0.73	1.85
pains	0.73	1.73
fundamentals	0.73	1.40
holds	0.73	1.65
enter	0.73	1.63
remotely	0.73	1.82
verne	0.73	1.60
supposedly	0.74	1.47
pangos	0.74	1.54
living	0.74	1.33
raleigh	0.74	1.80
drama	0.74	1.39
size	0.74	1.45
girls	0.74	1.38
school	0.74	1.37
subjective	0.74	2.05
sheer	0.74	1.39
dagger	0.74	2.32
scorers	0.74	2.59
napier	0.74	1.55
indoor	0.74	1.64
ann	0.74	1.15
onions	0.74	1.95
sex	0.75	1.32
medical	0.75	1.45
superior	0.75	2.00
adds	0.75	1.42
l	0.75	1.79
mascot	0.75	1.63
gun	0.75	1.51
focused	0.75	1.66
shot	0.75	1.60
sort	0.75	1.66
c'mon	0.75	1.83
md	0.76	1.10
concerned	0.76	5.41
brown	0.76	1.34
crean	0.76	1.36
promising	0.76	2.30
ability	0.76	1.40
press	0.76	1.53
significant	0.76	1.73
laid	0.76	1.22
band	0.76	1.44
feeling	0.76	4.64
streaming	0.76	1.47
rain	0.76	1.43
better	0.77	2.11
ai	0.77	2.22
stacked	0.77	1.79
y	0.77	1.85
proud	0.77	5.18
pressure	0.77	1.35
entered	0.77	1.65
teaching	0.77	1.78
nervous	0.77	5.56
threat	0.77	2.07
loaded	0.78	1.85
thanks	0.78	2.96
van	0.78	1.45
kinda	0.78	2.52
prospects	0.78	2.01
mother	0.78	1.80
cheerleader	0.78	1.28
wolverines	0.78	1.02
frustrated	0.78	4.82
lacks	0.78	1.43
defender	0.78	2.05
leagues	0.78	2.11
phog	0.78	1.15
division	0.78	2.84
hayes	0.78	1.36
toughness	0.79	1.61
commitment	0.79	1.50
career	0.79	2.45
beard	0.79	1.54
outta	0.79	2.18
girl	0.79	1.32
impressed	0.79	5.16
madison	0.79	1.21
treatment	0.79	1.56
combine	0.79	1.54
beast	0.79	1.65
d1	0.79	2.36
parity	0.79	1.66
young	0.79	1.36
returning	0.80	2.04
thrilled	0.80	5.32
withey	0.80	1.41
impossible	0.80	2.00
killer	0.80	1.64
fingers	0.80	1.64
hitting	0.80	1.72
heartbreaking	0.80	3.47
europe	0.80	2.05
overseas	0.80	2.07
family	0.80	1.30
business	0.81	1.43
bearcats	0.81	1.74
master	0.81	1.33
brick	0.81	1.49
all-star	0.81	1.95
gear	0.81	1.33
drake	0.81	1.47
breaking	0.81	1.49
corn	0.81	1.22
bball	0.81	2.77
studying	0.81	2.07
planning	0.81	2.01
available	0.82	1.66
alley	0.82	4.61
future	0.82	2.16
explanation	0.82	2.57
safe	0.82	1.90
volume	0.82	2.01
mom	0.82	1.25
kind	0.82	2.61
yahoo	0.82	1.63
survive	0.82	1.68
gainesville	0.82	1.29
woman	0.82	1.39
3pt	0.82	1.77
consistent	0.83	2.26
confidence	0.83	1.62
baby	0.83	2.00
passing	0.83	1.59
creates	0.83	1.64
ouch	0.83	2.22
secret	0.83	1.35
hmm	0.83	1.68
scoring	0.83	2.52
goddamn	0.83	2.25
boys	0.84	1.96
jesus	0.84	3.38
mature	0.84	1.74
specific	0.84	1.64
sheet	0.84	1.84
athletic	0.84	1.49
leads	0.84	2.05
mlb	0.84	2.13
parents	0.84	1.22
ollie	0.85	1.16
ice	0.85	1.83
stories	0.85	1.54
glasses	0.85	1.31
legitimate	0.85	1.86
takes	0.85	1.58
fgcu	0.85	2.40
advanced	0.85	1.71
search	0.86	1.53
hometown	0.86	1.18
catch	0.86	2.13
vs	0.86	1.47
motherfucker	0.86	1.98
frustrating	0.86	3.44
joking	0.86	4.35
close	0.86	2.35
football	0.86	2.75
offer	0.86	1.44
shooters	0.87	1.94
youtube	0.87	1.45
scouts	0.87	1.28
ud	0.87	1.71
birthday	0.87	1.32
individual	0.87	1.75
gator	0.87	1.39
harder	0.87	2.31
hostile	0.87	1.54
busted	0.87	1.46
lottery	0.88	1.99
arbor	0.88	1.15
acl	0.88	1.43
round	0.88	2.68
buzzer	0.88	1.79
drafts	0.88	1.90
prospect	0.88	1.94
weak	0.88	2.54
grad	0.88	1.20
ct	0.88	1.16
slim	0.89	2.03
indy	0.89	1.64
lived	0.89	1.31
challenging	0.89	2.13
pure	0.90	1.45
please	0.90	2.27
president	0.90	1.49
draft	0.90	2.05
training	0.90	1.35
seemed	0.90	2.26
developing	0.90	1.57
backup	0.90	1.93
deep	0.90	1.86
ahead	0.91	1.93
pulling	0.91	2.43
sounds	0.91	2.51
common	0.91	1.97
cheers	0.91	1.26
waiting	0.92	2.10
farm	0.92	1.40
law	0.92	1.31
aggressive	0.92	2.39
nyc	0.92	1.41
swear	0.93	1.54
true	0.93	4.53
logo	0.93	1.54
columbus	0.93	1.23
goddammit	0.93	2.26
freedom	0.93	1.44
pants	0.93	1.38
god	0.94	2.46
pointer	0.94	1.77
competent	0.94	3.31
televised	0.94	1.39
excitement	0.94	1.59
threats	0.95	1.85
layups	0.95	1.72
forth	0.95	1.67
born	0.95	1.22
high	0.95	1.79
t-shirt	0.95	1.45
id	0.95	1.87
dunk	0.95	4.35
guessing	0.95	4.15
durham	0.95	1.23
easier	0.96	2.38
live	0.96	1.26
wingspan	0.96	1.65
successful	0.96	2.34
2002	0.96	1.58
recall	0.96	1.59
choke	0.96	2.01
overtime	0.96	1.84
moved	0.97	1.37
dude	0.97	2.60
trying	0.97	3.06
hit	0.97	1.71
ranked	0.97	2.98
12th	0.97	4.46
dollar	0.97	1.56
cold	0.98	2.05
bye	0.98	1.47
thats	0.98	2.59
open	0.98	1.65
married	0.98	1.32
picks	0.98	2.05
skill	0.98	1.45
women	0.98	2.50
sharing	0.98	1.76
johns	0.99	1.36
huskers	0.99	1.68
lexington	0.99	1.26
golf	1.00	2.20
went	1.00	1.40
huge	1.00	1.77
challenge	1.00	1.62
wouldnt	1.00	2.51
3s	1.00	1.70
representing	1.00	1.42
appropriate	1.00	1.89
cast	1.00	1.27
such	1.01	1.84
free	1.01	1.71
finishes	1.01	3.21
threes	1.01	1.71
highest	1.01	3.93
delaware	1.01	1.58
nova	1.02	1.36
dark	1.02	1.57
20th	1.02	3.15
breath	1.02	1.54
starter	1.02	2.11
throws	1.02	1.77
picking	1.02	1.86
hockey	1.02	2.53
oakland	1.02	1.83
coke	1.03	1.18
normal	1.03	1.79
classic	1.03	1.45
o	1.03	1.82
baker	1.03	1.48
hilarious	1.04	3.25
dougie	1.04	1.67
wesley	1.04	1.42
excited	1.04	5.32
ot	1.04	2.06
dang	1.04	1.88
facility	1.05	1.63
0	1.05	1.59
tools	1.05	1.57
music	1.05	1.43
emotional	1.05	1.42
honest	1.05	5.08
camp	1.05	1.27
d-league	1.06	2.18
billion	1.06	1.58
tried	1.06	2.24
georgetown	1.07	1.38
leaders	1.07	1.76
groce	1.08	1.55
looks	1.08	2.64
tape	1.08	1.42
pro	1.08	2.38
accomplishment	1.08	1.64
new	1.08	1.31
oop	1.08	4.37
league	1.09	2.03
entertainment	1.09	2.17
professional	1.09	2.41
dunks	1.10	2.52
7th	1.10	4.59
relevant	1.10	1.70
goodness	1.11	2.18
athlete	1.11	1.81
pick	1.11	2.39
meaningless	1.11	1.89
fluke	1.11	1.70
christ	1.12	2.29
10th	1.12	4.63
track	1.12	2.35
cow	1.12	1.45
realistic	1.13	2.06
dat	1.13	3.78
graduated	1.13	1.29
hero	1.13	1.74
largest	1.14	4.57
drafted	1.14	2.23
transition	1.14	1.82
enjoying	1.14	4.59
reliable	1.14	2.18
enthusiasm	1.14	3.48
moore	1.15	1.30
blackmon	1.15	1.65
11th	1.15	4.67
legendary	1.17	1.60
nfl	1.17	1.95
standings	1.17	3.80
4th	1.17	4.71
works	1.17	2.08
mercer	1.17	1.37
magical	1.18	1.46
catching	1.18	1.60
popular	1.18	1.62
fake	1.19	1.60
grew	1.19	1.18
animal	1.20	1.53
rounder	1.20	2.41
highlights	1.20	1.42
omaha	1.20	1.28
project	1.20	1.59
heated	1.20	1.91
yogi	1.21	1.44
downtown	1.21	1.39
nightmares	1.21	1.67
likely	1.21	2.30
potential	1.23	1.54
dead	1.23	1.45
adidas	1.23	1.33
suit	1.24	1.29
role	1.24	1.82
manager	1.24	1.70
lacrosse	1.25	2.39
obama	1.25	1.58
county	1.25	1.23
sports	1.25	2.25
upcoming	1.26	1.70
mcbuckets	1.27	1.81
pool	1.27	1.55
comparable	1.28	1.90
excellent	1.28	3.22
roof	1.29	1.41
afraid	1.29	5.38
efficient	1.29	2.15
friendly	1.29	2.03
rocking	1.30	1.59
glad	1.30	4.80
unlikely	1.30	2.12
bracket	1.30	1.64
vleet	1.30	1.59
color	1.30	1.50
all-time	1.31	4.87
3rd	1.31	4.57
men	1.31	2.63
shoes	1.31	1.39
brackets	1.32	1.62
creighton	1.32	2.11
outstanding	1.32	3.03
legit	1.32	1.99
shirts	1.32	1.44
valuable	1.32	1.96
baseball	1.32	2.53
respectable	1.33	2.08
similar	1.33	1.99
controversy	1.33	1.68
kilpatrick	1.33	1.84
athleticism	1.34	1.50
cute	1.34	2.53
expensive	1.34	1.85
stellar	1.34	3.48
happier	1.35	4.77
volleyball	1.35	2.40
seeing	1.35	3.58
black	1.35	1.51
stevens	1.36	1.34
upgrade	1.36	1.38
tie	1.36	2.54
soccer	1.36	2.60
strong	1.37	1.86
finishing	1.37	4.04
seriousness	1.37	2.04
watch	1.38	2.16
meaningful	1.38	1.78
1st	1.38	3.89
finished	1.39	4.20
wet	1.39	2.00
nba	1.39	2.23
projected	1.41	3.75
talented	1.41	2.24
sexy	1.41	1.75
madness	1.41	1.52
white	1.42	1.49
useful	1.42	2.15
shocked	1.42	5.09
grade	1.42	3.13
alternate	1.43	1.30
5th	1.43	4.38
def	1.43	1.27
picked	1.43	1.64
handler	1.44	2.04
tied	1.44	4.13
fourth	1.45	4.12
full	1.45	1.74
tough	1.45	2.19
confident	1.45	5.34
sc	1.46	1.43
rare	1.46	2.22
short	1.46	1.98
wrestling	1.47	2.26
leader	1.47	2.29
solid	1.48	3.44
jersey	1.48	1.47
shirt	1.48	1.47
small	1.48	1.76
buckets	1.48	1.67
decent	1.49	3.28
darn	1.49	2.13
cleanthony	1.49	1.53
shooter	1.49	2.16
6th	1.50	4.34
sure	1.50	4.48
finish	1.51	4.31
old	1.51	1.80
accurate	1.52	2.02
their	1.52	4.38
miserable	1.52	3.20
colors	1.52	1.66
embarrassed	1.52	4.64
infuriating	1.53	3.11
secondary	1.53	1.92
nail	1.54	1.76
valid	1.54	3.55
hopeful	1.56	5.03
generous	1.56	4.06
worthy	1.57	1.49
phenomenal	1.57	3.37
telling	1.57	3.65
red	1.58	1.53
basketball	1.58	4.54
howland	1.60	1.63
highlight	1.62	1.44
place	1.62	4.05
helpful	1.63	2.38
scottie	1.65	1.92
college	1.65	4.42
blue	1.66	1.50
thin	1.68	2.09
bright	1.68	1.52
team	1.68	4.28
weird	1.69	3.68
garden	1.70	1.51
dakich	1.70	3.32
boring	1.70	2.60
wears	1.70	1.67
simple	1.71	3.12
grey	1.71	1.55
purple	1.73	1.59
pleased	1.74	4.89
creative	1.75	2.11
mistake	1.76	4.06
shorts	1.77	1.59
sees	1.77	3.28
passer	1.78	2.15
dan	1.78	3.37
wore	1.79	1.72
design	1.79	1.56
jerseys	1.80	1.62
8th	1.81	5.43
9th	1.81	5.36
funny	1.83	3.66
proper	1.83	3.36
entertaining	1.84	3.58
sarcasm	1.84	4.15
familiar	1.85	4.07
wow	1.85	3.13
suppose	1.88	4.18
rub	1.88	3.01
dangerous	1.88	2.17
reasonable	1.88	3.05
uniforms	1.89	1.76
expecting	1.90	4.60
minority	1.90	3.44
pointing	1.91	3.82
smooth	1.91	2.11
sixth	1.92	3.89
great	1.93	2.95
competitive	1.94	2.19
incredible	1.94	3.02
difficult	1.96	2.16
hoping	1.96	4.77
orange	1.97	1.76
gold	1.98	1.73
2nd	1.99	5.32
enjoyable	1.99	2.72
rooting	2.00	4.02
yellow	2.00	1.76
wear	2.03	1.78
wearing	2.05	1.80
primary	2.05	3.66
stressful	2.05	2.57
basic	2.06	3.44
gray	2.06	1.75
uniform	2.07	1.73
ignoring	2.08	3.74
player	2.10	4.10
classy	2.11	2.66
torn	2.12	4.05
known	2.12	2.59
counts	2.13	2.80
genius	2.14	2.60
quick	2.15	3.09
comfortable	2.15	3.75
violation	2.15	3.89
crush	2.15	2.25
suited	2.16	3.09
rooted	2.17	2.87
cake	2.17	3.13
third	2.22	4.96
grammar	2.23	3.89
ehh	2.24	3.64
sick	2.24	3.22
holy	2.24	3.07
answer	2.25	4.11
leading	2.25	4.53
unique	2.26	2.44
notch	2.27	2.65
willing	2.32	4.39
powerful	2.32	3.65
clean	2.32	3.53
hard	2.33	3.96
option	2.33	4.04
proved	2.34	3.50
talked	2.37	2.85
insane	2.38	3.20
thank	2.38	3.12
lucky	2.40	3.18
clever	2.43	2.95
acceptable	2.44	3.44
truly	2.44	2.60
vision	2.45	2.69
brilliant	2.47	3.28
v	2.48	3.79
epic	2.49	2.75
expert	2.50	3.42
mcdermott	2.51	4.07
harsh	2.52	2.83
fortunate	2.52	2.86
ready	2.52	4.17
intensity	2.52	3.09
changed	2.55	3.56
liking	2.56	2.91
doug	2.56	3.44
dramatic	2.56	2.82
ladies	2.56	2.70
technically	2.58	3.58
depressing	2.58	2.87
lob	2.59	3.69
hoops	2.59	2.95
an	2.59	2.73
type	2.59	2.65
qualify	2.61	3.24
forever	2.61	2.84
watched	2.67	3.18
job	2.67	2.55
dirty	2.68	2.66
humble	2.68	2.92
unstoppable	2.69	2.67
saving	2.69	2.35
interesting	2.70	3.79
energy	2.70	3.27
scorer	2.71	3.83
enjoyed	2.72	2.72
helluva	2.72	2.45
pass	2.72	3.38
fair	2.73	3.25
supporting	2.74	3.54
remarkable	2.75	2.68
met	2.77	3.18
man	2.78	3.23
felt	2.78	2.55
fun	2.81	3.00
ending	2.81	2.98
faith	2.82	3.11
disgusting	2.83	3.11
consolation	2.83	2.85
prefer	2.83	2.69
good	2.84	2.92
fast	2.87	2.94
brings	2.87	3.02
attractive	2.88	2.03
compliment	2.89	2.87
watching	2.92	2.59
terrifying	2.95	2.50
covering	2.97	2.56
kid	2.97	2.79
clutch	2.98	3.24
monster	3.00	2.79
hustle	3.00	2.93
jimmy	3.01	2.97
unfortunate	3.02	2.63
jack	3.05	2.88
cool	3.06	3.64
pumped	3.07	4.20
raised	3.08	3.21
tremendous	3.11	2.67
beautiful	3.16	2.71
easy	3.20	2.71
feels	3.21	3.11
stroke	3.21	3.05
flashbacks	3.23	2.86
interested	3.23	3.59
videos	3.23	2.55
important	3.26	2.81
nuts	3.28	2.67
happening	3.30	3.21
crazy	3.31	2.94
shame	3.36	2.89
ugly	3.39	3.19
fancy	3.44	2.80
rebounder	3.45	3.14
received	3.52	2.79
ta	3.53	3.22
appreciated	3.54	2.92
unis	3.57	2.93
attended	3.57	2.82
intense	3.61	2.80
someday	3.62	2.74
unbelievable	3.63	2.53
lt	3.65	2.66
husker	3.66	2.58
ben	3.70	2.84
damn	3.73	3.00
damned	3.74	2.81
perfect	3.77	2.80
exciting	3.78	2.70
neat	3.80	3.15
unreal	3.85	2.85
loving	3.88	3.42
scary	3.93	3.05
spectacular	4.06	2.25
kevin	4.10	3.00
blast	4.18	2.74
impressive	4.22	2.81
appreciate	4.28	2.39
badass	4.42	2.91
special	4.50	2.13
wonderful	4.51	1.91
