worse	-5.59	1.72
tasted	-5.34	1.37
sick	-5.15	1.85
animal	-4.86	2.04
scenario	-4.75	2.43
suffer	-4.69	2.14
case	-4.62	2.80
identical	-4.57	2.21
unfortunate	-4.53	1.63
happens	-4.46	2.91
bitter	-4.40	2.04
proves	-4.39	2.44
behavior	-4.32	2.10
tongue	-4.29	1.88
leftover	-4.26	2.56
whenever	-4.21	2.55
life	-4.16	2.38
strongly	-4.14	2.08
annoying	-4.08	2.42
avoid	-4.07	2.55
situations	-4.02	2.39
apply	-4.01	2.60
normally	-3.96	2.66
cigarettes	-3.96	2.60
sticks	-3.95	2.72
dying	-3.87	2.56
part	-3.83	2.90
prepared	-3.82	2.61
served	-3.80	2.66
dxm	-3.79	2.73
animals	-3.78	2.57
salts	-3.78	2.62
tape	-3.76	2.47
ripped	-3.75	2.96
mixed	-3.72	2.81
fed	-3.70	2.73
jealous	-3.64	2.66
except	-3.60	2.77
junk	-3.56	2.35
prepare	-3.54	2.18
ignored	-3.49	3.46
piece	-3.48	2.56
spice	-3.45	2.69
tired	-3.41	2.69
uncomfortable	-3.41	2.33
explains	-3.29	2.59
former	-3.28	2.73
stomach	-3.25	2.37
threat	-3.24	2.43
harsh	-3.24	1.97
deserve	-3.24	2.82
smallest	-3.22	2.77
describing	-3.20	2.78
despite	-3.17	2.58
spread	-3.17	2.76
giant	-3.15	3.12
technology	-3.15	3.02
misleading	-3.12	2.54
sigh	-3.11	2.67
lame	-3.09	2.58
angry	-3.09	3.09
ridiculous	-3.08	2.12
entrapment	-3.07	2.73
douche	-3.05	3.17
kind	-2.98	3.45
situation	-2.95	2.74
idiots	-2.93	3.01
loud	-2.89	2.99
trained	-2.81	2.68
caution	-2.81	2.65
uncommon	-2.77	2.44
bitches	-2.75	2.65
tastes	-2.72	2.26
surprising	-2.67	2.84
laugh	-2.65	3.32
dangerous	-2.57	2.41
career	-2.56	2.65
severe	-2.54	1.24
hurts	-2.51	2.84
apparent	-2.45	2.62
guilty	-2.44	4.19
model	-2.42	2.84
implying	-2.41	4.67
layout	-2.33	2.68
story	-2.33	3.12
ended	-2.32	2.33
abuse	-2.31	1.38
outcome	-2.31	2.22
potentially	-2.26	1.48
mouth	-2.25	1.35
boring	-2.24	2.96
taste	-2.24	2.39
lead	-2.19	1.76
throat	-2.16	1.26
ugh	-2.15	2.60
whether	-2.13	4.84
trial	-2.12	2.58
jury	-2.11	2.36
alp	-2.09	1.36
society	-2.07	1.76
die	-2.07	2.03
judge	-2.01	2.26
where	-2.00	5.26
happening	-1.98	3.34
broken	-1.98	4.12
goddamn	-1.96	3.12
role	-1.94	1.33
famous	-1.93	2.93
doing	-1.91	5.39
burns	-1.90	1.46
saying	-1.89	5.49
cd	-1.89	2.24
court	-1.87	2.35
typed	-1.87	4.55
thick	-1.87	1.24
exactly	-1.87	5.43
happen	-1.86	4.14
physically	-1.86	1.53
human	-1.86	1.52
something	-1.85	5.38
missing	-1.85	4.73
exist	-1.84	4.97
same	-1.84	4.54
mean	-1.84	5.53
laughed	-1.84	3.45
ends	-1.83	1.82
crying	-1.82	3.16
addicted	-1.81	1.32
swallow	-1.80	1.48
against	-1.80	1.83
absolutely	-1.79	2.77
lawyer	-1.75	2.46
cause	-1.75	2.27
possibly	-1.74	2.28
attorney	-1.74	2.30
conviction	-1.73	2.49
argue	-1.73	3.33
basically	-1.72	3.43
fact	-1.71	4.25
username	-1.70	4.64
unsure	-1.69	4.67
stop	-1.69	2.75
sure	-1.69	5.38
course	-1.68	5.40
understand	-1.68	5.46
cases	-1.68	2.19
going	-1.68	5.40
getting	-1.67	3.55
talking	-1.67	5.23
lie	-1.67	3.17
math	-1.66	4.22
overdose	-1.66	1.46
presumably	-1.66	2.47
dox	-1.65	1.52
cp	-1.63	1.66
odd	-1.63	2.33
suggesting	-1.62	3.45
defense	-1.62	2.12
impression	-1.62	4.51
occur	-1.62	2.67
disagree	-1.61	3.26
right	-1.60	5.41
associated	-1.59	1.91
depression	-1.59	1.42
impatient	-1.59	2.17
happened	-1.59	3.98
applies	-1.58	1.80
withdrawals	-1.57	1.60
withdrawal	-1.56	1.53
event	-1.56	2.06
freak	-1.55	2.71
dear	-1.54	3.33
evidence	-1.54	2.33
rights	-1.53	2.09
caught	-1.53	2.79
confused	-1.53	4.34
entire	-1.51	1.98
fell	-1.51	1.71
thing	-1.50	4.06
profiling	-1.48	1.72
criminal	-1.48	2.18
unlikely	-1.48	2.00
belief	-1.48	1.70
wondering	-1.47	5.09
goes	-1.47	3.55
initially	-1.47	2.23
surprised	-1.46	4.70
gets	-1.46	2.64
laughing	-1.46	2.74
ulbricht	-1.44	2.18
paper	-1.44	1.26
breaks	-1.44	1.95
unless	-1.43	4.63
attacks	-1.43	1.81
remember	-1.43	4.59
pain	-1.42	1.28
consider	-1.42	3.02
essentially	-1.42	2.64
arguing	-1.42	3.97
dare	-1.41	2.44
spelling	-1.41	3.54
place	-1.40	3.75
ross	-1.40	2.26
pattern	-1.40	2.17
realize	-1.40	4.63
deniability	-1.40	1.96
survive	-1.40	2.71
stopping	-1.39	1.53
rude	-1.39	2.19
financial	-1.39	1.71
improved	-1.38	2.51
believe	-1.38	4.87
matter	-1.38	4.84
fine	-1.37	4.93
ops	-1.37	3.81
ignorant	-1.37	2.25
joke	-1.37	3.34
alcohol	-1.36	1.65
claim	-1.36	3.12
formatting	-1.36	3.46
how	-1.36	4.89
works	-1.36	3.75
hurt	-1.36	2.95
know	-1.35	4.84
seizure	-1.35	1.98
teeth	-1.35	1.52
absolute	-1.35	3.56
thinking	-1.35	5.02
why	-1.34	4.93
fuckin	-1.34	3.16
lying	-1.34	3.22
means	-1.34	4.39
assume	-1.33	4.80
prove	-1.33	3.97
busted	-1.33	2.48
telling	-1.33	4.33
jail	-1.33	2.24
doubt	-1.33	4.03
catch	-1.33	2.56
poor	-1.33	2.20
chemical	-1.33	1.57
knowing	-1.33	3.81
pissed	-1.32	2.65
either	-1.32	4.79
moron	-1.32	2.21
idiot	-1.32	2.50
understood	-1.32	4.09
proving	-1.32	2.18
odds	-1.32	2.28
say	-1.31	4.89
leading	-1.31	1.76
proceed	-1.31	1.73
temporary	-1.31	1.68
realise	-1.30	4.01
even	-1.30	4.78
tries	-1.30	2.45
excited	-1.30	3.37
think	-1.30	4.88
explain	-1.30	4.25
being	-1.29	3.11
intercepted	-1.29	2.33
work	-1.29	4.78
grain	-1.29	1.64
blackmail	-1.29	1.90
addiction	-1.28	1.23
heavily	-1.28	2.19
care	-1.28	4.79
suspect	-1.28	2.82
rest	-1.28	2.40
handle	-1.28	3.26
trolling	-1.27	4.17
bad	-1.27	2.33
pretend	-1.27	4.23
thrown	-1.27	2.08
cunt	-1.27	2.23
led	-1.27	1.70
were	-1.26	4.21
sketched	-1.26	2.58
alprazolam	-1.26	1.43
possible	-1.25	3.65
robbed	-1.25	2.26
threaten	-1.25	2.23
knew	-1.25	4.01
addressed	-1.25	2.04
humor	-1.25	1.98
remembered	-1.24	4.55
cat	-1.24	1.61
convicted	-1.24	2.64
figure	-1.24	4.53
admit	-1.23	3.75
justice	-1.23	1.87
indictment	-1.23	2.23
kill	-1.23	2.34
probably	-1.23	4.76
foil	-1.23	1.30
acceptable	-1.22	2.03
lied	-1.22	2.18
actually	-1.21	4.82
end	-1.21	2.64
here	-1.21	4.50
prison	-1.21	2.19
proper	-1.21	3.42
come	-1.21	4.28
go	-1.20	4.40
americans	-1.20	2.17
surely	-1.20	2.33
imagine	-1.19	4.65
re	-1.19	4.34
anymore	-1.19	4.62
because	-1.19	4.83
we	-1.19	4.55
involve	-1.19	2.25
dogs	-1.19	1.72
described	-1.19	2.62
particular	-1.19	2.72
simply	-1.18	3.73
comes	-1.18	2.98
tell	-1.18	4.54
fucked	-1.18	4.64
frankly	-1.18	2.07
reality	-1.17	1.98
defending	-1.17	2.60
talk	-1.16	4.13
common	-1.16	2.98
truth	-1.16	2.82
point	-1.16	4.56
then	-1.16	4.63
often	-1.15	2.18
employees	-1.15	1.68
did	-1.15	4.68
intentionally	-1.15	2.26
true	-1.15	4.39
expect	-1.15	4.40
aspect	-1.15	1.82
lies	-1.15	2.01
confusing	-1.15	2.02
probable	-1.15	2.08
solve	-1.15	3.45
chance	-1.14	2.83
snitch	-1.14	2.09
claiming	-1.14	2.78
whoever	-1.14	2.69
detect	-1.14	1.81
real	-1.13	3.15
mostly	-1.13	1.92
elaborate	-1.13	2.82
killing	-1.13	2.34
arrest	-1.13	2.26
type	-1.13	2.12
should	-1.13	4.71
asleep	-1.13	1.70
specifics	-1.13	3.71
complain	-1.13	3.51
could	-1.13	4.65
bigger	-1.13	1.84
op	-1.12	4.75
whole	-1.12	2.00
ids	-1.12	1.70
feds	-1.12	2.42
making	-1.12	3.74
ie	-1.12	1.78
doxxed	-1.12	2.26
handed	-1.11	2.04
still	-1.11	4.70
really	-1.11	4.58
justify	-1.11	2.06
does	-1.11	4.60
make	-1.11	4.34
obtained	-1.10	2.07
need	-1.10	4.55
honestly	-1.10	4.69
threatening	-1.10	1.88
bitching	-1.10	3.31
hardcore	-1.10	2.20
bored	-1.10	3.37
bus	-1.09	1.80
pressure	-1.09	1.53
typing	-1.09	4.54
maybe	-1.09	4.61
caused	-1.09	1.83
dpr	-1.08	2.18
handled	-1.08	1.58
prevent	-1.08	2.16
zero	-1.08	1.87
scumbag	-1.08	2.29
them	-1.07	4.49
taking	-1.06	3.80
theft	-1.06	2.24
want	-1.06	4.59
pieces	-1.06	1.56
burn	-1.06	1.59
matters	-1.06	3.34
arrested	-1.06	2.59
working	-1.05	3.83
naive	-1.05	2.31
prick	-1.05	2.34
tells	-1.05	2.61
stupid	-1.05	2.27
permanent	-1.05	1.63
board	-1.04	1.81
see	-1.04	4.65
liar	-1.04	2.41
stupidity	-1.04	1.85
wherever	-1.04	2.58
bringing	-1.03	2.54
conversation	-1.03	2.98
sentences	-1.03	2.26
subject	-1.03	1.82
though	-1.03	4.60
notice	-1.03	3.73
entirely	-1.03	2.65
nbomes	-1.03	1.62
likely	-1.03	3.78
charged	-1.02	2.62
said	-1.02	4.39
pile	-1.02	1.74
biggest	-1.02	3.51
stands	-1.02	1.99
breaking	-1.02	1.77
returned	-1.01	2.38
addictive	-1.01	1.34
packaged	-1.01	2.19
plausible	-1.01	1.96
assumption	-1.01	4.30
reach	-1.01	2.22
realized	-1.00	3.00
deal	-1.00	4.08
also	-1.00	4.59
result	-1.00	1.78
sees	-1.00	2.58
recall	-1.00	2.72
worry	-1.00	4.31
nose	-1.00	1.50
coming	-1.00	3.87
quit	-1.00	2.27
damage	-1.00	1.69
however	-0.99	4.60
events	-0.99	1.76
afford	-0.99	3.86
lmao	-0.99	3.40
theirs	-0.99	3.22
b/c	-0.99	2.25
having	-0.99	3.35
spamming	-0.98	2.26
find	-0.98	4.21
vending	-0.98	3.05
circumstances	-0.98	1.84
tag	-0.98	2.24
definitely	-0.98	4.48
drink	-0.98	1.81
seeing	-0.97	3.95
hold	-0.97	1.92
rcs	-0.97	1.80
although	-0.97	4.22
recognize	-0.97	3.61
humans	-0.97	1.77
metal	-0.96	1.73
smells	-0.96	1.69
sentence	-0.96	2.29
influence	-0.96	2.52
solved	-0.96	2.06
lady	-0.96	1.98
reason	-0.96	4.39
anything	-0.96	4.57
risking	-0.96	2.07
symptoms	-0.95	1.83
affected	-0.95	2.27
let	-0.95	4.46
easier	-0.95	2.15
may	-0.95	4.50
ordering	-0.95	3.57
second	-0.94	3.02
charges	-0.94	2.35
badly	-0.94	2.20
now	-0.94	4.64
decide	-0.94	3.69
attention	-0.94	2.11
felony	-0.94	2.54
incorrect	-0.93	4.22
owe	-0.93	2.39
someone	-0.93	4.08
experiencing	-0.93	2.80
causes	-0.93	1.89
waste	-0.93	2.90
actions	-0.93	2.16
rarely	-0.92	1.84
le	-0.92	2.76
claims	-0.92	2.26
lives	-0.92	2.26
poorly	-0.91	1.82
pants	-0.91	1.70
constantly	-0.91	2.30
without	-0.91	2.73
radar	-0.91	2.08
certainly	-0.91	4.29
fund	-0.91	1.91
wonder	-0.91	2.91
mistaken	-0.91	4.98
honeypot	-0.91	2.32
will	-0.91	4.44
starts	-0.91	2.29
use	-0.91	3.47
laws	-0.90	2.21
mailing	-0.90	1.88
distribution	-0.90	2.00
stating	-0.90	2.34
searched	-0.90	2.16
coincidence	-0.90	3.64
vend	-0.90	2.34
charge	-0.90	2.48
cover	-0.89	2.26
obviously	-0.89	4.42
younger	-0.89	1.76
everyday	-0.89	1.70
responding	-0.89	2.68
mention	-0.89	4.41
backopy	-0.89	2.21
way	-0.89	3.97
openly	-0.89	2.18
necessarily	-0.88	3.65
else	-0.88	4.31
whatever	-0.88	4.52
bother	-0.88	3.75
scammed	-0.88	2.56
dea	-0.88	2.11
idea	-0.87	4.36
operation	-0.87	1.98
impossible	-0.87	2.38
grows	-0.87	1.77
ignoring	-0.87	2.85
coffee	-0.87	1.64
hint	-0.87	1.87
smell	-0.87	1.69
leads	-0.87	2.25
take	-0.87	4.08
plastic	-0.87	1.33
seem	-0.87	3.96
everywhere	-0.86	2.13
threats	-0.86	1.98
theory	-0.86	2.75
indicate	-0.86	2.51
holding	-0.86	2.20
blotter	-0.86	1.56
wasting	-0.86	2.99
correctly	-0.86	4.47
seized	-0.85	2.70
scared	-0.85	3.12
dont	-0.85	4.40
might	-0.85	4.53
pathetic	-0.85	1.99
wo	-0.85	4.32
saved	-0.85	2.20
envelope	-0.85	1.51
mixing	-0.85	1.92
contacted	-0.85	2.78
saving	-0.85	2.13
wrap	-0.84	1.41
mindset	-0.84	3.03
affects	-0.84	1.77
call	-0.84	3.37
recover	-0.84	2.41
ensure	-0.84	2.23
ll	-0.84	4.41
complaint	-0.84	2.20
asking	-0.83	4.17
anywhere	-0.83	3.92
stress	-0.83	2.18
present	-0.83	1.83
victim	-0.83	1.85
warrant	-0.83	2.24
dog	-0.83	1.79
people	-0.83	3.34
show	-0.83	3.70
one	-0.83	4.27
africa	-0.83	2.31
process	-0.83	2.21
enough	-0.83	4.11
told	-0.82	3.73
there	-0.82	4.14
rip	-0.82	2.15
knows	-0.82	3.48
world	-0.82	2.34
worried	-0.82	3.72
stuck	-0.82	2.37
idk	-0.82	4.04
stack	-0.82	1.74
authorities	-0.82	2.07
d	-0.82	4.52
lines	-0.82	2.13
asshole	-0.82	2.27
false	-0.81	2.14
anyone	-0.81	4.33
possession	-0.81	2.54
fight	-0.81	2.27
origin	-0.81	2.64
stealing	-0.81	2.40
ca	-0.81	4.37
secret	-0.81	2.35
otherwise	-0.81	3.63
team	-0.80	2.35
which	-0.80	4.28
person	-0.80	3.79
confirmation	-0.80	2.21
wtf	-0.80	3.99
alice	-0.80	2.20
using	-0.80	3.36
remind	-0.80	3.80
failed	-0.80	2.33
harder	-0.80	2.12
conditions	-0.80	1.65
sometimes	-0.80	2.71
involving	-0.79	1.89
sticking	-0.79	2.18
crappy	-0.79	1.56
bet	-0.79	4.38
troll	-0.79	2.30
deny	-0.79	3.06
hardware	-0.79	1.73
ruin	-0.79	2.13
universe	-0.79	2.22
advertisement	-0.79	2.32
asap	-0.79	2.53
noted	-0.79	1.74
fix	-0.79	2.43
calls	-0.78	2.31
looking	-0.78	4.30
totally	-0.78	4.26
mentally	-0.77	1.58
failure	-0.77	2.03
nobody	-0.77	3.85
serve	-0.77	1.72
adequate	-0.77	2.78
mental	-0.77	1.70
phrase	-0.77	2.40
stretch	-0.77	2.56
profiled	-0.77	2.39
bound	-0.77	2.24
ask	-0.77	4.13
throughout	-0.77	2.00
burned	-0.77	1.87
retard	-0.76	2.30
jumped	-0.76	2.37
gone	-0.76	4.15
decides	-0.76	2.59
approach	-0.76	2.00
e.g	-0.76	2.11
convince	-0.76	2.86
randomly	-0.76	1.78
committed	-0.76	2.41
sending	-0.76	3.39
sort	-0.76	2.25
maintenance	-0.75	3.27
extraction	-0.75	1.83
parts	-0.75	2.12
hospital	-0.75	2.63
afraid	-0.75	3.42
closest	-0.75	3.74
receiving	-0.75	3.23
dumbass	-0.75	2.07
start	-0.75	3.34
fakes	-0.75	1.66
anxiety	-0.75	1.44
trust	-0.75	3.84
desk	-0.75	2.26
instead	-0.74	3.17
suspected	-0.74	2.20
deserves	-0.74	2.52
purpose	-0.74	2.39
danger	-0.74	2.02
possibility	-0.74	2.39
alone	-0.73	2.84
freaked	-0.73	2.51
pg	-0.73	1.68
assuming	-0.73	4.71
sniff	-0.73	1.69
obvious	-0.73	2.67
problem	-0.73	3.91
exception	-0.73	2.12
benzo	-0.73	1.45
accidentally	-0.72	2.43
accusations	-0.72	2.52
wear	-0.72	2.08
ignore	-0.72	2.74
etiz	-0.72	1.67
followed	-0.72	1.76
somebody	-0.72	3.68
adult	-0.72	1.81
affect	-0.72	2.63
useless	-0.72	1.81
bust	-0.72	2.27
trying	-0.72	4.21
hence	-0.72	2.03
power	-0.72	2.38
beyond	-0.72	2.27
gtfo	-0.72	1.93
harmful	-0.72	1.38
structure	-0.71	2.63
governments	-0.71	2.05
expecting	-0.71	4.03
responsible	-0.71	1.99
airport	-0.71	1.88
resolved	-0.71	2.59
quicker	-0.71	1.99
by	-0.71	3.11
dosing	-0.71	1.62
murder	-0.71	2.24
innocent	-0.71	2.45
cops	-0.71	2.35
apart	-0.71	2.16
dealing	-0.71	3.20
doxx	-0.71	2.42
fit	-0.71	1.81
virtually	-0.71	2.31
spare	-0.71	2.19
police	-0.70	2.29
raid	-0.70	1.94
county	-0.70	2.58
anytime	-0.70	2.69
difference	-0.70	3.08
ddos	-0.70	1.98
stops	-0.70	2.19
potential	-0.70	1.96
spending	-0.70	2.23
death	-0.70	1.94
wrapped	-0.70	1.51
requirement	-0.69	2.47
leo	-0.69	2.61
appears	-0.69	2.19
he/she	-0.69	3.59
arriving	-0.69	3.24
shut	-0.69	2.31
storage	-0.69	1.93
train	-0.69	1.82
another	-0.69	3.62
wanted	-0.69	4.22
proof	-0.69	2.90
under	-0.69	2.97
admitted	-0.69	2.51
itself	-0.69	2.70
plan	-0.69	3.15
confiscated	-0.69	2.57
depends	-0.68	3.02
wiped	-0.68	2.91
meant	-0.68	4.15
break	-0.68	2.73
attract	-0.68	2.11
others	-0.68	3.90
back	-0.68	3.80
brilliant	-0.68	2.64
nervous	-0.67	2.72
inspection	-0.67	1.99
taxes	-0.67	2.03
completely	-0.67	3.58
complaining	-0.67	3.54
skip	-0.67	2.20
scammers	-0.67	2.41
kick	-0.67	2.41
appear	-0.67	2.53
move	-0.67	2.73
concerned	-0.67	3.62
familiar	-0.67	3.24
inactive	-0.67	1.68
mistakes	-0.66	2.59
try	-0.66	4.28
ephedrine	-0.66	1.66
cry	-0.66	2.37
implemented	-0.66	2.29
big	-0.66	1.91
live	-0.66	3.05
couldnt	-0.66	3.25
guns	-0.66	2.03
backup	-0.66	2.09
everything	-0.65	4.03
region	-0.65	3.06
dissolve	-0.65	1.65
rid	-0.65	1.95
flash	-0.65	1.96
pulling	-0.65	2.78
worrying	-0.65	3.03
debate	-0.65	2.76
aside	-0.65	1.87
ultimately	-0.65	2.30
frustrating	-0.65	1.86
plant	-0.65	1.77
everyone	-0.65	3.82
nonsense	-0.65	1.99
bs	-0.65	2.15
moving	-0.65	3.04
shilling	-0.64	2.19
himself	-0.64	2.91
commit	-0.64	2.60
fear	-0.64	1.69
investigation	-0.64	1.98
responded	-0.64	2.74
precautions	-0.64	2.46
spell	-0.64	2.87
busting	-0.64	2.97
fish	-0.64	1.68
design	-0.64	1.81
pocket	-0.64	2.27
sooner	-0.64	3.00
starting	-0.63	3.82
causing	-0.63	2.00
city	-0.63	2.98
skeptical	-0.63	3.22
conclusion	-0.63	2.31
contents	-0.63	1.99
decentralized	-0.63	2.39
remotely	-0.63	3.08
format	-0.63	2.25
complete	-0.63	1.77
follow	-0.63	2.46
downvote	-0.62	3.08
frequently	-0.62	2.05
title	-0.62	2.90
time	-0.62	3.96
throwing	-0.62	2.72
cure	-0.62	1.76
regularly	-0.62	2.04
crime	-0.62	2.25
learn	-0.62	3.04
continue	-0.62	2.94
unencrypted	-0.62	2.13
woke	-0.62	1.77
desperate	-0.62	1.95
behind	-0.62	2.85
asks	-0.62	2.99
when	-0.62	3.99
pays	-0.62	2.71
federal	-0.62	2.29
grow	-0.62	1.91
teach	-0.62	2.96
argument	-0.62	3.16
went	-0.62	3.30
treated	-0.61	1.86
holes	-0.61	2.48
bump	-0.61	1.79
able	-0.61	3.74
threw	-0.61	2.26
business	-0.61	3.39
leak	-0.61	2.71
protecting	-0.61	2.22
claimed	-0.61	2.83
attempts	-0.61	2.33
fe'ing	-0.61	2.76
ingredients	-0.61	1.57
again	-0.61	4.23
closely	-0.60	2.10
locked	-0.60	2.24
issue	-0.60	3.20
wanting	-0.60	3.71
location	-0.60	2.80
round	-0.60	1.82
look	-0.60	3.86
threatened	-0.60	2.48
advise	-0.60	2.32
hide	-0.60	2.78
law	-0.60	2.31
analogue	-0.59	1.80
motherfucker	-0.59	2.16
suicide	-0.59	2.28
messed	-0.59	1.78
foreign	-0.59	2.11
fees	-0.59	1.74
nature	-0.59	2.33
up	-0.59	3.60
investigate	-0.59	2.37
etc	-0.59	2.00
growing	-0.59	1.67
calling	-0.58	2.66
pick	-0.58	3.12
cook	-0.58	1.96
state	-0.58	2.76
speak	-0.58	3.06
trick	-0.58	2.07
ppl	-0.58	2.61
ordinary	-0.58	1.47
scare	-0.58	2.58
buying	-0.58	3.15
knock	-0.58	2.62
dead	-0.58	2.11
family	-0.58	1.93
trusting	-0.58	3.19
skin	-0.58	1.62
personal	-0.58	1.76
needed	-0.58	2.53
funny	-0.58	3.26
rat	-0.58	2.09
empty	-0.57	1.73
anybody	-0.57	3.90
losing	-0.57	2.62
basic	-0.57	2.18
heart	-0.57	1.95
peoples	-0.57	2.26
shocked	-0.57	3.47
mod	-0.57	2.36
clue	-0.57	3.20
living	-0.57	2.69
mailed	-0.57	2.44
open	-0.57	2.10
shitty	-0.57	2.31
piss	-0.57	2.50
feing	-0.57	3.04
screwed	-0.57	2.77
warrants	-0.57	2.28
weird	-0.57	2.44
mandatory	-0.57	2.25
becuase	-0.57	2.49
shutting	-0.56	2.26
firearms	-0.56	1.98
raided	-0.56	2.34
an	-0.56	2.42
probation	-0.56	2.47
fool	-0.56	2.48
literally	-0.56	2.95
shame	-0.56	2.53
benefit	-0.56	2.44
asked	-0.56	3.52
outside	-0.56	2.73
called	-0.56	2.95
chems	-0.56	2.01
discuss	-0.56	3.11
operations	-0.56	2.11
attempt	-0.56	2.62
hacker	-0.56	2.45
freaking	-0.56	2.46
provided	-0.55	2.54
cancer	-0.55	1.74
no	-0.55	3.43
monitored	-0.55	2.73
defcon	-0.55	2.47
everybody	-0.55	3.23
excuses	-0.55	2.13
put	-0.55	2.36
men	-0.54	1.88
reads	-0.54	2.44
out	-0.54	3.77
finding	-0.54	2.92
perhaps	-0.54	3.37
upon	-0.54	2.23
hard	-0.54	1.84
activity	-0.54	1.98
consequences	-0.54	2.03
scam	-0.54	2.58
feature	-0.54	2.23
gmail	-0.54	2.68
wake	-0.54	1.93
language	-0.54	2.30
blame	-0.53	2.88
falling	-0.53	2.03
across	-0.53	2.25
removing	-0.53	3.13
unable	-0.53	3.16
due	-0.53	1.96
dpr2	-0.53	2.33
somewhere	-0.53	3.02
bitch	-0.53	2.19
plain	-0.53	2.11
checking	-0.53	3.33
middle	-0.53	2.31
things	-0.53	3.89
anyway	-0.53	4.37
country	-0.52	2.84
statement	-0.52	3.03
chances	-0.52	2.54
extent	-0.52	1.85
cant	-0.52	4.00
hire	-0.52	2.48
ahead	-0.52	2.70
suggest	-0.52	2.67
scammer	-0.52	2.58
moral	-0.52	2.34
down	-0.52	2.70
curious	-0.52	3.81
east	-0.52	2.98
sr1	-0.52	2.76
sign	-0.52	2.74
nbome	-0.52	1.53
hooked	-0.52	2.16
reasoning	-0.51	3.09
bullshit	-0.51	1.92
pay	-0.51	2.78
flagged	-0.51	2.32
hop	-0.51	2.36
pass	-0.51	2.78
sr2.0	-0.51	2.68
planet	-0.51	2.17
wipe	-0.51	1.94
regardless	-0.51	3.17
cycle	-0.51	2.15
whilst	-0.51	1.94
major	-0.51	2.01
trash	-0.51	2.02
criminals	-0.51	2.36
require	-0.51	2.93
intentions	-0.51	2.93
started	-0.51	3.11
suspicious	-0.51	1.86
children	-0.51	2.12
blank	-0.51	1.75
promise	-0.51	3.28
cleared	-0.51	2.77
food	-0.51	1.56
suddenly	-0.51	2.16
saw	-0.51	3.07
active	-0.51	1.83
cup	-0.51	1.54
lost	-0.51	2.81
fud	-0.51	2.21
postman	-0.51	2.51
incompetent	-0.50	2.48
guy	-0.50	3.94
inform	-0.50	3.11
residence	-0.50	2.16
town	-0.50	2.85
mentioning	-0.50	3.27
nowhere	-0.50	2.05
reported	-0.50	2.01
strange	-0.50	2.04
determine	-0.50	2.96
hesitate	-0.50	3.55
suspicion	-0.50	2.36
logical	-0.50	2.42
wouldnt	-0.50	3.65
intention	-0.50	2.88
trafficking	-0.50	2.39
similar	-0.50	1.68
machines	-0.49	2.12
monitoring	-0.49	2.28
dmt	-0.49	1.85
describe	-0.49	1.88
shill	-0.49	2.39
problems	-0.49	2.51
supposedly	-0.49	2.12
hacked	-0.49	2.41
compromised	-0.49	2.44
launch	-0.49	2.06
selling	-0.49	3.24
changes	-0.49	2.19
shouldnt	-0.49	3.02
context	-0.49	2.86
who	-0.48	3.80
run	-0.48	2.72
fresh	-0.48	1.47
tend	-0.48	2.17
whatsoever	-0.48	2.60
lawyers	-0.48	2.15
changing	-0.48	2.18
concept	-0.48	2.39
inside	-0.48	1.48
replaced	-0.48	2.48
scamming	-0.48	2.63
involved	-0.48	2.63
contained	-0.48	2.39
goal	-0.48	2.27
sr	-0.48	2.65
steps	-0.48	2.41
warn	-0.47	3.35
included	-0.47	2.46
treatment	-0.47	1.87
enforcement	-0.47	2.24
pop	-0.47	2.65
highly	-0.47	2.56
brought	-0.47	2.55
trace	-0.47	2.60
little	-0.47	2.85
largest	-0.47	1.96
stranger	-0.47	2.33
vulnerable	-0.47	2.21
1st	-0.47	1.95
m	-0.47	3.95
much	-0.47	3.17
putting	-0.47	2.70
become	-0.47	2.41
depending	-0.47	2.80
youre	-0.47	2.72
knowingly	-0.47	2.53
supposed	-0.46	4.36
exercise	-0.46	1.58
mass	-0.46	1.73
onymous	-0.46	2.32
attack	-0.46	2.10
guess	-0.46	4.28
crimes	-0.46	2.31
root	-0.46	1.87
coast	-0.46	3.01
pussy	-0.46	2.36
developed	-0.46	1.57
west	-0.45	2.95
fails	-0.45	2.27
hang	-0.45	2.35
bubble	-0.45	1.51
media	-0.45	1.93
outta	-0.45	2.51
forget	-0.45	3.32
advantage	-0.45	2.72
yourself	-0.45	3.51
dirty	-0.45	1.56
ran	-0.45	2.69
kinds	-0.45	2.11
seize	-0.45	2.24
r/silkroad	-0.45	2.45
compromise	-0.45	1.93
critical	-0.45	1.90
consuming	-0.45	1.75
fucks	-0.45	1.95
joking	-0.45	4.21
ability	-0.45	2.76
opened	-0.45	2.32
ease	-0.45	1.50
hesitant	-0.45	3.06
legal	-0.45	2.42
typically	-0.44	2.07
pcp	-0.44	1.89
located	-0.44	3.05
away	-0.44	2.72
busts	-0.44	2.27
area	-0.44	2.97
lazy	-0.44	2.54
certain	-0.44	2.17
incentive	-0.44	2.86
ama	-0.44	2.79
targeted	-0.44	2.47
creating	-0.44	2.28
bug	-0.44	2.54
enter	-0.44	2.63
moment	-0.44	3.25
faster	-0.44	1.88
act	-0.43	2.36
codeine	-0.43	1.64
persistent	-0.43	2.06
search	-0.43	2.40
jobs	-0.43	2.30
safely	-0.43	2.51
health	-0.43	1.91
killed	-0.43	2.05
while	-0.43	3.49
trouble	-0.43	2.90
importantly	-0.43	2.03
steal	-0.43	2.42
officers	-0.43	2.19
honor	-0.43	1.94
dust	-0.43	1.63
distribute	-0.43	2.39
age	-0.42	2.26
door	-0.42	2.39
doors	-0.42	2.18
logic	-0.42	2.22
quite	-0.42	3.14
currently	-0.42	3.37
thin	-0.42	1.87
selectively	-0.42	2.50
parcels	-0.42	1.84
whyusheep	-0.42	2.70
eventually	-0.42	3.21
thinks	-0.42	2.94
noob	-0.42	2.39
identify	-0.42	2.62
massive	-0.42	1.41
address	-0.42	2.65
smaller	-0.42	1.84
gon	-0.41	4.29
caffeine	-0.41	1.72
trail	-0.41	2.29
agree	-0.41	4.75
window	-0.41	2.13
passwords	-0.41	2.57
listen	-0.41	2.44
worker	-0.41	2.50
password	-0.41	2.64
accused	-0.41	2.50
broke	-0.41	2.26
controlled	-0.41	2.22
such	-0.41	2.34
settle	-0.41	2.73
incident	-0.41	2.22
packing	-0.41	2.79
effectively	-0.41	2.49
bsm	-0.41	2.18
wont	-0.41	3.71
hosted	-0.40	2.76
contact	-0.40	3.10
alert	-0.40	1.97
signs	-0.40	1.94
hiding	-0.40	2.01
mad	-0.40	2.79
especially	-0.40	2.50
fixed	-0.40	2.75
lived	-0.40	2.91
member	-0.40	2.14
label	-0.40	1.72
contraband	-0.40	2.38
overall	-0.40	2.46
commission	-0.40	1.78
gay	-0.40	1.94
workers	-0.40	2.04
park	-0.40	2.30
runs	-0.39	2.21
yours	-0.39	4.60
sarcastic	-0.39	4.23
sucked	-0.39	2.45
original	-0.39	2.70
chronic	-0.39	1.56
underground	-0.39	2.48
ml	-0.39	1.73
delete	-0.39	2.94
emails	-0.39	2.44
dunno	-0.39	3.13
explaining	-0.39	2.29
measures	-0.39	2.36
traced	-0.39	2.77
def	-0.38	2.18
stole	-0.38	2.43
thumb	-0.38	2.09
downvoted	-0.38	3.20
losses	-0.38	2.43
preference	-0.38	1.77
weapons	-0.38	1.92
drives	-0.38	1.89
sound	-0.38	2.83
dad	-0.38	1.77
blend	-0.38	1.88
minute	-0.38	2.25
primary	-0.38	2.19
contains	-0.38	2.24
purchasing	-0.38	3.12
shadowbanned	-0.38	2.91
shills	-0.38	2.20
committing	-0.38	2.40
becomes	-0.38	2.30
warning	-0.38	2.15
nearly	-0.38	2.91
defend	-0.38	2.16
identity	-0.38	2.67
unfortunately	-0.38	3.44
ignorance	-0.37	2.05
prescribed	-0.37	1.66
bottles	-0.37	1.91
bothered	-0.37	3.67
intent	-0.37	2.34
attempting	-0.37	2.95
browsing	-0.37	1.98
british	-0.37	2.32
logging	-0.37	2.65
switching	-0.37	2.79
factors	-0.37	3.02
arrives	-0.37	3.41
afaik	-0.37	1.97
searches	-0.37	2.27
inspector	-0.37	2.28
fbi	-0.37	2.31
position	-0.37	2.43
mods	-0.37	2.91
nausea	-0.37	1.44
side	-0.36	1.95
walking	-0.36	2.56
poppermachine	-0.36	2.07
larger	-0.36	1.74
requires	-0.36	2.59
paranoid	-0.36	2.84
unknown	-0.36	2.06
knocking	-0.36	2.44
delivered	-0.36	2.59
handling	-0.36	2.30
developer	-0.36	2.17
dependent	-0.36	2.37
refuse	-0.36	3.37
hopefully	-0.36	3.79
known	-0.36	2.56
hackers	-0.36	2.34
darkcoin	-0.36	2.64
single	-0.36	2.64
around	-0.36	3.51
doctor	-0.36	2.03
kids	-0.36	2.15
difficult	-0.36	2.03
obscure	-0.36	1.97
unique	-0.36	1.68
substance	-0.36	2.14
stores	-0.36	1.93
blows	-0.36	2.04
scrutiny	-0.36	2.12
gas	-0.36	1.86
depend	-0.36	3.03
choices	-0.35	1.67
avoided	-0.35	2.75
came	-0.35	3.19
physical	-0.35	1.93
determined	-0.35	2.42
meaning	-0.35	2.47
control	-0.35	2.70
doesnt	-0.35	3.48
throw	-0.35	2.57
industry	-0.35	2.32
deciding	-0.35	2.66
got	-0.35	3.48
track	-0.35	2.70
nothing	-0.35	4.18
benzos	-0.35	1.55
agencies	-0.35	2.31
25mg	-0.35	1.73
funding	-0.35	2.05
packages	-0.35	1.91
tiny	-0.35	1.68
raised	-0.35	2.15
chase	-0.35	2.91
ruined	-0.35	2.39
strongest	-0.34	3.32
flaws	-0.34	2.57
give	-0.34	3.70
midwest	-0.34	2.88
od	-0.34	1.87
mail	-0.34	1.81
latter	-0.34	2.19
central	-0.34	2.66
found	-0.34	3.51
internal	-0.34	2.22
wait	-0.34	3.49
replying	-0.34	3.13
penis	-0.34	1.83
repeatedly	-0.34	2.43
acquire	-0.34	2.81
died	-0.34	1.73
invest	-0.34	2.57
fly	-0.34	2.68
civil	-0.34	1.62
somehow	-0.33	2.52
4-aco-dmt	-0.33	1.66
blake	-0.33	2.29
fall	-0.33	2.14
withdraw	-0.33	2.53
truck	-0.33	2.25
timing	-0.33	2.28
serious	-0.33	2.31
thought	-0.33	3.56
silk	-0.33	2.48
spreading	-0.33	2.17
deposits	-0.33	2.41
set	-0.33	2.57
clearly	-0.32	2.93
education	-0.32	1.91
login	-0.32	2.67
wary	-0.32	2.64
sensitive	-0.32	2.30
jump	-0.32	2.37
wrote	-0.32	3.03
south	-0.32	2.68
access	-0.32	2.67
pull	-0.32	2.68
credentials	-0.32	2.66
consumption	-0.32	1.87
cracked	-0.32	2.21
hacking	-0.32	2.18
integrity	-0.32	2.06
american	-0.32	2.59
cop	-0.32	2.40
dl	-0.32	2.35
mix	-0.31	1.81
counter	-0.31	2.34
states	-0.31	2.41
giving	-0.31	3.46
chime	-0.31	3.72
planning	-0.31	3.17
car	-0.31	2.15
flaw	-0.31	2.58
employee	-0.31	2.48
tobacco	-0.31	1.65
closing	-0.31	2.42
toilet	-0.31	1.74
ban	-0.31	2.63
arrests	-0.31	2.45
signature	-0.31	2.41
sitting	-0.31	2.80
retarded	-0.31	2.24
government	-0.30	2.23
disabled	-0.30	2.45
usually	-0.30	2.26
independent	-0.30	2.12
tied	-0.30	2.47
widely	-0.30	1.92
transferred	-0.30	2.81
attached	-0.30	2.13
intercept	-0.30	2.27
strict	-0.30	1.95
supplies	-0.30	1.99
connected	-0.30	2.53
greater	-0.30	2.01
bring	-0.30	2.96
hack	-0.30	2.37
opening	-0.30	2.46
lot	-0.30	3.17
needs	-0.30	3.04
requiring	-0.30	2.55
shots	-0.29	2.37
sized	-0.29	1.49
facebook	-0.29	2.27
jumping	-0.29	2.76
tie	-0.29	2.73
dump	-0.29	2.19
send	-0.29	2.96
assure	-0.29	3.29
smart	-0.29	3.07
tbh	-0.29	2.37
drop	-0.29	2.19
medium	-0.29	1.77
rig	-0.29	1.54
ripping	-0.29	2.55
sorts	-0.29	2.20
stage	-0.29	2.33
accident	-0.29	2.35
seizures	-0.29	2.23
deliver	-0.29	2.32
north	-0.29	2.63
individual	-0.29	2.48
solely	-0.29	2.50
planned	-0.29	2.91
neighbor	-0.28	2.35
bugs	-0.28	2.50
laundering	-0.28	2.30
required	-0.28	2.65
marks	-0.28	2.33
analysis	-0.28	2.17
didnt	-0.28	3.67
searching	-0.28	2.49
spend	-0.28	2.55
personally	-0.28	4.04
clicking	-0.28	2.95
decision	-0.28	2.66
captcha	-0.28	2.95
compound	-0.28	2.01
bmr	-0.28	2.59
notes	-0.28	2.48
feet	-0.28	2.56
concern	-0.28	2.63
encourage	-0.28	2.79
picking	-0.28	2.55
blind	-0.28	2.00
sql	-0.28	2.19
flat	-0.27	1.55
rely	-0.27	2.31
pulled	-0.27	2.39
hat	-0.27	2.04
systems	-0.27	2.12
played	-0.27	2.26
study	-0.27	1.92
task	-0.27	2.16
effort	-0.27	2.61
custom	-0.27	1.92
into	-0.27	2.60
depositing	-0.27	2.64
kicked	-0.27	2.26
log	-0.27	2.97
practice	-0.27	2.10
words	-0.27	2.29
resell	-0.27	3.02
acts	-0.27	2.28
onto	-0.27	2.14
sheep	-0.27	2.43
resolve	-0.27	2.55
internationally	-0.27	2.69
rare	-0.27	1.61
sit	-0.27	2.68
voice	-0.26	2.23
publicly	-0.26	2.82
cares	-0.26	2.75
existence	-0.26	2.02
account	-0.26	2.72
computers	-0.26	2.47
pharmaceutical	-0.26	1.73
worth	-0.26	2.59
hair	-0.26	1.90
sends	-0.26	2.74
project	-0.26	2.34
legally	-0.26	2.36
ket	-0.26	2.16
opens	-0.26	2.53
stored	-0.26	2.17
earth	-0.26	2.13
impact	-0.26	2.18
stick	-0.26	2.14
compounds	-0.25	1.97
panic	-0.25	1.72
21	-0.25	2.17
snorted	-0.25	1.68
speaking	-0.25	2.92
refused	-0.25	2.70
utopia	-0.25	2.41
protect	-0.25	2.30
blew	-0.25	2.12
reveal	-0.25	2.83
junkie	-0.25	2.08
exit	-0.25	2.43
elsewhere	-0.25	2.64
book	-0.25	2.08
earn	-0.25	2.13
drive	-0.25	2.05
finished	-0.25	1.98
guarantee	-0.25	3.00
settings	-0.25	2.63
sudden	-0.25	1.81
more	-0.25	2.99
occasional	-0.25	1.61
insecure	-0.25	1.97
overwhelming	-0.24	1.46
english	-0.24	2.65
rx	-0.24	1.67
exploits	-0.24	2.39
obtain	-0.24	2.61
wants	-0.24	3.02
reddit	-0.24	2.85
brain	-0.24	1.78
save	-0.24	2.50
r/dnm	-0.24	2.63
capable	-0.24	2.74
solution	-0.24	1.92
functional	-0.24	1.72
apparently	-0.24	2.44
name	-0.24	2.19
import	-0.24	2.54
exists	-0.24	2.76
busy	-0.24	2.14
walk	-0.24	2.80
tumbling	-0.24	2.51
am	-0.24	3.75
meeting	-0.23	2.80
5g	-0.23	1.84
experiment	-0.23	2.96
impurities	-0.23	2.18
usage	-0.23	2.47
linked	-0.23	2.55
protected	-0.23	2.25
additionally	-0.23	2.17
malicious	-0.23	2.25
off	-0.23	2.90
front	-0.23	2.43
running	-0.23	2.51
shape	-0.23	2.44
stimulants	-0.23	1.79
implement	-0.23	2.54
brings	-0.23	2.50
package	-0.23	2.17
made	-0.23	3.51
us	-0.23	3.46
deliveries	-0.23	2.27
finish	-0.23	2.70
target	-0.23	2.18
discussing	-0.23	2.74
progress	-0.23	2.49
national	-0.23	2.38
operate	-0.23	2.85
draw	-0.23	2.28
associate	-0.23	2.27
donate	-0.23	2.63
silent	-0.22	2.60
drinking	-0.22	1.75
constant	-0.22	1.62
illicit	-0.22	2.40
proven	-0.22	2.68
miles	-0.22	2.49
armory	-0.22	2.30
usb	-0.22	2.07
rule	-0.22	2.77
opposite	-0.22	1.74
trigger	-0.22	2.13
equipment	-0.22	2.04
processing	-0.22	2.59
owners	-0.22	2.40
every	-0.21	3.26
gladly	-0.21	3.03
december	-0.21	2.24
scheduled	-0.21	2.14
encrypt	-0.21	2.42
office	-0.21	2.18
verify	-0.21	2.76
curiosity	-0.21	2.51
bulk	-0.21	2.70
frequent	-0.21	2.07
2mg	-0.21	1.74
sadly	-0.21	2.51
finds	-0.21	2.44
surface	-0.21	1.96
considering	-0.21	3.13
closed	-0.21	2.58
horse	-0.21	1.50
tinfoil	-0.21	2.01
worked	-0.21	3.64
center	-0.21	2.33
cloud9	-0.21	1.99
mxe	-0.21	1.99
button	-0.21	2.59
exact	-0.21	3.67
emergency	-0.21	2.32
url	-0.21	2.80
cough	-0.21	1.57
standing	-0.21	2.30
2.0	-0.21	2.38
sig	-0.20	2.27
encrypting	-0.20	2.40
discussion	-0.20	2.85
conduct	-0.20	2.08
force	-0.20	2.27
originally	-0.20	3.01
minimal	-0.20	1.69
receive	-0.20	3.08
thread	-0.20	3.35
ending	-0.20	2.54
benefits	-0.20	2.16
popper	-0.20	2.59
department	-0.20	2.25
storing	-0.20	2.10
modern	-0.20	1.85
discovered	-0.20	2.27
station	-0.20	2.34
addresses	-0.20	2.42
specific	-0.20	2.44
countries	-0.20	2.52
advertise	-0.20	2.96
considered	-0.20	2.71
ex	-0.20	1.60
theyre	-0.20	2.38
requested	-0.20	2.76
designated	-0.19	3.25
allow	-0.19	2.85
staff	-0.19	2.41
written	-0.19	2.87
posted	-0.19	3.27
places	-0.19	2.78
request	-0.19	2.52
connections	-0.19	2.51
tumble	-0.19	2.65
fraud	-0.19	2.24
facts	-0.19	2.41
ticket	-0.19	2.36
blood	-0.19	1.66
risk	-0.19	2.50
minimum	-0.19	2.22
admin	-0.19	2.42
america	-0.19	2.51
decrypt	-0.19	2.42
approve	-0.19	2.81
theoretically	-0.19	2.30
opiates	-0.19	1.59
sent	-0.19	3.10
occasionally	-0.19	1.84
none	-0.19	2.50
naturally	-0.19	1.78
soon	-0.19	3.65
rant	-0.18	2.80
prolly	-0.18	2.63
etizolam	-0.18	1.71
surveillance	-0.18	2.35
carrier	-0.18	2.21
4-fa	-0.18	1.96
sub	-0.18	2.86
check	-0.18	3.00
valid	-0.18	2.31
neither	-0.18	2.33
disappeared	-0.18	2.62
text	-0.18	2.34
3rd	-0.18	2.72
self	-0.18	2.34
r/darknetmarkets	-0.18	2.87
through	-0.18	2.71
delays	-0.18	2.60
amounts	-0.18	2.27
expand	-0.18	2.28
enable	-0.18	2.47
generate	-0.18	2.44
nsa	-0.18	2.39
announcement	-0.18	2.76
truecrypt	-0.18	2.25
created	-0.18	2.82
powders	-0.18	1.69
kid	-0.18	2.25
injection	-0.18	1.76
decided	-0.18	3.55
built	-0.18	2.52
judgement	-0.18	2.01
social	-0.17	1.75
promoting	-0.17	2.36
bottom	-0.17	2.02
shipments	-0.17	2.34
apartment	-0.17	2.31
return	-0.17	2.19
efforts	-0.17	2.18
reset	-0.17	2.41
dicks	-0.17	2.29
administration	-0.17	2.31
incriminating	-0.17	2.33
snap	-0.17	1.97
rc	-0.17	1.67
noobs	-0.17	2.26
logged	-0.17	2.86
usps	-0.17	2.12
assholes	-0.17	2.03
xanax	-0.17	1.69
largely	-0.17	2.36
acting	-0.17	2.61
crap	-0.17	1.60
scams	-0.17	2.37
trading	-0.17	2.33
security	-0.17	2.16
became	-0.17	1.72
continues	-0.16	2.12
risks	-0.16	2.36
admins	-0.16	2.51
leaves	-0.16	1.89
digital	-0.16	2.25
solvent	-0.16	1.61
amphetamine	-0.16	1.68
differently	-0.16	2.58
automatically	-0.16	2.60
identified	-0.16	2.50
encryption	-0.16	2.42
produce	-0.16	1.88
customs	-0.16	2.34
computer	-0.16	2.12
important	-0.16	1.76
becoming	-0.16	1.96
definition	-0.16	1.78
boat	-0.16	3.22
checks	-0.16	2.44
genius	-0.16	2.33
natural	-0.16	1.84
bottle	-0.16	1.76
sorting	-0.16	2.17
unusual	-0.16	2.32
shutdown	-0.16	2.32
butt	-0.16	1.87
bond	-0.16	2.46
logs	-0.15	2.37
salt	-0.15	1.74
deposit	-0.15	2.40
boot	-0.15	2.19
documents	-0.15	2.07
banned	-0.15	2.55
containing	-0.15	2.16
rent	-0.15	2.18
warnings	-0.15	2.10
allowed	-0.15	2.77
helping	-0.15	3.03
spent	-0.15	2.65
<SPECIAL>	-0.15	1.84
<URL>	-0.15	1.84
carry	-0.15	1.88
perform	-0.15	2.30
extreme	-0.15	1.82
members	-0.15	2.63
malware	-0.15	2.20
question	-0.15	3.57
environment	-0.15	1.91
uses	-0.15	2.29
names	-0.15	2.50
hardly	-0.15	3.00
recipient	-0.15	2.61
generated	-0.15	2.26
final	-0.15	2.36
moderators	-0.15	2.81
perfectly	-0.15	2.92
gather	-0.15	2.19
methamphetamine	-0.15	1.75
among	-0.14	1.65
myself	-0.14	3.76
remove	-0.14	2.66
released	-0.14	2.06
substances	-0.14	2.00
manually	-0.14	2.71
owned	-0.14	2.48
deleting	-0.14	2.53
gun	-0.14	2.24
risky	-0.14	1.73
importing	-0.14	2.50
wasted	-0.14	2.35
destroyed	-0.14	2.12
field	-0.14	2.11
hassle	-0.14	2.68
deep	-0.14	2.24
email	-0.14	2.62
synthetic	-0.14	1.77
agreement	-0.14	2.30
keys	-0.14	2.41
twitter	-0.14	2.13
aware	-0.14	4.35
programs	-0.14	2.43
left	-0.14	2.76
rumors	-0.14	2.42
sr2	-0.13	2.50
pin	-0.13	2.55
previous	-0.13	3.19
announced	-0.13	2.58
client	-0.13	2.26
nowadays	-0.13	2.22
discussed	-0.13	2.55
forum	-0.13	2.78
feed	-0.13	2.12
facility	-0.13	2.21
home	-0.13	2.25
selective	-0.13	2.39
immediately	-0.13	2.75
concerning	-0.13	2.18
actual	-0.13	2.60
bills	-0.13	2.07
key	-0.13	2.38
techniques	-0.13	2.11
sat	-0.13	3.26
limits	-0.13	1.90
shared	-0.13	2.54
change	-0.13	2.49
issues	-0.13	2.44
til	-0.13	3.45
moved	-0.13	2.58
millions	-0.13	2.25
normal	-0.12	1.75
os	-0.12	2.19
mushrooms	-0.12	1.73
attempted	-0.12	2.51
refunded	-0.12	2.85
public	-0.12	2.39
favor	-0.12	2.49
held	-0.12	2.27
knowledge	-0.12	2.12
majority	-0.12	2.19
pgp	-0.12	2.43
laying	-0.12	1.86
interest	-0.12	2.73
movement	-0.12	2.29
beginning	-0.12	1.99
lists	-0.12	2.24
episode	-0.12	2.29
pointing	-0.12	3.04
taken	-0.12	3.19
wife	-0.12	1.69
cancelled	-0.12	2.92
program	-0.12	2.27
hanging	-0.12	2.26
lose	-0.12	2.83
bitblender	-0.12	2.51
quote	-0.11	2.96
tails	-0.11	2.19
overly	-0.11	2.56
instantly	-0.11	2.47
china	-0.11	2.40
boxes	-0.11	1.89
marketing	-0.11	2.01
phishing	-0.11	2.40
promote	-0.11	2.56
degree	-0.11	2.18
po	-0.11	2.10
application	-0.11	2.27
create	-0.11	2.46
driving	-0.11	2.26
europe	-0.11	2.62
answer	-0.11	3.64
sell	-0.11	2.93
messaged	-0.11	3.00
weekly	-0.11	2.79
block	-0.11	2.42
picked	-0.11	2.73
encrypted	-0.11	2.30
agents	-0.11	2.14
deleted	-0.11	3.28
too	-0.11	3.52
vast	-0.11	1.88
bitcoins	-0.11	2.67
speculation	-0.11	2.25
transit	-0.11	2.48
addy	-0.11	2.23
fedex	-0.11	2.19
pointed	-0.11	2.82
sense	-0.11	3.34
safety	-0.11	2.33
daily	-0.11	2.13
drugslist	-0.10	2.36
reporting	-0.10	2.27
guaranteed	-0.10	2.47
tumbler	-0.10	2.50
chose	-0.10	2.54
tad	-0.10	2.72
silkroad	-0.10	2.32
tumbled	-0.10	2.51
asia	-0.10	2.57
development	-0.10	2.14
actively	-0.10	2.30
tumblers	-0.10	2.39
click	-0.10	2.46
private	-0.10	2.40
expert	-0.10	2.35
dedicated	-0.10	2.33
backed	-0.10	2.40
expected	-0.10	2.51
copy	-0.10	2.33
charging	-0.10	2.48
intended	-0.10	2.87
contacting	-0.10	2.75
minor	-0.10	2.01
smarter	-0.10	2.29
shop	-0.10	2.42
revealing	-0.10	2.56
banks	-0.10	2.28
houses	-0.09	2.07
react	-0.09	2.42
install	-0.09	2.23
22	-0.09	2.24
character	-0.09	2.51
fighting	-0.09	2.24
freebase	-0.09	1.81
assumed	-0.09	3.00
transaction	-0.09	2.35
wallet	-0.09	2.52
burning	-0.09	1.67
throwaway	-0.09	2.58
locations	-0.09	2.31
ketamine	-0.09	1.71
faggot	-0.09	2.42
tax	-0.09	2.24
different	-0.09	2.53
silly	-0.09	1.55
exploit	-0.09	2.31
ad	-0.09	3.04
mac	-0.09	2.25
placing	-0.09	2.94
bitcoinfog	-0.09	2.51
moderator	-0.09	2.60
russia	-0.09	2.69
threads	-0.09	3.13
multi	-0.09	2.53
clicked	-0.09	2.59
passed	-0.09	2.18
opportunity	-0.09	2.13
disk	-0.09	2.16
previously	-0.09	2.66
bar	-0.09	2.01
parents	-0.09	2.07
sketchy	-0.09	1.87
mess	-0.09	2.30
material	-0.09	2.03
varies	-0.09	2.06
reached	-0.08	1.94
downtime	-0.08	2.40
almost	-0.08	2.99
r/fakeid	-0.08	2.76
na	-0.08	3.99
stayed	-0.08	1.98
random	-0.08	2.35
whose	-0.08	2.24
makes	-0.08	2.70
sender	-0.08	2.18
irs	-0.08	2.15
k	-0.08	1.83
xk	-0.08	1.98
carrying	-0.08	2.69
opinion	-0.08	3.03
unrelated	-0.08	2.49
ones	-0.08	3.00
wallets	-0.08	2.35
tonight	-0.08	3.52
node	-0.08	2.30
linux	-0.08	2.19
te	-0.08	2.52
attitude	-0.08	1.69
file	-0.08	2.29
remain	-0.08	2.93
lighter	-0.08	1.64
income	-0.08	2.26
fruit	-0.08	1.71
blockchain	-0.08	2.43
processed	-0.08	2.36
select	-0.07	2.62
policy	-0.07	2.59
subreddit	-0.07	2.94
id	-0.07	2.40
theories	-0.07	2.32
machine	-0.07	2.09
folks	-0.07	2.48
protection	-0.07	2.28
powder	-0.07	1.58
register	-0.07	2.57
stickied	-0.07	3.17
dropped	-0.07	2.36
caps	-0.07	2.08
showing	-0.07	2.71
themselves	-0.07	2.77
guides	-0.07	2.19
numbers	-0.07	2.53
delayed	-0.07	2.47
paste	-0.07	1.74
destroy	-0.07	2.12
unnecessary	-0.07	2.04
each	-0.07	2.32
script	-0.07	1.85
drugs	-0.06	2.69
nodes	-0.06	2.29
chemicals	-0.06	1.91
tx	-0.06	2.29
vice	-0.06	1.69
shows	-0.06	2.65
counterfeit	-0.06	2.08
develop	-0.06	2.19
college	-0.06	2.11
fog	-0.06	2.49
october	-0.06	2.44
karma	-0.06	1.79
coins	-0.06	2.54
most	-0.06	3.11
procedure	-0.06	2.07
stash	-0.06	2.12
developers	-0.06	2.35
day	-0.06	3.23
accepting	-0.06	2.67
amphetamines	-0.06	1.67
submit	-0.06	2.37
indeed	-0.06	2.29
operating	-0.06	2.32
instagram	-0.06	2.18
pharmacies	-0.06	2.07
poster	-0.05	3.23
legitimately	-0.05	2.65
paying	-0.05	2.28
convert	-0.05	2.29
filled	-0.05	2.08
beach	-0.05	2.41
rough	-0.05	1.57
student	-0.05	2.35
arrive	-0.05	3.06
switch	-0.05	2.53
future	-0.05	3.00
already	-0.05	3.91
groups	-0.05	2.21
any	-0.05	3.61
medicine	-0.05	1.88
posting	-0.05	2.97
freezer	-0.05	1.58
agency	-0.05	2.21
raise	-0.05	2.01
passing	-0.05	2.56
existed	-0.05	3.21
50mg	-0.05	2.06
statements	-0.05	2.43
hell	-0.05	3.94
mushbud	-0.05	1.89
ads	-0.04	3.02
implementation	-0.04	2.32
topic	-0.04	2.24
laptop	-0.04	2.17
organization	-0.04	2.15
tmp	-0.04	2.39
least	-0.04	3.57
press	-0.04	2.06
funds	-0.04	2.45
balance	-0.04	2.49
pc	-0.04	2.18
intend	-0.04	2.90
stopped	-0.04	2.75
helped	-0.04	1.62
parcel	-0.04	1.98
reading	-0.04	3.23
undercover	-0.04	1.94
dvd	-0.04	2.04
than	-0.04	2.50
agent	-0.04	2.50
cancel	-0.04	2.72
fee	-0.04	2.16
posts	-0.04	2.86
prob	-0.04	2.66
order	-0.04	3.21
approved	-0.03	2.19
russian	-0.03	2.23
edit	-0.03	4.03
term	-0.03	2.12
pfizer	-0.03	1.79
hood	-0.03	2.41
prescription	-0.03	1.82
connect	-0.03	2.56
javascript	-0.03	2.27
ride	-0.03	2.18
pot	-0.03	1.59
launder	-0.03	2.37
usa	-0.03	2.66
neighbors	-0.03	2.18
san	-0.03	2.64
paranoia	-0.03	1.90
blockchain.info	-0.03	2.46
torescrow	-0.03	2.30
forced	-0.03	2.48
post	-0.03	3.29
morning	-0.03	3.03
virtual	-0.03	2.22
greedy	-0.03	2.38
designed	-0.03	2.47
mailman	-0.03	2.19
resolution	-0.03	2.54
necessary	-0.03	2.28
feel	-0.03	3.39
specifically	-0.03	2.32
data	-0.02	2.29
contest	-0.02	2.51
over	-0.02	3.06
terms	-0.02	1.80
quantities	-0.02	2.31
mentioned	-0.02	3.27
messaging	-0.02	2.57
contain	-0.02	1.79
paid	-0.02	2.46
windows	-0.02	2.19
letters	-0.02	1.99
crew	-0.02	2.49
meds	-0.02	1.87
system	-0.02	2.30
coin	-0.02	2.50
based	-0.02	2.43
visit	-0.02	2.45
stories	-0.02	2.38
valium	-0.02	1.76
production	-0.02	2.11
whonix	-0.02	2.26
trim	-0.02	1.51
r/drugs	-0.01	2.94
transfer	-0.01	2.51
till	-0.01	3.23
whom	-0.01	2.46
traffic	-0.01	2.25
canada	-0.01	2.59
dropping	-0.01	2.22
properly	-0.01	2.72
long	-0.01	3.39
schedule	-0.01	2.21
needing	-0.01	2.69
local	-0.01	2.35
above	-0.01	3.22
along	-0.01	2.42
sounded	-0.01	2.39
latest	-0.01	2.17
other	-0.01	2.71
needle	-0.01	2.03
united	-0.01	2.24
js	-0.01	2.26
says	-0.01	2.99
prior	-0.01	2.66
btc	-0.01	2.41
congrats	-0.01	2.79
nor	-0.01	3.20
began	-0.01	2.44
action	-0.01	2.22
years	-0.01	2.57
blunt	-0.01	1.65
accounts	-0.01	2.41
clarify	-0.01	3.20
message	-0.00	2.58
dollars	-0.00	2.48
1mg	-0.00	1.65
scripts	-0.00	2.30
reduced	-0.00	1.86
box	-0.00	1.91
confirmed	-0.00	3.05
moisture	-0.00	1.54
seems	-0.00	3.08
room	-0.00	2.24
group	-0.00	2.22
measure	-0.00	1.74
comment	-0.00	3.30
wednesday	0.00	3.15
pressed	0.00	1.79
related	0.00	2.22
lesson	0.00	2.30
release	0.00	2.47
capsule	0.00	1.77
direction	0.00	2.14
pandora	0.00	2.35
respond	0.00	2.56
detail	0.00	2.20
convincing	0.00	1.90
remaining	0.00	2.38
and/or	0.00	1.89
electrum	0.00	2.32
chat	0.00	2.28
finally	0.00	3.32
sunday	0.00	3.15
error	0.01	2.45
frame	0.01	2.55
store	0.01	2.19
interface	0.01	1.76
australia	0.01	2.49
browse	0.01	2.53
week	0.01	3.12
2nd	0.01	2.43
arrived	0.01	3.08
xmas	0.01	1.79
according	0.01	2.33
tracked	0.01	2.39
advanced	0.01	1.57
link	0.01	3.15
bitcoin	0.01	2.48
pending	0.01	2.90
mailbox	0.01	2.03
technically	0.01	2.38
theres	0.01	2.62
features	0.01	2.30
kilos	0.01	2.35
market	0.01	2.61
article	0.01	2.32
research	0.01	2.43
container	0.01	1.61
2013	0.01	2.44
2014	0.01	2.46
shipped	0.01	3.05
spam	0.01	2.54
overseas	0.01	2.41
finger	0.01	2.24
contribute	0.02	2.86
msg	0.02	2.70
unsafe	0.02	1.50
dumb	0.02	2.50
talked	0.02	3.24
club	0.02	1.93
delivering	0.02	2.23
increased	0.02	1.72
installed	0.02	2.27
aspects	0.02	2.17
purely	0.02	2.12
loses	0.02	2.42
individuals	0.02	2.40
late	0.02	3.11
printed	0.02	1.94
thousand	0.02	2.47
crypto	0.02	2.29
initial	0.02	2.40
exchanges	0.02	2.50
labs	0.02	2.15
flag	0.02	2.12
areas	0.02	2.57
child	0.02	1.83
pointless	0.02	1.98
download	0.03	2.26
extract	0.03	1.71
appropriate	0.03	2.98
sets	0.03	2.25
separate	0.03	2.30
illegal	0.03	2.36
support	0.03	2.52
supplier	0.03	2.02
glass	0.03	1.74
questionable	0.03	1.70
articles	0.03	2.48
since	0.03	3.76
intelligence	0.03	2.30
thoroughly	0.03	2.92
hydra	0.03	2.33
main	0.03	2.12
albeit	0.03	2.41
google	0.03	2.55
syringe	0.03	1.76
evening	0.03	3.16
filter	0.03	2.08
removed	0.03	2.92
confirmations	0.03	2.54
recommend	0.04	2.60
owner	0.04	2.38
accessed	0.04	2.55
hasnt	0.04	3.01
18	0.04	2.31
forever	0.04	2.83
default	0.04	2.28
insurance	0.04	2.10
bit	0.04	2.89
i.e	0.04	1.96
next	0.04	3.20
baked	0.04	1.54
hotel	0.04	2.11
multi-sig	0.04	2.32
arent	0.04	2.62
connection	0.04	2.45
young	0.04	2.08
first	0.04	3.63
sometime	0.04	3.37
add	0.04	3.05
exposure	0.04	2.09
stays	0.04	2.46
saturday	0.04	3.13
chinese	0.04	2.04
waiting	0.04	3.32
tech	0.04	2.23
afternoon	0.04	3.15
centralized	0.05	2.48
forth	0.05	1.82
gf	0.05	2.19
barrier	0.05	1.66
shown	0.05	2.76
monthly	0.05	2.35
liquid	0.05	1.69
near	0.05	2.46
monday	0.05	3.14
size	0.05	1.61
join	0.05	2.48
travel	0.05	2.30
carefully	0.05	2.03
until	0.05	3.49
road	0.05	2.44
explained	0.05	2.56
tracking	0.05	2.26
population	0.05	2.03
visible	0.05	1.97
papers	0.05	1.97
conspiracy	0.05	2.19
psilocybin	0.05	1.72
investment	0.05	2.03
panacea	0.05	2.12
once	0.05	3.79
mine	0.05	3.37
page	0.05	2.61
current	0.06	2.52
ip	0.06	2.45
western	0.06	2.57
promised	0.06	2.72
dollar	0.06	2.36
ways	0.06	2.86
sticky	0.06	3.15
sarcasm	0.06	2.35
keeps	0.06	2.21
she	0.06	2.67
advertising	0.06	2.97
marked	0.06	3.12
agora	0.06	2.42
crack	0.06	1.50
expensive	0.06	1.57
organized	0.06	1.60
meet	0.06	2.63
educated	0.06	2.47
version	0.06	2.34
netherlands	0.06	2.41
domestically	0.06	2.65
harm	0.06	2.39
number	0.06	2.33
received	0.06	3.19
tuesday	0.06	3.14
therefore	0.06	2.33
inject	0.06	1.90
suppliers	0.06	2.37
links	0.07	2.54
generic	0.07	1.86
him	0.07	3.70
thursday	0.07	3.13
resources	0.07	2.46
browser	0.07	2.28
direct	0.07	2.77
friday	0.07	3.14
auto	0.07	2.61
view	0.07	2.58
rules	0.07	2.95
placed	0.07	3.08
receipt	0.07	2.37
capsules	0.07	1.70
postal	0.07	2.11
medication	0.07	1.79
fill	0.07	1.81
melt	0.07	1.60
honey	0.07	1.68
money	0.07	2.86
alternatives	0.08	2.71
payments	0.08	2.25
cameras	0.08	2.45
tomorrow	0.08	3.43
earlier	0.08	3.25
keep	0.08	2.88
responsibility	0.08	2.39
breath	0.08	1.78
errors	0.08	3.34
delivery	0.08	2.20
uk	0.08	2.58
messages	0.08	2.59
holland	0.08	2.51
mark	0.08	2.86
tramadol	0.08	1.89
walked	0.08	2.60
opsec	0.08	2.33
bars	0.08	1.70
types	0.08	2.22
20-30	0.08	2.50
today	0.08	3.21
aus	0.08	2.41
cell	0.08	2.28
noticed	0.08	2.81
requirements	0.08	2.35
night	0.08	2.89
connecting	0.08	2.40
cloud	0.09	2.28
bitmessage	0.09	2.49
leaf	0.09	1.99
scan	0.09	2.22
technical	0.09	2.12
resale	0.09	2.16
signed	0.09	2.34
brand	0.09	1.99
cuts	0.09	1.81
rather	0.09	3.14
addition	0.09	2.09
deposited	0.09	2.67
kept	0.09	2.25
replied	0.09	2.97
its	0.09	3.50
narcotics	0.09	2.24
status	0.09	2.64
evolution	0.09	2.42
building	0.09	2.09
whatnot	0.09	2.14
burner	0.09	2.21
gave	0.09	2.99
mins	0.09	2.50
exchange	0.09	2.39
coca	0.09	1.95
science	0.10	2.08
slip	0.10	2.24
chemist	0.10	2.06
usernames	0.10	2.30
split	0.10	2.14
significantly	0.10	2.38
freedom	0.10	2.27
imported	0.10	2.32
5mg	0.10	1.77
forums	0.10	2.60
exposed	0.10	2.19
year	0.10	2.61
convinced	0.10	3.88
form	0.10	1.95
dispute	0.10	2.65
answered	0.10	2.91
military	0.10	2.18
matches	0.10	2.36
those	0.10	2.61
seconds	0.10	2.47
staying	0.10	2.69
software	0.11	2.26
snort	0.11	1.72
red	0.11	1.84
c9	0.11	2.36
porn	0.11	1.87
managed	0.11	2.51
2-fma	0.11	1.70
incredibly	0.11	2.49
coinbase	0.11	2.45
currency	0.11	2.24
24/7	0.11	2.31
eu	0.11	2.53
skills	0.11	1.95
device	0.11	2.24
comparison	0.11	2.44
space	0.11	2.24
job	0.11	2.24
particularly	0.11	2.58
combined	0.11	1.18
bluesky	0.11	2.31
creative	0.11	2.06
commercial	0.11	2.05
upset	0.11	3.01
less	0.11	2.78
appearance	0.11	1.71
reasons	0.11	2.71
belong	0.11	3.27
bowl	0.11	1.64
toss	0.11	2.25
european	0.11	2.43
our	0.11	2.72
doctors	0.11	1.97
mode	0.11	2.73
verification	0.12	2.43
allowing	0.12	2.65
competition	0.12	2.25
profits	0.12	2.13
submission	0.12	3.00
early	0.12	2.87
finalized	0.12	2.75
these	0.12	2.69
month	0.12	3.02
opioids	0.12	1.87
maximum	0.12	2.20
dudes	0.12	2.06
testing	0.12	1.93
20mg	0.12	1.91
jokes	0.12	2.29
outlaw	0.12	2.27
royal	0.12	2.11
pharmacy	0.12	1.98
somewhat	0.12	2.95
jar	0.12	1.69
bite	0.12	2.96
guidelines	0.12	2.72
border	0.12	2.26
traditional	0.12	2.44
hearing	0.12	2.45
slower	0.12	2.30
hand	0.13	2.49
dealers	0.13	2.63
fail	0.13	1.87
cents	0.13	2.15
helix	0.13	2.38
transfers	0.13	2.30
yet	0.13	3.81
flags	0.13	2.33
lbc	0.13	2.46
dab	0.13	1.59
base	0.13	1.72
lock	0.13	2.18
usual	0.13	2.24
later	0.13	3.06
automod	0.13	2.84
protocol	0.13	2.05
source	0.13	2.46
pre	0.13	1.66
accessing	0.13	2.38
judging	0.13	2.55
ssl	0.13	2.30
14	0.13	2.36
layers	0.13	1.60
tickets	0.13	2.35
multisig	0.13	2.32
last	0.13	3.17
following	0.13	2.81
router	0.13	2.32
someones	0.13	2.34
ritalin	0.13	1.77
capital	0.14	2.19
andromeda	0.14	2.29
thousands	0.14	2.58
files	0.14	2.21
face	0.14	1.90
10,000	0.14	2.30
doc	0.14	1.82
desire	0.14	2.58
took	0.14	2.96
48	0.14	2.69
chemistry	0.14	2.12
fe	0.14	2.54
disgusting	0.14	1.88
isp	0.14	2.33
proxy	0.14	2.37
regarding	0.14	2.44
step	0.14	2.27
bastard	0.14	2.12
image	0.14	2.18
hydrocodone	0.14	1.74
understandable	0.14	2.40
1	0.14	2.41
cr	0.14	2.33
convenience	0.14	2.25
well	0.14	3.36
methadone	0.14	1.88
toxic	0.14	1.42
via	0.14	2.70
yesterday	0.15	3.20
hole	0.15	2.09
produced	0.15	1.96
alpaca	0.15	2.27
anonymously	0.15	2.42
interests	0.15	2.34
30mg	0.15	1.83
evo	0.15	2.38
minutes	0.15	2.60
orally	0.15	2.01
nl	0.15	2.46
marketplace	0.15	2.35
youll	0.15	2.29
weekend	0.15	2.98
locally	0.15	2.62
cartel	0.15	2.26
fairly	0.15	2.78
whats	0.15	3.13
dick	0.15	2.36
organic	0.15	1.84
pill	0.15	1.84
after	0.15	3.02
packs	0.15	2.18
changed	0.15	2.55
provide	0.15	2.89
inquiries	0.15	3.10
popped	0.16	2.39
100mg	0.16	1.79
posters	0.16	2.70
stand	0.16	2.04
within	0.16	2.83
addicts	0.16	1.85
devices	0.16	2.21
setup	0.16	2.37
ship	0.16	2.66
july	0.16	2.28
16	0.16	2.17
tor	0.16	2.36
sources	0.16	2.63
figured	0.16	3.59
vyvanse	0.16	1.98
cost	0.16	2.17
complaints	0.16	2.88
disappear	0.16	2.46
tends	0.16	2.12
4th	0.16	2.74
monitor	0.16	2.37
refund	0.16	2.52
new	0.16	2.50
wifi	0.17	2.40
offering	0.17	2.73
partial	0.17	2.32
days	0.17	2.93
screen	0.17	2.28
sooo	0.17	2.61
3-5	0.17	2.67
stoned	0.17	1.87
worthless	0.17	1.80
read	0.17	3.01
10k	0.17	2.32
ago	0.17	2.95
april	0.17	2.58
juice	0.17	1.72
old	0.17	2.26
bear	0.17	2.07
war	0.18	2.19
host	0.18	2.27
refer	0.18	2.90
phone	0.18	2.31
rape	0.18	2.11
news	0.18	2.16
write	0.18	2.70
habit	0.18	1.69
basis	0.18	2.24
i2p	0.18	2.29
hm	0.18	3.02
remains	0.18	2.40
publicity	0.18	2.19
offline	0.18	2.32
choosing	0.18	2.50
arms	0.18	2.26
ir	0.18	1.95
shrooms	0.18	1.68
items	0.18	2.17
tormarket	0.18	2.05
tough	0.18	1.99
worldwide	0.18	2.23
anonymity	0.18	2.18
genuinely	0.19	3.17
months	0.19	2.93
manage	0.19	2.41
snorting	0.19	1.74
network	0.19	2.31
scale	0.19	1.78
table	0.19	1.99
comments	0.19	2.77
4-5	0.19	2.62
fault	0.19	2.98
example	0.19	2.59
rate	0.19	1.94
hours	0.19	2.88
fake	0.19	2.10
kinda	0.19	2.60
weeks	0.19	2.92
24	0.20	2.57
leaving	0.20	2.25
escrow	0.20	2.39
directly	0.20	2.69
wide	0.20	1.67
markets	0.20	2.83
extended	0.20	1.90
generally	0.20	2.55
route	0.20	2.65
replacement	0.20	2.20
practically	0.20	2.17
1-2	0.20	2.59
granted	0.20	2.06
combination	0.20	2.08
app	0.20	2.30
cash	0.20	2.40
tool	0.20	2.10
cautious	0.20	2.77
million	0.20	2.48
butane	0.20	1.63
flipping	0.20	2.50
named	0.20	2.47
print	0.20	1.72
simple	0.20	1.88
very	0.20	2.88
2-3	0.20	2.60
tos	0.20	2.95
wet	0.20	1.81
13	0.20	2.19
10mg	0.20	1.83
finalize	0.20	2.59
far	0.21	3.39
vial	0.21	1.77
mg	0.21	1.85
shady	0.21	1.85
envelopes	0.21	1.76
orders	0.21	2.48
consideration	0.21	2.71
primarily	0.21	2.16
seemingly	0.21	2.23
concerns	0.21	2.62
air	0.21	1.73
australian	0.21	2.17
sand	0.21	1.70
er	0.21	1.90
shitload	0.21	2.22
tree	0.21	2.11
chemists	0.21	2.08
takes	0.22	2.69
9	0.22	2.36
violence	0.22	2.01
newer	0.22	2.41
before	0.22	3.66
memory	0.22	1.84
wall	0.22	1.71
bong	0.22	1.63
lots	0.22	2.50
identifying	0.22	2.20
drops	0.22	2.11
sweat	0.22	2.93
safer	0.22	2.31
packed	0.22	1.75
labels	0.22	2.03
note	0.22	2.29
land	0.22	2.36
lil	0.22	2.60
android	0.22	2.35
ideal	0.22	1.86
figures	0.22	2.02
two	0.22	2.68
california	0.22	2.54
youtube	0.22	1.96
small	0.22	1.65
drug	0.22	2.22
license	0.23	2.11
database	0.23	2.30
questions	0.23	3.26
hundred	0.23	2.51
official	0.23	2.28
won	0.23	1.90
enabled	0.23	2.31
bag	0.23	1.50
negative	0.23	1.74
leave	0.23	2.47
freebies	0.23	2.51
shipment	0.23	2.32
officer	0.23	2.37
privacy	0.23	2.15
amount	0.23	2.15
template	0.23	2.43
pms	0.23	2.66
completed	0.23	2.39
teh	0.23	2.17
updates	0.23	2.34
opium	0.23	1.80
bunch	0.23	2.60
turned	0.23	2.25
payment	0.24	2.40
given	0.24	2.62
bits	0.24	1.87
3-4	0.24	2.57
strictly	0.24	2.15
various	0.24	2.44
weapon	0.24	2.06
12	0.24	2.48
3	0.24	2.61
rich	0.24	1.79
waited	0.24	3.09
dealer	0.24	2.67
successfully	0.24	2.64
bot	0.24	2.19
kits	0.24	2.03
reship	0.24	2.61
corner	0.24	2.35
requesting	0.24	2.95
atleast	0.24	2.21
at	0.24	4.07
0	0.24	1.99
perspective	0.24	2.15
faith	0.24	2.29
producing	0.24	2.39
marketplaces	0.24	2.47
requests	0.24	2.43
cap	0.25	1.60
instance	0.25	2.18
bucks	0.25	2.18
tons	0.25	2.66
answering	0.25	2.82
ups	0.25	2.10
8	0.25	2.48
watching	0.25	1.92
hitting	0.25	2.08
crash	0.25	1.75
hundreds	0.25	2.57
connects	0.25	2.74
apple	0.25	2.25
fentanyl	0.25	1.65
records	0.25	2.25
purchases	0.25	2.44
handful	0.25	2.74
used	0.25	3.47
cookies	0.25	1.37
third	0.25	2.40
including	0.25	2.35
standards	0.25	1.92
repost	0.26	3.05
sourcing	0.26	3.04
line	0.26	2.05
nail	0.26	1.66
regular	0.26	1.80
showed	0.26	2.57
equivalent	0.26	1.96
plants	0.26	1.84
report	0.26	2.49
sites	0.26	2.45
barely	0.26	1.84
appeared	0.26	2.58
consensus	0.26	1.84
6	0.26	2.65
poison	0.26	2.17
casual	0.26	2.27
screw	0.26	1.78
grew	0.26	1.92
clever	0.26	2.05
thru	0.26	2.38
2	0.26	2.57
listing	0.26	2.37
subreddits	0.26	2.50
loose	0.26	2.16
water	0.27	1.71
layer	0.27	1.86
sky	0.27	2.20
40mg	0.27	1.83
sketch	0.27	1.87
huge	0.27	1.57
shooting	0.27	1.72
happily	0.27	2.37
catching	0.27	2.17
profit	0.27	2.12
maintain	0.27	2.07
worthwhile	0.27	2.30
four	0.27	2.58
15	0.27	2.29
six	0.27	2.66
extremely	0.27	2.72
older	0.27	2.11
bundle	0.27	2.34
test	0.27	2.00
shoot	0.27	2.37
push	0.28	2.15
anonymous	0.28	2.78
finalizing	0.28	2.48
mbb	0.28	1.53
dried	0.28	1.70
comparing	0.28	2.03
screenshot	0.28	2.61
pounds	0.28	2.05
7	0.28	2.49
drying	0.28	1.89
three	0.28	2.63
200mg	0.28	1.84
history	0.28	2.42
fyi	0.28	2.49
signing	0.28	2.32
4	0.28	2.53
dnms	0.28	2.94
game	0.28	1.79
decisions	0.28	2.21
codes	0.28	2.25
bed	0.28	2.04
suggested	0.28	2.55
looked	0.28	3.00
atm	0.28	2.51
kit	0.28	2.08
belgium	0.28	2.28
referring	0.28	3.96
hit	0.28	1.80
righteous	0.28	1.72
ideas	0.29	2.32
dutch	0.29	2.07
besides	0.29	2.30
neighborhood	0.29	2.16
turn	0.29	2.58
ime	0.29	1.97
11	0.29	2.33
vendors	0.29	2.65
multiple	0.29	2.57
reselling	0.29	2.64
full	0.29	2.25
blown	0.29	2.04
linking	0.29	2.32
purchase	0.29	2.68
1k	0.29	2.31
nucleus	0.29	2.35
increases	0.29	1.99
percent	0.29	2.13
five	0.29	2.52
rolls	0.29	1.93
offense	0.29	2.55
reaction	0.29	1.92
100g	0.29	2.13
accessible	0.29	2.24
tea	0.29	1.72
tablets	0.29	1.96
refunds	0.30	2.45
volume	0.30	1.98
unreliable	0.30	2.18
buys	0.30	2.54
sold	0.30	2.55
feelings	0.30	2.07
done	0.30	3.67
hour	0.30	2.67
dig	0.30	2.76
yay	0.30	2.40
cheaper	0.30	2.19
commenting	0.30	2.91
roughly	0.30	2.23
downloaded	0.30	2.16
retail	0.30	2.11
replace	0.30	1.90
checked	0.30	2.77
pills	0.30	1.81
users	0.30	2.34
goods	0.30	1.96
cutting	0.30	2.01
disputes	0.30	2.44
international	0.30	2.37
additional	0.30	2.27
bc	0.30	2.16
loads	0.30	2.29
vague	0.31	2.03
seal	0.31	1.54
moon	0.31	1.73
clients	0.31	2.21
dabs	0.31	1.67
dry	0.31	1.62
grammar	0.31	3.47
r/darknetmarketsnoobs	0.31	2.54
lab	0.31	1.99
drama	0.31	1.82
2.5	0.31	2.34
bout	0.31	2.81
grateful	0.31	2.11
adderall	0.31	1.77
estimate	0.31	2.10
reduce	0.31	1.90
1g	0.31	1.68
vacation	0.31	2.62
explanation	0.31	2.47
serial	0.31	2.12
5	0.31	2.41
large	0.31	1.63
seed	0.31	2.24
couple	0.31	2.61
buyers	0.31	2.22
writing	0.32	2.64
electronics	0.32	2.12
merely	0.32	1.98
web	0.32	2.21
persons	0.32	2.38
vote	0.32	1.76
improve	0.32	2.03
pack	0.32	2.28
stims	0.32	1.73
edge	0.32	1.90
slowly	0.32	2.12
servers	0.32	2.34
ton	0.32	2.51
quiet	0.32	2.19
mescaline	0.32	1.66
ecstasy	0.32	1.88
few	0.32	2.59
entry	0.32	2.49
phones	0.32	2.20
special	0.32	2.14
guessing	0.32	3.94
property	0.32	2.16
destination	0.32	2.29
scene	0.32	2.01
stolen	0.32	2.22
bags	0.33	1.53
available	0.33	2.46
close	0.33	2.33
below	0.33	2.55
community	0.33	2.51
accepted	0.33	2.14
tests	0.33	1.95
switched	0.33	2.20
complex	0.33	2.06
male	0.33	1.88
buy	0.33	2.57
added	0.33	2.34
min	0.33	2.32
activities	0.33	2.34
partially	0.33	2.47
oxy	0.33	1.76
success	0.33	2.29
shit	0.33	3.44
offered	0.33	2.69
erowid	0.33	2.27
usd	0.34	2.12
germany	0.34	2.32
floor	0.34	2.25
difficulty	0.34	1.68
materials	0.34	2.19
wiki	0.34	2.47
own	0.34	2.27
plug	0.34	2.05
reships	0.34	2.34
zip	0.34	2.03
convenient	0.34	1.98
twice	0.34	3.16
ourselves	0.34	2.34
thankfully	0.34	2.68
dose	0.34	1.86
increasing	0.34	1.99
sidebar	0.34	2.60
seeds	0.34	1.87
row	0.35	2.57
susna	0.35	1.76
costs	0.35	2.12
include	0.35	2.33
per	0.35	2.16
count	0.35	2.76
whereas	0.35	1.48
house	0.35	1.96
reagents	0.35	2.01
colorado	0.35	2.48
ground	0.35	2.01
offer	0.35	2.68
met	0.36	3.27
factor	0.36	2.05
fully	0.36	3.01
homework	0.36	2.09
points	0.36	2.79
labeled	0.36	2.33
relevant	0.36	2.22
quantity	0.36	2.14
limit	0.36	2.13
exclusively	0.36	2.28
localbitcoins	0.36	2.58
plans	0.36	2.49
2g	0.36	1.92
never	0.36	3.75
2c-b	0.36	1.69
weekends	0.36	2.69
steroids	0.36	2.12
hcl	0.36	1.76
oxycodone	0.36	1.78
someguy	0.37	2.87
30	0.37	2.30
recreational	0.37	2.01
only	0.37	4.06
customers	0.37	2.45
examples	0.37	2.10
india	0.37	2.16
pharma	0.37	2.09
irl	0.37	2.44
kratom	0.37	1.68
hella	0.37	2.47
online	0.37	2.48
sample	0.37	2.52
orange	0.37	1.67
collection	0.37	2.03
strips	0.37	2.02
transactions	0.37	2.21
shortly	0.37	2.61
record	0.37	2.28
brick	0.37	1.92
greatest	0.37	2.41
published	0.38	2.48
eye	0.38	2.02
17	0.38	2.03
scales	0.38	1.87
98	0.38	2.13
reagent	0.38	1.98
german	0.38	2.18
wasnt	0.38	2.85
isnt	0.38	2.33
options	0.38	2.73
credibility	0.38	2.14
subs	0.38	2.20
heat	0.38	1.58
presses	0.38	1.87
websites	0.38	2.13
company	0.38	2.18
20	0.38	2.22
opana	0.38	1.78
sufficient	0.39	1.92
seriously	0.39	3.30
paragraph	0.39	2.31
wan	0.39	3.59
companies	0.39	2.05
clearnet	0.39	2.26
bank	0.39	2.30
wash	0.39	1.80
cantina	0.39	2.03
ghb	0.39	1.73
express	0.39	2.14
profiles	0.39	2.28
recent	0.39	2.38
cocaine	0.40	1.75
mexico	0.40	2.27
morphine	0.40	1.73
reverse	0.40	2.16
grab	0.40	2.28
postage	0.40	1.82
server	0.40	2.28
pfm	0.40	2.23
carding	0.40	2.27
gain	0.40	2.01
shops	0.40	2.18
content	0.40	1.51
ag	0.40	2.20
dozen	0.40	2.62
boss	0.40	1.76
businesses	0.41	2.20
10x	0.41	1.99
darknetmarkets	0.41	2.59
non	0.41	2.01
faq	0.41	2.53
length	0.41	2.05
craigslist	0.41	2.14
hosting	0.41	2.24
methylone	0.41	1.61
swim	0.41	2.16
cold	0.41	1.87
commonly	0.41	2.17
communicate	0.41	2.53
sellers	0.42	2.36
shopping	0.42	2.20
sheet	0.42	1.62
800	0.42	2.04
school	0.42	1.96
informed	0.42	2.31
competent	0.42	2.19
slightly	0.42	2.39
mylar	0.42	1.51
lsd	0.42	1.61
floating	0.42	1.56
turning	0.42	2.40
vacuum	0.42	1.73
inbox	0.42	2.55
45	0.42	2.17
complicated	0.42	1.94
weaker	0.42	1.98
sounds	0.42	2.75
better	0.42	3.06
1.5	0.42	2.36
stamps	0.42	1.76
sheets	0.42	1.60
some	0.42	2.75
raw	0.42	1.75
gpg	0.43	2.29
significant	0.43	1.69
sum	0.43	2.18
chart	0.43	2.39
books	0.43	2.15
section	0.43	2.32
y'all	0.43	1.88
details	0.43	2.58
internet	0.43	2.42
10	0.43	2.27
hash	0.43	1.69
win	0.43	2.27
bill	0.43	1.95
registration	0.43	2.31
confirm	0.43	2.58
free	0.43	2.59
watched	0.44	2.04
vs	0.44	1.91
function	0.44	2.21
kilo	0.44	1.94
ordered	0.44	3.11
streets	0.44	2.30
puts	0.44	2.07
grams	0.44	2.11
mexican	0.44	1.91
1000	0.44	2.20
prime	0.44	1.67
liked	0.44	1.97
nod	0.44	2.01
differences	0.44	2.02
global	0.44	1.99
95	0.44	1.93
84	0.44	1.89
several	0.44	2.74
tools	0.45	1.89
awhile	0.45	3.23
nope	0.45	2.55
repeat	0.45	2.01
experience	0.45	2.22
everytime	0.45	1.90
darknet	0.45	2.69
suboxone	0.45	1.76
flow	0.45	1.92
blotters	0.45	1.61
mids	0.45	1.60
500	0.45	2.00
stuff	0.45	2.88
api	0.45	2.03
acid	0.45	1.61
plane	0.45	1.84
pretty	0.45	2.94
lifetime	0.46	2.62
u.s	0.46	2.13
crossed	0.46	2.63
verified	0.46	2.28
darknets	0.46	3.10
pen	0.46	1.76
vpn	0.46	2.21
plenty	0.46	2.89
chain	0.46	2.07
sun	0.46	2.21
code	0.46	2.51
opposed	0.46	2.17
listed	0.46	2.53
many	0.46	2.85
ass	0.47	2.26
alot	0.47	2.48
28	0.47	1.94
studying	0.47	2.10
19	0.47	2.11
provider	0.47	2.36
referral	0.47	2.48
shake	0.47	1.63
secure	0.47	2.22
balls	0.47	1.85
fingers	0.47	2.53
site	0.47	2.30
recieved	0.47	3.17
pipe	0.47	1.65
mobile	0.47	3.46
percentage	0.47	1.93
variety	0.47	2.20
accept	0.47	2.37
ring	0.47	2.13
kidding	0.48	2.72
excuse	0.48	2.32
heroin	0.48	1.67
g	0.48	1.92
viable	0.48	2.48
equally	0.48	2.32
aka	0.48	2.12
75	0.48	2.02
effect	0.48	1.95
replies	0.48	2.66
focus	0.48	1.89
oral	0.48	1.89
cheese	0.48	1.29
pm	0.48	2.91
crushed	0.48	1.69
luckily	0.48	2.90
priority	0.48	1.86
method	0.48	2.52
loss	0.48	2.16
further	0.49	2.50
girlfriend	0.49	1.70
mistake	0.49	3.20
creates	0.49	2.11
gram	0.49	1.96
iphone	0.49	2.07
cartels	0.49	2.04
discount	0.49	2.14
holds	0.49	2.02
hits	0.49	1.95
sugar	0.49	1.39
adding	0.49	2.24
imho	0.49	2.31
colors	0.49	2.00
purposes	0.49	1.96
ten	0.49	2.16
max	0.49	2.36
methods	0.49	2.20
sealed	0.49	1.70
background	0.49	2.13
vac	0.49	1.62
allows	0.49	2.47
successful	0.50	2.63
presence	0.50	1.79
together	0.50	2.51
margin	0.50	2.07
upload	0.50	2.42
60	0.50	2.05
50	0.50	2.03
uh	0.50	2.59
delay	0.50	2.21
fuckers	0.50	2.13
talks	0.50	2.43
their	0.50	2.29
mom	0.50	2.07
ur	0.50	2.65
25	0.51	2.03
alternative	0.51	2.18
boy	0.51	2.22
40	0.51	2.03
communicating	0.51	2.42
anon	0.51	2.78
longer	0.51	2.45
hub	0.51	2.27
gateway	0.51	2.21
word	0.51	3.47
sorted	0.52	2.60
photos	0.52	2.17
relatively	0.52	2.33
union	0.52	2.39
placements	0.52	2.43
half	0.52	1.98
binge	0.52	1.98
begin	0.52	2.30
match	0.52	2.25
had	0.52	3.50
onion	0.52	2.31
120	0.52	1.98
female	0.52	2.00
indian	0.52	2.01
reports	0.52	2.60
scary	0.53	2.21
learned	0.53	2.97
10g	0.53	1.89
3.5g	0.53	1.97
dozens	0.53	2.82
vary	0.53	2.19
rolled	0.53	1.93
load	0.53	1.86
user	0.53	2.04
afterwards	0.53	2.26
belize	0.54	2.01
hope	0.54	3.59
oil	0.54	1.64
stepped	0.54	2.17
lbs	0.54	2.09
quarter	0.54	1.87
125	0.54	1.84
women	0.55	2.01
budcentral	0.55	1.91
been	0.55	3.50
80	0.55	2.00
cleaning	0.55	2.33
girls	0.55	1.97
laid	0.55	1.59
hes	0.55	2.43
deepweb	0.55	2.41
item	0.55	2.11
5-10	0.55	2.31
fashion	0.55	1.51
subjective	0.55	1.52
cross	0.55	1.98
relationship	0.55	2.17
8th	0.55	2.05
effects	0.55	1.77
trusted	0.55	2.37
sale	0.55	2.34
ages	0.55	2.95
sales	0.56	2.01
180	0.56	2.06
crush	0.56	1.81
alive	0.56	2.16
300	0.56	2.08
agreed	0.56	2.04
ssb	0.56	1.81
65	0.56	1.92
stamp	0.56	1.73
shits	0.56	2.35
herb	0.56	1.70
website	0.56	2.20
date	0.56	2.41
countless	0.56	2.93
pr	0.56	2.03
popular	0.57	1.77
hidden	0.57	2.18
weak	0.57	1.50
25i	0.57	1.64
pound	0.57	1.82
im	0.57	3.20
purchased	0.57	2.70
style	0.57	2.31
domestic	0.57	2.36
girl	0.57	1.98
practices	0.57	1.94
35	0.57	1.90
200	0.57	2.00
past	0.58	3.08
intelligent	0.58	2.29
patient	0.58	2.15
modafinil	0.58	1.86
garden	0.58	2.06
buyer	0.58	2.28
tight	0.58	1.55
researching	0.58	2.60
typical	0.58	1.92
400	0.58	2.02
co2	0.58	1.65
heard	0.58	3.29
shatter	0.58	1.72
flip	0.58	2.43
powdered	0.58	1.74
tmg	0.59	2.17
healthy	0.59	1.83
includes	0.59	2.07
seemed	0.59	2.46
yield	0.59	1.82
readily	0.59	1.86
straight	0.60	2.23
em	0.60	2.75
bought	0.60	3.05
interview	0.60	1.80
easy	0.60	2.04
regards	0.60	2.17
bunk	0.60	1.57
effective	0.60	1.95
bho	0.60	1.68
flying	0.60	1.86
boys	0.60	2.25
lean	0.61	2.04
carded	0.61	2.14
established	0.61	2.20
grown	0.61	1.88
popcorn	0.61	1.87
reviewed	0.61	2.30
period	0.61	2.65
category	0.61	2.47
help	0.61	3.41
rates	0.61	2.07
wild	0.61	1.89
anxious	0.61	2.88
accurate	0.62	2.04
wizard	0.62	2.11
numerous	0.62	2.71
sells	0.62	2.35
acetone	0.62	1.74
automated	0.62	1.79
pro	0.62	1.65
information	0.62	2.43
pizza	0.62	1.82
listings	0.62	2.30
demand	0.63	2.22
pages	0.63	2.15
dod	0.63	1.88
140	0.63	1.93
trade	0.63	2.25
doses	0.63	1.80
ebay	0.63	1.98
7g	0.63	1.91
wax	0.63	1.60
sides	0.63	2.18
update	0.63	2.96
150	0.64	1.87
cleaned	0.64	2.20
70	0.64	1.93
cars	0.64	1.95
lately	0.64	2.87
100	0.64	1.93
amazon	0.64	1.88
touch	0.64	2.12
registered	0.64	2.10
fent	0.64	1.69
towards	0.64	2.02
photo	0.64	2.12
suck	0.64	1.97
joint	0.64	1.80
reputation	0.64	2.00
blow	0.64	1.71
providing	0.65	2.35
insert	0.65	2.22
cc	0.65	2.17
sleep	0.65	2.01
appeal	0.65	1.59
fluff	0.65	1.72
tab	0.65	1.63
lay	0.65	1.75
stats	0.65	2.04
times	0.65	2.88
suppose	0.65	2.70
magic	0.65	1.99
tabs	0.65	1.63
250	0.66	1.94
100ug	0.66	1.60
ill	0.66	3.34
pink	0.66	1.83
decade	0.66	2.49
drunk	0.66	2.03
party	0.67	2.36
scratch	0.67	2.25
chip	0.67	1.79
meth	0.67	1.57
lasted	0.67	2.39
profitable	0.67	1.84
bonus	0.67	2.11
blackbank	0.67	2.10
grand	0.67	1.98
recently	0.67	3.37
popping	0.67	2.17
110	0.67	1.81
ready	0.68	3.23
collect	0.68	2.05
shot	0.68	1.86
genuine	0.68	1.99
irrelevant	0.68	2.99
circle	0.68	2.22
600	0.68	1.98
services	0.68	2.18
interested	0.68	3.37
gwern	0.68	2.27
class	0.68	2.00
tripping	0.68	1.53
credit	0.68	2.16
viagra	0.69	1.88
listening	0.69	2.25
knowledgeable	0.69	2.31
tv	0.69	1.87
spot	0.69	2.06
paypal	0.69	2.21
thus	0.69	2.05
triple	0.69	1.85
stable	0.69	2.09
fuck	0.69	3.11
20/g	0.69	1.93
vape	0.70	1.62
gotten	0.70	3.34
synthesis	0.70	1.64
document	0.70	1.89
logo	0.70	1.86
double	0.70	1.79
extra	0.70	2.09
dirt	0.70	1.69
scheme	0.71	1.90
200ug	0.71	1.74
instructions	0.71	2.23
nicely	0.71	2.07
strip	0.71	1.66
concentrates	0.71	1.69
hmm	0.71	2.13
upvoted	0.71	2.90
partner	0.72	2.06
mother	0.72	2.21
standard	0.72	1.61
description	0.72	1.87
90	0.72	1.91
camera	0.72	2.21
2cb	0.72	1.68
havent	0.72	3.35
honesty	0.72	2.13
instant	0.72	2.21
head	0.73	1.90
debit	0.73	2.22
lb	0.73	1.80
ug	0.73	1.68
picture	0.73	2.20
between	0.73	2.08
co	0.73	2.08
weather	0.73	1.97
fucking	0.73	2.51
sayin	0.74	2.17
trips	0.74	1.72
valuable	0.74	2.03
ounce	0.74	1.81
opinions	0.74	2.25
keeping	0.74	2.21
weigh	0.74	1.69
nuts	0.74	2.02
university	0.74	1.93
eighth	0.74	1.77
pleasure	0.74	1.90
setting	0.74	2.17
150ug	0.75	1.66
lets	0.75	2.91
summer	0.75	2.21
cuz	0.75	2.37
toyota	0.75	1.92
holiday	0.75	2.14
canadian	0.76	2.22
shall	0.76	2.72
seller	0.76	2.30
1/4	0.76	1.69
marijuana	0.76	1.91
mr	0.76	2.08
medical	0.76	1.97
eating	0.76	1.63
hmmm	0.76	2.47
tested	0.76	2.04
wondered	0.76	3.57
oz	0.76	1.86
bright	0.77	1.71
aint	0.77	2.45
walmart	0.77	2.03
video	0.77	1.74
mainly	0.77	1.99
og	0.77	1.90
cookie	0.77	1.56
farmer1	0.77	1.70
mda	0.77	1.70
platform	0.77	2.05
play	0.77	1.94
roa	0.78	2.00
portion	0.78	1.86
nigga	0.78	2.18
plus	0.78	1.88
marquis	0.78	1.84
coke	0.79	1.82
stock	0.79	2.57
ounces	0.79	1.87
3.5	0.79	1.83
wonderful	0.79	1.89
prepaid	0.79	2.08
occasions	0.79	2.72
yup	0.80	2.60
earned	0.80	2.15
profile	0.80	2.23
cbd	0.80	1.67
fucker	0.80	2.13
useful	0.80	1.99
smoking	0.81	1.47
plate	0.81	1.69
smoker	0.81	1.51
forms	0.81	1.85
dealt	0.81	3.10
focused	0.81	2.06
info	0.81	2.65
smokes	0.81	1.95
guide	0.82	2.16
legitimate	0.82	2.04
consume	0.82	2.17
accepts	0.82	2.18
cards	0.82	2.18
bb	0.82	2.07
r	0.82	1.98
friend	0.83	2.66
images	0.83	2.21
vials	0.83	1.67
eh	0.83	2.57
psychedelic	0.83	1.67
value	0.83	2.03
w	0.83	1.88
greatly	0.84	2.56
truly	0.84	2.49
m8	0.84	2.31
answers	0.84	2.73
samples	0.85	2.08
rise	0.85	1.95
season	0.85	1.99
holidays	0.85	2.10
illegally	0.85	2.06
mdma	0.85	1.66
reference	0.86	2.41
um	0.86	2.46
black	0.86	1.82
1/2	0.87	1.75
b	0.87	2.12
e	0.87	2.10
closer	0.87	1.95
sunwu	0.88	1.91
bungee	0.88	1.86
ego	0.88	1.93
opiate	0.88	1.57
strength	0.88	1.63
qp	0.88	1.81
watch	0.88	1.98
25b	0.89	2.02
l	0.89	1.72
increase	0.89	1.87
silver	0.89	1.64
equal	0.89	1.69
sex	0.89	1.80
aswell	0.90	2.31
hardest	0.90	2.32
choose	0.90	2.52
cali	0.90	2.03
ball	0.90	1.85
card	0.90	2.11
hq	0.90	1.66
turns	0.90	1.96
music	0.91	1.69
reward	0.91	2.06
molly	0.91	1.64
pic	0.91	2.35
steady	0.91	1.92
offers	0.91	2.26
pushing	0.91	1.62
edibles	0.92	1.55
relative	0.92	1.80
dosed	0.93	1.65
ps	0.93	2.36
cannabis	0.93	1.88
combo	0.93	1.65
washed	0.93	1.51
h	0.94	1.79
psychedelics	0.94	1.73
smoke	0.94	1.53
must	0.94	2.97
ever	0.94	3.79
master	0.94	1.78
bth	0.95	1.78
majestic	0.95	2.03
relax	0.95	2.17
outdoor	0.95	1.78
results	0.95	1.87
garbage	0.95	1.70
tar	0.95	1.82
reasonably	0.95	2.10
series	0.95	1.65
games	0.95	1.82
always	0.95	2.54
selection	0.95	2.11
her	0.95	1.77
iv	0.95	1.77
woman	0.95	1.81
eat	0.95	1.68
feedbacks	0.95	1.79
smoked	0.96	2.48
levels	0.96	1.74
ogbryan	0.96	1.77
y	0.96	2.33
regret	0.96	2.40
heh	0.96	2.27
interways	0.96	1.90
comparable	0.96	1.45
hot	0.96	1.63
insanely	0.96	2.25
confidence	0.96	1.92
careful	0.97	2.39
king	0.97	1.80
learning	0.97	3.24
omg	0.97	2.25
fishy	0.97	2.07
golden	0.97	1.67
realrx	0.97	2.10
smoothly	0.98	2.24
extras	0.98	2.12
cleaner	0.98	2.04
tits	0.98	2.32
reputable	0.99	2.04
lord	0.99	2.01
body	0.99	1.69
tl	0.99	1.93
eyes	0.99	1.63
beat	0.99	2.38
consistency	0.99	1.50
bv	1.00	1.60
option	1.00	3.50
hahahaha	1.00	2.52
letting	1.00	2.71
strain	1.00	1.73
dosages	1.00	1.69
flowers	1.00	1.78
communications	1.00	1.97
bailey	1.01	2.10
ecc	1.01	1.69
blueviking	1.01	1.69
visa	1.01	2.09
limited	1.01	1.67
quickly	1.01	1.89
vendor	1.02	2.18
gammagoblin	1.02	1.69
provides	1.02	1.92
jay	1.02	2.12
cartridges	1.02	1.58
flower	1.03	1.67
accurately	1.03	1.81
noticeable	1.03	1.64
list	1.03	2.18
during	1.03	1.91
x	1.03	1.93
dream	1.03	1.82
updated	1.04	2.50
visual	1.04	1.53
trustworthy	1.04	2.02
jack	1.04	1.66
net	1.04	2.18
deals	1.04	2.17
potent	1.04	1.55
rave	1.05	1.74
trap	1.05	1.84
hos	1.05	1.66
stimulant	1.05	1.54
general	1.05	2.54
overpriced	1.05	1.41
establish	1.06	2.03
thoughts	1.06	2.29
higher	1.06	2.04
efficient	1.06	2.13
imo	1.06	3.29
build	1.07	1.81
comfortable	1.07	3.08
gold	1.07	1.90
potency	1.07	1.75
hopes	1.07	1.72
stated	1.07	3.31
ships	1.07	2.13
parties	1.07	1.99
touched	1.08	2.32
delicious	1.08	1.80
bungee54	1.08	1.62
md	1.08	1.95
wikipedia	1.08	2.03
enjoyable	1.08	1.84
tolerance	1.09	1.71
street	1.09	2.10
cut	1.09	1.71
blue	1.09	1.67
netflix	1.09	2.07
longest	1.09	3.43
pictures	1.09	2.10
candy	1.09	1.64
tripped	1.09	2.53
strains	1.10	1.70
color	1.10	1.62
responses	1.10	2.42
se	1.10	2.06
blast	1.11	1.78
stronger	1.11	1.82
experiences	1.11	2.35
confusion	1.12	2.80
grey	1.12	1.85
pricing	1.12	1.95
batches	1.12	1.85
pricey	1.12	1.38
lower	1.12	1.76
easiest	1.12	2.88
dispensary	1.12	1.85
mid	1.13	1.90
rolling	1.13	1.57
friends	1.13	2.15
astrid	1.13	1.83
heavy	1.14	1.63
slow	1.14	1.78
c	1.14	2.05
houseofspirit	1.14	1.68
ridiculously	1.14	2.07
lucy	1.14	2.03
pops	1.14	2.37
xd	1.15	2.57
u	1.15	2.67
adjust	1.15	1.87
lack	1.15	1.49
700	1.15	2.06
lemon	1.15	1.74
overnight	1.15	1.86
seen	1.16	3.56
forgot	1.16	3.20
kush	1.16	1.68
belongs	1.16	2.80
rci	1.16	1.88
purity	1.16	1.78
response	1.17	2.65
purple	1.17	1.71
patience	1.17	2.21
dosage	1.17	1.76
tho	1.17	2.76
blowing	1.17	1.70
spirit	1.17	1.27
ve	1.17	3.62
diesel	1.18	1.68
adventure	1.18	1.65
fan	1.18	2.03
25c	1.18	1.73
indoor	1.19	1.76
willing	1.19	3.60
99	1.19	1.76
thats	1.19	2.96
share	1.19	2.45
experienced	1.19	2.21
advertised	1.19	1.67
thc	1.20	1.58
edited	1.21	3.12
brownie	1.21	1.51
snapback	1.21	1.85
edible	1.21	1.57
t	1.21	1.93
packaging	1.22	1.58
positive	1.22	1.63
supply	1.22	1.81
confident	1.23	2.88
pure	1.23	1.67
categories	1.23	1.95
haze	1.23	1.85
yo	1.25	2.17
brown	1.25	1.53
weight	1.25	1.71
yeah	1.25	3.13
anyways	1.25	2.87
pirate	1.25	1.68
duration	1.25	1.96
choice	1.25	3.00
budget	1.26	1.70
hook	1.26	2.64
safe	1.26	3.19
gt	1.27	2.72
tip	1.27	2.24
playing	1.27	1.62
crystal	1.27	1.53
lasts	1.27	2.29
average	1.28	1.86
reviews	1.28	1.85
low	1.28	1.58
mood	1.28	1.71
n/a	1.28	1.99
aaa	1.29	1.91
honest	1.29	2.09
f	1.29	2.08
nights	1.29	2.35
medibuds	1.30	1.63
uncut	1.30	1.69
dnm	1.30	3.29
dammit	1.30	2.02
weed	1.31	1.66
lasting	1.31	1.87
missed	1.31	2.32
concentrate	1.31	1.66
dr	1.31	2.04
comedown	1.31	1.82
cheap	1.32	1.54
understanding	1.32	2.63
roll	1.32	1.57
fishscale	1.33	1.72
reply	1.33	2.75
range	1.33	1.80
stay	1.33	2.30
son	1.34	2.04
sour	1.34	1.68
bestman	1.34	1.81
premium	1.34	1.90
ate	1.34	1.49
resource	1.34	1.89
eaten	1.35	2.14
ive	1.35	3.44
gg	1.35	1.65
suggestion	1.35	2.38
trip	1.35	1.71
dope	1.35	1.75
felt	1.35	1.88
ai	1.36	2.38
treat	1.36	2.02
dat	1.36	2.38
alexsosa1kg	1.36	1.81
sativa	1.36	1.60
level	1.37	1.98
buds	1.37	1.59
nugs	1.37	1.45
has	1.39	2.58
dark	1.39	1.89
upvote	1.39	2.45
hoping	1.39	3.54
decoy	1.40	1.60
batch	1.40	1.73
swear	1.40	2.50
huh	1.40	2.57
clarification	1.41	2.66
please	1.41	2.81
hello	1.41	2.33
hype	1.41	2.37
dn	1.41	2.97
powerful	1.41	1.30
warned	1.42	3.05
energy	1.42	1.89
viking	1.42	1.57
festival	1.43	1.62
sosa	1.43	1.86
shelf	1.43	1.75
price	1.44	1.92
products	1.44	1.89
pimpit	1.44	1.55
recommendations	1.44	2.51
bud	1.44	1.64
grade	1.45	1.70
reasonable	1.45	1.56
plz	1.45	2.67
rock	1.46	1.26
ha	1.46	2.27
dank	1.47	1.58
tips	1.47	2.50
enjoying	1.47	1.36
intense	1.48	1.56
da	1.48	1.99
review	1.48	2.20
peak	1.48	1.73
yea	1.48	2.65
total	1.48	1.71
lucky	1.49	2.26
insane	1.49	2.24
brownies	1.49	1.41
rep	1.49	1.57
surprise	1.49	2.28
o	1.50	1.97
meh	1.50	2.23
unlike	1.50	1.68
preferably	1.50	1.92
both	1.51	1.89
hilarious	1.52	2.58
hah	1.52	2.40
mind	1.53	3.03
feedback	1.54	1.79
looks	1.54	2.04
worries	1.55	2.51
advice	1.55	2.43
pls	1.55	2.64
yellow	1.55	1.58
recommended	1.56	1.60
advance	1.56	2.39
beer	1.56	2.20
believed	1.56	2.16
forward	1.56	2.55
safest	1.57	2.82
n	1.58	1.93
sake	1.59	1.86
misinformation	1.60	2.40
dragoncove	1.60	1.84
ice	1.61	2.38
sorry	1.62	2.92
reminds	1.62	1.48
suggestions	1.62	2.44
speed	1.63	1.53
baby	1.63	1.97
tried	1.63	2.66
purefiremeds	1.63	1.40
involves	1.63	2.09
rocks	1.64	1.35
dc	1.64	1.77
crystals	1.64	1.43
christ	1.64	2.22
legs	1.65	1.86
easily	1.65	2.48
evil	1.66	2.06
dopeman	1.66	1.66
likes	1.67	2.19
disappointed	1.67	2.33
insight	1.67	2.44
tan	1.68	1.52
jesus	1.68	2.15
bang	1.68	2.62
timely	1.69	1.78
apologize	1.69	2.38
absurd	1.69	1.65
light	1.70	1.56
informative	1.70	2.04
cannatreats	1.70	1.71
welcome	1.71	2.29
hugs	1.71	2.07
calm	1.73	2.00
fellow	1.74	2.04
peace	1.74	2.05
score	1.74	1.61
manner	1.75	1.79
trolls	1.76	2.45
lobali	1.76	2.26
boosie	1.77	1.62
good	1.77	2.08
preferred	1.77	2.64
priced	1.78	1.57
hi	1.78	2.58
legit	1.78	1.80
white	1.79	1.44
p	1.79	2.28
xinhai	1.80	1.72
recommendation	1.80	2.07
fastest	1.80	2.63
reduction	1.81	2.22
minds	1.82	2.06
lol	1.83	2.68
rush	1.84	1.81
apologies	1.84	2.71
ratio	1.84	1.47
letter	1.84	2.42
ok	1.86	2.75
sober	1.88	2.15
hands	1.89	2.42
nah	1.89	2.37
tls	1.90	1.66
compared	1.90	1.48
prices	1.90	1.58
wise	1.91	2.42
sucks	1.92	2.56
miss	1.92	2.27
alex	1.93	1.67
existing	1.93	2.13
movies	1.93	1.53
polite	1.94	1.54
visuals	1.95	1.62
addict	1.95	2.21
detailed	1.95	1.86
indica	1.96	1.42
input	1.96	2.42
buck	1.96	2.50
moderate	1.97	1.43
cheapest	1.97	2.42
feels	1.98	2.15
mild	2.00	1.70
heads	2.01	2.23
sir	2.01	2.31
rated	2.02	1.57
movie	2.02	2.11
thorough	2.02	1.74
respect	2.02	2.30
yes	2.03	2.92
downvotes	2.03	2.41
chill	2.03	1.84
star	2.03	1.45
slight	2.03	2.10
ahh	2.04	2.41
helpful	2.04	1.86
hahaha	2.07	2.43
compare	2.08	1.91
amp	2.09	1.60
reliable	2.09	1.53
bro	2.10	2.48
weighed	2.10	2.06
smooth	2.12	2.05
friendly	2.13	1.41
ratings	2.14	1.55
trippy	2.14	1.45
compressed	2.14	1.84
rating	2.14	1.55
holy	2.16	2.23
awake	2.16	2.30
overweight	2.16	1.53
highest	2.17	1.90
damn	2.18	2.61
gear	2.20	1.52
superior	2.21	1.85
unlucky	2.21	2.37
feeling	2.21	2.13
gotcha	2.23	2.32
interesting	2.25	1.85
crazy	2.25	1.71
glad	2.25	2.59
helps	2.25	2.32
professional	2.26	1.39
prefer	2.26	1.94
mediocre	2.28	1.65
hear	2.28	2.59
ah	2.29	2.38
instrument	2.30	1.44
promising	2.30	1.62
cheers	2.30	2.32
satisfied	2.31	2.20
sharing	2.31	2.15
competitive	2.31	1.48
meatball	2.32	1.37
killer	2.33	1.95
thx	2.34	2.33
customer	2.35	1.49
5/5	2.36	1.46
luck	2.36	2.35
gives	2.37	2.19
hey	2.38	2.36
lacking	2.38	1.47
mate	2.38	2.39
consistently	2.38	1.45
lights	2.38	1.69
guys	2.39	2.45
haha	2.39	2.46
p.s	2.39	2.03
buddy	2.40	2.28
short	2.41	2.27
stealth	2.41	1.50
fair	2.42	1.79
dude	2.42	2.47
super	2.43	2.13
shipping	2.43	1.46
btw	2.44	2.51
art	2.44	1.94
birthday	2.48	2.12
ta	2.49	2.43
lowest	2.52	1.95
appreciate	2.52	2.12
adds	2.54	1.70
covered	2.54	1.71
christmas	2.54	2.26
fat	2.55	1.79
cake	2.55	1.82
god	2.58	2.10
product	2.58	1.43
okay	2.60	2.44
oh	2.61	2.42
fast	2.61	1.39
service	2.61	1.42
incredible	2.61	1.70
clean	2.62	2.04
consistent	2.62	1.34
yep	2.63	2.38
impressive	2.63	1.63
wow	2.64	2.38
strong	2.64	1.82
reviewing	2.66	1.82
buzz	2.68	1.98
green	2.71	1.93
gift	2.72	2.36
his	2.72	1.55
appreciated	2.73	2.23
warm	2.74	2.00
pleased	2.75	1.36
man	2.78	2.29
euphoria	2.79	1.97
invite	2.79	2.28
top	2.79	1.58
alright	2.80	2.26
phenomenal	2.80	1.76
cool	2.80	1.92
sweet	2.81	1.66
pleasant	2.81	1.68
euphoric	2.81	1.95
thank	2.85	2.29
ya	2.85	2.23
thanks	2.86	2.27
generous	2.88	1.59
pics	2.88	1.93
high	2.89	1.68
lt	2.91	2.09
10/10	2.92	1.55
speedy	2.97	1.76
quality	2.98	1.45
stellar	2.99	1.52
lovely	3.03	1.57
quick	3.05	1.45
iirc	3.08	0.97
wish	3.08	2.26
fun	3.10	1.55
fire	3.10	1.51
perfect	3.12	1.53
vouch	3.14	1.25
brother	3.19	1.81
clear	3.21	1.74
communication	3.26	1.36
go-to	3.33	1.38
decent	3.38	1.32
solid	3.42	1.21
beautiful	3.46	1.20
bomb	3.52	1.21
classic	3.55	1.31
great	3.58	1.18
par	3.61	1.10
notch	3.63	1.19
excellent	3.66	1.21
impressed	3.67	0.93
favorite	3.69	0.95
superb	3.73	1.14
enjoyed	3.84	0.78
enjoy	4.43	0.93
