drip	-4.77	0.49
disgusting	-4.66	0.55
tasting	-4.58	0.57
taste	-4.56	0.58
tasted	-4.53	0.59
rid	-4.48	0.67
bitter	-4.46	0.63
ugh	-4.46	0.58
tastes	-4.43	0.67
hangovers	-4.43	0.98
gross	-4.40	0.68
crappy	-4.36	0.67
rebound	-4.25	1.21
hangover	-4.25	1.10
headache	-4.22	1.27
flu	-4.21	1.21
headaches	-4.19	1.26
harsh	-4.18	0.74
throat	-4.16	0.70
pains	-4.16	1.30
comedown	-4.14	1.14
spit	-4.10	0.66
insomnia	-4.09	1.34
smell	-4.09	0.77
diarrhea	-4.04	1.34
killer	-4.01	0.87
brutal	-4.01	0.76
tasteless	-3.97	0.69
miserable	-3.96	1.10
crippling	-3.92	1.38
zaps	-3.91	1.20
worse	-3.90	1.16
mouth	-3.87	0.70
combat	-3.87	1.25
numbing	-3.81	0.76
severe	-3.78	1.46
smells	-3.77	0.92
crash	-3.77	0.79
shitty	-3.76	0.89
inevitable	-3.74	0.84
side-effects	-3.70	0.86
tongue	-3.69	0.73
constant	-3.68	1.36
burnt	-3.68	0.93
relieve	-3.65	1.35
withdrawal	-3.65	1.14
swallow	-3.65	0.74
withdrawals	-3.54	1.11
stomach	-3.52	1.24
unpleasant	-3.50	0.98
swallowing	-3.48	0.76
painful	-3.44	1.34
comedowns	-3.44	1.10
swallowed	-3.42	0.78
wd	-3.41	1.10
smelled	-3.40	0.76
downs	-3.37	1.26
zoloft	-3.34	1.43
nausea	-3.32	1.27
chew	-3.31	0.78
extreme	-3.31	1.56
symptoms	-3.27	1.23
numb	-3.26	0.84
prozac	-3.25	1.48
restless	-3.11	1.62
burns	-3.11	0.84
chemically	-3.07	0.81
switched	-3.06	1.65
immune	-3.06	1.26
burning	-3.06	0.82
25x	-3.03	0.81
vomiting	-3.03	1.29
pain	-3.01	1.21
vasoconstriction	-2.93	1.10
chest	-2.92	1.15
avoid	-2.90	1.21
leg	-2.89	1.11
attacks	-2.87	1.25
experiencing	-2.85	1.53
coughing	-2.85	0.92
absorbed	-2.82	0.83
suffer	-2.81	1.23
alleviate	-2.81	1.12
depression	-2.81	1.23
apple	-2.78	0.87
chronic	-2.78	1.19
symptom	-2.76	1.18
tension	-2.76	1.22
flavor	-2.75	0.99
afterwards	-2.74	1.71
plus	-2.74	1.16
discomfort	-2.71	1.23
anxiety	-2.70	1.27
burn	-2.66	0.94
chemical	-2.65	0.82
cravings	-2.63	1.13
miracle	-2.60	1.42
rough	-2.58	1.66
blotter	-2.58	0.86
reporting	-2.56	1.20
turkey	-2.56	0.83
suck	-2.56	1.71
tab	-2.56	0.88
delicious	-2.55	1.02
nose	-2.53	0.87
cure	-2.52	1.06
sickness	-2.51	1.04
quitting	-2.50	0.82
muscle	-2.50	1.37
sweating	-2.50	1.32
nbomes	-2.48	0.85
depersonalization	-2.46	1.26
sublingually	-2.44	0.91
creates	-2.44	1.63
dox	-2.42	0.85
jaw	-2.42	0.99
chewing	-2.42	0.80
dependence	-2.42	1.07
witnessed	-2.40	1.33
nightmare	-2.40	1.54
dehydration	-2.40	1.17
suffering	-2.39	1.29
blotters	-2.38	0.88
sore	-2.36	1.11
ibuprofen	-2.35	1.10
neck	-2.33	1.03
complain	-2.33	1.19
nbome	-2.32	0.90
lungs	-2.31	0.83
bc	-2.30	1.48
hurts	-2.29	1.06
susceptible	-2.28	1.14
absorb	-2.27	0.88
acute	-2.27	1.13
mask	-2.26	0.86
gum	-2.26	0.77
nasal	-2.26	0.94
wellbutrin	-2.26	0.79
benzo	-2.24	0.97
lexapro	-2.24	0.84
cured	-2.22	0.90
suffered	-2.22	1.23
shame	-2.21	1.65
munchies	-2.21	0.97
absorption	-2.21	0.91
sour	-2.20	1.08
cancer	-2.20	0.92
caused	-2.19	1.22
treat	-2.19	1.03
ptsd	-2.18	1.12
depressing	-2.16	1.42
anti-depressants	-2.15	0.74
prevent	-2.14	0.99
taper	-2.14	0.92
seizures	-2.13	1.09
gut	-2.13	0.92
randomly	-2.13	1.48
clenching	-2.12	0.85
eliminate	-2.11	1.03
diagnosed	-2.11	1.01
everywhere	-2.11	1.55
ugly	-2.10	1.46
horrifying	-2.10	1.71
ssri	-2.10	0.79
dislike	-2.10	1.58
sticky	-2.09	0.92
redosing	-2.09	0.86
reduce	-2.08	1.05
uncomfortable	-2.08	1.33
antidepressants	-2.07	0.74
muscles	-2.07	1.21
overcome	-2.06	1.04
resin	-2.06	0.77
causing	-2.05	1.20
induced	-2.04	1.18
stim	-2.03	1.20
puking	-2.03	1.13
disorder	-2.01	1.07
prescribed	-2.01	0.74
prone	-2.00	1.09
fruit	-2.00	1.04
blackouts	-1.99	0.98
depressed	-1.98	2.01
snorting	-1.98	0.92
puke	-1.97	1.01
minimize	-1.97	0.96
crap	-1.97	1.71
terrifying	-1.96	1.77
ssris	-1.96	0.77
shitting	-1.96	0.97
medications	-1.95	0.69
milk	-1.95	0.90
allergy	-1.95	1.04
suicidal	-1.94	0.95
depressive	-1.94	1.01
alcoholism	-1.93	1.05
disease	-1.92	1.01
sniffing	-1.92	0.90
material	-1.91	0.88
condition	-1.90	1.04
lung	-1.90	0.82
disorders	-1.90	1.03
tapering	-1.90	0.98
addiction	-1.89	1.02
blows	-1.89	1.52
medication	-1.88	0.68
general	-1.88	1.63
violent	-1.88	0.82
appetite	-1.87	1.29
binge	-1.87	1.04
lately	-1.87	1.55
rely	-1.86	1.65
syndrome	-1.85	0.98
itch	-1.85	1.16
methadone	-1.85	0.94
reduces	-1.84	0.95
jerk	-1.84	1.82
stressed	-1.83	2.15
sip	-1.83	0.86
nerve	-1.83	1.11
sandwich	-1.82	0.88
grinding	-1.82	0.89
bugs	-1.82	1.61
medicine	-1.82	0.81
burned	-1.81	0.93
klonopin	-1.81	0.71
threatening	-1.80	0.90
load	-1.80	1.21
panic	-1.80	1.01
teeth	-1.80	0.89
dirty	-1.80	0.94
bipolar	-1.80	0.96
orally	-1.79	0.96
stigma	-1.79	1.61
causes	-1.79	1.25
massive	-1.79	1.63
angry	-1.79	2.15
ease	-1.78	1.33
lead	-1.78	1.11
ginger	-1.78	1.00
cause	-1.78	1.15
illness	-1.78	1.00
adhd	-1.78	0.80
seroquel	-1.75	0.89
vapor	-1.75	0.79
holding	-1.74	0.79
scared	-1.74	1.94
wine	-1.73	0.82
stroke	-1.73	1.07
annoyed	-1.73	2.18
extend	-1.73	1.11
utterly	-1.72	1.56
searched	-1.72	0.80
bleeding	-1.72	0.82
stressful	-1.72	1.17
upset	-1.72	2.20
paranoia	-1.72	1.14
serious	-1.72	1.05
culture	-1.71	1.80
dull	-1.71	1.07
induce	-1.70	1.12
probable	-1.69	0.89
resulted	-1.69	1.09
meds	-1.69	0.64
25i	-1.69	0.92
underestimate	-1.69	1.52
schizophrenia	-1.69	0.98
bad	-1.68	1.64
infection	-1.68	0.89
dependency	-1.67	0.99
fight	-1.67	0.97
boredom	-1.67	1.15
scares	-1.67	1.39
psychosis	-1.66	1.03
confused	-1.66	2.14
occur	-1.65	1.14
manic	-1.65	0.99
cope	-1.64	1.06
associated	-1.64	1.04
covered	-1.64	0.74
patients	-1.64	0.84
triggered	-1.63	0.98
tabs	-1.63	0.91
occurred	-1.63	1.11
amps	-1.63	0.82
tear	-1.63	1.96
dogs	-1.62	0.81
bored	-1.62	2.16
suboxone	-1.60	0.89
sign	-1.60	0.98
resulting	-1.59	1.15
problems	-1.59	1.02
distinct	-1.59	1.05
filter	-1.57	0.86
leading	-1.57	1.12
helps	-1.57	1.21
guilty	-1.57	2.20
psychotic	-1.56	0.98
side	-1.56	0.91
borderline	-1.55	1.09
cwe	-1.55	1.00
wonder	-1.55	2.04
tend	-1.55	1.64
physical	-1.54	0.96
shaking	-1.54	1.09
anxious	-1.54	2.12
ativan	-1.54	0.76
flashbacks	-1.53	1.03
tube	-1.53	0.98
disappointed	-1.53	2.10
experienced	-1.52	1.75
habit	-1.52	0.93
issues	-1.52	1.03
trigger	-1.52	0.96
stress	-1.52	1.11
signs	-1.50	1.00
attack	-1.50	1.05
seed	-1.49	0.91
2c-x	-1.48	0.85
valium	-1.48	0.78
hippies	-1.48	1.78
gabapentin	-1.48	0.73
lonely	-1.48	2.18
racing	-1.48	1.14
prescription	-1.47	0.66
developed	-1.47	1.06
acidic	-1.47	0.91
involve	-1.47	0.87
inhaling	-1.47	0.85
permanent	-1.46	1.10
stopping	-1.46	0.85
cuts	-1.46	0.91
hint	-1.46	1.03
thumb	-1.45	1.02
vaporize	-1.45	0.80
taking	-1.45	0.75
series	-1.45	0.82
prescribe	-1.44	0.62
diazepam	-1.44	0.83
cases	-1.44	1.03
stream	-1.44	0.86
delusional	-1.44	1.04
awkward	-1.43	1.98
breathe	-1.43	0.79
risking	-1.43	1.04
mental	-1.42	1.00
benzodiazepine	-1.42	1.16
melted	-1.42	0.83
afraid	-1.41	2.39
plug	-1.41	1.01
annoying	-1.41	1.44
stand	-1.41	1.75
traumatic	-1.41	1.30
killers	-1.41	0.76
clonazepam	-1.40	0.80
painkillers	-1.40	0.85
impression	-1.40	2.28
xanax	-1.40	0.79
crave	-1.39	0.61
addictions	-1.39	1.04
liver	-1.39	0.99
opiate	-1.39	1.11
temporary	-1.39	1.26
delusions	-1.39	1.04
treating	-1.39	1.00
failure	-1.38	0.96
underlying	-1.38	0.97
imply	-1.38	2.53
rude	-1.38	1.99
patch	-1.38	1.03
interactions	-1.38	0.73
unfortunate	-1.38	1.68
mflb	-1.37	0.64
remove	-1.37	1.02
1mg	-1.36	0.83
bite	-1.36	1.03
lorazepam	-1.36	0.77
etizolam	-1.36	0.83
lingering	-1.36	1.04
4mg	-1.35	0.82
fingers	-1.35	0.87
develop	-1.34	1.01
tylenol	-1.34	0.90
useless	-1.34	1.11
schizophrenic	-1.34	0.74
tums	-1.34	0.96
sleep	-1.34	1.19
aids	-1.34	0.92
vomit	-1.33	0.87
circlejerk	-1.32	2.00
juice	-1.32	0.88
candy	-1.31	1.07
popping	-1.30	0.81
benzodiazepines	-1.30	0.85
honey	-1.30	1.06
etiz	-1.29	0.84
destroying	-1.29	0.90
exhale	-1.29	0.81
detox	-1.29	0.76
diagnosis	-1.28	0.81
leads	-1.28	1.05
legs	-1.28	1.15
tramadol	-1.28	0.78
outcome	-1.28	1.83
inactive	-1.28	0.88
due	-1.27	1.05
despite	-1.27	0.94
held	-1.26	0.76
adderal	-1.26	0.67
blood	-1.26	0.96
psychological	-1.26	0.98
having	-1.26	1.07
hppd	-1.25	1.20
ingested	-1.25	0.88
knife	-1.24	0.84
loss	-1.24	1.09
24/7	-1.24	1.20
partake	-1.24	2.06
spine	-1.24	1.14
prescribing	-1.24	0.67
paranoid	-1.23	1.55
snort	-1.23	0.89
opposite	-1.23	1.67
worthless	-1.23	1.15
shocked	-1.23	2.24
dog	-1.22	0.80
cold	-1.22	1.23
trauma	-1.22	1.01
heart	-1.22	0.99
abuse	-1.22	0.93
breath	-1.22	0.86
virtually	-1.22	0.85
2c	-1.21	0.81
result	-1.21	1.05
suicide	-1.21	0.84
reverse	-1.21	0.95
2mg	-1.21	0.80
5mg	-1.21	0.77
script	-1.20	0.67
dealt	-1.20	0.97
rail	-1.20	0.86
reputation	-1.20	0.82
long-term	-1.20	0.87
lsd	-1.20	0.95
inducing	-1.20	1.10
bladder	-1.20	0.94
ambien	-1.19	0.79
motion	-1.19	0.97
hungover	-1.19	1.45
3mg	-1.19	0.82
poop	-1.19	0.98
pieces	-1.19	0.88
haze	-1.19	0.96
psychologically	-1.19	0.95
dry	-1.19	1.15
pissing	-1.19	0.82
wash	-1.19	0.89
strange	-1.19	1.96
inability	-1.18	1.08
gel	-1.18	0.88
balloon	-1.18	0.83
layer	-1.18	0.82
knees	-1.18	0.95
anger	-1.18	1.10
tablet	-1.18	0.85
wears	-1.18	1.03
dirt	-1.18	0.94
metabolized	-1.17	0.86
poison	-1.16	0.85
inhale	-1.16	0.82
trash	-1.16	0.95
8mg	-1.16	0.81
messed	-1.16	1.29
chocolate	-1.16	0.91
crush	-1.16	0.93
alprazolam	-1.15	0.86
death	-1.15	0.93
poisoning	-1.15	0.99
sugar	-1.15	0.90
finger	-1.15	0.98
duration	-1.14	1.10
counter	-1.14	0.80
instantly	-1.14	0.94
inherently	-1.14	2.04
throwing	-1.13	0.81
materials	-1.13	0.90
sucking	-1.13	1.08
sick	-1.12	1.51
condescending	-1.12	1.08
negligible	-1.12	0.92
ecig	-1.12	0.52
doctors	-1.11	0.65
underwhelming	-1.11	1.27
sensitive	-1.11	1.08
gbl	-1.10	0.87
10mg	-1.10	0.78
tissue	-1.10	0.88
fog	-1.10	1.00
damage	-1.09	0.94
analogues	-1.09	0.83
puked	-1.09	0.96
magnesium	-1.09	0.95
surgery	-1.09	0.78
sucked	-1.08	1.50
challenging	-1.08	1.31
150ug	-1.08	0.92
active	-1.08	1.00
worried	-1.08	1.54
peak	-1.08	1.15
overwhelmed	-1.07	1.35
anti	-1.07	0.76
100ug	-1.06	0.89
tears	-1.06	2.14
contents	-1.06	0.85
seizure	-1.06	0.92
genetic	-1.06	0.92
exhausted	-1.06	1.50
oxycodone	-1.06	0.82
flower	-1.06	0.83
bat	-1.05	1.15
sublingual	-1.05	1.19
blackout	-1.05	0.82
concerta	-1.05	0.70
absolute	-1.05	1.90
objectively	-1.05	2.45
escape	-1.05	0.98
tryptamines	-1.04	0.78
consequences	-1.04	0.86
crushed	-1.04	0.86
phenethylamines	-1.04	0.75
military	-1.04	0.69
typically	-1.04	0.79
compounds	-1.04	0.84
single	-1.04	2.09
sudden	-1.04	1.05
dip	-1.04	0.78
dizzy	-1.04	1.64
compound	-1.04	0.82
skin	-1.03	0.87
antidepressant	-1.03	0.96
saying	-1.03	2.91
doc	-1.03	0.76
insufflated	-1.03	0.96
snorted	-1.03	0.86
oxy	-1.03	0.85
prescriptions	-1.03	0.64
punishment	-1.03	0.87
prove	-1.02	2.77
avoiding	-1.02	0.84
capsule	-1.02	0.84
flat	-1.02	0.97
emotionally	-1.02	1.12
come-up	-1.02	1.21
tuesday	-1.02	1.07
cotton	-1.02	0.87
missing	-1.02	2.63
sides	-1.02	0.93
soda	-1.01	0.84
sheet	-1.01	0.83
roof	-1.01	0.78
solve	-1.01	1.09
there	-1.01	2.75
oxycontin	-1.01	0.82
dope	-1.01	1.10
pressure	-1.01	0.95
paper	-1.01	0.82
psychiatric	-1.00	0.70
otc	-1.00	0.79
holes	-1.00	0.96
adverse	-1.00	0.87
acid	-1.00	0.93
guilt	-1.00	1.04
nauseous	-1.00	1.62
plastic	-0.99	0.83
lemon	-0.99	0.89
calls	-0.99	2.42
2c-i	-0.99	0.85
occurs	-0.98	1.00
hydromorphone	-0.98	0.84
hydros	-0.98	0.87
unpredictable	-0.98	1.13
deprivation	-0.98	1.03
assumption	-0.98	2.73
frustrating	-0.98	1.59
xr	-0.97	0.76
pipe	-0.97	0.63
binging	-0.97	0.89
hydrocodone	-0.97	0.82
dom	-0.97	0.88
fatal	-0.97	0.92
superior	-0.97	2.16
pizza	-0.97	0.90
continued	-0.96	0.94
overdose	-0.96	0.90
vyvanse	-0.96	0.72
weird	-0.96	2.02
40mg	-0.96	0.81
vicodin	-0.96	0.80
30mg	-0.95	0.80
successfully	-0.95	0.98
fear	-0.95	0.82
rem	-0.95	1.04
railing	-0.95	0.88
half-life	-0.95	0.89
goddamn	-0.95	1.64
250ug	-0.95	0.91
hydro	-0.95	0.85
kicks	-0.94	0.93
80mg	-0.94	0.82
20mg	-0.94	0.82
adderall	-0.94	0.71
mean	-0.94	2.88
beads	-0.94	0.91
clinical	-0.94	0.83
desoxyn	-0.93	0.69
ritalin	-0.93	0.71
hurt	-0.93	1.29
apap	-0.93	0.88
dexedrine	-0.93	0.70
kratom	-0.93	0.82
arm	-0.93	0.98
lit	-0.93	0.67
weak	-0.93	1.13
morphine	-0.93	0.87
bars	-0.93	0.76
increased	-0.93	1.06
relapse	-0.93	0.85
hold	-0.93	0.77
rate	-0.93	0.97
believe	-0.93	2.93
health	-0.92	0.87
lsz	-0.92	0.83
25i-nbome	-0.92	0.85
anitoxidants	-0.92	1.06
chicken	-0.92	0.89
management	-0.92	0.75
beforehand	-0.92	0.92
desperate	-0.92	0.95
physiological	-0.92	0.91
percocet	-0.92	0.81
dying	-0.92	1.00
contributed	-0.92	0.95
popped	-0.91	0.77
codeine	-0.91	0.87
border	-0.91	0.85
tight	-0.91	0.88
ir	-0.91	0.77
enzymes	-0.91	0.86
lsa	-0.91	0.91
200ug	-0.90	0.93
cutting	-0.90	0.82
where	-0.90	2.87
struggle	-0.90	1.03
heal	-0.90	0.85
disturbing	-0.90	1.53
acetaminophen	-0.90	0.88
developing	-0.89	0.91
tolerance	-0.89	0.95
imho	-0.89	0.90
70mg	-0.89	0.83
shake	-0.89	0.91
focalin	-0.89	0.71
dank	-0.89	0.94
15mg	-0.89	0.83
addicted	-0.88	1.08
suggesting	-0.88	2.71
history	-0.88	0.73
300ug	-0.88	0.95
overwhelming	-0.88	1.37
al-lad	-0.87	0.85
reported	-0.87	0.94
treated	-0.87	0.88
unusual	-0.87	1.69
fentanyl	-0.87	0.89
excessive	-0.87	0.95
confusing	-0.87	1.31
empty	-0.86	0.97
dosed	-0.86	0.84
arrest	-0.86	0.87
grind	-0.86	0.93
freak	-0.86	1.01
sweaty	-0.86	1.56
damages	-0.86	0.91
garbage	-0.86	0.94
dropping	-0.85	0.83
effects	-0.85	0.98
blacking	-0.85	0.85
neighbors	-0.85	0.67
harmful	-0.85	0.97
minor	-0.85	1.30
guaranteed	-0.85	0.92
vial	-0.85	0.81
coffee	-0.85	0.72
overdoses	-0.85	0.85
sadness	-0.85	1.07
going	-0.85	2.87
maoi	-0.85	0.71
60mg	-0.85	0.81
officer	-0.84	0.77
25c-nbome	-0.84	0.86
10x	-0.84	1.11
comeup	-0.84	1.33
med	-0.84	0.64
rc	-0.84	0.79
percs	-0.84	0.83
500ug	-0.84	0.89
sweat	-0.84	1.08
rcs	-0.84	0.80
1/4	-0.84	0.83
ibogaine	-0.84	0.84
hands	-0.83	0.96
repeated	-0.83	0.95
destroy	-0.83	0.84
switch	-0.83	0.69
fed	-0.83	0.83
sleeping	-0.82	1.16
oral	-0.82	1.01
battery	-0.82	0.71
instant	-0.82	0.79
benzos	-0.82	0.76
tea	-0.82	0.85
avoided	-0.82	0.98
kills	-0.82	0.79
realizing	-0.82	1.08
resist	-0.82	0.91
dilaudid	-0.82	0.89
toilet	-0.82	0.81
cells	-0.82	0.83
quit	-0.82	0.83
meal	-0.82	0.89
residual	-0.82	1.06
cap	-0.82	0.95
addy	-0.81	0.74
tough	-0.81	1.37
drop	-0.81	0.87
altogether	-0.81	0.91
respiratory	-0.81	0.88
dehydrated	-0.81	1.50
strip	-0.81	0.80
caught	-0.81	1.15
od	-0.81	0.88
harder	-0.81	1.16
metabolism	-0.81	0.87
flame	-0.80	0.74
chemicals	-0.80	0.82
plugged	-0.80	0.93
coupled	-0.80	1.20
disagree	-0.80	2.87
synth	-0.80	0.88
cup	-0.80	0.81
120mg	-0.80	0.83
patient	-0.80	0.69
negative	-0.80	0.90
gently	-0.80	0.83
ethylphenidate	-0.79	0.84
involving	-0.79	0.88
baking	-0.79	0.83
torch	-0.79	0.75
glory	-0.79	0.92
maois	-0.79	0.72
assume	-0.79	2.85
rage	-0.79	1.01
terrified	-0.79	1.18
sniff	-0.79	0.86
loops	-0.79	1.03
breakdown	-0.79	0.94
tone	-0.79	1.02
implying	-0.79	2.70
50mg	-0.78	0.83
involved	-0.78	0.83
opioids	-0.78	0.80
bomb	-0.78	1.01
square	-0.78	0.81
lowers	-0.78	0.91
500mg	-0.78	0.87
lips	-0.77	0.87
2c-p	-0.77	0.84
fact	-0.77	2.88
risks	-0.77	0.94
tunnel	-0.77	0.95
spiral	-0.76	0.97
bonus	-0.76	0.91
150mg	-0.76	0.84
arms	-0.76	1.04
away	-0.76	1.07
wreck	-0.76	1.06
overdosing	-0.76	0.82
repeatedly	-0.76	0.81
questioning	-0.76	1.18
after	-0.75	1.07
lot	-0.75	1.23
punch	-0.75	0.80
promote	-0.75	0.87
conditions	-0.75	0.93
unnecessary	-0.75	1.13
25mg	-0.75	0.82
frightening	-0.75	1.80
allergic	-0.75	0.89
opium	-0.75	0.79
100mg	-0.75	0.84
uncommon	-0.74	1.28
pissed	-0.74	1.37
heroin	-0.74	0.87
potential	-0.74	0.90
drink	-0.74	0.79
butter	-0.74	0.91
grapefruit	-0.74	0.87
dextroamphetamine	-0.73	0.75
spiders	-0.73	0.83
stopped	-0.73	0.84
related	-0.73	1.02
pop	-0.73	0.81
cook	-0.73	0.81
crushing	-0.73	0.94
ingesting	-0.73	0.87
illusion	-0.73	0.97
trials	-0.73	0.70
rapid	-0.73	0.97
danger	-0.73	1.12
aggressive	-0.73	1.37
consuming	-0.73	0.82
peanut	-0.72	0.90
kicking	-0.72	0.94
possibility	-0.72	1.16
chems	-0.72	0.84
soooo	-0.72	1.85
washed	-0.72	0.78
hooked	-0.72	1.04
blacked	-0.72	0.80
practically	-0.72	0.89
drank	-0.71	0.79
enzyme	-0.71	0.84
wasting	-0.71	0.93
tablets	-0.71	0.83
bar	-0.71	0.75
prolonged	-0.71	0.89
hbwr	-0.71	0.96
opioid	-0.71	0.87
meh	-0.71	1.24
much	-0.70	1.18
toxic	-0.70	0.89
whiskey	-0.70	0.77
fix	-0.70	1.18
trained	-0.70	0.71
confusion	-0.69	1.16
250mg	-0.69	0.83
risk	-0.69	1.07
murder	-0.69	0.90
entirely	-0.69	2.64
fat	-0.69	0.76
methylphenidate	-0.68	0.73
alot	-0.68	0.95
piece	-0.68	0.82
stronger	-0.68	1.11
craving	-0.68	0.97
similarly	-0.68	0.66
reducing	-0.68	0.89
boring	-0.68	1.18
phenomenon	-0.68	1.05
pour	-0.68	0.83
water	-0.68	0.81
pill	-0.68	0.83
dump	-0.67	0.83
term	-0.67	0.87
psychiatrist	-0.67	0.73
abusing	-0.67	0.76
protect	-0.67	0.80
benadryl	-0.67	0.96
2c-e	-0.67	0.84
stick	-0.67	0.83
laid	-0.67	0.73
putting	-0.67	0.92
soluble	-0.67	0.81
question	-0.67	2.89
agents	-0.67	0.98
cheese	-0.67	0.82
glass	-0.66	0.74
external	-0.66	0.91
toxicity	-0.66	0.89
straw	-0.66	0.78
treatment	-0.66	0.72
acetone	-0.66	0.83
deaths	-0.66	0.89
honesty	-0.66	0.96
deeply	-0.66	0.88
noted	-0.66	1.06
took	-0.65	0.88
ug	-0.65	0.87
hair	-0.65	0.82
issue	-0.65	1.20
creepy	-0.65	1.49
court	-0.65	0.92
settle	-0.65	0.90
redose	-0.65	0.89
onset	-0.65	1.02
opiates	-0.65	0.78
fighting	-0.65	0.86
flow	-0.65	0.95
nervous	-0.65	1.47
intensify	-0.64	0.94
helped	-0.64	1.06
2c-b	-0.64	0.83
easier	-0.64	1.17
damaging	-0.64	0.89
ups	-0.64	0.73
brew	-0.64	0.80
vodka	-0.64	0.77
heroine	-0.64	0.94
arrested	-0.64	0.99
drinking	-0.63	0.76
delirium	-0.63	0.97
nail	-0.63	0.72
shove	-0.63	1.12
nowadays	-0.63	0.83
food	-0.63	0.79
crimes	-0.63	0.93
block	-0.63	0.73
tar	-0.63	0.86
200mg	-0.63	0.82
charges	-0.63	0.97
shots	-0.63	0.81
costs	-0.63	0.94
strongly	-0.62	0.87
build	-0.62	0.90
drag	-0.62	0.62
poppy	-0.62	0.80
dependent	-0.62	0.96
soak	-0.62	0.82
rapidly	-0.62	0.86
beers	-0.62	0.81
bottle	-0.62	0.81
dissolve	-0.62	0.81
er	-0.62	0.68
police	-0.62	0.78
lines	-0.62	0.86
sticks	-0.62	0.90
physically	-0.62	1.05
urge	-0.62	0.95
switching	-0.61	0.73
min	-0.61	0.97
25b	-0.61	1.03
jail	-0.61	0.96
incident	-0.61	0.89
2-fma	-0.61	0.84
sight	-0.61	0.82
breakfast	-0.61	0.83
clinic	-0.61	0.69
difficult	-0.61	1.14
dissociated	-0.61	1.54
needless	-0.61	0.80
technology	-0.61	0.74
capsules	-0.61	0.82
diminished	-0.61	0.91
tryptamine	-0.61	0.75
upper	-0.60	0.83
suspicious	-0.60	1.06
facing	-0.60	0.87
obvious	-0.60	2.36
beating	-0.60	0.97
likely	-0.60	1.42
bound	-0.60	0.78
than	-0.60	1.09
cream	-0.60	0.82
2ce	-0.60	0.84
4-aco-dmt	-0.60	0.81
hungry	-0.60	1.62
battle	-0.60	1.08
episodes	-0.60	0.95
diminish	-0.60	0.87
destroyed	-0.60	0.81
bottles	-0.60	0.81
overheat	-0.60	1.06
insufflation	-0.60	1.19
released	-0.60	0.82
dph	-0.59	0.90
beer	-0.59	0.76
stuck	-0.59	1.08
crutch	-0.59	0.89
far	-0.59	1.15
hurting	-0.59	0.95
inch	-0.59	0.78
threw	-0.59	0.73
catch	-0.59	0.87
inhibitor	-0.59	0.77
release	-0.59	0.79
direct	-0.59	0.84
crime	-0.59	0.91
brownies	-0.59	0.80
stands	-0.59	0.68
piss	-0.59	0.83
put	-0.58	0.77
boiling	-0.58	0.83
stems	-0.58	0.83
cops	-0.58	0.78
worn	-0.57	1.03
fill	-0.57	0.81
hitting	-0.57	0.73
spray	-0.57	0.95
ignoring	-0.57	0.97
charge	-0.57	0.99
amt	-0.57	0.81
reduced	-0.57	0.88
drops	-0.57	0.84
dealing	-0.57	0.93
detrimental	-0.57	0.90
ruined	-0.57	0.95
drinks	-0.56	0.80
2-cb	-0.56	0.90
charged	-0.56	1.00
oxygen	-0.56	0.78
metabolites	-0.56	0.83
line	-0.56	0.81
spoon	-0.56	0.80
2c-c	-0.55	0.82
amphetamines	-0.55	0.72
bong	-0.55	0.65
promethazine	-0.55	1.11
vape	-0.55	0.59
bioavailability	-0.55	0.99
serotonin	-0.55	0.79
wonders	-0.55	0.84
vaped	-0.55	0.67
kill	-0.55	1.27
mescaline	-0.55	0.82
built	-0.55	0.88
slippery	-0.55	0.89
4-ho-met	-0.55	0.81
extended	-0.55	0.81
zombie	-0.55	1.29
happen	-0.55	1.60
analog	-0.55	0.99
argue	-0.54	1.77
bs	-0.54	0.96
case	-0.54	2.48
foil	-0.54	0.77
dpt	-0.54	0.79
liquor	-0.54	0.73
5-meo-mipt	-0.54	0.81
mdpv	-0.54	0.97
wary	-0.54	1.01
produces	-0.54	1.08
made	-0.54	2.24
amphetamine	-0.54	0.74
5-meo-dmt	-0.54	0.78
whose	-0.54	0.82
felony	-0.53	1.00
rates	-0.53	0.85
lifetime	-0.53	0.83
afterward	-0.53	0.94
tired	-0.53	1.81
appeal	-0.53	0.89
pee	-0.53	0.89
veins	-0.53	0.94
phenibut	-0.53	0.81
potentially	-0.52	0.95
fresh	-0.52	0.83
25-b	-0.52	1.01
dex	-0.52	0.73
melt	-0.52	0.76
butt	-0.52	0.98
dropped	-0.52	0.83
chase	-0.52	0.82
ever	-0.52	2.53
correlation	-0.52	1.63
exam	-0.52	0.88
picking	-0.52	0.93
grinder	-0.52	0.64
meaningless	-0.52	1.05
evaporate	-0.52	0.82
exactly	-0.52	2.85
temporarily	-0.51	0.99
liquid	-0.51	0.81
lack	-0.51	0.93
2ci	-0.51	0.83
possibly	-0.51	1.24
wrap	-0.51	0.78
pills	-0.51	0.81
bathroom	-0.51	0.75
eat	-0.51	0.81
vaporizer	-0.51	0.59
hype	-0.51	0.91
crack	-0.51	0.82
blocks	-0.51	0.71
meat	-0.51	0.80
25-i	-0.51	1.03
weaker	-0.51	1.11
neurotoxicity	-0.51	0.89
cost	-0.51	0.96
jar	-0.50	0.78
continues	-0.50	0.72
damaged	-0.50	0.92
gateway	-0.50	1.21
doctor	-0.50	0.72
disappointing	-0.50	1.23
cake	-0.50	0.83
admitted	-0.50	0.83
psilocin	-0.50	0.82
seeds	-0.50	0.85
double	-0.50	0.81
legitimate	-0.50	0.84
probation	-0.50	0.98
ton	-0.50	0.96
jokes	-0.50	2.03
uppers	-0.50	0.75
cups	-0.50	0.84
create	-0.49	0.95
short	-0.49	0.96
exposed	-0.49	0.75
ends	-0.49	0.80
sheets	-0.49	0.77
documented	-0.49	1.10
dinner	-0.49	0.78
quarter	-0.49	0.82
carpet	-0.49	0.74
ride	-0.49	0.89
pros	-0.49	0.92
thankfully	-0.49	0.74
gas	-0.49	0.75
pen	-0.49	0.67
groggy	-0.49	1.69
ephedrine	-0.48	0.86
bubble	-0.48	0.85
commit	-0.48	0.85
cooking	-0.48	0.79
appointment	-0.48	0.72
generic	-0.48	0.76
ground	-0.48	0.74
laugh	-0.48	2.13
shits	-0.48	1.95
400mg	-0.48	0.83
anti-depressant	-0.48	1.03
cigarettes	-0.48	0.87
datura	-0.48	0.90
consent	-0.48	0.97
cut	-0.47	0.81
major	-0.47	1.10
personality	-0.47	0.89
regards	-0.47	0.86
25c	-0.47	1.00
fail	-0.47	0.87
everytime	-0.47	1.10
sucks	-0.47	2.49
hallucinate	-0.47	0.88
thinking	-0.47	1.71
record	-0.47	0.83
coping	-0.47	0.89
builds	-0.47	0.80
increases	-0.47	0.91
shot	-0.47	0.84
robbed	-0.47	0.98
1/2	-0.46	0.84
lucy	-0.46	0.90
threat	-0.46	0.90
5htp	-0.46	0.85
prevents	-0.46	0.67
300mg	-0.46	0.84
eating	-0.46	0.81
hand	-0.46	0.92
trapped	-0.46	1.12
realize	-0.46	2.01
powder	-0.46	0.83
reactions	-0.46	0.79
hospital	-0.46	0.72
ward	-0.46	0.74
orange	-0.46	0.82
readily	-0.45	0.77
holds	-0.45	0.77
solvent	-0.45	0.81
replaced	-0.45	0.97
dissolved	-0.45	0.81
contribute	-0.45	0.94
ruins	-0.45	0.71
blank	-0.45	0.72
die	-0.45	1.46
3-meo-pcp	-0.45	0.80
passing	-0.45	0.80
criminal	-0.45	0.83
addictive	-0.45	0.94
lethal	-0.45	0.87
4-aco	-0.45	0.83
struggling	-0.45	1.19
binges	-0.45	0.89
meth	-0.45	0.82
iv	-0.45	0.92
officers	-0.44	0.77
plugging	-0.44	1.16
freaked	-0.44	1.26
dangers	-0.44	0.94
overdosed	-0.44	0.77
china	-0.44	0.84
decrease	-0.44	0.87
following	-0.44	0.94
increasing	-0.44	0.89
therapy	-0.44	0.64
irrational	-0.44	0.94
packs	-0.44	0.80
raw	-0.44	0.79
dilated	-0.44	0.93
innocent	-0.44	0.84
warrant	-0.44	0.86
l	-0.43	1.04
tied	-0.43	0.85
ears	-0.43	0.89
barrier	-0.43	0.89
cocaine	-0.43	0.76
without	-0.43	1.07
suggest	-0.43	1.17
stage	-0.43	0.92
restaurant	-0.43	0.81
absolutely	-0.43	1.95
cycle	-0.43	0.85
sold	-0.43	0.67
proof	-0.43	1.09
stop	-0.43	1.04
mushies	-0.43	0.85
smokes	-0.43	2.76
foods	-0.42	0.76
depletes	-0.42	0.87
thrown	-0.42	0.85
faster	-0.42	1.00
heat	-0.42	0.76
syrup	-0.42	0.97
search	-0.42	1.25
myth	-0.42	1.23
lighter	-0.42	0.73
lunch	-0.42	0.76
scary	-0.42	1.95
4-fa	-0.42	0.84
20-30	-0.42	0.95
pack	-0.42	0.91
attribute	-0.42	0.77
protein	-0.42	0.78
solution	-0.42	0.80
addicts	-0.42	0.86
biggest	-0.42	2.35
inhibitions	-0.42	0.85
thru	-0.41	0.94
remembering	-0.41	0.97
nitrous	-0.41	0.80
cig	-0.41	0.90
releasing	-0.41	0.78
interaction	-0.41	0.77
dmt	-0.41	0.78
decades	-0.41	0.91
against	-0.41	1.27
repeat	-0.41	0.89
kava	-0.41	0.80
aside	-0.41	0.79
cigarette	-0.41	0.67
sink	-0.41	0.79
overdo	-0.41	1.05
pharmacist	-0.41	0.68
finds	-0.41	2.72
vaping	-0.41	0.63
and/or	-0.41	0.77
failing	-0.41	0.70
dilation	-0.41	1.01
methamphetamine	-0.41	0.76
stack	-0.41	1.05
department	-0.41	0.79
cigs	-0.41	0.96
warn	-0.41	1.08
enforcement	-0.40	0.78
knows	-0.40	2.68
rehab	-0.40	0.73
head	-0.40	0.98
decreased	-0.40	0.90
had	-0.40	1.48
extract	-0.40	0.86
stims	-0.40	0.76
besides	-0.40	1.82
minus	-0.40	0.85
brownie	-0.40	0.75
security	-0.40	0.75
pupils	-0.40	0.95
remaining	-0.40	0.82
claiming	-0.40	1.60
bowls	-0.40	0.61
concerned	-0.40	1.31
partially	-0.40	1.10
tells	-0.40	2.75
kicked	-0.40	0.95
harmless	-0.39	0.93
closest	-0.39	2.49
sticking	-0.39	0.80
believes	-0.39	2.63
responded	-0.39	2.74
mostly	-0.39	1.13
binding	-0.39	0.86
flush	-0.39	0.82
root	-0.39	0.89
lasting	-0.39	1.23
utter	-0.39	0.89
known	-0.39	1.07
gaba	-0.39	0.83
hit	-0.39	0.73
reuptake	-0.39	0.80
benefits	-0.39	0.86
balloons	-0.39	0.89
seeing	-0.39	0.88
rig	-0.39	0.68
neurotoxic	-0.39	0.85
antagonist	-0.39	0.80
says	-0.39	2.76
impurities	-0.38	0.81
pg	-0.38	0.76
arguing	-0.38	1.34
violence	-0.38	0.77
inject	-0.38	0.86
chances	-0.38	0.97
periods	-0.38	0.85
container	-0.38	0.80
encounter	-0.38	1.05
ending	-0.38	0.92
consumed	-0.38	0.79
psilocybin	-0.38	0.84
booze	-0.38	0.69
automatically	-0.38	1.40
pipes	-0.38	0.63
station	-0.38	0.68
coke	-0.38	0.81
glycol	-0.38	0.77
significant	-0.38	0.92
apart	-0.37	0.96
per	-0.37	0.99
alkaloids	-0.37	0.76
bringing	-0.37	1.02
ate	-0.37	0.80
wood	-0.37	0.86
frankly	-0.37	1.18
brought	-0.37	0.73
occasionally	-0.37	0.87
abused	-0.37	0.79
availability	-0.37	0.90
possession	-0.37	0.89
system	-0.36	0.86
war	-0.36	0.84
intensely	-0.36	1.15
intent	-0.36	0.97
asking	-0.36	1.75
demons	-0.36	0.87
strokes	-0.36	1.25
leaves	-0.36	1.07
ket	-0.36	0.78
mda	-0.36	0.80
ethanol	-0.36	0.78
frequent	-0.36	0.81
rarely	-0.36	0.83
600mg	-0.36	0.85
sealed	-0.36	0.80
each	-0.36	1.09
temp	-0.36	0.82
powdered	-0.35	0.80
evolution	-0.35	0.72
wax	-0.35	0.72
hardest	-0.35	2.37
mixture	-0.35	0.77
hookah	-0.35	0.68
talking	-0.35	1.48
contains	-0.35	0.79
linked	-0.35	1.01
followed	-0.35	0.63
sees	-0.35	2.73
bowl	-0.35	0.61
vastly	-0.35	0.93
bumps	-0.34	0.89
outweigh	-0.34	0.83
recreationally	-0.34	0.67
temperature	-0.34	0.86
busted	-0.34	0.85
caffeine	-0.34	0.71
furthermore	-0.34	0.78
neurotransmitters	-0.34	0.83
hits	-0.34	0.88
telling	-0.34	1.71
freebase	-0.34	0.75
quicker	-0.34	1.00
lawyer	-0.34	0.95
attempted	-0.34	0.72
regret	-0.34	1.03
ingest	-0.34	0.96
pharmacy	-0.34	0.69
forgetting	-0.34	1.35
narcotics	-0.34	0.74
phase	-0.33	0.78
neurons	-0.33	0.83
smoke	-0.33	0.97
minimal	-0.33	0.90
decides	-0.33	2.77
tank	-0.33	0.72
dose	-0.33	0.83
hallucinating	-0.33	1.01
stimulants	-0.33	0.72
triple	-0.33	0.85
increase	-0.33	0.88
freaking	-0.33	1.16
prevalent	-0.33	0.86
seconds	-0.33	0.98
5-htp	-0.33	0.86
excess	-0.33	0.86
call	-0.33	1.29
waking	-0.33	0.96
whippets	-0.33	0.81
directly	-0.33	0.84
tendency	-0.33	0.80
thinks	-0.33	2.78
wake	-0.32	1.13
creating	-0.32	0.89
referred	-0.32	0.64
press	-0.32	0.91
shoot	-0.32	0.85
disappear	-0.32	1.04
underground	-0.32	0.74
911	-0.32	0.90
steady	-0.32	0.91
destructive	-0.32	0.92
customs	-0.32	0.82
joint	-0.32	0.64
leaf	-0.32	0.77
affinity	-0.32	0.85
bags	-0.32	0.79
politics	-0.32	0.82
500	-0.32	0.88
deadly	-0.32	0.93
dab	-0.31	0.70
k	-0.31	0.84
initial	-0.31	0.88
said	-0.31	1.70
bucket	-0.31	0.95
smokers	-0.31	0.73
cough	-0.31	0.97
attempt	-0.31	0.92
depressants	-0.31	0.77
robitussin	-0.31	0.98
replace	-0.31	0.79
likes	-0.31	2.70
longer	-0.31	1.07
tiny	-0.31	1.02
5-mapb	-0.31	0.82
injecting	-0.31	0.89
caps	-0.31	0.88
6-apb	-0.31	0.82
prison	-0.31	0.87
fake	-0.31	1.05
urine	-0.30	0.75
oz	-0.30	0.83
piracetam	-0.30	0.86
ambulance	-0.30	0.81
necessarily	-0.30	1.97
calling	-0.30	1.20
methylone	-0.30	0.79
died	-0.30	0.87
dangerous	-0.30	0.95
coming	-0.30	1.44
smoking	-0.30	0.90
wondering	-0.30	1.85
sort	-0.30	1.28
cultural	-0.30	0.80
pants	-0.30	0.80
packed	-0.30	0.57
1g	-0.30	0.86
idea	-0.30	1.76
aid	-0.30	0.86
touching	-0.30	0.86
joints	-0.30	0.87
lower	-0.30	0.90
tobacco	-0.30	0.94
hrs	-0.30	0.97
addition	-0.29	0.86
freezer	-0.29	0.80
vitamins	-0.29	0.82
refused	-0.29	1.01
feet	-0.29	0.79
bigger	-0.29	1.19
salt	-0.29	0.79
argument	-0.29	1.65
cns	-0.29	0.79
agonists	-0.29	0.81
crying	-0.29	1.32
2cb	-0.29	0.86
associate	-0.29	0.65
which	-0.29	1.33
advise	-0.29	1.06
stepped	-0.29	0.75
gt	-0.29	0.82
speed	-0.29	0.73
potentiates	-0.29	0.80
smoked	-0.29	0.92
deny	-0.29	1.53
bizarre	-0.29	1.53
willpower	-0.29	0.92
tape	-0.29	0.76
profile	-0.29	0.90
salvia	-0.28	0.75
towards	-0.28	0.87
add	-0.28	0.82
analogue	-0.28	0.91
alcohol	-0.28	0.65
r/trees	-0.28	1.30
cactus	-0.28	0.80
include	-0.28	0.80
chain	-0.28	0.61
recipe	-0.28	1.12
endless	-0.28	0.98
finding	-0.28	1.03
expensive	-0.28	1.10
happening	-0.28	1.78
crystal	-0.28	0.80
rare	-0.28	1.14
zero	-0.28	0.89
trouble	-0.28	1.00
criminals	-0.28	0.81
millions	-0.28	0.85
spliff	-0.27	0.67
partial	-0.27	0.85
understand	-0.27	2.04
ect	-0.27	0.91
insurance	-0.27	0.75
ignore	-0.27	1.32
cartels	-0.27	0.75
whipped	-0.27	0.80
eaten	-0.27	1.14
mephedrone	-0.27	0.78
follows	-0.27	0.73
half	-0.27	1.00
know	-0.27	2.08
misinformation	-0.27	0.94
part	-0.27	2.39
ml	-0.27	0.81
filled	-0.27	0.77
fit	-0.27	0.83
apparent	-0.27	0.99
tail	-0.26	0.79
systems	-0.26	0.79
justice	-0.26	0.83
no	-0.26	1.64
ketamine	-0.26	0.79
passes	-0.26	0.81
county	-0.26	0.84
getting	-0.26	1.38
raise	-0.26	0.87
ounces	-0.26	0.82
kick	-0.26	0.96
fade	-0.26	0.93
ghb	-0.26	0.78
upon	-0.26	0.91
psychs	-0.26	0.73
right	-0.26	2.98
threshold	-0.26	0.87
killing	-0.26	0.85
bias	-0.26	0.85
worrying	-0.26	1.14
solutions	-0.26	0.95
oxide	-0.26	0.79
loose	-0.26	0.85
hour	-0.26	1.02
deal	-0.26	1.51
liking	-0.26	0.79
usa	-0.26	1.15
brain	-0.26	0.84
consistent	-0.26	0.94
describing	-0.26	1.19
applies	-0.25	0.74
baggie	-0.25	0.76
cares	-0.25	2.63
recently	-0.25	1.16
vitamin	-0.25	0.86
propaganda	-0.25	0.91
ounce	-0.25	0.78
irrelevant	-0.25	1.40
syringe	-0.25	0.90
biological	-0.25	0.79
return	-0.25	0.84
1	-0.25	0.96
blunts	-0.25	0.84
because	-0.25	2.19
has	-0.25	1.16
pharmaceuticals	-0.25	0.84
prior	-0.25	1.02
north	-0.25	0.93
literally	-0.25	1.37
smoother	-0.25	1.19
repeating	-0.25	1.08
agonist	-0.25	0.84
ripped	-0.25	0.98
underwhelmed	-0.25	0.88
always	-0.25	1.61
produced	-0.25	0.75
losing	-0.25	0.93
those	-0.25	1.15
tell	-0.25	1.57
extraction	-0.25	0.94
production	-0.25	0.77
lots	-0.25	0.74
shadow	-0.24	0.86
spinning	-0.24	0.82
pointless	-0.24	1.25
rape	-0.24	0.87
perceived	-0.24	0.93
whenever	-0.24	1.05
mechanism	-0.24	0.92
sometimes	-0.24	1.08
vein	-0.24	0.93
australia	-0.24	1.13
researching	-0.24	1.13
longest	-0.24	1.09
mdma	-0.24	0.81
exposure	-0.24	0.82
scenario	-0.24	2.35
proceeded	-0.24	0.83
cleaned	-0.24	0.71
emergency	-0.24	0.71
weirdest	-0.24	2.00
nights	-0.24	0.92
ear	-0.24	0.89
vague	-0.24	0.98
laced	-0.24	0.65
period	-0.24	1.03
split	-0.24	0.74
woke	-0.24	1.10
staff	-0.23	0.70
sale	-0.23	0.81
committed	-0.23	0.78
next	-0.23	1.06
messing	-0.23	0.99
breathing	-0.23	0.81
gave	-0.23	1.20
proven	-0.23	1.16
cleaning	-0.23	0.75
dabs	-0.23	0.65
downers	-0.23	0.74
decline	-0.23	0.85
salts	-0.23	0.72
addict	-0.23	0.80
knowing	-0.23	1.68
lied	-0.23	1.50
why	-0.23	2.15
pma	-0.23	0.75
thoughts	-0.23	0.89
care	-0.23	1.58
receptors	-0.23	0.84
supposed	-0.23	2.05
existing	-0.23	0.94
pressed	-0.23	0.78
extracted	-0.23	0.79
h	-0.22	1.00
convince	-0.22	1.50
filling	-0.22	0.79
breaks	-0.22	0.94
tons	-0.22	1.10
via	-0.22	0.80
upwards	-0.22	0.87
administered	-0.22	0.71
plan	-0.22	1.13
careful	-0.22	0.98
pulling	-0.22	0.75
encountered	-0.22	1.35
quiet	-0.22	2.35
bongs	-0.22	0.61
nootropics	-0.22	0.80
pot	-0.22	0.85
junkies	-0.22	0.83
toke	-0.22	0.65
psychologist	-0.22	0.79
surface	-0.22	0.79
immediate	-0.22	0.93
dream	-0.22	1.02
dea	-0.22	0.76
beat	-0.22	1.08
mark	-0.22	0.93
previously	-0.22	1.06
cry	-0.21	2.45
inside	-0.21	0.77
pcp	-0.21	0.76
behavior	-0.21	0.87
gotten	-0.21	1.31
expect	-0.21	1.98
baseline	-0.21	0.89
forming	-0.21	0.83
thus	-0.21	0.84
impact	-0.21	0.85
unlikely	-0.21	1.36
alcoholic	-0.21	0.74
mg	-0.21	0.84
created	-0.21	0.82
matter	-0.21	2.06
passed	-0.21	0.79
screaming	-0.21	0.87
plain	-0.21	0.92
seemingly	-0.21	0.88
gram	-0.21	0.84
unrelated	-0.21	1.09
bang	-0.21	0.96
bottom	-0.21	0.69
hbr	-0.21	1.01
rats	-0.21	0.80
bits	-0.21	0.97
substance	-0.21	1.07
factors	-0.21	0.89
received	-0.21	0.75
unaware	-0.21	1.20
bag	-0.21	0.88
dried	-0.21	0.87
netherlands	-0.20	1.14
comes	-0.20	0.73
degrees	-0.20	0.78
guarantee	-0.20	1.71
replied	-0.20	2.93
almost	-0.20	1.16
antagonists	-0.20	0.82
steroids	-0.20	0.77
occasion	-0.20	0.79
needle	-0.20	0.89
hassle	-0.20	0.99
core	-0.20	0.81
crystals	-0.20	0.79
been	-0.20	1.45
pharmaceutical	-0.20	0.77
fried	-0.20	1.07
ad	-0.20	0.89
bear	-0.20	0.79
accident	-0.20	0.84
bother	-0.20	1.55
poppers	-0.20	0.69
length	-0.19	0.85
l-theanine	-0.19	0.83
figures	-0.19	0.80
distribution	-0.19	0.85
touched	-0.19	1.32
craziest	-0.19	2.16
weed	-0.19	0.66
machine	-0.19	0.70
sales	-0.19	0.85
convincing	-0.19	1.04
through	-0.19	0.82
cop	-0.19	0.78
herbs	-0.19	0.77
monster	-0.19	0.80
peyote	-0.19	0.77
failed	-0.19	0.97
smoker	-0.19	0.82
noticed	-0.19	1.27
slower	-0.19	1.00
norepinephrine	-0.19	0.84
ashamed	-0.19	2.48
throw	-0.18	0.88
effected	-0.18	0.79
under	-0.18	0.80
recommended	-0.18	0.89
mins	-0.18	1.00
dosing	-0.18	0.82
alcoholics	-0.18	0.73
essentially	-0.18	0.89
chance	-0.18	1.37
imagine	-0.18	1.78
intake	-0.18	0.80
serotonergic	-0.18	0.75
waited	-0.18	1.01
knew	-0.18	1.60
forget	-0.18	1.71
scheduled	-0.18	0.84
yay	-0.18	1.39
authority	-0.18	0.76
impossible	-0.18	1.20
hella	-0.18	1.19
consistently	-0.18	0.78
random	-0.18	1.31
melatonin	-0.18	0.93
doing	-0.18	1.94
8th	-0.18	0.83
molly	-0.18	0.78
handed	-0.18	0.82
bodies	-0.18	0.72
fire	-0.18	0.81
minutes	-0.18	1.02
taken	-0.18	1.37
claimed	-0.17	1.89
commonly	-0.17	0.89
primarily	-0.17	0.77
minute	-0.17	0.95
parallel	-0.17	0.94
itself	-0.17	1.31
label	-0.17	0.85
ive	-0.17	1.54
air	-0.17	0.97
belt	-0.17	0.77
form	-0.17	0.80
ingredient	-0.17	0.98
weekends	-0.17	0.88
unhealthy	-0.17	0.87
maximum	-0.17	0.86
shrooms	-0.17	0.90
herb	-0.17	0.68
everyday	-0.17	0.82
butane	-0.17	0.77
decade	-0.17	0.83
within	-0.17	1.03
asks	-0.17	2.10
17	-0.17	0.82
smarter	-0.17	0.93
paste	-0.17	0.77
chasing	-0.17	0.86
media	-0.17	0.87
norm	-0.17	1.11
blown	-0.17	1.27
drowsy	-0.17	1.76
shown	-0.16	0.75
convinced	-0.16	1.10
scare	-0.16	0.92
edge	-0.16	0.89
agree	-0.16	3.00
bothers	-0.16	1.27
psych	-0.16	0.74
plenty	-0.16	1.08
long	-0.16	1.26
morning	-0.16	1.04
asleep	-0.16	1.00
valid	-0.16	1.99
burst	-0.16	1.16
hours	-0.16	0.99
does	-0.16	1.75
studied	-0.16	0.84
entering	-0.16	0.85
blunt	-0.16	0.64
plant	-0.16	0.75
began	-0.16	0.86
concerns	-0.16	1.05
lasted	-0.16	1.02
downer	-0.16	0.82
circle	-0.16	0.87
worry	-0.16	1.83
ditch	-0.16	0.87
inhalants	-0.16	0.78
ecstasy	-0.16	0.76
law	-0.16	0.80
products	-0.16	0.77
say	-0.16	2.13
gradually	-0.16	0.88
pure	-0.16	0.76
defense	-0.16	0.93
containing	-0.15	0.82
theory	-0.15	1.68
medical	-0.15	0.70
fast	-0.15	0.88
1.5g	-0.15	0.89
stores	-0.15	0.65
slight	-0.15	1.47
suddenly	-0.15	0.97
synthetic	-0.15	0.76
texas	-0.15	1.10
mxe	-0.15	0.79
claim	-0.15	1.51
roa	-0.15	1.29
dabbing	-0.15	0.66
quickly	-0.15	0.93
produce	-0.15	0.95
acting	-0.15	0.90
eighth	-0.15	0.84
falling	-0.15	0.80
hole	-0.15	0.77
nmda	-0.15	0.87
program	-0.15	0.75
recognize	-0.15	1.08
administration	-0.15	1.23
hippie	-0.15	0.90
started	-0.15	0.88
tricky	-0.15	1.23
wearing	-0.15	0.76
couldnt	-0.14	1.20
total	-0.14	0.89
estimates	-0.14	1.11
demand	-0.14	0.80
oil	-0.14	0.74
even	-0.14	2.05
pushed	-0.14	0.74
sells	-0.14	1.67
takes	-0.14	1.04
ruining	-0.14	0.77
effectively	-0.14	0.97
micrograms	-0.14	0.84
picked	-0.14	0.77
higher	-0.14	0.91
fly	-0.14	0.73
speculation	-0.14	1.76
gather	-0.14	1.05
beast	-0.14	1.05
mainly	-0.14	0.78
ingredients	-0.14	0.95
live	-0.14	1.21
alien	-0.14	1.01
asked	-0.14	1.68
dopamine	-0.14	0.83
fiend	-0.14	1.12
proceed	-0.14	0.92
dedicated	-0.14	0.87
unlike	-0.14	0.73
modern	-0.14	0.79
refuse	-0.14	1.11
brand	-0.14	0.74
300	-0.14	0.89
hash	-0.14	0.69
interfere	-0.14	0.80
cannabinoids	-0.14	0.81
night	-0.13	0.98
risky	-0.13	1.17
ask	-0.13	1.59
before	-0.13	1.49
protective	-0.13	0.84
odds	-0.13	1.07
ruin	-0.13	0.82
explain	-0.13	1.67
see	-0.13	1.69
profit	-0.13	0.78
receptor	-0.13	0.83
federal	-0.13	0.80
already	-0.13	1.51
tops	-0.13	1.05
financial	-0.13	0.80
anything	-0.13	1.85
turning	-0.13	0.81
flipping	-0.13	0.76
hesitant	-0.13	1.21
guard	-0.13	0.84
immature	-0.13	1.28
stock	-0.13	0.72
usage	-0.13	0.81
deliriants	-0.13	0.76
speedball	-0.13	0.88
unconscious	-0.13	0.85
stating	-0.13	1.72
looking	-0.13	1.76
spectrum	-0.13	0.84
halfway	-0.13	0.97
wore	-0.13	0.79
influenced	-0.13	0.77
everybody	-0.13	2.46
walmart	-0.13	0.65
think	-0.13	2.12
interact	-0.13	0.84
applied	-0.13	0.87
sake	-0.12	0.92
handful	-0.12	1.36
trip	-0.12	1.25
strongest	-0.12	2.31
later	-0.12	1.08
status	-0.12	0.87
else	-0.12	1.72
internal	-0.12	0.87
blaming	-0.12	1.49
regulated	-0.12	0.84
memory	-0.12	0.85
mail	-0.12	0.83
apply	-0.12	0.89
coast	-0.12	1.10
amsterdam	-0.12	1.01
take	-0.12	1.30
big	-0.12	1.35
agent	-0.12	1.03
attached	-0.12	0.75
5-10	-0.12	0.97
seem	-0.12	1.45
skip	-0.12	1.07
equivalent	-0.12	0.83
injected	-0.12	0.75
waste	-0.12	1.26
expecting	-0.12	1.35
selling	-0.12	0.80
larger	-0.12	1.12
germany	-0.12	1.00
roughly	-0.12	0.87
4g	-0.12	0.88
lasts	-0.12	1.06
grams	-0.12	0.89
realistically	-0.12	1.56
sadly	-0.11	1.33
pound	-0.11	0.82
score	-0.11	0.73
dabble	-0.11	0.77
box	-0.11	0.71
regulate	-0.11	0.93
le	-0.11	1.12
bud	-0.11	0.69
loop	-0.11	0.99
fears	-0.11	0.96
ld50	-0.11	0.91
therapist	-0.11	0.78
move	-0.11	0.84
victim	-0.11	0.80
evidence	-0.11	1.49
available	-0.11	0.83
price	-0.11	0.84
serve	-0.11	0.92
remember	-0.11	1.68
race	-0.11	0.85
guide	-0.11	1.05
handling	-0.11	0.98
problem	-0.11	1.71
property	-0.11	0.78
ethical	-0.11	1.23
badly	-0.11	0.96
daily	-0.11	0.74
consume	-0.11	0.82
fewer	-0.11	0.97
tax	-0.11	0.85
cos	-0.11	1.13
western	-0.11	0.91
lies	-0.11	1.07
train	-0.11	0.75
placed	-0.10	0.76
400	-0.10	0.90
confront	-0.10	1.00
douche	-0.10	1.30
unexpected	-0.10	1.02
lastly	-0.10	0.87
programs	-0.10	0.79
stretch	-0.10	0.99
cognitive	-0.10	0.84
emotions	-0.10	0.92
did	-0.10	2.01
enjoys	-0.10	2.54
ganja	-0.10	0.87
bought	-0.10	0.72
adjust	-0.10	0.81
met	-0.10	1.07
unknown	-0.10	0.84
auditory	-0.10	1.02
u.s	-0.10	0.88
ego	-0.10	0.91
political	-0.10	0.81
countless	-0.10	1.06
were	-0.10	1.54
noticing	-0.10	0.91
central	-0.10	0.79
fucks	-0.10	0.84
encourage	-0.10	0.91
presents	-0.10	0.92
lightly	-0.10	0.94
mistaken	-0.10	2.90
trust	-0.10	1.63
sexual	-0.10	0.75
rat	-0.10	0.84
ingestion	-0.10	1.12
point	-0.09	2.13
hallucinogens	-0.09	0.70
told	-0.09	1.70
killed	-0.09	0.67
extensive	-0.09	0.82
injection	-0.09	0.93
blind	-0.09	0.85
assure	-0.09	0.97
producing	-0.09	0.77
1.5	-0.09	0.94
1000	-0.09	0.87
survive	-0.09	0.95
trial	-0.09	0.90
led	-0.09	0.82
candyflip	-0.09	0.84
fired	-0.09	0.76
mixed	-0.09	0.76
end	-0.09	1.24
deals	-0.09	0.87
mgs	-0.09	0.90
2.5	-0.09	0.92
3g	-0.09	0.88
pull	-0.09	0.76
constantly	-0.09	1.09
find	-0.09	1.36
200	-0.09	0.90
modafinil	-0.09	0.79
3-5	-0.08	0.98
closely	-0.08	0.82
3.5	-0.08	0.88
md	-0.08	0.80
extent	-0.08	1.20
supplement	-0.08	0.84
begins	-0.08	0.80
roll	-0.08	0.78
attempts	-0.08	0.73
easily	-0.08	1.17
span	-0.08	1.05
lose	-0.08	0.98
ended	-0.08	0.85
aware	-0.08	1.61
concentrate	-0.08	0.83
clue	-0.08	1.75
beneficial	-0.08	1.00
mexico	-0.08	0.91
anywhere	-0.08	1.30
ve	-0.08	1.52
row	-0.08	1.06
shops	-0.08	0.74
broken	-0.08	0.68
buying	-0.08	0.80
showing	-0.08	0.99
inclined	-0.08	0.92
must	-0.08	2.09
foot	-0.08	0.77
equally	-0.08	1.17
stimulant	-0.08	1.16
shorter	-0.08	1.00
mainstream	-0.08	0.86
slowly	-0.08	0.87
days	-0.08	1.07
tripped	-0.08	1.08
cities	-0.08	1.10
2g	-0.08	0.88
paid	-0.08	0.85
wait	-0.08	1.04
million	-0.07	1.03
bucks	-0.07	0.95
government	-0.07	0.81
date	-0.07	1.19
skeptical	-0.07	1.35
vehicle	-0.07	0.68
package	-0.07	0.80
obtain	-0.07	1.02
huge	-0.07	1.22
frequently	-0.07	0.90
precisely	-0.07	1.22
voices	-0.07	0.85
sooo	-0.07	1.90
europe	-0.07	0.93
interested	-0.07	1.37
cell	-0.07	0.73
pass	-0.07	0.89
awhile	-0.07	1.08
4-6	-0.07	0.97
rule	-0.07	0.75
country	-0.07	1.12
grain	-0.07	0.77
dxm	-0.07	0.97
cubes	-0.07	0.87
addicting	-0.07	0.95
unheard	-0.07	1.34
anti-drug	-0.07	0.90
mixing	-0.06	0.79
seeking	-0.06	0.78
thousands	-0.06	0.98
mention	-0.06	1.58
falls	-0.06	0.60
blow	-0.06	0.98
dispensaries	-0.06	0.77
never	-0.06	1.57
toss	-0.06	1.02
slept	-0.06	0.98
true	-0.06	2.93
managed	-0.06	0.94
powders	-0.06	0.81
talked	-0.06	1.59
pulled	-0.06	0.72
2-4	-0.06	1.01
19	-0.06	0.97
challenge	-0.06	1.10
prohibition	-0.06	0.89
yet	-0.06	1.57
suit	-0.06	0.79
reasons	-0.06	1.28
grab	-0.06	0.86
150	-0.06	0.86
hcl	-0.06	0.80
6-8	-0.06	0.99
15-20	-0.05	0.96
either	-0.05	1.96
by	-0.05	1.26
twenty	-0.05	0.98
since	-0.05	1.45
street	-0.05	0.73
tall	-0.05	0.76
10-15	-0.05	0.97
100	-0.05	0.90
size	-0.05	0.94
rise	-0.05	0.77
then	-0.05	1.54
dies	-0.05	1.92
2-fa	-0.05	0.90
saved	-0.05	0.81
7	-0.05	0.91
exist	-0.05	1.45
miss	-0.05	1.86
odd	-0.05	1.51
paying	-0.05	0.89
wear	-0.05	0.73
mushrooms	-0.05	0.88
carrying	-0.05	0.66
immediately	-0.05	0.96
pair	-0.05	0.75
ago	-0.05	1.09
gear	-0.05	0.72
straight	-0.05	1.00
shooting	-0.04	0.79
molecules	-0.04	0.69
canada	-0.04	1.02
stops	-0.04	0.77
tempted	-0.04	1.63
again	-0.04	1.75
flip	-0.04	0.82
regarding	-0.04	0.88
xtc	-0.04	0.76
east	-0.04	0.98
fda	-0.04	0.75
2	-0.04	0.97
spaced	-0.04	1.00
10	-0.04	0.94
indulge	-0.04	0.92
pay	-0.04	0.88
during	-0.04	0.92
combinations	-0.04	0.85
kush	-0.04	0.89
carry	-0.04	0.79
retarded	-0.04	1.67
anymore	-0.04	1.95
giving	-0.04	1.07
5	-0.04	0.96
legitimately	-0.04	1.34
spice	-0.04	0.67
store	-0.04	0.64
money	-0.04	0.90
dollars	-0.04	0.93
4	-0.04	0.97
acquire	-0.04	0.95
solely	-0.04	1.04
sooner	-0.04	1.05
address	-0.04	0.87
united	-0.04	0.89
closer	-0.04	0.94
8	-0.04	0.93
reset	-0.04	0.84
done	-0.04	1.50
accept	-0.04	1.39
fridge	-0.04	0.72
supplements	-0.04	0.79
affects	-0.04	0.81
crossed	-0.04	0.89
15	-0.03	0.91
12	-0.03	0.92
6	-0.03	0.96
warned	-0.03	0.96
until	-0.03	1.03
diphenhydramine	-0.03	0.99
eyes	-0.03	0.75
recommend	-0.03	1.22
laws	-0.03	0.89
5-6	-0.03	0.98
needing	-0.03	0.98
popular	-0.03	0.86
pretend	-0.03	1.81
highest	-0.03	1.23
shortly	-0.03	0.89
regularly	-0.03	0.74
ran	-0.03	0.72
asap	-0.03	0.91
planning	-0.03	1.39
rent	-0.03	0.76
forms	-0.03	0.69
judgement	-0.03	0.79
absurd	-0.03	1.25
factor	-0.03	1.04
also	-0.03	1.63
casual	-0.03	0.74
forth	-0.03	0.80
became	-0.03	1.22
building	-0.03	0.72
grocery	-0.03	0.66
4-5	-0.03	0.99
banned	-0.03	0.94
america	-0.03	0.99
ability	-0.03	0.89
blends	-0.02	0.78
ignored	-0.02	1.25
hundreds	-0.02	1.09
states	-0.02	0.93
eight	-0.02	0.96
relative	-0.02	0.85
hung	-0.02	0.86
completely	-0.02	1.16
appealing	-0.02	1.23
legality	-0.02	0.96
unsure	-0.02	1.46
something	-0.02	1.91
600	-0.02	0.85
carried	-0.02	0.83
ten	-0.02	0.97
3-4	-0.02	1.00
weeks	-0.02	1.08
together	-0.02	0.90
nap	-0.02	1.05
<SPECIAL>	-0.02	0.76
<URL>	-0.02	0.76
legalization	-0.02	0.96
bump	-0.02	0.96
1-2	-0.02	1.00
starting	-0.02	1.02
movement	-0.02	0.80
depend	-0.02	0.74
identity	-0.02	0.84
stoner	-0.02	0.71
arrived	-0.02	0.83
grip	-0.02	0.87
onto	-0.02	0.76
colorado	-0.02	0.89
dollar	-0.02	0.86
us	-0.02	1.25
san	-0.02	0.89
sell	-0.02	0.74
mentally	-0.02	1.17
13	-0.02	0.83
primary	-0.02	1.05
16	-0.01	0.85
pick	-0.01	0.92
past	-0.01	1.16
14	-0.01	0.81
bho	-0.01	0.72
jump	-0.01	0.74
months	-0.01	1.09
combine	-0.01	0.78
directions	-0.01	0.80
9	-0.01	0.89
couple	-0.01	1.00
few	-0.01	1.00
sub	-0.01	1.23
concerning	-0.01	0.85
dosages	-0.01	0.79
prices	-0.01	0.81
3	-0.01	1.00
atleast	-0.01	1.06
basically	-0.01	1.74
spent	-0.01	1.01
visit	-0.01	0.94
win	-0.01	0.92
hundred	-0.01	0.98
pocket	-0.01	0.73
into	-0.01	0.84
washington	-0.01	0.93
supply	-0.01	0.78
250	-0.01	0.87
consumption	-0.01	0.79
negatively	-0.01	0.81
science	-0.01	1.42
purchase	-0.01	0.78
suspect	-0.01	1.13
uk	-0.01	1.00
showed	-0.01	0.94
extra	-0.01	0.91
5g	-0.01	0.87
begin	-0.01	0.90
thousand	-0.01	0.99
touch	-0.00	1.11
years	-0.00	1.09
taxes	-0.00	0.81
figure	-0.00	1.55
afford	-0.00	0.97
ordering	-0.00	0.76
dissociatives	-0.00	0.67
imagining	-0.00	1.23
acts	-0.00	0.84
comparing	-0.00	0.97
thin	-0.00	0.72
2-3	0.00	1.03
max	0.00	0.95
cheap	0.00	0.90
several	0.00	1.11
dozens	0.00	1.09
delsym	0.00	1.01
sent	0.00	0.86
pedro	0.00	0.90
discussing	0.00	1.06
dreaming	0.00	0.91
expected	0.00	0.99
lowest	0.00	1.10
shroom	0.00	0.96
heavily	0.00	0.82
psychedelics	0.01	0.73
horse	0.01	1.07
five	0.01	0.97
combined	0.01	0.76
30	0.01	0.96
chinese	0.01	0.74
socially	0.01	1.61
episode	0.01	0.95
buy	0.01	0.71
bills	0.01	0.79
spend	0.01	0.98
talk	0.01	1.35
brief	0.01	0.95
20	0.01	0.93
ca	0.01	1.53
mess	0.01	1.05
design	0.01	0.82
least	0.01	1.15
g	0.01	0.93
marijuana	0.01	0.76
lived	0.01	1.04
affect	0.01	0.79
how	0.01	1.98
mentioned	0.01	1.32
psychoactive	0.01	0.82
benign	0.01	1.00
mix	0.01	0.77
desired	0.01	0.93
circles	0.01	0.80
explained	0.01	1.40
mentality	0.01	0.87
widely	0.01	0.77
professional	0.01	0.83
mode	0.01	1.27
large	0.01	1.21
illegal	0.02	0.84
state	0.02	0.81
potentiate	0.02	0.81
countries	0.02	0.93
medically	0.02	0.96
asshole	0.02	1.25
six	0.02	1.00
1-3	0.02	1.04
weekly	0.02	0.89
eventually	0.02	1.10
experimenting	0.02	0.91
quantities	0.02	0.85
florida	0.02	0.95
devil	0.02	0.96
judging	0.02	1.25
shut	0.02	0.81
unless	0.02	2.06
start	0.02	1.07
loads	0.02	0.87
quantity	0.02	0.81
pro	0.02	0.75
california	0.02	1.11
whole	0.02	2.13
four	0.02	1.00
when	0.02	1.51
last	0.02	1.01
hopes	0.02	0.93
dozen	0.02	1.11
illicit	0.02	0.83
two	0.02	1.01
able	0.02	1.26
sized	0.02	1.01
arbitrary	0.02	1.04
legal	0.02	0.80
hide	0.02	1.01
car	0.03	0.69
pounds	0.03	0.82
affecting	0.03	0.74
could	0.03	1.80
feed	0.03	0.76
denial	0.03	0.82
junkie	0.03	0.80
stole	0.03	0.83
three	0.03	1.06
entire	0.03	1.14
over	0.03	1.26
numerous	0.03	1.11
probably	0.03	1.99
walls	0.03	0.70
standard	0.03	0.85
45	0.03	0.97
president	0.03	0.83
compare	0.03	1.04
initially	0.03	0.93
doubt	0.03	1.92
called	0.03	1.13
activity	0.03	0.82
complicated	0.03	1.10
adrenaline	0.03	1.07
obama	0.03	0.92
r/drugs	0.03	1.26
afaik	0.03	1.03
concept	0.03	0.91
sets	0.03	0.65
acknowledge	0.03	1.34
75	0.03	0.91
stood	0.03	0.66
fucked	0.03	1.60
cheaper	0.03	0.99
quick	0.04	1.00
pharma	0.04	0.76
purchased	0.04	0.71
mushroom	0.04	0.99
shitload	0.04	0.81
west	0.04	0.95
back	0.04	1.33
labs	0.04	0.73
often	0.04	1.44
affected	0.04	0.79
rip	0.04	0.96
between	0.04	0.98
making	0.04	1.10
rabbit	0.04	0.78
surprising	0.04	1.23
community	0.04	0.89
order	0.04	0.84
fell	0.04	0.72
contributing	0.04	0.91
realized	0.04	1.29
trying	0.04	1.77
mechanisms	0.04	0.96
glasses	0.04	0.78
18	0.04	0.92
connected	0.04	2.43
subs	0.04	0.96
powers	0.04	0.79
whatnot	0.04	0.83
apparently	0.04	1.29
supporting	0.04	1.10
nothing	0.04	1.82
territory	0.04	0.85
bring	0.04	0.85
office	0.04	0.73
abstain	0.04	0.79
shop	0.04	0.65
means	0.04	2.14
backwards	0.04	0.83
legalized	0.04	0.80
smallest	0.05	1.03
portion	0.05	1.02
lazy	0.05	1.74
seek	0.05	0.78
types	0.05	0.86
emotion	0.05	0.96
testkit	0.05	0.75
grey	0.05	0.78
companies	0.05	0.77
etc	0.05	0.74
anyone	0.05	1.25
claims	0.05	1.33
harm	0.05	0.91
exponentially	0.05	0.92
appear	0.05	0.92
vary	0.05	0.79
frequency	0.05	0.85
legalizing	0.05	0.90
duster	0.05	0.92
minority	0.05	0.83
ring	0.05	0.84
amounts	0.05	0.89
sounded	0.05	1.29
ice	0.05	1.10
pulls	0.05	1.21
believing	0.05	1.21
throughout	0.05	0.84
peoples	0.05	0.82
afternoon	0.05	1.02
suggests	0.05	1.03
week	0.05	1.09
came	0.05	0.91
we	0.05	1.71
amazon	0.05	0.71
lbs	0.05	0.79
shoes	0.05	0.74
needles	0.06	1.05
entity	0.06	0.85
hot	0.06	1.04
south	0.06	0.93
local	0.06	0.69
added	0.06	0.91
users	0.06	0.75
drugged	0.06	0.82
voted	0.06	1.51
spreading	0.06	1.11
hearing	0.06	0.94
11	0.06	0.90
bunch	0.06	0.92
found	0.06	1.19
using	0.06	0.97
50	0.06	0.91
barely	0.06	1.11
usual	0.06	0.93
forum	0.06	1.18
trick	0.06	1.18
impaired	0.06	0.80
saturday	0.06	1.00
ideally	0.06	0.89
accepted	0.06	0.86
changes	0.06	0.81
way	0.06	1.74
reason	0.06	1.99
reacts	0.06	1.10
legalize	0.06	0.88
shipping	0.06	0.84
industry	0.06	0.85
act	0.06	0.93
fall	0.06	0.90
rolls	0.06	0.94
ayahuasca	0.06	0.78
controlling	0.06	0.91
googling	0.06	1.19
month	0.07	1.10
manage	0.07	1.06
tests	0.07	0.71
mood	0.07	1.04
multiple	0.07	1.04
blew	0.07	0.90
screw	0.07	0.84
comprehend	0.07	1.19
device	0.07	0.71
weight	0.07	0.79
contain	0.07	0.75
nicotine	0.07	0.76
fault	0.07	1.76
arrive	0.07	0.87
sunday	0.07	1.02
really	0.07	1.91
improvement	0.07	0.85
listed	0.07	0.89
finally	0.07	0.98
area	0.07	1.11
personally	0.07	1.61
blame	0.07	1.05
inherent	0.07	0.82
dissociation	0.07	1.20
percent	0.07	0.87
judge	0.07	1.25
matters	0.07	1.38
handy	0.07	0.87
maps	0.07	0.91
positively	0.07	0.74
streets	0.07	0.74
friday	0.07	1.01
product	0.08	0.78
surprised	0.08	1.79
bulk	0.08	0.71
finals	0.08	0.85
cross	0.08	0.86
til	0.08	1.02
offered	0.08	1.04
retard	0.08	1.25
recommending	0.08	1.30
floor	0.08	0.66
basis	0.08	0.84
largely	0.08	1.16
differ	0.08	0.79
till	0.08	1.03
legally	0.08	0.97
smaller	0.08	1.07
junk	0.08	0.66
use	0.08	0.86
regular	0.08	0.68
childhood	0.08	0.89
saw	0.08	0.84
complete	0.08	0.81
gravity	0.08	0.77
given	0.08	0.78
realised	0.08	1.04
allows	0.08	0.98
preference	0.08	0.86
social	0.08	1.20
irresponsible	0.08	1.15
spending	0.09	0.93
inform	0.09	1.10
happened	0.09	1.78
papers	0.09	0.77
license	0.09	0.71
base	0.09	1.04
noise	0.09	0.73
wo	0.09	1.74
online	0.09	0.79
ie	0.09	0.73
rest	0.09	1.01
edible	0.09	0.78
admit	0.09	2.88
justify	0.09	1.18
yesterday	0.09	1.10
combination	0.09	0.86
adding	0.09	0.81
experiment	0.09	0.97
actually	0.09	1.95
motor	0.09	0.78
allow	0.09	0.93
occasional	0.09	0.77
schedule	0.09	0.84
incorrect	0.09	2.99
60	0.09	0.92
pointed	0.09	1.38
k-hole	0.09	0.79
levels	0.09	0.85
react	0.09	0.85
specifically	0.09	1.46
them	0.09	1.75
respond	0.09	1.47
gun	0.10	0.78
locked	0.10	0.72
trails	0.10	0.79
beginning	0.10	0.91
23	0.10	1.03
goes	0.10	0.98
biased	0.10	1.03
ordered	0.10	0.76
simply	0.10	3.10
anecdotal	0.10	1.31
studies	0.10	0.98
steal	0.10	0.79
remembered	0.10	1.08
an	0.10	0.93
another	0.10	1.32
unable	0.10	1.11
stealing	0.10	0.81
fish	0.10	0.76
sanity	0.10	0.95
official	0.10	0.85
exclusively	0.10	0.87
count	0.10	1.08
seen	0.10	1.34
quantitative	0.10	1.08
sessions	0.10	0.81
need	0.10	1.72
envy	0.10	0.85
d	0.10	1.93
hardly	0.10	1.01
kinds	0.10	1.00
went	0.10	1.00
particular	0.10	2.24
chem	0.11	0.76
weekend	0.11	0.88
regulation	0.11	0.92
table	0.11	0.65
services	0.11	0.79
power	0.11	0.97
sure	0.11	2.31
notice	0.11	1.29
vision	0.11	0.82
effect	0.11	1.05
finished	0.11	0.83
described	0.11	1.31
save	0.11	0.89
psychadelics	0.11	0.78
feelings	0.11	1.01
bunk	0.11	0.68
lost	0.11	0.98
differently	0.11	0.82
timer	0.12	0.88
par	0.12	0.93
meetings	0.12	0.72
pattern	0.12	0.78
medium	0.12	0.95
false	0.12	1.48
gone	0.12	1.24
r/drugs/wiki/knowledgebase	0.12	1.15
shirt	0.12	0.74
substances	0.12	0.82
nutmeg	0.12	1.01
breakthrough	0.12	1.01
precautions	0.12	0.94
wrapped	0.12	0.88
used	0.12	0.85
natural	0.12	0.71
thought	0.12	1.71
yield	0.12	0.80
scientific	0.12	1.27
purely	0.12	0.96
returned	0.12	0.96
improve	0.12	0.80
bullshit	0.12	1.14
difference	0.12	1.32
approximately	0.12	0.86
reflect	0.12	0.93
face	0.12	0.86
sarcastic	0.12	2.85
introduce	0.12	1.10
iirc	0.12	1.01
center	0.13	0.66
including	0.13	0.82
alternatives	0.13	1.15
homeless	0.13	0.76
saving	0.13	0.90
real	0.13	1.88
uneducated	0.13	0.87
habits	0.13	0.76
40	0.13	0.94
brains	0.13	0.77
silly	0.13	1.47
early	0.13	0.95
work	0.13	1.81
credit	0.13	0.86
wondered	0.13	1.39
sweet	0.13	1.74
placebo	0.13	1.22
dragon	0.13	0.70
control	0.13	0.91
mexican	0.13	0.76
21	0.13	1.00
merely	0.13	1.28
appearance	0.13	0.90
poor	0.14	1.01
spacing	0.14	0.88
ways	0.14	1.14
although	0.14	1.66
minimum	0.14	0.91
confirmed	0.14	0.98
27	0.14	1.03
jumping	0.14	0.70
below	0.14	0.92
24	0.14	0.96
deliriant	0.14	0.87
25	0.14	0.99
intend	0.14	1.20
arguments	0.14	1.17
slope	0.14	0.98
dare	0.14	0.89
22	0.14	1.04
logic	0.14	1.36
policy	0.14	0.86
evil	0.14	0.87
chart	0.14	0.77
excited	0.14	2.62
viagra	0.14	1.10
realise	0.14	1.41
purpose	0.14	1.01
edibles	0.14	0.80
notion	0.14	0.96
ebay	0.14	0.73
gods	0.15	0.80
mentioning	0.15	1.18
forces	0.15	0.82
peer	0.15	0.85
mj	0.15	0.74
wallet	0.15	0.81
peaking	0.15	1.03
every	0.15	1.22
politicians	0.15	0.88
range	0.15	0.81
london	0.15	0.81
happens	0.15	1.69
finish	0.15	0.89
greater	0.15	0.83
research	0.15	0.93
might	0.15	1.83
plateau	0.15	0.95
study	0.15	0.96
market	0.15	0.74
screwed	0.15	1.23
left	0.15	0.86
cash	0.15	0.87
spare	0.15	0.92
pushing	0.15	0.78
tek	0.15	1.07
melting	0.15	0.74
bothered	0.15	1.41
selfish	0.15	1.05
educate	0.15	0.92
speeding	0.15	0.70
times	0.15	1.25
snow	0.15	0.75
exception	0.16	0.98
midnight	0.16	1.03
monday	0.16	1.05
complaining	0.16	1.13
want	0.16	1.83
drove	0.16	0.67
pre	0.16	0.81
normally	0.16	1.15
3rd	0.16	0.95
forgotten	0.16	1.12
income	0.16	0.87
stated	0.16	1.50
physics	0.16	0.90
session	0.16	0.63
currently	0.16	0.92
variables	0.16	1.00
letting	0.16	1.20
once	0.16	1.40
70	0.16	0.95
testing	0.16	0.74
95	0.16	0.96
describe	0.16	1.58
many	0.16	1.11
dosage	0.16	0.81
separate	0.16	0.88
checked	0.16	0.91
expectations	0.16	0.88
shock	0.16	0.85
bullet	0.16	0.85
cars	0.16	0.69
90	0.16	0.93
pet	0.17	0.71
benefit	0.17	0.89
lying	0.17	0.82
stored	0.17	0.80
day	0.17	1.11
moved	0.17	0.90
involves	0.17	0.79
year	0.17	0.99
ticket	0.17	0.91
heard	0.17	1.36
late	0.17	0.95
slip	0.17	0.74
manageable	0.17	1.26
baby	0.17	1.16
26	0.17	1.03
ecstasydata	0.17	1.08
eternity	0.17	0.90
shady	0.17	0.78
experimented	0.17	0.88
preparation	0.17	0.84
120	0.17	0.93
red	0.17	0.76
effort	0.17	0.92
model	0.17	0.95
access	0.17	0.81
researched	0.17	0.89
mass	0.17	0.78
intoxication	0.17	0.91
snap	0.17	0.92
actively	0.17	0.95
twice	0.17	1.29
drunk	0.17	0.97
improved	0.17	0.82
starts	0.17	0.72
assumptions	0.18	1.39
rips	0.18	0.76
recovering	0.18	0.87
attempting	0.18	0.94
clearnet	0.18	0.77
bust	0.18	0.89
usually	0.18	1.03
clearer	0.18	1.17
wanting	0.18	1.52
exchange	0.18	0.75
truck	0.18	0.64
suppliers	0.18	0.73
resort	0.18	0.78
dreams	0.18	1.10
ignorant	0.18	1.18
suggested	0.18	1.01
storage	0.18	0.80
refer	0.18	0.76
organisations	0.18	1.08
otherwise	0.18	1.82
nobody	0.18	1.52
ages	0.18	0.86
imagined	0.18	1.06
pile	0.18	0.81
discussions	0.18	1.27
discussed	0.18	0.98
trippers	0.18	0.78
faded	0.18	0.93
skills	0.18	0.78
moving	0.19	0.76
test	0.19	0.75
mirror	0.19	0.75
round	0.19	0.91
jesus	0.19	2.12
mid	0.19	0.92
supposedly	0.19	0.78
yelling	0.19	0.83
sack	0.19	0.99
permanently	0.19	0.90
80	0.19	0.99
anybody	0.19	1.31
first	0.19	1.42
re	0.19	1.86
misleading	0.19	1.21
window	0.19	0.66
success	0.19	0.79
reckless	0.19	1.17
strength	0.19	0.83
cunt	0.19	1.33
across	0.19	0.71
parts	0.19	1.11
make	0.19	1.14
memories	0.19	0.91
should	0.19	1.89
28	0.19	1.10
body	0.20	1.37
time	0.20	1.73
obviously	0.20	2.08
vendors	0.20	0.82
dicks	0.20	1.49
among	0.20	0.81
statistics	0.20	1.17
bed	0.20	0.80
analytical	0.20	0.75
attitude	0.20	0.79
versus	0.20	0.73
speech	0.20	0.82
population	0.20	0.78
valerian	0.20	0.98
ship	0.20	0.78
philosophy	0.20	0.85
both	0.20	0.98
level	0.20	0.86
nor	0.20	1.29
batches	0.20	0.81
sharp	0.20	1.30
little	0.20	1.18
concrete	0.20	1.03
severely	0.20	0.99
intensity	0.20	0.95
too	0.21	1.64
hard	0.21	1.34
stimulation	0.21	1.40
functions	0.21	0.82
percentage	0.21	0.80
equipment	0.21	0.78
dumbass	0.21	1.12
small	0.21	1.15
kitchen	0.21	0.65
horribly	0.21	1.11
hippy	0.21	0.77
chicago	0.21	0.81
stoners	0.21	0.74
drawn	0.21	0.87
sketchy	0.21	1.43
significantly	0.21	0.94
send	0.21	0.89
candyflipping	0.21	0.88
define	0.21	0.98
traffic	0.21	0.70
dealers	0.21	0.82
studying	0.21	0.89
places	0.21	1.17
follow	0.21	0.84
personal	0.21	1.03
volume	0.21	0.77
1st	0.21	0.99
complex	0.21	0.87
limit	0.21	0.80
process	0.21	0.99
wasted	0.21	1.05
heavy	0.22	0.96
myself	0.22	1.22
push	0.22	0.79
sufficient	0.22	0.89
try	0.22	1.71
handle	0.22	1.26
may	0.22	1.80
bus	0.22	0.69
jumped	0.22	0.60
e.g	0.22	0.84
regard	0.22	0.82
help	0.22	1.10
unsafe	0.22	0.93
any	0.22	1.23
established	0.22	0.74
cried	0.22	2.02
reddit	0.22	1.31
consider	0.22	1.22
tried	0.22	1.01
laughing	0.22	1.36
amongst	0.22	0.76
kits	0.22	0.76
whatever	0.22	1.94
healthy	0.22	0.67
presented	0.22	0.94
student	0.22	0.79
runs	0.23	1.51
rich	0.23	0.70
forcing	0.23	1.14
main	0.23	1.20
yellow	0.23	0.74
clothes	0.23	0.73
maybe	0.23	1.61
according	0.23	1.12
full	0.23	1.23
amount	0.23	0.87
forever	0.23	1.01
darknet	0.23	0.77
willing	0.23	1.53
terms	0.23	0.77
exams	0.23	0.91
35	0.23	1.05
american	0.23	0.90
noopept	0.23	0.83
especially	0.23	0.82
join	0.23	0.84
nearly	0.23	1.13
actual	0.23	1.09
receive	0.23	0.85
heavier	0.23	0.90
varying	0.23	0.93
number	0.23	0.96
co	0.23	0.91
heading	0.24	1.07
desire	0.24	0.86
parking	0.24	0.65
age	0.24	1.02
potency	0.24	0.83
email	0.24	0.96
additionally	0.24	0.76
degree	0.24	0.84
caution	0.24	0.95
typical	0.24	0.82
communicate	0.24	1.11
monitor	0.24	0.71
purple	0.24	0.74
data	0.24	1.08
forced	0.24	1.05
required	0.24	0.89
nowhere	0.24	0.92
families	0.24	0.74
criteria	0.24	0.94
standing	0.24	0.65
buck	0.24	0.86
latter	0.24	0.85
bit	0.24	1.10
instead	0.24	0.96
along	0.24	0.76
horny	0.24	2.42
limited	0.24	0.95
behind	0.24	0.84
varies	0.24	0.77
based	0.24	1.19
others	0.24	1.18
stairs	0.24	0.71
releases	0.24	0.87
doses	0.25	0.82
miles	0.25	0.78
marquis	0.25	0.72
tends	0.25	0.81
chemistry	0.25	0.80
generation	0.25	0.82
sites	0.25	0.88
dig	0.25	0.98
advocate	0.25	1.10
give	0.25	1.30
will	0.25	1.59
discuss	0.25	1.05
theres	0.25	1.28
jack	0.25	1.02
standards	0.25	0.84
joking	0.25	2.81
lock	0.25	0.74
top	0.25	0.84
grows	0.25	0.59
seat	0.25	0.62
reputable	0.25	0.80
hallucinations	0.25	1.09
relief	0.25	1.34
reagents	0.25	0.73
psyche	0.25	0.79
biology	0.25	0.84
majority	0.25	1.02
drugs	0.25	1.11
individuals	0.25	0.84
youth	0.25	0.83
cautious	0.25	1.28
considerably	0.25	0.99
recent	0.26	0.96
variety	0.26	0.94
hobby	0.26	0.79
occasions	0.26	0.92
somehow	0.26	1.38
curious	0.26	1.62
grasp	0.26	1.04
aim	0.26	0.80
entities	0.26	0.78
simple	0.26	0.91
windows	0.26	0.69
come	0.26	1.08
semester	0.26	0.82
diet	0.26	0.64
trips	0.26	1.26
psychology	0.26	0.87
golden	0.26	0.81
flight	0.26	0.93
customer	0.26	0.83
home	0.26	0.90
concentrates	0.26	0.77
decided	0.26	1.40
lame	0.26	2.15
points	0.26	1.42
customers	0.26	0.78
city	0.26	0.84
grabbed	0.26	0.73
helping	0.26	1.17
now	0.26	1.84
technically	0.26	2.91
everyone	0.26	1.52
noticeable	0.26	1.19
hence	0.26	0.87
require	0.27	0.71
prefer	0.27	1.86
user	0.27	0.71
closing	0.27	0.73
intentionally	0.27	1.01
truffles	0.27	1.02
run	0.27	0.96
teen	0.27	0.83
openly	0.27	1.08
loud	0.27	1.01
moment	0.27	0.95
infinite	0.27	0.81
believed	0.27	1.03
lab	0.27	0.67
zone	0.27	0.80
anytime	0.27	1.43
wheel	0.27	0.72
wet	0.27	0.93
classes	0.27	0.82
requires	0.27	0.76
technique	0.27	0.92
sorta	0.27	1.07
elsewhere	0.27	1.17
r/nootropics	0.27	0.88
event	0.27	0.73
wanted	0.27	1.51
sorts	0.27	1.10
organic	0.27	0.71
passion	0.27	1.03
company	0.27	0.80
stupidity	0.27	1.06
compared	0.27	0.79
mind	0.27	0.79
commenting	0.27	1.70
forums	0.27	0.98
sometime	0.28	1.23
sr	0.28	0.79
structure	0.28	0.96
kept	0.28	0.88
idiots	0.28	1.12
statements	0.28	1.38
casually	0.28	0.65
animals	0.28	0.76
deserve	0.28	0.99
fool	0.28	1.17
noticeably	0.28	0.98
subconscious	0.28	0.81
admittedly	0.28	0.93
jobs	0.28	0.82
enhanced	0.28	0.89
colored	0.28	0.75
4th	0.28	0.92
substitute	0.28	1.25
realistic	0.28	1.27
buds	0.28	0.77
current	0.28	0.82
safety	0.28	0.89
therefore	0.28	0.98
button	0.28	0.90
additional	0.28	0.84
net	0.28	0.77
planned	0.28	0.97
granted	0.28	1.19
recovery	0.28	0.90
olds	0.28	1.05
summer	0.28	0.84
silk	0.28	0.77
presence	0.28	0.77
surprise	0.28	1.22
doesnt	0.29	1.44
tldr	0.29	0.87
identical	0.29	1.11
hallucinogen	0.29	0.86
synthesized	0.29	0.61
r/drugscirclejerk	0.29	1.19
heh	0.29	1.13
light	0.29	0.74
loaded	0.29	1.02
knowledge	0.29	0.90
continuing	0.29	0.86
flowing	0.29	0.77
texts	0.29	1.05
old	0.29	1.01
laughter	0.29	1.28
thread	0.29	1.58
aspects	0.29	0.88
various	0.29	0.95
reward	0.29	0.86
kit	0.29	0.75
graduated	0.29	0.84
blaze	0.29	0.85
debate	0.29	1.02
vendor	0.29	0.80
healthier	0.29	0.90
dnm	0.29	0.76
door	0.29	0.69
common	0.29	0.94
gauge	0.29	1.24
object	0.29	0.68
low	0.29	0.92
differences	0.29	0.89
alternate	0.29	0.82
needed	0.29	1.09
dive	0.29	0.67
luckily	0.29	1.01
contrary	0.29	0.86
collection	0.29	0.81
uni	0.29	0.81
turns	0.30	0.72
meanwhile	0.30	0.73
click	0.30	0.92
remotely	0.30	1.09
searching	0.30	1.21
beliefs	0.30	0.84
americans	0.30	0.96
brown	0.30	0.81
drivers	0.30	0.69
corner	0.30	0.64
superb	0.30	0.96
drives	0.30	0.93
reach	0.30	0.80
running	0.30	0.69
static	0.30	0.76
ban	0.30	0.91
tripper	0.30	0.67
existed	0.30	1.14
knocked	0.30	0.80
fractal	0.30	0.83
card	0.30	0.82
synthesis	0.30	0.84
rocks	0.30	0.86
regardless	0.31	1.38
considered	0.31	0.87
however	0.31	2.11
tap	0.31	0.92
blasted	0.31	0.97
opposed	0.31	0.88
understood	0.31	1.13
turn	0.31	0.74
teens	0.31	0.91
capacity	0.31	0.80
hook	0.31	1.00
category	0.31	0.74
r/opiates	0.31	1.10
cents	0.31	1.11
nicer	0.31	1.21
bank	0.31	0.84
color	0.31	0.78
moxy	0.31	0.81
wisdom	0.31	0.83
combining	0.31	0.80
reality	0.31	1.01
stash	0.31	0.72
troll	0.31	1.86
understands	0.31	2.51
cubensis	0.31	1.00
university	0.31	0.81
near	0.31	0.99
batch	0.31	0.78
white	0.31	0.81
function	0.31	0.81
thick	0.31	0.84
replacement	0.31	0.83
safer	0.31	1.08
turned	0.31	0.80
numbers	0.31	0.91
rights	0.32	0.85
soon	0.32	1.32
spring	0.32	0.80
subreddit	0.32	1.23
markets	0.32	0.78
dissociative	0.32	0.84
front	0.32	0.68
poster	0.32	1.44
changed	0.32	0.78
favor	0.32	1.02
driver	0.32	0.70
discussion	0.32	1.25
views	0.32	0.84
honestly	0.32	2.08
break	0.32	0.87
alter	0.32	0.72
people	0.32	1.25
different	0.32	0.91
semi	0.32	0.98
truth	0.32	1.26
green	0.32	0.75
third	0.32	0.95
cannabinoid	0.32	0.83
keys	0.32	0.72
2nd	0.32	0.96
here	0.32	1.52
christ	0.32	2.43
analysis	0.32	0.76
education	0.32	0.86
desk	0.32	0.65
moments	0.33	1.20
sheer	0.33	0.84
oddly	0.33	1.17
circumstances	0.33	0.86
opened	0.33	0.72
analogy	0.33	1.33
grade	0.33	0.85
moral	0.33	0.86
ppl	0.33	1.03
tracers	0.33	0.87
teenagers	0.33	0.99
quality	0.33	0.87
got	0.33	1.25
previous	0.33	1.31
students	0.33	0.81
dick	0.33	1.71
slang	0.33	0.95
r/drugnerds	0.33	1.15
difficulty	0.33	0.84
misinformed	0.33	1.25
subreddits	0.33	1.11
overboard	0.33	0.97
nerves	0.33	0.93
standpoint	0.33	0.99
fourth	0.33	0.96
things	0.33	1.49
town	0.33	0.81
felt	0.33	1.67
certainly	0.33	1.78
bond	0.33	0.59
exists	0.33	1.36
recall	0.34	1.00
lives	0.34	0.68
reduction	0.34	0.90
guns	0.34	0.81
worth	0.34	1.57
above	0.34	1.16
riding	0.34	0.70
basic	0.34	0.83
discover	0.34	0.77
surrounding	0.34	0.81
reflection	0.34	0.76
civil	0.34	0.96
course	0.34	2.29
perform	0.34	0.82
whether	0.34	1.72
reaction	0.34	1.04
stared	0.34	0.68
contact	0.34	0.63
graduate	0.34	0.81
questions	0.34	1.12
service	0.34	0.79
cover	0.34	0.66
internet	0.34	0.99
cannabis	0.35	0.69
attention	0.35	0.81
clearly	0.35	2.05
logical	0.35	1.34
names	0.35	0.97
abstinence	0.35	0.82
conclusion	0.35	1.17
ensure	0.35	0.84
freshman	0.35	0.81
black	0.35	0.77
topic	0.35	1.37
accidentally	0.35	0.76
purposes	0.35	0.75
groups	0.35	0.64
reviews	0.35	0.86
websites	0.35	1.00
highschool	0.35	0.81
public	0.35	0.71
dorm	0.35	0.68
college	0.35	0.82
spoke	0.36	0.95
comparison	0.36	1.12
schools	0.36	0.77
society	0.36	0.82
swear	0.36	0.92
action	0.36	0.74
controlled	0.36	0.82
strict	0.36	0.82
purity	0.36	0.84
connect	0.36	0.84
houses	0.36	0.72
responsibilities	0.36	0.98
spread	0.36	1.06
colours	0.36	0.77
altering	0.36	0.74
allowed	0.36	1.16
shift	0.36	0.81
giant	0.36	0.87
behaviour	0.36	1.00
havent	0.36	1.41
wants	0.36	2.48
stone	0.36	0.91
senior	0.36	0.82
value	0.36	0.83
grow	0.36	0.80
sourcing	0.37	1.09
web	0.37	0.89
emotional	0.37	0.91
these	0.37	1.05
yard	0.37	0.66
options	0.37	1.18
tomorrow	0.37	1.19
accessible	0.37	0.85
99	0.37	1.05
except	0.37	1.42
carefully	0.37	0.96
motherfucker	0.37	1.11
ceiling	0.37	0.67
route	0.37	1.37
solicitation	0.37	1.06
reads	0.37	1.71
former	0.37	0.77
explaining	0.37	1.38
easy	0.37	1.21
stupidly	0.37	0.84
road	0.37	0.69
allowing	0.37	0.87
spoken	0.37	1.09
curiosity	0.38	1.16
considering	0.38	1.26
beats	0.38	0.79
intention	0.38	1.05
deep	0.38	0.83
school	0.38	0.83
invest	0.38	0.72
learned	0.38	1.00
learning	0.38	0.95
linking	0.38	1.07
plants	0.38	0.67
resources	0.38	1.05
surely	0.38	1.12
joy	0.38	1.09
recreational	0.38	0.69
r/darknetmarkets	0.38	0.96
examples	0.38	1.00
important	0.38	1.23
tested	0.38	0.67
interacting	0.38	0.62
around	0.38	0.77
minds	0.38	0.79
vote	0.38	1.21
teachers	0.38	0.82
sounding	0.39	1.13
perceive	0.39	0.90
meet	0.39	1.05
colour	0.39	0.75
ignorance	0.39	0.90
estimate	0.39	1.11
legit	0.39	0.95
grass	0.39	0.69
statement	0.39	1.54
appears	0.39	0.91
patterns	0.39	0.79
removed	0.39	1.07
boom	0.39	1.31
becoming	0.39	1.00
buzzed	0.39	1.58
drastically	0.39	0.86
negatives	0.39	0.76
details	0.39	1.30
essential	0.39	0.87
theoretically	0.39	1.02
acceptable	0.39	0.96
religion	0.39	1.00
ones	0.39	1.19
blend	0.39	0.80
depending	0.39	0.78
training	0.39	0.65
who	0.39	1.47
simultaneously	0.40	0.86
shape	0.40	0.77
ether	0.40	0.85
database	0.40	1.02
objective	0.40	1.19
c	0.40	1.11
determine	0.40	0.92
recreation	0.40	0.71
achieved	0.40	0.81
honest	0.40	1.35
bitch	0.40	1.70
survey	0.40	1.04
chair	0.40	0.64
r/drugs/wiki/drugs	0.40	1.08
altered	0.40	0.77
areas	0.40	0.83
greatly	0.40	0.89
naive	0.40	0.98
achieve	0.40	0.80
conscious	0.40	0.87
karma	0.40	1.20
roller	0.40	0.82
trade	0.40	0.75
2012	0.40	0.81
being	0.40	1.20
letters	0.40	0.85
experimentation	0.40	0.74
plane	0.41	0.77
performance	0.41	0.80
facts	0.41	1.36
fits	0.41	0.92
al	0.41	0.97
senses	0.41	0.84
methods	0.41	1.07
hotel	0.41	0.68
neighborhood	0.41	0.78
express	0.41	1.15
assholes	0.41	1.30
waiting	0.41	0.76
images	0.41	0.84
direction	0.41	0.96
unanswered	0.41	1.07
look	0.41	1.16
apartment	0.42	0.71
option	0.42	1.65
themselves	0.42	1.04
connections	0.42	0.80
recover	0.42	0.92
threads	0.42	1.23
insane	0.42	2.03
seven	0.42	0.85
math	0.42	0.92
anonymous	0.42	0.77
location	0.42	1.00
included	0.42	0.98
driven	0.42	0.68
depends	0.42	0.93
ball	0.42	0.90
cant	0.42	1.63
lesser	0.42	0.96
bedroom	0.42	0.65
posting	0.42	1.31
explains	0.42	1.13
looked	0.42	0.81
exercising	0.42	0.74
maintain	0.42	0.84
flying	0.42	0.68
heroic	0.42	0.75
type	0.42	0.97
reagent	0.42	0.66
intended	0.43	1.40
abstract	0.43	0.83
conversations	0.43	0.76
accounts	0.43	1.07
acted	0.43	0.77
fractals	0.43	0.80
their	0.43	0.84
male	0.43	0.85
r/stims	0.43	1.07
weighed	0.43	0.90
includes	0.43	0.76
job	0.43	0.74
novelty	0.43	0.98
other	0.43	1.08
48	0.43	0.88
non	0.43	0.69
plans	0.43	0.95
specific	0.43	1.14
talks	0.43	1.45
sources	0.43	1.19
worked	0.43	1.40
enhance	0.43	0.83
evening	0.43	1.02
potent	0.43	1.01
final	0.43	0.90
dealer	0.43	0.90
breaking	0.43	0.66
awe	0.43	0.94
tip	0.43	1.57
travel	0.43	0.81
interest	0.43	0.93
friendship	0.43	0.64
5th	0.43	0.96
ritual	0.43	0.69
downside	0.43	1.08
teaching	0.43	0.82
pronounced	0.43	1.19
stuff	0.44	1.61
slightest	0.44	1.04
offers	0.44	0.92
belief	0.44	0.89
checking	0.44	1.02
welcome	0.44	1.28
note	0.44	1.47
present	0.44	0.89
step	0.44	1.03
attract	0.44	0.84
warning	0.44	1.10
news	0.44	0.88
intelligence	0.44	0.79
walked	0.44	0.69
dimension	0.44	0.85
younger	0.44	0.96
suitable	0.44	1.15
confirm	0.44	1.12
phone	0.44	0.97
medicinal	0.44	0.63
pharmacology	0.44	0.79
opportunity	0.44	1.36
perception	0.44	0.79
downvotes	0.44	1.68
channels	0.44	1.03
determined	0.44	1.00
conclusions	0.44	1.02
homework	0.45	0.81
objects	0.45	0.72
la	0.45	0.81
hidden	0.45	0.79
weighing	0.45	0.89
meditation	0.45	0.72
check	0.45	1.08
development	0.45	0.79
drive	0.45	0.66
critical	0.45	0.78
defined	0.45	0.79
shapes	0.45	0.77
pleasurable	0.45	1.18
vacation	0.45	0.75
omg	0.45	1.76
depressant	0.45	1.02
sidebar	0.45	1.09
pages	0.45	1.08
separately	0.45	0.90
irc	0.45	1.03
beings	0.45	0.75
remains	0.45	0.91
working	0.45	1.09
r/drugs/about/sidebar	0.46	1.09
still	0.46	1.75
hat	0.46	0.82
account	0.46	1.19
rolled	0.46	0.85
geometric	0.46	0.80
rules	0.46	1.10
disclaimer	0.46	0.95
consensus	0.46	0.87
counts	0.46	1.07
detail	0.46	1.02
hobbies	0.46	0.76
wiki	0.46	1.09
r/drugs/wiki/rules	0.46	1.11
bluelight	0.46	1.21
retrospect	0.46	1.39
liberal	0.46	0.80
crowd	0.46	0.65
events	0.46	0.71
continue	0.46	1.03
hanging	0.46	0.81
ridiculous	0.46	1.87
aspect	0.46	0.93
group	0.47	0.63
expand	0.47	0.91
funny	0.47	2.31
fashion	0.47	0.85
aa	0.47	0.99
rather	0.47	1.10
possibilities	0.47	0.93
designed	0.47	1.02
properly	0.47	1.15
faq	0.47	1.15
somebody	0.47	1.06
support	0.47	1.12
thankful	0.47	2.46
tonight	0.48	1.31
version	0.48	1.01
deciding	0.48	1.03
deeper	0.48	0.80
vs	0.48	0.67
missed	0.48	1.86
campus	0.48	0.71
opinion	0.48	1.41
answered	0.48	2.00
average	0.48	0.81
handled	0.48	1.18
wildly	0.48	0.81
se	0.48	1.02
distance	0.48	0.75
i.e	0.49	1.15
class	0.49	0.85
highly	0.49	1.04
animal	0.49	0.78
hoping	0.49	1.92
our	0.49	1.06
individual	0.49	0.84
swim	0.49	0.71
wise	0.49	1.00
tripsit	0.49	1.05
r/tripsit	0.49	1.06
volumetric	0.49	0.92
ll	0.49	1.93
0	0.49	1.14
chat	0.49	1.06
moves	0.49	0.65
sample	0.49	0.87
identify	0.49	1.10
milligrams	0.49	0.91
post	0.49	1.28
practice	0.49	0.77
teach	0.49	0.86
magic	0.50	0.99
draw	0.50	0.72
rainbow	0.50	0.76
didnt	0.50	1.78
bill	0.50	0.76
kids	0.50	0.95
adults	0.50	0.97
raised	0.50	0.75
grew	0.50	0.76
36	0.50	0.93
doors	0.50	0.68
reports	0.50	1.09
naturally	0.50	0.76
molecule	0.50	0.67
source	0.50	1.10
young	0.50	1.04
section	0.50	1.18
vast	0.50	0.77
secondly	0.50	1.28
everything	0.50	1.10
walking	0.50	0.69
tries	0.50	2.30
mod	0.50	1.29
literature	0.50	1.02
exercise	0.50	0.62
concern	0.50	1.60
nodding	0.50	0.74
he	0.50	1.19
ourselves	0.50	0.85
sea	0.50	0.72
chemists	0.50	0.59
driving	0.51	0.71
him	0.51	1.04
mile	0.51	0.67
free	0.51	1.27
offense	0.51	1.34
kind	0.51	1.51
wall	0.51	0.63
reliable	0.51	0.86
subjective	0.51	1.23
nootropic	0.51	0.94
cocktail	0.51	1.01
blowing	0.51	0.80
opens	0.51	0.59
earlier	0.51	1.36
strictly	0.51	0.91
weigh	0.51	0.87
puts	0.51	0.90
idiot	0.51	1.34
toward	0.51	0.84
awareness	0.52	0.82
hallucination	0.52	1.05
cracked	0.52	1.14
decide	0.52	1.38
becomes	0.52	0.94
gets	0.52	0.82
answer	0.52	2.06
broad	0.52	0.84
certain	0.52	1.06
inexperienced	0.52	0.81
efficient	0.52	1.39
techniques	0.52	0.95
banning	0.52	0.86
heads	0.52	1.25
track	0.53	0.77
someone	0.53	1.16
voice	0.53	0.85
classical	0.53	0.64
stupid	0.53	1.48
uses	0.53	2.30
business	0.53	0.72
appeared	0.53	0.90
colors	0.53	0.83
sentences	0.53	1.05
further	0.53	0.96
go	0.53	1.36
ops	0.53	1.58
become	0.54	1.24
fucker	0.54	1.37
less	0.54	1.01
party	0.54	0.65
better	0.54	1.77
park	0.54	0.67
birthday	0.54	0.75
advantage	0.54	0.96
land	0.54	0.75
leaving	0.54	1.00
distracted	0.55	1.19
inner	0.55	0.79
room	0.55	0.70
enjoyable	0.55	1.15
clean	0.55	0.98
exploring	0.55	0.75
wont	0.55	1.72
interests	0.55	0.77
steps	0.55	0.81
himself	0.55	1.14
let	0.55	1.41
strains	0.55	1.01
humans	0.55	0.71
communication	0.55	0.77
strangers	0.55	0.83
change	0.55	0.77
teenager	0.55	1.07
similar	0.55	1.57
brings	0.55	1.01
j	0.55	0.95
traditional	0.55	0.79
off	0.55	0.88
prepared	0.56	1.09
equal	0.56	0.90
obscure	0.56	0.89
taught	0.56	0.84
terribly	0.56	1.01
folks	0.56	1.07
dont	0.56	1.94
slow	0.56	0.97
darkness	0.56	0.69
silence	0.56	0.73
open	0.56	0.73
results	0.56	0.75
middle	0.56	0.70
speak	0.56	1.30
google	0.56	1.13
jittery	0.57	1.93
vivid	0.57	1.25
concentration	0.57	0.88
realm	0.57	0.81
christmas	0.57	0.79
nonsense	0.57	0.95
enough	0.57	1.50
consciousness	0.57	0.79
concepts	0.57	0.83
processes	0.57	1.00
floating	0.57	0.69
definition	0.57	1.18
birth	0.57	0.64
actions	0.57	0.94
x	0.57	1.19
lean	0.57	0.93
growing	0.57	0.69
mates	0.57	0.73
posts	0.57	1.40
living	0.58	0.91
proper	0.58	0.87
necessary	0.58	1.14
sensation	0.58	1.36
own	0.58	0.94
thc	0.58	0.87
closed	0.58	0.79
calmed	0.58	0.49
provided	0.58	0.74
guessing	0.58	1.63
refers	0.58	0.73
tolerant	0.58	1.16
cute	0.58	1.00
ime	0.58	0.92
drug	0.58	1.19
milligram	0.58	0.91
deleted	0.58	1.97
sending	0.58	1.00
posted	0.58	1.41
explore	0.58	0.80
situations	0.59	1.04
tbh	0.59	1.32
definitely	0.59	2.06
sense	0.59	1.09
adult	0.59	0.91
immensely	0.59	0.78
named	0.59	0.85
hill	0.59	0.67
reasoning	0.59	1.26
bam	0.59	0.92
shower	0.59	0.85
thoroughly	0.59	0.63
faith	0.59	1.04
ready	0.60	1.55
wikipedia	0.60	1.14
site	0.60	1.07
bike	0.60	0.65
partying	0.60	0.73
combos	0.60	0.99
fuckers	0.60	1.24
focusing	0.60	0.85
promise	0.60	1.19
tweaking	0.60	1.19
field	0.60	0.69
grades	0.60	0.68
articles	0.61	1.09
hiding	0.61	0.90
ratio	0.61	0.86
needs	0.61	2.23
gained	0.61	0.89
image	0.61	0.88
tune	0.61	0.81
faces	0.61	0.63
accomplish	0.61	0.95
role	0.62	0.89
seemed	0.62	1.02
laughed	0.62	1.13
list	0.62	0.90
routine	0.62	0.62
intoxicated	0.62	1.01
naked	0.62	0.74
curve	0.62	0.86
wide	0.62	0.70
safely	0.62	0.98
responsibility	0.62	1.06
context	0.62	1.46
unique	0.62	1.03
positives	0.62	0.80
scales	0.62	0.90
phrase	0.63	1.07
children	0.63	0.82
unfortunately	0.63	1.77
king	0.63	0.82
links	0.63	1.18
covers	0.63	0.48
view	0.63	0.86
self	0.63	0.82
frame	0.63	0.73
website	0.63	1.08
relationships	0.63	0.67
dumb	0.63	1.51
intentions	0.63	1.68
walk	0.63	0.68
baked	0.63	0.97
learn	0.64	0.94
flipped	0.64	0.93
facebook	0.64	1.06
eyeball	0.64	1.06
teacher	0.64	0.86
message	0.64	1.25
sensations	0.64	1.11
moderation	0.64	0.94
hood	0.64	1.01
opinions	0.64	1.09
board	0.64	0.71
she	0.64	1.06
laying	0.64	0.63
opening	0.65	0.81
force	0.65	0.84
lecture	0.65	0.70
dutch	0.65	0.99
clubs	0.65	0.61
recommendations	0.65	1.11
beyond	0.65	0.90
e	0.65	1.17
rave	0.65	0.64
match	0.65	0.98
productivity	0.65	0.94
bright	0.65	0.78
club	0.66	0.63
blue	0.66	0.77
leave	0.66	0.92
background	0.66	0.66
fully	0.66	1.08
delete	0.66	1.70
kid	0.66	0.96
neutral	0.66	0.82
code	0.67	0.78
venue	0.67	0.65
b	0.67	1.22
elaborate	0.67	1.23
informed	0.67	0.95
eye	0.67	0.98
shopping	0.67	0.59
measured	0.67	0.99
importantly	0.67	0.79
erowid	0.67	1.17
surprisingly	0.67	0.88
distinction	0.67	0.88
amazed	0.67	1.18
penis	0.67	1.03
approach	0.67	0.83
path	0.67	0.93
tool	0.68	0.80
blazed	0.68	0.88
cev	0.68	1.16
child	0.68	0.82
poorly	0.68	1.21
somewhat	0.68	1.06
paint	0.68	0.79
close	0.68	0.81
religious	0.68	0.95
older	0.68	0.81
gain	0.68	0.84
realization	0.68	0.81
hang	0.69	0.88
parent	0.69	0.71
human	0.69	0.69
herself	0.69	0.94
cleaner	0.69	1.14
comparable	0.69	0.86
strain	0.69	1.04
female	0.69	0.91
influence	0.69	0.77
parties	0.69	0.63
effective	0.69	1.07
text	0.70	1.20
gym	0.70	0.61
lucid	0.70	0.99
subject	0.70	1.07
impressed	0.70	1.41
letter	0.70	1.10
hallucinogenic	0.70	0.98
meaning	0.70	0.91
sleepy	0.70	1.89
understanding	0.70	0.87
whoever	0.70	1.03
species	0.71	0.69
staring	0.71	0.71
camera	0.71	0.71
limits	0.71	0.96
massively	0.71	0.86
decision	0.71	1.10
shouldnt	0.71	1.30
classic	0.71	0.99
practical	0.71	0.84
photos	0.71	0.99
raves	0.71	0.63
boss	0.71	0.88
camp	0.71	0.75
wherever	0.72	0.90
recommendation	0.72	1.16
micro	0.72	0.70
journal	0.72	0.97
rolling	0.72	0.74
expert	0.72	0.67
prepare	0.72	0.82
forward	0.72	1.17
wouldnt	0.72	1.58
measure	0.72	0.98
liked	0.72	1.76
provide	0.72	0.95
fyi	0.72	1.23
professor	0.72	0.65
downvoted	0.73	1.90
none	0.73	1.38
definite	0.73	1.03
spirituality	0.73	0.95
same	0.73	2.10
amp	0.73	1.17
freedom	0.73	0.86
meditate	0.73	0.87
freely	0.73	0.99
definately	0.73	1.05
ahead	0.73	1.59
dust	0.74	0.65
remind	0.74	0.81
original	0.74	2.01
scene	0.74	0.70
dead	0.74	0.71
cards	0.74	0.75
coherent	0.74	0.91
atm	0.74	1.26
network	0.74	0.70
choices	0.74	1.03
decisions	0.74	1.05
festival	0.74	0.65
page	0.74	1.17
moderate	0.75	0.87
afterglow	0.75	1.92
dark	0.75	0.84
bath	0.75	0.94
pursue	0.75	0.77
tree	0.75	0.75
lights	0.75	0.76
high	0.75	0.97
visual	0.75	1.09
relevant	0.75	1.32
mature	0.75	0.91
mum	0.75	0.89
messages	0.75	0.89
thing	0.76	2.27
one	0.76	2.30
spelling	0.76	3.09
words	0.76	1.43
lie	0.76	1.17
scale	0.76	1.01
pictures	0.76	0.90
perhaps	0.76	1.71
distract	0.76	0.79
comments	0.76	1.55
imagination	0.76	0.82
solid	0.76	1.15
growth	0.76	0.89
offer	0.77	0.98
concentrated	0.77	1.26
enter	0.77	0.90
universal	0.77	0.73
lifestyle	0.77	0.66
reaching	0.77	0.71
educated	0.77	0.83
friends	0.77	0.81
seems	0.77	1.28
downvote	0.77	1.94
persons	0.77	0.75
motivation	0.77	0.99
fluid	0.78	0.89
team	0.78	0.66
wind	0.78	0.67
mods	0.78	1.06
down	0.78	0.82
misunderstood	0.78	2.23
originally	0.78	1.66
familiar	0.78	0.97
intense	0.78	1.54
his	0.78	0.87
accepting	0.78	0.84
collective	0.78	0.67
works	0.79	1.55
conversation	0.79	0.81
knock	0.79	1.12
assumed	0.79	2.04
cats	0.79	0.73
advance	0.79	1.34
house	0.79	0.65
arent	0.79	1.32
second	0.79	1.15
universe	0.80	0.84
responsible	0.80	0.99
huh	0.80	2.18
accurately	0.80	1.16
meeting	0.80	0.61
meditating	0.80	0.79
super	0.80	1.16
sentence	0.80	1.74
joe	0.80	0.71
stoned	0.80	1.06
perspectives	0.80	0.86
happiness	0.80	1.16
ideas	0.80	0.80
makes	0.80	1.77
ridiculously	0.80	1.04
boys	0.81	1.04
stem	0.81	1.07
brothers	0.81	0.72
functioning	0.81	0.88
measuring	0.81	0.97
yourself	0.81	1.07
comment	0.81	2.06
concerts	0.81	0.63
maintaining	0.81	0.68
clarity	0.81	0.97
rooms	0.81	0.75
chose	0.82	1.06
fine	0.82	2.23
stable	0.82	0.90
deserves	0.82	1.88
ymmv	0.82	1.04
winter	0.82	0.66
position	0.82	0.77
example	0.82	1.32
task	0.82	0.92
friend	0.82	0.93
figured	0.82	2.04
though	0.82	1.92
plays	0.82	0.85
river	0.82	0.64
favorites	0.83	1.03
mystery	0.83	0.75
perspective	0.83	0.82
sound	0.83	1.39
information	0.83	1.32
grown	0.83	0.74
pool	0.83	0.70
flowers	0.83	0.72
roommates	0.83	0.76
sarcasm	0.83	2.11
mindfuck	0.83	1.07
responsibly	0.83	0.85
atheist	0.84	0.82
noting	0.84	1.10
title	0.84	1.85
beauty	0.84	1.66
entertaining	0.84	1.00
quite	0.84	1.10
reasonable	0.84	1.01
tasks	0.84	1.02
only	0.84	2.29
t	0.84	1.25
sensory	0.85	0.92
hello	0.85	1.20
sitter	0.85	0.78
psychedelic	0.85	0.96
genuine	0.85	0.88
looks	0.85	1.41
hes	0.85	1.45
visuals	0.85	1.12
experience	0.85	1.22
members	0.86	0.70
therapeutic	0.86	0.85
metal	0.86	0.67
joke	0.86	1.76
boat	0.86	1.56
meant	0.86	3.01
pm	0.86	1.24
hydrated	0.86	1.03
describes	0.86	0.93
wasnt	0.86	1.41
private	0.87	0.77
desert	0.87	0.73
festivals	0.87	0.62
rewarding	0.87	1.15
pleasure	0.88	0.85
secret	0.88	0.90
assuming	0.88	2.22
enjoyment	0.88	0.85
extremely	0.88	0.97
lake	0.88	0.64
experiences	0.88	1.09
smile	0.88	1.78
qualities	0.88	1.02
clarify	0.88	1.84
lay	0.88	0.71
world	0.89	0.87
island	0.89	0.77
notes	0.90	0.95
edit	0.90	3.02
surroundings	0.90	0.84
swimming	0.90	0.61
strong	0.90	1.58
dance	0.91	0.68
screen	0.91	0.68
beach	0.91	0.64
roommate	0.91	0.82
situation	0.91	1.22
lifting	0.91	0.56
settings	0.91	0.89
whom	0.91	0.58
cevs	0.91	1.03
pink	0.91	0.69
couch	0.92	0.64
sitting	0.92	0.64
link	0.92	1.60
trusted	0.92	0.70
language	0.92	1.51
wired	0.92	1.41
yoga	0.92	0.65
outside	0.92	0.63
balance	0.92	0.86
space	0.92	0.77
famous	0.93	0.68
lets	0.93	1.04
parents	0.93	0.74
normal	0.93	1.04
clouds	0.93	0.78
id	0.93	1.71
nearby	0.93	0.65
trees	0.93	0.75
bet	0.93	2.13
ahh	0.94	2.21
goals	0.94	0.71
focus	0.94	1.01
church	0.94	0.77
novel	0.94	1.00
energy	0.94	1.28
progress	0.94	1.10
national	0.94	0.80
relatively	0.94	0.94
sat	0.94	0.66
worthwhile	0.94	0.97
hardcore	0.95	1.30
yes	0.95	2.85
enlightenment	0.95	0.81
concert	0.95	0.64
eh	0.95	2.05
art	0.95	0.72
woman	0.95	0.82
choosing	0.95	1.08
sister	0.95	0.79
moderately	0.96	0.95
existence	0.96	0.80
women	0.96	0.88
youll	0.96	1.72
david	0.96	0.89
style	0.96	0.70
activities	0.96	0.64
mom	0.97	0.83
fortunately	0.97	0.92
highs	0.97	1.12
men	0.97	0.92
albeit	0.97	0.97
explanation	0.97	1.58
reference	0.97	1.19
share	0.97	1.17
revelations	0.97	0.97
edited	0.97	2.13
uncle	0.97	0.78
cousin	0.98	0.81
place	0.98	1.24
tad	0.98	1.09
ol	0.98	1.11
trail	0.98	0.66
fairly	0.98	0.98
lessons	0.98	1.07
outlook	0.98	0.78
project	0.98	0.84
girl	0.99	0.87
stays	0.99	0.91
favourite	0.99	2.05
prolly	0.99	1.60
guess	0.99	2.37
enjoyed	0.99	1.49
dad	0.99	0.80
john	1.00	0.89
career	1.00	0.71
buddies	1.00	0.73
em	1.00	1.80
sand	1.00	0.85
most	1.00	1.65
soul	1.00	0.82
chick	1.00	0.83
sensible	1.00	0.92
possible	1.00	2.25
ex	1.00	0.68
psyches	1.01	1.55
embrace	1.01	0.83
humanity	1.01	0.69
forgot	1.01	2.04
lift	1.01	1.02
basement	1.01	0.63
wild	1.01	1.86
lighting	1.01	0.78
worlds	1.02	0.66
sobriety	1.02	0.86
mild	1.02	1.85
outta	1.02	1.71
y	1.02	1.26
boost	1.02	1.18
mountain	1.02	0.74
sky	1.02	0.76
her	1.02	0.76
stare	1.02	0.74
ultimately	1.02	0.80
spell	1.02	1.90
wrote	1.03	1.33
camping	1.03	0.66
walks	1.03	1.91
greatest	1.03	1.85
very	1.03	0.92
totally	1.03	2.01
someday	1.03	1.13
gay	1.03	1.15
memorable	1.03	1.52
floyd	1.03	0.70
upvotes	1.04	1.62
mckenna	1.04	0.71
lil	1.04	1.49
psychonaut	1.04	0.77
please	1.04	1.40
stayed	1.04	1.02
kinda	1.05	1.24
rock	1.05	0.70
na	1.05	2.14
target	1.05	0.73
girls	1.05	0.96
void	1.05	0.79
shared	1.05	0.72
aswell	1.05	1.22
enhancement	1.05	1.11
rush	1.05	1.28
sports	1.06	0.70
its	1.06	1.70
coincidence	1.06	2.01
foreign	1.06	0.74
googled	1.06	1.31
preferably	1.06	1.01
rational	1.06	0.90
bass	1.06	0.63
gon	1.06	2.19
somewhere	1.07	0.90
wave	1.07	0.88
feel	1.07	2.12
hike	1.07	0.67
meaningful	1.07	1.00
forest	1.07	0.63
properties	1.07	1.11
woods	1.07	0.62
respected	1.08	0.78
smart	1.08	1.20
answers	1.08	1.69
particularly	1.08	0.88
father	1.08	0.65
mine	1.08	0.95
xd	1.08	2.26
computer	1.08	0.73
slightly	1.08	1.18
rant	1.09	1.69
capable	1.09	0.89
key	1.09	0.99
son	1.09	1.27
today	1.09	1.34
v	1.09	0.83
confidence	1.10	1.06
referring	1.10	2.23
scientist	1.10	0.64
mother	1.10	0.67
article	1.10	1.37
theyre	1.10	1.54
consideration	1.10	1.31
prob	1.10	1.67
exact	1.10	1.70
alternative	1.10	1.12
conservative	1.11	0.66
depth	1.11	1.10
girlfriend	1.11	0.72
ass	1.11	1.49
stories	1.11	1.03
incredibly	1.11	0.90
upvote	1.11	1.62
answering	1.11	2.08
providing	1.11	1.01
aka	1.11	0.97
cosmic	1.12	0.73
christian	1.12	0.64
new	1.12	0.88
dancing	1.12	0.67
isnt	1.12	1.11
family	1.12	0.57
replying	1.13	2.12
boyfriend	1.13	0.72
changing	1.13	0.77
surrounded	1.13	0.67
write	1.13	1.17
member	1.13	0.71
tl	1.14	1.20
knowledgeable	1.14	0.95
vegas	1.14	0.71
edm	1.14	0.58
insights	1.14	0.98
sativa	1.14	1.21
shit	1.14	2.05
tent	1.14	0.71
hiking	1.14	0.60
reached	1.15	0.82
lesson	1.15	0.90
typing	1.15	1.84
offering	1.15	0.94
hoffman	1.15	0.68
grateful	1.15	0.65
moon	1.15	0.72
tame	1.15	0.92
dudes	1.16	1.38
imo	1.16	1.01
alone	1.16	1.13
reading	1.16	1.27
wife	1.16	0.65
useful	1.16	0.97
o	1.16	1.38
name	1.16	0.98
relax	1.16	0.93
visually	1.16	0.72
apologize	1.17	2.29
whereas	1.17	1.25
headphones	1.17	0.74
hell	1.17	2.07
manner	1.17	0.93
read	1.17	1.26
nuts	1.18	2.07
paragraph	1.18	1.78
guy	1.18	1.04
creativity	1.18	0.88
well	1.19	2.17
staying	1.19	1.29
cbd	1.19	1.14
method	1.19	1.98
da	1.19	1.25
gift	1.19	0.77
reminded	1.19	1.06
pace	1.19	1.03
awake	1.20	1.59
tools	1.20	0.81
insanely	1.20	0.98
ama	1.20	1.74
enjoying	1.20	0.70
introspection	1.20	0.84
sit	1.20	0.71
perfectly	1.20	1.19
whilst	1.21	0.71
choice	1.21	1.94
gf	1.21	0.71
dj	1.21	0.62
partner	1.21	0.62
reminder	1.21	0.95
bastard	1.21	1.35
connection	1.22	0.75
reminds	1.22	0.88
n	1.22	1.38
choose	1.22	1.84
boy	1.23	1.55
replies	1.23	1.76
smooth	1.24	1.71
tips	1.24	1.53
respect	1.24	1.07
sun	1.24	0.67
adds	1.24	1.04
responses	1.24	1.64
pretty	1.25	1.40
empathy	1.25	0.83
ps	1.25	1.78
scientists	1.26	0.67
set	1.26	0.90
paragraphs	1.26	1.83
hm	1.26	1.93
silent	1.26	0.73
life	1.27	0.73
channel	1.27	0.87
reasonably	1.27	0.96
op	1.27	2.05
listened	1.27	0.80
horror	1.28	1.00
picture	1.28	0.93
anxiolytic	1.28	1.42
colorful	1.28	0.80
r	1.28	1.22
bands	1.29	0.81
band	1.29	0.72
english	1.29	1.90
lady	1.30	0.69
safest	1.30	1.85
solo	1.30	0.64
keeping	1.30	1.04
fellow	1.30	1.40
electric	1.31	1.08
interview	1.31	0.93
overly	1.31	1.29
goal	1.31	0.90
pussy	1.31	1.49
written	1.32	0.94
setting	1.32	0.94
def	1.32	1.79
special	1.32	0.96
brother	1.32	0.92
suppose	1.32	2.00
electronic	1.32	0.62
rambling	1.33	1.67
books	1.34	0.87
exciting	1.34	1.56
keep	1.34	1.04
weather	1.34	0.73
idk	1.34	2.16
hilarious	1.34	2.02
appropriate	1.34	0.90
youre	1.34	1.62
stars	1.35	0.64
responding	1.35	2.16
chemist	1.35	0.67
trance	1.35	0.61
understandable	1.36	2.11
jazz	1.36	0.60
powerful	1.36	1.02
copy	1.36	1.11
mildly	1.36	1.08
introspective	1.37	0.90
viable	1.37	1.95
decent	1.37	1.32
intelligent	1.37	0.94
introduced	1.37	1.33
profound	1.37	1.05
broke	1.38	1.48
combo	1.38	1.01
functional	1.38	1.22
generally	1.38	1.69
easiest	1.38	1.80
helpful	1.38	1.23
smiling	1.38	1.67
mobile	1.38	1.85
shpongle	1.39	0.68
apologies	1.39	2.17
quote	1.39	1.00
show	1.39	1.02
info	1.39	1.58
timing	1.39	0.96
seriously	1.39	2.19
while	1.39	0.74
minded	1.40	0.99
song	1.40	0.97
sedative	1.40	1.35
born	1.40	0.73
app	1.40	0.77
mad	1.41	1.81
whatsoever	1.41	1.29
hmmm	1.41	1.78
spiritual	1.41	0.96
jam	1.42	0.74
rain	1.42	0.78
reply	1.42	2.16
agreed	1.43	1.49
balls	1.43	1.74
valuable	1.43	0.90
suggestions	1.43	1.66
correctly	1.44	2.16
mindset	1.44	0.93
listen	1.44	0.88
rap	1.44	0.79
pointing	1.45	1.94
ultimate	1.45	0.79
oops	1.45	2.19
satisfied	1.45	1.77
season	1.45	0.77
married	1.45	0.57
ocean	1.46	0.57
dunno	1.46	2.13
buddy	1.47	1.21
grand	1.47	1.78
heaven	1.47	0.80
album	1.47	0.88
drawing	1.48	0.63
lacking	1.48	1.11
gold	1.48	1.01
guitar	1.49	0.56
neither	1.49	1.64
stranger	1.50	0.99
cloud	1.50	0.98
happier	1.50	1.95
wan	1.50	1.69
mr	1.50	1.14
artist	1.50	0.85
positive	1.50	1.28
relate	1.50	1.82
anyway	1.50	2.20
cuz	1.51	1.87
tripping	1.51	0.95
y'all	1.51	1.67
writing	1.51	1.00
gives	1.52	1.72
speaking	1.52	1.71
word	1.52	2.30
mistake	1.52	2.21
fixed	1.52	2.42
waves	1.53	1.17
played	1.53	0.75
congratulations	1.53	1.56
cat	1.53	1.45
sane	1.54	1.00
response	1.54	1.87
shall	1.55	1.28
vice	1.55	0.86
genius	1.55	1.34
indica	1.55	1.26
grounded	1.56	1.33
author	1.56	0.82
earth	1.56	0.63
suggestion	1.56	1.57
orgasm	1.56	1.22
lmao	1.57	2.12
preferred	1.57	1.53
songs	1.58	0.90
convenient	1.58	1.01
whats	1.58	2.06
excuse	1.58	2.23
beautiful	1.58	1.49
insight	1.59	1.17
forgive	1.59	2.08
porn	1.59	0.80
adventures	1.59	1.27
ur	1.59	1.93
healing	1.59	0.81
detailed	1.60	1.40
euphoria	1.60	1.35
hopefully	1.60	1.80
nonetheless	1.60	1.27
character	1.60	0.82
error	1.61	2.28
report	1.61	1.45
mistakes	1.61	2.20
listening	1.61	0.72
discovered	1.62	1.27
hyper	1.63	2.11
grammar	1.63	2.40
loathing	1.63	0.88
interesting	1.64	1.70
nature	1.65	0.65
w	1.66	1.04
native	1.66	2.15
feeling	1.66	1.97
crazy	1.66	1.98
im	1.66	1.81
shulgin	1.66	0.81
inspired	1.67	0.63
amazingly	1.67	1.29
spirit	1.69	0.79
playing	1.69	0.78
duh	1.69	1.33
fancy	1.69	1.49
bout	1.69	1.90
feedback	1.69	1.77
environment	1.70	1.09
borax	1.70	2.02
um	1.70	1.84
wtf	1.70	2.14
genuinely	1.70	1.28
book	1.70	0.95
yea	1.71	2.27
ai	1.72	2.07
dat	1.72	1.80
fuckin	1.72	2.15
fuck	1.72	2.09
comfort	1.73	1.14
update	1.73	1.79
busy	1.73	1.33
yours	1.73	1.43
overall	1.73	1.52
advice	1.73	1.79
anyways	1.73	2.15
insightful	1.74	1.04
documentary	1.74	0.92
person	1.74	1.52
vibe	1.74	1.11
game	1.74	0.85
talkative	1.75	2.19
kidding	1.76	2.13
favorite	1.76	1.76
ill	1.76	1.97
enlightening	1.76	1.28
glorious	1.76	1.35
shows	1.77	0.84
nod	1.77	1.52
nigga	1.77	2.00
u	1.77	2.02
3d	1.78	0.72
ta	1.78	2.04
nope	1.80	2.07
sounds	1.80	2.10
proud	1.80	1.77
hi	1.80	1.67
journey	1.80	0.89
music	1.80	0.61
hahahaha	1.80	1.78
sex	1.81	1.22
trippin	1.81	1.85
games	1.81	0.73
such	1.82	0.92
remain	1.82	1.35
instance	1.82	1.19
yo	1.82	2.04
play	1.82	0.71
safe	1.83	1.25
okay	1.83	2.23
stimulated	1.83	2.08
bruh	1.84	2.00
ideal	1.86	1.39
gotcha	1.86	2.19
neat	1.87	1.45
pleasant	1.87	1.69
headed	1.88	2.07
holy	1.88	2.15
fascinating	1.88	1.37
sorry	1.88	2.16
fan	1.89	1.31
ok	1.89	2.21
am	1.89	1.73
motivated	1.90	2.08
bliss	1.90	1.32
accurate	1.92	1.69
hmm	1.93	2.06
adventure	1.94	0.69
ah	1.95	2.19
comforting	1.95	1.38
glow	1.95	1.59
fair	1.95	1.72
thats	1.95	2.08
gentle	1.96	1.58
nah	1.97	2.15
informative	1.97	1.45
tv	1.99	0.90
sir	1.99	2.14
magical	1.99	1.28
ha	1.99	2.14
journeys	2.00	1.69
appreciated	2.00	1.78
tho	2.00	2.26
truly	2.01	1.20
cool	2.01	2.16
damn	2.01	2.14
input	2.01	1.87
uh	2.01	2.08
username	2.02	1.82
netflix	2.02	0.85
videos	2.03	0.82
ya	2.03	2.14
chilling	2.03	0.69
oh	2.04	2.08
strangely	2.04	1.10
brave	2.04	1.27
workout	2.04	1.10
youtube	2.05	0.81
bro	2.05	2.14
bot	2.05	2.23
p	2.05	1.95
successful	2.06	1.39
worries	2.06	2.09
guys	2.07	2.07
provides	2.07	1.51
content	2.07	1.72
keeps	2.08	1.74
mate	2.08	2.13
yeah	2.08	2.31
subtle	2.08	1.66
productive	2.08	1.87
dr	2.09	0.98
stimulating	2.09	1.23
thanks	2.09	2.02
thank	2.10	2.02
hey	2.10	2.13
appreciate	2.11	1.94
hope	2.11	1.98
movies	2.11	0.83
sober	2.11	1.24
relationship	2.11	1.12
confident	2.11	2.04
cheers	2.11	2.09
description	2.12	1.39
appreciation	2.12	1.12
headspace	2.12	1.36
fun	2.12	1.53
focused	2.12	1.96
homie	2.13	1.72
video	2.14	0.80
jealous	2.14	1.98
fucking	2.14	1.98
hahaha	2.15	2.15
energetic	2.15	1.99
alive	2.17	1.67
feels	2.17	1.50
relaxation	2.17	1.69
speedy	2.18	1.47
story	2.19	1.92
lol	2.20	2.22
caring	2.21	1.44
creative	2.21	1.45
yep	2.21	2.24
haha	2.22	2.24
hah	2.23	1.58
btw	2.23	1.87
indeed	2.24	1.83
alert	2.24	2.00
dude	2.25	2.18
future	2.25	1.53
wow	2.26	2.18
buzz	2.26	1.67
nicely	2.26	1.14
sedating	2.27	1.62
fuzzy	2.27	1.92
luck	2.28	1.96
alright	2.29	2.19
good	2.29	1.73
yup	2.31	2.04
vibes	2.31	1.03
stay	2.32	1.57
man	2.32	2.18
plot	2.32	1.18
lucky	2.33	1.52
woah	2.34	2.15
hehe	2.36	1.88
planet	2.36	1.06
calming	2.36	1.57
blanket	2.36	1.41
glad	2.37	2.12
synergy	2.37	1.01
friendly	2.38	1.60
god	2.39	1.44
watched	2.40	1.19
spot	2.40	1.17
hear	2.41	1.28
blast	2.41	1.53
trap	2.42	1.07
10/10	2.45	1.14
film	2.46	1.16
watching	2.48	1.14
congrats	2.48	1.89
outdoors	2.49	0.95
soft	2.49	1.42
movie	2.50	1.07
clear	2.53	1.65
watch	2.53	1.04
hug	2.54	0.91
badass	2.56	1.39
atmosphere	2.57	1.31
calm	2.58	1.77
sharing	2.58	1.76
epic	2.61	1.26
relaxed	2.62	1.94
wishes	2.62	1.33
star	2.66	0.98
wish	2.66	1.89
chilled	2.68	1.67
hahah	2.68	1.44
warm	2.69	1.76
euphoric	2.71	1.58
comfortable	2.74	1.46
peaceful	2.77	1.64
chill	2.77	1.03
relaxing	2.78	1.36
tits	2.79	0.98
mellow	2.82	1.57
incredible	2.84	0.97
lt	2.86	1.37
enjoy	2.87	0.89
loving	2.97	1.00
peace	3.07	0.92
trippy	3.09	0.60
whoa	3.10	1.34
wonderful	3.26	0.58
brilliant	3.29	0.75
excellent	3.30	0.82
lord	3.35	0.86
perfect	3.41	0.54
great	3.44	0.46
lovely	3.48	0.46
