hating	-4.63	1.02
dislike	-4.29	0.93
worse	-3.99	1.26
pathetic	-3.99	1.40
criticized	-3.72	1.39
disgusting	-3.71	1.33
filthy	-3.69	1.36
everywhere	-3.65	1.35
dirty	-3.64	1.55
painful	-3.59	1.62
criticizing	-3.59	1.35
bad	-3.52	1.33
accusing	-3.49	1.46
unfortunate	-3.47	1.57
torture	-3.40	1.84
bash	-3.38	1.43
shameful	-3.33	1.49
thackeray	-3.29	1.95
atrocities	-3.26	1.68
insane	-3.26	1.55
hatred	-3.25	1.86
smell	-3.25	1.61
supports	-3.23	1.89
abusive	-3.23	1.99
irrational	-3.21	1.53
raj	-3.18	2.06
crappy	-3.17	1.63
rude	-3.15	1.71
shitty	-3.13	1.61
trusted	-3.13	1.72
spread	-3.13	1.88
except	-3.12	1.50
rabid	-3.11	1.92
bigots	-3.10	1.89
vs	-3.10	1.55
excuses	-3.05	1.39
sexist	-3.02	1.91
unethical	-3.01	1.62
likes	-3.01	2.09
scum	-3.00	1.63
messed	-3.00	1.75
hostile	-2.98	1.88
hypocritical	-2.97	0.99
filled	-2.97	1.85
bigotry	-2.97	1.97
wingers	-2.94	1.98
sadly	-2.91	1.56
propaganda	-2.91	1.89
spreading	-2.90	1.95
blame	-2.90	1.86
fear	-2.89	1.93
haters	-2.89	1.88
italian	-2.89	2.08
surprise	-2.88	1.54
bullshit	-2.85	1.65
comparing	-2.84	1.55
knows	-2.80	2.23
against	-2.80	2.09
nonsense	-2.79	1.73
believes	-2.77	2.23
anger	-2.76	1.92
absolute	-2.74	1.76
habit	-2.72	1.71
extreme	-2.72	1.10
sees	-2.70	2.23
disturbing	-2.69	1.78
kind	-2.67	1.59
comparable	-2.66	1.74
behaviour	-2.65	1.10
utterly	-2.63	1.56
sick	-2.63	2.03
complete	-2.62	1.83
rage	-2.60	2.00
screwed	-2.60	1.59
ignorance	-2.57	1.95
evil	-2.53	0.76
praising	-2.52	0.90
bigoted	-2.51	1.17
rare	-2.48	1.48
towards	-2.47	2.06
lately	-2.46	1.73
blind	-2.45	2.07
blaming	-2.43	1.23
unfair	-2.37	2.00
lies	-2.36	1.66
refers	-2.36	2.04
bashing	-2.36	1.11
irritating	-2.36	1.84
affairs	-2.33	2.61
right-wing	-2.32	1.49
calling	-2.31	1.07
fucked	-2.31	1.93
defending	-2.29	1.21
desperate	-2.28	1.44
angry	-2.27	2.48
wing	-2.27	1.52
known	-2.25	2.02
incompetent	-2.24	1.13
tmc	-2.23	0.82
fascist	-2.23	1.31
fault	-2.21	2.05
bigot	-2.20	1.26
pseudo	-2.19	0.98
planet	-2.18	2.33
utter	-2.17	1.23
largest	-2.16	2.55
ashamed	-2.15	2.76
attacking	-2.15	1.09
racist	-2.14	1.26
hindutva	-2.14	1.50
lazy	-2.13	1.25
treating	-2.11	0.88
harsh	-2.11	1.89
stereotype	-2.11	1.04
brainwashed	-2.10	1.31
ignorant	-2.10	1.17
retarded	-2.09	1.15
insulting	-2.08	1.30
abusing	-2.08	1.06
justifying	-2.08	1.23
reality	-2.08	2.43
third	-2.08	2.55
hardcore	-2.06	1.13
behavior	-2.05	1.07
extremists	-2.04	1.44
promoting	-2.04	1.36
criticize	-2.02	1.37
supporting	-2.00	1.23
selfish	-2.00	1.23
anti	-1.99	1.31
attitude	-1.98	1.15
agrees	-1.98	2.73
commie	-1.97	1.03
fringe	-1.96	1.43
thinks	-1.95	2.70
crap	-1.95	1.06
shiv	-1.95	1.15
accuse	-1.95	1.32
useless	-1.94	1.20
scared	-1.94	2.52
retards	-1.94	1.31
conspiracy	-1.94	1.44
annoying	-1.94	1.84
mentality	-1.93	1.16
anti-national	-1.93	0.98
cringe	-1.93	1.94
corrupt	-1.93	1.11
oppression	-1.92	0.97
mns	-1.92	1.18
absurd	-1.91	1.29
pure	-1.91	1.29
ss	-1.91	1.17
lie	-1.90	1.88
idiotic	-1.90	1.10
frustrated	-1.90	2.61
fundamentalist	-1.90	1.33
stupid	-1.89	1.15
sena	-1.89	1.18
compare	-1.89	1.39
feel	-1.89	2.79
depressed	-1.88	2.66
surprising	-1.88	2.35
usual	-1.86	1.05
wise	-1.86	1.86
blatant	-1.86	1.54
nationalism	-1.86	1.41
directed	-1.85	2.24
nationalist	-1.84	1.36
passion	-1.84	2.23
rhetoric	-1.84	1.34
true	-1.83	2.62
condemn	-1.83	1.12
disappointed	-1.82	2.67
elements	-1.82	1.33
blindly	-1.82	1.40
whining	-1.82	1.21
bias	-1.82	1.52
delusional	-1.82	1.17
shocked	-1.82	2.65
bs	-1.82	1.35
death	-1.81	1.09
frustration	-1.80	1.61
vocal	-1.80	1.25
shithole	-1.79	1.04
ego	-1.79	1.44
illiterate	-1.78	1.16
morons	-1.77	1.32
racism	-1.76	1.37
belongs	-1.75	2.79
rampant	-1.75	1.38
arrogant	-1.75	1.28
aggressive	-1.75	1.43
fools	-1.74	1.29
believing	-1.73	1.51
denial	-1.73	1.46
nuts	-1.72	1.17
affected	-1.71	1.33
brutal	-1.71	1.02
trash	-1.71	1.18
habits	-1.71	1.08
clueless	-1.70	1.36
bitter	-1.68	2.42
shame	-1.68	1.12
upset	-1.68	1.83
extremist	-1.68	1.26
justify	-1.67	1.43
uncomfortable	-1.67	2.52
supporters	-1.66	1.66
sickular	-1.66	1.11
applies	-1.66	1.16
favour	-1.65	1.37
sentiment	-1.65	1.47
defend	-1.64	1.58
cares	-1.63	2.45
blamed	-1.63	1.33
opposing	-1.63	1.42
felt	-1.63	2.73
feelings	-1.62	1.49
feeling	-1.62	2.61
ridiculous	-1.62	1.24
worrying	-1.61	1.62
mock	-1.61	1.11
ruined	-1.61	1.17
understands	-1.60	2.01
regressive	-1.60	1.12
leftists	-1.60	1.30
foolish	-1.60	1.19
bunch	-1.60	1.21
stupidity	-1.59	1.59
false	-1.59	1.84
theories	-1.59	1.59
radical	-1.58	1.23
mess	-1.57	1.37
toilet	-1.57	1.04
whereas	-1.57	1.04
hungry	-1.57	1.84
critical	-1.57	1.10
chetan	-1.57	1.99
includes	-1.57	0.93
shock	-1.56	1.46
pissed	-1.56	2.58
questioned	-1.56	1.31
hurt	-1.55	1.67
narrow	-1.55	1.30
excuse	-1.55	1.29
fans	-1.55	1.29
clean	-1.55	1.08
compared	-1.54	1.29
fool	-1.54	1.17
hypocrites	-1.54	1.34
opponents	-1.53	1.47
mass	-1.52	1.02
naive	-1.52	1.24
etc	-1.52	1.02
sometimes	-1.52	2.68
vhp	-1.51	1.17
dump	-1.51	1.25
japanese	-1.51	1.02
confused	-1.50	2.32
rss	-1.50	1.21
sangh	-1.50	1.24
general	-1.50	1.19
support	-1.50	1.20
hypocrite	-1.50	1.23
bhakts	-1.50	1.67
allegations	-1.49	1.67
dumb	-1.49	1.28
cleaning	-1.49	1.25
leads	-1.49	1.23
atmosphere	-1.48	1.12
pain	-1.48	1.47
communal	-1.48	1.10
attacked	-1.48	1.15
astrology	-1.47	1.23
indulge	-1.47	1.15
left	-1.47	1.45
idiots	-1.47	1.35
treated	-1.47	1.17
difficult	-1.46	2.58
garbage	-1.46	1.07
criticism	-1.46	1.51
leftist	-1.45	1.18
liberals	-1.45	1.31
patriotic	-1.45	1.53
violence	-1.45	1.13
flawed	-1.45	1.62
lying	-1.44	3.04
bastards	-1.44	1.28
critics	-1.44	1.36
frankly	-1.44	1.79
supported	-1.44	1.10
minded	-1.44	1.22
says	-1.43	1.98
plain	-1.43	1.28
types	-1.42	1.15
stomach	-1.42	1.31
streets	-1.41	1.02
moment	-1.41	2.67
al	-1.41	0.88
relate	-1.41	1.81
asks	-1.41	1.96
ideology	-1.40	1.34
secular	-1.40	1.35
hitler	-1.40	1.01
hindu	-1.39	1.28
complaining	-1.39	1.76
tired	-1.38	1.92
openly	-1.38	1.21
threatened	-1.38	1.63
decides	-1.38	1.92
assholes	-1.38	1.28
deep	-1.37	1.50
constant	-1.37	1.17
follows	-1.37	1.64
murder	-1.37	1.04
shivaji	-1.37	1.12
ncp	-1.37	0.98
oppose	-1.37	1.52
abuse	-1.37	1.04
petty	-1.37	1.20
badly	-1.36	1.56
circle	-1.36	1.22
communists	-1.36	1.04
total	-1.36	1.32
acts	-1.36	1.08
failing	-1.36	1.75
mh	-1.36	1.25
responsible	-1.35	1.50
opposite	-1.35	3.09
dirt	-1.34	1.24
sudden	-1.34	1.20
remarks	-1.33	1.47
singh	-1.33	1.21
accusations	-1.33	1.65
pushing	-1.33	1.36
spite	-1.32	1.35
discrimination	-1.32	1.35
holds	-1.32	1.60
violent	-1.32	1.14
wants	-1.31	2.00
questioning	-1.31	1.58
bjp	-1.31	1.05
fuckers	-1.31	1.35
rajnath	-1.31	1.47
offensive	-1.31	1.55
seculars	-1.30	1.38
circumstances	-1.30	1.42
tells	-1.30	1.87
sp	-1.30	0.96
appeasement	-1.30	1.24
lesser	-1.30	1.36
bsp	-1.30	0.97
favor	-1.30	1.55
idiot	-1.30	1.24
empty	-1.30	1.28
outlook	-1.29	1.33
superiority	-1.29	1.38
actions	-1.28	1.35
goons	-1.28	1.00
opposed	-1.28	1.25
hurts	-1.28	1.41
proud	-1.28	2.39
comparison	-1.27	1.50
temporary	-1.27	1.27
parties	-1.27	0.98
represents	-1.27	1.47
pawar	-1.27	1.20
public	-1.27	1.04
feels	-1.27	2.38
mamata	-1.26	1.08
criminals	-1.26	1.07
weak	-1.25	1.34
encouraging	-1.25	1.32
bose	-1.25	1.18
promote	-1.25	1.42
threaten	-1.25	1.43
talks	-1.25	1.73
meaningless	-1.25	1.24
bastard	-1.25	1.39
strong	-1.24	1.39
cheap	-1.24	1.14
congress	-1.24	0.99
proves	-1.23	3.13
genocide	-1.23	1.07
slow	-1.23	1.47
stop	-1.23	1.59
stands	-1.23	1.85
cult	-1.23	1.32
ordinary	-1.23	1.07
than	-1.22	1.50
beyond	-1.22	1.41
inc	-1.22	0.98
organisation	-1.22	1.24
depression	-1.22	1.28
loads	-1.22	1.23
mindset	-1.22	1.34
moron	-1.21	1.24
toilets	-1.21	1.18
assumption	-1.21	3.08
selective	-1.21	1.28
threatening	-1.21	1.30
unlike	-1.21	1.25
involve	-1.20	1.18
loses	-1.20	1.56
uneducated	-1.20	1.15
communist	-1.20	1.14
hypocrisy	-1.20	1.57
ideologies	-1.19	1.39
attacks	-1.19	1.15
asshole	-1.19	1.36
nazi	-1.19	1.06
desperately	-1.19	1.63
dangerous	-1.18	1.44
stops	-1.18	1.21
difference	-1.18	3.33
sense	-1.18	1.99
nitish	-1.18	1.09
outrage	-1.18	1.38
suffering	-1.18	1.19
belief	-1.18	1.42
followers	-1.17	1.35
afraid	-1.17	2.47
deliberately	-1.17	1.60
blasphemy	-1.17	1.27
improved	-1.17	1.24
sort	-1.16	1.41
fucks	-1.16	1.24
liberal	-1.16	1.24
capitalist	-1.16	1.12
latter	-1.16	3.16
sorts	-1.15	1.14
pays	-1.15	1.63
jews	-1.15	1.10
anti-modi	-1.15	1.42
sentiments	-1.15	1.35
conservative	-1.15	1.28
agenda	-1.14	1.52
contrast	-1.14	1.78
cong	-1.14	0.99
represent	-1.14	1.27
dmk	-1.14	0.97
groups	-1.14	1.22
modi	-1.13	1.37
patriotism	-1.13	1.45
tactics	-1.13	1.21
aaptards	-1.13	1.50
hurting	-1.12	1.38
isolated	-1.12	1.21
dominated	-1.12	1.15
myself	-1.12	2.56
yadav	-1.12	1.12
remind	-1.12	2.00
perceived	-1.12	1.38
weird	-1.11	2.12
sensitive	-1.11	1.65
killing	-1.11	0.99
unnecessary	-1.11	1.21
mayawati	-1.11	1.08
organisations	-1.11	1.20
agent	-1.11	1.17
pride	-1.11	1.50
kinda	-1.11	2.58
dal	-1.10	1.06
gap	-1.10	1.42
trouble	-1.10	1.70
react	-1.10	1.68
lalu	-1.10	1.08
organizations	-1.10	1.21
killings	-1.10	1.04
confident	-1.10	2.20
makes	-1.10	2.68
nowhere	-1.09	1.25
lack	-1.09	1.27
party	-1.09	1.06
secularism	-1.09	1.54
coalition	-1.09	1.04
bush	-1.09	1.00
statements	-1.09	1.53
gaza	-1.09	1.06
negative	-1.08	1.27
physical	-1.08	1.12
creates	-1.08	1.29
dies	-1.08	1.52
maharashtra	-1.08	1.18
palestine	-1.08	1.05
trust	-1.08	2.27
punishment	-1.08	1.13
swaraj	-1.08	1.37
throat	-1.07	1.29
less	-1.07	1.50
gets	-1.07	1.68
stress	-1.07	1.28
religious	-1.07	1.31
worried	-1.06	2.34
mulayam	-1.06	1.10
organization	-1.06	1.20
mob	-1.06	1.21
minister	-1.06	1.35
ambani	-1.06	1.15
fighting	-1.05	1.24
evident	-1.05	1.39
shy	-1.05	2.08
anna	-1.04	1.17
external	-1.04	1.36
incident	-1.04	1.24
brits	-1.04	1.11
create	-1.04	1.43
chaddi	-1.04	1.45
doing	-1.04	3.47
supporter	-1.04	1.41
deaths	-1.04	1.29
jaitley	-1.03	1.42
hrd	-1.03	1.47
faith	-1.03	1.34
dismiss	-1.03	1.83
crimes	-1.03	1.11
typical	-1.03	1.21
mental	-1.03	1.20
involving	-1.02	1.07
perception	-1.02	1.55
mentally	-1.02	1.57
abused	-1.02	1.32
instead	-1.02	1.61
namo	-1.02	1.50
exists	-1.01	1.39
emotional	-1.01	1.50
crony	-1.01	1.15
arun	-1.01	1.42
leaders	-1.01	1.07
leaning	-1.01	1.45
moreover	-1.00	1.26
truth	-1.00	1.90
everyone	-1.00	2.00
amounts	-1.00	1.17
revenge	-1.00	1.17
saying	-1.00	3.56
doesnt	-0.99	2.20
tension	-0.99	1.31
ruling	-0.99	1.11
outright	-0.99	1.32
bull	-0.99	1.23
ethnic	-0.99	1.09
mr	-0.99	1.20
emotions	-0.99	1.40
huge	-0.98	1.61
far	-0.98	1.81
offended	-0.98	2.10
terrorist	-0.98	1.09
prasad	-0.98	1.12
mms	-0.98	1.00
irani	-0.97	1.42
sonia	-0.97	0.95
overwhelming	-0.97	1.27
goddamn	-0.97	1.19
define	-0.97	1.73
mean	-0.97	3.53
cared	-0.97	2.06
wash	-0.97	1.32
cabinet	-0.96	1.41
rightly	-0.96	1.40
mlas	-0.96	1.07
danger	-0.96	1.38
politicians	-0.96	1.13
bhushan	-0.96	1.10
tbh	-0.96	2.28
prashant	-0.96	1.10
failed	-0.95	1.52
cases	-0.95	1.28
regard	-0.95	1.27
either	-0.95	3.63
british	-0.95	1.09
chinese	-0.95	1.07
narrative	-0.95	1.46
stating	-0.95	3.28
theory	-0.95	1.50
mla	-0.95	1.07
stopped	-0.95	1.70
expressed	-0.94	1.59
much	-0.94	1.95
uses	-0.94	1.53
pro	-0.94	1.17
speaks	-0.94	1.47
blah	-0.94	1.15
absence	-0.94	1.34
biggest	-0.94	2.82
members	-0.94	1.17
comes	-0.94	1.62
weather	-0.94	2.09
usually	-0.93	1.53
lame	-0.93	1.62
knowing	-0.93	2.25
fucker	-0.93	1.32
constantly	-0.93	1.47
intellectuals	-0.93	1.12
tolerance	-0.93	1.35
isis	-0.93	1.02
prison	-0.92	1.16
practices	-0.92	1.32
retard	-0.92	1.31
movement	-0.92	1.25
describe	-0.92	1.50
handling	-0.92	1.45
advocate	-0.92	1.23
whoever	-0.92	1.85
nobody	-0.91	2.12
so-called	-0.91	1.20
american	-0.91	1.06
shourie	-0.91	1.48
universal	-0.91	1.31
greater	-0.91	1.32
belong	-0.91	1.62
goes	-0.91	1.86
precisely	-0.91	1.51
concerned	-0.91	2.32
ugly	-0.91	2.39
current	-0.91	2.70
spin	-0.91	1.18
protesting	-0.91	1.07
boring	-0.91	2.15
owns	-0.90	1.32
ministry	-0.90	1.48
partition	-0.90	1.20
yogendra	-0.90	1.14
targeted	-0.90	1.25
right	-0.90	3.45
themselves	-0.90	2.25
capitalism	-0.90	1.19
nature	-0.90	1.51
threat	-0.90	1.43
view	-0.90	1.80
strongly	-0.89	1.45
brigade	-0.89	1.65
judging	-0.89	1.95
silly	-0.89	1.34
co	-0.89	1.10
finance	-0.89	1.48
advani	-0.89	1.31
fails	-0.89	1.72
french	-0.89	1.10
beating	-0.89	1.10
muslim	-0.88	1.19
condition	-0.88	1.27
fir	-0.88	1.42
cancer	-0.88	1.24
escape	-0.88	1.40
attempts	-0.88	1.70
representative	-0.88	1.15
threats	-0.88	1.21
mps	-0.88	1.10
reaching	-0.88	1.25
entitled	-0.88	1.16
personally	-0.87	2.66
else	-0.87	2.42
disagree	-0.87	3.52
penalty	-0.87	1.26
fight	-0.87	1.47
moral	-0.87	1.33
catholic	-0.87	1.07
german	-0.87	1.08
claims	-0.87	1.88
existence	-0.87	1.61
failure	-0.87	1.46
rulers	-0.87	1.06
union	-0.87	1.38
russian	-0.86	1.09
clearly	-0.86	3.33
views	-0.86	1.52
quality	-0.86	1.27
essentially	-0.86	1.64
stance	-0.86	1.47
himself	-0.86	1.57
burning	-0.86	1.04
attack	-0.86	1.19
case	-0.86	1.33
atheism	-0.86	1.37
gives	-0.86	1.51
awareness	-0.86	1.30
sympathy	-0.85	1.35
atheists	-0.85	1.24
creating	-0.85	1.39
deserves	-0.85	1.33
split	-0.85	1.13
damage	-0.85	1.35
inherently	-0.85	1.57
reaction	-0.84	1.41
depressing	-0.84	2.08
suffer	-0.84	1.27
hype	-0.84	1.06
agree	-0.84	3.38
riot	-0.84	1.18
equivalent	-0.84	1.06
tone	-0.84	1.42
doc	-0.84	1.35
minds	-0.84	1.51
fought	-0.83	1.21
claiming	-0.83	2.06
ourselves	-0.83	2.31
affects	-0.83	1.30
wild	-0.83	1.43
opposition	-0.83	1.17
matters	-0.83	1.71
amit	-0.83	1.17
god	-0.83	1.52
bored	-0.83	2.06
behave	-0.83	1.44
mafia	-0.82	1.09
believed	-0.82	1.78
genuinely	-0.82	2.36
commit	-0.82	1.16
bags	-0.82	1.25
claimed	-0.81	1.81
control	-0.81	1.26
alliance	-0.81	0.98
being	-0.81	1.63
involves	-0.81	1.17
warriors	-0.81	1.57
particularly	-0.81	1.71
harm	-0.81	1.59
honesty	-0.81	1.63
proved	-0.81	1.94
punish	-0.81	1.34
bihari	-0.81	1.14
regional	-0.81	1.02
large	-0.80	1.42
aap	-0.80	1.22
same	-0.80	3.47
smriti	-0.80	1.35
paki	-0.80	1.11
justified	-0.80	1.40
worship	-0.80	1.36
roy	-0.80	0.99
accused	-0.80	1.21
defamation	-0.80	1.37
humans	-0.80	1.20
identify	-0.80	1.96
internal	-0.80	1.33
slave	-0.80	1.06
facts	-0.80	1.74
abrahamic	-0.79	1.26
hamas	-0.79	1.11
telling	-0.79	2.39
deny	-0.79	2.37
riots	-0.79	1.19
posters	-0.79	1.53
significantly	-0.79	1.38
terrorists	-0.79	1.08
machinery	-0.79	1.31
affect	-0.79	1.59
unity	-0.79	1.31
fancy	-0.79	1.01
turning	-0.79	1.42
terms	-0.79	1.35
ethics	-0.79	1.53
business	-0.78	1.41
2002	-0.78	1.24
including	-0.78	1.30
making	-0.78	1.72
believe	-0.78	2.78
becomes	-0.78	1.64
convince	-0.78	2.03
everytime	-0.78	1.81
1984	-0.78	1.19
vadra	-0.78	1.26
gadkari	-0.77	1.23
itt	-0.77	1.54
created	-0.77	1.44
causing	-0.77	1.34
works	-0.77	1.35
forming	-0.77	1.34
establishment	-0.77	1.13
beaten	-0.77	1.28
policing	-0.77	1.28
happens	-0.77	2.06
profits	-0.77	1.42
sure	-0.77	3.45
label	-0.77	0.92
who	-0.77	1.79
point	-0.77	3.46
minority	-0.77	1.23
rant	-0.76	1.39
activists	-0.76	1.16
protect	-0.76	1.39
movements	-0.76	1.22
complaint	-0.76	1.39
perfect	-0.76	1.72
conditions	-0.76	1.26
error	-0.76	3.52
indians	-0.76	1.23
generally	-0.76	1.70
throwing	-0.76	1.43
group	-0.75	1.28
powers	-0.75	1.13
sheila	-0.75	1.32
just	-0.75	3.51
type	-0.75	1.33
beings	-0.75	1.21
charges	-0.75	1.33
activist	-0.75	1.20
treat	-0.75	1.41
pretending	-0.75	1.48
ministers	-0.75	1.19
atheist	-0.75	1.67
start	-0.75	1.79
defence	-0.75	1.37
driven	-0.75	1.33
measure	-0.75	1.28
he/she	-0.75	1.84
subscribe	-0.74	1.91
tend	-0.74	1.69
socialist	-0.74	1.32
refuses	-0.74	2.01
tolerant	-0.74	1.30
pattern	-0.74	1.28
across	-0.74	1.43
facing	-0.74	1.51
call	-0.74	1.91
resort	-0.74	1.29
smaller	-0.74	1.49
religions	-0.74	1.32
such	-0.74	1.46
volunteers	-0.74	1.24
step	-0.74	1.71
pet	-0.73	1.13
stones	-0.73	1.20
responsibility	-0.73	1.78
ended	-0.73	1.49
exposed	-0.73	1.24
suggests	-0.73	1.87
desire	-0.73	1.49
guilty	-0.73	1.35
cooking	-0.73	1.22
civilians	-0.72	1.10
among	-0.72	1.27
human	-0.72	1.28
corporates	-0.72	1.21
allies	-0.72	0.95
filing	-0.72	1.39
vegetarian	-0.72	1.15
physically	-0.72	1.69
patient	-0.72	1.17
dealing	-0.72	1.40
bigger	-0.72	1.60
islam	-0.72	1.25
action	-0.72	1.50
massive	-0.72	1.41
lastly	-0.72	1.53
evolution	-0.72	1.35
excited	-0.72	2.50
disease	-0.72	1.27
treatment	-0.71	1.22
thrown	-0.71	1.33
crime	-0.71	1.15
proven	-0.71	2.00
oppressed	-0.71	1.16
up	-0.71	1.87
busy	-0.71	1.37
beliefs	-0.71	1.45
stuck	-0.71	1.31
hitting	-0.71	1.28
minorities	-0.71	1.21
slavery	-0.71	1.02
tries	-0.71	2.05
animals	-0.70	1.09
christian	-0.70	1.20
succeed	-0.70	2.10
ignoring	-0.70	1.93
animal	-0.70	1.08
society	-0.70	1.32
fill	-0.69	1.30
burnt	-0.69	1.10
workers	-0.69	1.30
trolls	-0.69	1.78
stopping	-0.69	1.42
careful	-0.69	1.97
secretary	-0.69	1.30
similarly	-0.69	1.38
slowly	-0.69	1.64
amongst	-0.69	1.27
corruption	-0.69	1.35
picked	-0.68	1.41
convicted	-0.68	1.25
proportion	-0.68	1.27
proper	-0.68	1.36
unable	-0.68	2.26
turn	-0.68	1.72
hinduism	-0.68	1.28
severe	-0.68	1.35
consequences	-0.68	1.53
quickly	-0.68	2.13
significant	-0.68	1.57
instance	-0.68	1.72
religion	-0.68	1.35
loss	-0.68	1.33
prevent	-0.68	1.50
able	-0.67	2.38
justification	-0.67	1.30
masses	-0.67	1.26
thoughts	-0.67	1.64
3rd	-0.67	2.97
managed	-0.67	2.15
babri	-0.67	1.18
environment	-0.67	1.23
progressive	-0.67	1.32
improvement	-0.67	1.29
foreign	-0.67	1.27
level	-0.67	1.29
forcing	-0.67	1.69
keep	-0.67	1.77
controlled	-0.67	1.45
votebank	-0.67	1.11
ignore	-0.67	2.16
led	-0.67	1.34
needed	-0.67	1.93
speech	-0.67	1.67
hindus	-0.67	1.21
encourage	-0.67	1.52
roots	-0.66	1.36
christianity	-0.66	1.22
destruction	-0.66	1.15
respect	-0.66	1.45
guilt	-0.66	1.59
convenient	-0.66	1.37
differences	-0.66	1.76
communism	-0.66	1.36
continued	-0.66	1.37
finds	-0.66	2.48
persecution	-0.66	1.18
recognize	-0.66	2.04
enemies	-0.66	1.15
initially	-0.66	2.13
anywhere	-0.66	2.32
fail	-0.65	1.98
claim	-0.65	2.29
priorities	-0.65	1.54
silent	-0.65	1.19
values	-0.65	1.36
suicide	-0.65	1.20
cook	-0.65	1.21
faced	-0.65	1.43
typically	-0.65	1.22
like	-0.65	2.33
necessary	-0.65	1.72
heading	-0.65	1.32
big	-0.65	1.83
itself	-0.65	1.84
arabs	-0.65	1.20
anybody	-0.65	2.43
corporate	-0.65	1.22
basically	-0.65	1.53
causes	-0.64	1.35
load	-0.64	1.21
higher	-0.64	1.30
called	-0.64	1.56
center	-0.64	1.60
arse	-0.64	1.45
communalism	-0.64	1.25
reflect	-0.64	1.40
alone	-0.64	2.18
little	-0.64	2.32
americans	-0.64	1.20
vague	-0.64	1.54
resulted	-0.64	1.34
implying	-0.64	3.29
throw	-0.64	1.47
backward	-0.64	1.21
complaints	-0.64	1.43
join	-0.64	1.85
scale	-0.64	1.41
voted	-0.64	1.23
manage	-0.64	2.21
member	-0.63	1.24
stand	-0.63	2.34
origin	-0.63	1.08
dalits	-0.63	1.18
defense	-0.63	1.31
silence	-0.63	1.11
activities	-0.63	1.14
twisted	-0.63	1.53
reputation	-0.63	1.15
pointless	-0.63	1.41
fix	-0.63	2.19
confusing	-0.63	1.71
encounter	-0.63	1.18
reject	-0.63	1.74
letting	-0.63	1.97
camp	-0.63	1.19
jains	-0.63	1.20
hardly	-0.63	2.17
impact	-0.63	1.40
conviction	-0.63	1.23
ashutosh	-0.63	1.12
preach	-0.63	1.46
christians	-0.62	1.18
fish	-0.62	1.20
actively	-0.62	1.40
interests	-0.62	1.27
joining	-0.62	1.30
sen	-0.62	1.04
caused	-0.62	1.39
aaptard	-0.62	1.41
exception	-0.62	1.49
elsewhere	-0.62	1.85
confidence	-0.62	1.45
humanity	-0.62	1.29
gang	-0.62	1.14
focus	-0.61	1.57
phenomenon	-0.61	1.48
change	-0.61	1.97
others	-0.61	2.47
forget	-0.61	2.62
crisis	-0.61	1.53
puts	-0.61	1.38
does	-0.61	2.79
path	-0.61	1.58
giant	-0.61	1.26
dixit	-0.61	1.28
formed	-0.61	1.28
victims	-0.61	1.14
follow	-0.61	1.52
kicked	-0.60	1.51
notion	-0.60	1.78
whenever	-0.60	1.91
due	-0.60	1.43
expecting	-0.60	2.55
needs	-0.60	2.24
shift	-0.60	1.46
regret	-0.60	1.98
adopt	-0.60	1.35
somebody	-0.60	1.92
anti-corruption	-0.60	1.31
vote	-0.60	1.19
easily	-0.60	2.29
cause	-0.60	1.45
accept	-0.59	2.32
assumptions	-0.59	2.05
concept	-0.59	1.69
avoided	-0.59	1.56
implied	-0.59	3.42
muslims	-0.59	1.20
fundamental	-0.59	1.76
creation	-0.59	1.32
re	-0.59	3.24
divide	-0.59	1.33
aside	-0.59	1.64
cm	-0.59	1.24
larger	-0.59	1.38
outside	-0.59	1.51
owaisi	-0.59	1.03
bloody	-0.59	1.21
reduced	-0.59	1.31
fits	-0.59	1.30
harder	-0.58	1.86
rapes	-0.58	1.33
often	-0.58	2.04
kejriwal	-0.58	1.25
moving	-0.58	1.66
filed	-0.58	1.36
both	-0.58	2.00
saudi	-0.58	1.06
piss	-0.58	1.28
ally	-0.58	0.98
morality	-0.58	1.63
calls	-0.58	1.39
integrity	-0.58	1.46
category	-0.58	1.17
tons	-0.58	1.25
costly	-0.58	1.46
jail	-0.58	1.35
opinion	-0.58	2.27
circles	-0.58	1.38
benefit	-0.58	1.64
whether	-0.58	2.61
opinions	-0.58	1.65
joined	-0.58	1.40
leadership	-0.58	1.22
sponsored	-0.58	1.15
unknown	-0.58	1.41
result	-0.58	1.53
about	-0.58	2.96
trial	-0.57	1.32
majority	-0.57	1.21
find	-0.57	2.40
division	-0.57	1.31
lifestyle	-0.57	1.23
waste	-0.57	1.22
increase	-0.57	1.32
screw	-0.57	1.50
denying	-0.57	2.18
sheer	-0.57	1.39
criminal	-0.57	1.25
prove	-0.57	2.29
evolved	-0.57	1.30
godhra	-0.57	1.13
innocent	-0.57	1.17
suffered	-0.57	1.36
assault	-0.57	1.16
turned	-0.57	1.56
punished	-0.57	1.23
surprised	-0.57	2.78
bother	-0.57	2.72
harassed	-0.57	1.30
sikhs	-0.57	1.19
motivated	-0.57	1.56
picking	-0.57	1.46
wherever	-0.57	1.65
persecuted	-0.56	1.23
department	-0.56	1.41
dying	-0.56	1.16
enemy	-0.56	1.13
manmohan	-0.56	1.10
buddhism	-0.56	1.27
impossible	-0.56	1.98
neither	-0.56	2.34
starts	-0.56	1.37
levels	-0.56	1.24
iraq	-0.56	1.10
double	-0.56	1.28
crying	-0.56	1.44
highest	-0.56	1.57
accident	-0.56	1.22
alleged	-0.56	1.26
arguing	-0.56	2.38
wide	-0.56	1.27
complicated	-0.56	1.68
arvind	-0.56	1.21
volunteer	-0.55	1.24
conversions	-0.55	1.28
wave	-0.55	1.12
heritage	-0.55	1.47
myth	-0.55	1.26
strange	-0.55	1.75
drunk	-0.55	1.74
increases	-0.55	1.34
bit	-0.55	2.29
offence	-0.55	1.29
educate	-0.55	2.16
privacy	-0.55	1.89
ideas	-0.55	1.66
off	-0.55	1.65
exist	-0.55	2.60
deeply	-0.55	1.61
biases	-0.55	1.53
involved	-0.55	1.36
ak	-0.55	1.37
bothered	-0.55	2.75
exceptions	-0.55	1.41
dealt	-0.55	1.68
intellectual	-0.55	1.28
homeopathy	-0.55	1.26
feeding	-0.55	1.20
encouraged	-0.54	1.30
present	-0.54	1.78
clarification	-0.54	2.94
die	-0.54	1.70
tribals	-0.54	1.18
appears	-0.54	1.47
appeal	-0.54	1.35
frequently	-0.54	1.67
trying	-0.54	2.30
effectively	-0.54	1.90
situation	-0.54	1.86
unrelated	-0.54	1.53
fraud	-0.54	1.40
ngo	-0.54	1.21
largely	-0.54	1.54
into	-0.54	2.01
nris	-0.54	1.35
elected	-0.54	1.23
reduce	-0.54	1.34
out	-0.54	2.50
missionaries	-0.53	1.21
biased	-0.53	1.63
socialism	-0.53	1.38
civilized	-0.53	1.37
argue	-0.53	2.72
israel	-0.53	1.18
decisions	-0.53	1.70
communities	-0.53	1.27
jerk	-0.53	1.33
fuckin	-0.53	1.64
prime	-0.53	1.16
percentage	-0.53	1.32
ayurveda	-0.53	1.28
colonial	-0.53	1.15
strikes	-0.53	1.17
can	-0.53	2.66
poverty	-0.53	1.34
finding	-0.53	1.62
centre	-0.53	1.22
intention	-0.53	1.97
hole	-0.53	1.40
attempt	-0.53	1.61
survive	-0.53	2.08
decided	-0.53	2.25
awkward	-0.53	2.40
unless	-0.53	2.73
continues	-0.53	1.57
none	-0.53	2.05
were	-0.53	1.38
depends	-0.53	1.72
socially	-0.52	1.67
effect	-0.52	1.73
chief	-0.52	1.29
customs	-0.52	1.23
gujrat	-0.52	1.16
candidates	-0.52	1.21
struggle	-0.52	1.17
followed	-0.52	1.27
seeking	-0.52	1.62
patients	-0.52	1.24
victim	-0.52	1.10
knew	-0.52	2.50
ground	-0.52	1.61
moderate	-0.52	1.40
invasion	-0.52	1.17
adani	-0.52	1.19
castes	-0.52	1.21
anyone	-0.52	2.66
identified	-0.52	1.38
agents	-0.52	1.09
policies	-0.52	1.41
kcr	-0.51	1.07
while	-0.51	1.63
onto	-0.51	1.31
terrorism	-0.51	1.12
want	-0.51	2.71
cia	-0.51	1.16
especially	-0.51	1.38
prominent	-0.51	1.09
destroyed	-0.51	1.15
health	-0.51	1.40
arab	-0.51	1.10
cultures	-0.51	1.27
interact	-0.51	1.87
scams	-0.51	1.28
acknowledge	-0.51	2.08
effects	-0.51	1.28
suddenly	-0.51	1.75
major	-0.51	1.59
immediately	-0.51	2.17
aadmi	-0.51	1.29
community	-0.51	1.30
lead	-0.51	1.50
culture	-0.51	1.35
regime	-0.51	1.09
increased	-0.51	1.31
exactly	-0.51	3.39
ultimately	-0.51	1.66
civilian	-0.51	1.17
standards	-0.50	1.30
fdi	-0.50	1.28
kill	-0.50	1.29
kinds	-0.50	1.32
arrested	-0.50	1.25
simply	-0.50	2.75
willing	-0.50	2.39
decision	-0.50	1.75
elect	-0.50	1.43
evidence	-0.50	1.95
ass	-0.50	1.51
slightly	-0.50	1.96
terror	-0.50	1.09
ideals	-0.50	1.48
ultimate	-0.50	1.31
losing	-0.49	1.54
liberty	-0.49	1.47
anymore	-0.49	2.75
importantly	-0.49	1.16
ancestors	-0.49	1.41
know	-0.49	3.00
capita	-0.49	1.33
rajya	-0.49	1.23
seek	-0.49	1.79
mistaken	-0.49	3.05
ca	-0.49	2.70
thus	-0.49	1.65
did	-0.49	2.87
vast	-0.49	1.28
tell	-0.49	2.84
need	-0.49	2.70
everybody	-0.49	2.41
raga	-0.49	1.09
islamic	-0.49	1.08
increasing	-0.49	1.34
pmo	-0.49	1.49
them	-0.49	2.67
swamy	-0.49	1.26
democratic	-0.49	1.36
when	-0.49	2.36
approach	-0.49	1.63
handled	-0.49	1.79
equality	-0.49	1.40
kills	-0.49	1.17
ngos	-0.48	1.22
justice	-0.48	1.26
nda	-0.48	1.18
parliament	-0.48	1.26
push	-0.48	1.59
armed	-0.48	1.21
lawyer	-0.48	1.26
sikh	-0.48	1.20
harassment	-0.48	1.21
forces	-0.48	1.26
rest	-0.48	1.69
collective	-0.48	1.28
complain	-0.48	2.29
without	-0.48	1.81
applicable	-0.48	1.65
reform	-0.48	1.51
expensive	-0.48	1.38
literally	-0.48	1.40
solely	-0.48	1.62
down	-0.48	1.75
pretend	-0.48	2.45
risk	-0.48	1.38
will	-0.48	2.64
kitchen	-0.48	1.18
resigned	-0.47	1.53
safety	-0.47	1.51
gujarat	-0.47	1.16
sections	-0.47	1.24
principles	-0.47	1.50
vajpayee	-0.47	1.09
however	-0.47	2.79
almost	-0.47	1.91
ensure	-0.47	1.59
rapist	-0.47	1.16
register	-0.47	1.46
say	-0.47	3.04
bribes	-0.47	1.25
governments	-0.47	1.22
rapists	-0.47	1.18
candidate	-0.47	1.23
taliban	-0.47	1.01
losses	-0.47	1.35
why	-0.47	3.04
writes	-0.47	1.36
upa	-0.47	1.16
lose	-0.47	1.70
cure	-0.47	1.23
imagine	-0.47	2.58
should	-0.47	2.87
get	-0.47	2.48
funded	-0.47	1.19
began	-0.47	1.35
wo	-0.47	2.76
changing	-0.47	1.58
lost	-0.47	1.44
aam	-0.47	1.37
required	-0.47	1.73
bureaucracy	-0.46	1.26
challenge	-0.46	1.55
spirit	-0.46	1.50
impression	-0.46	2.01
invaders	-0.46	1.18
i.e	-0.46	1.58
tiny	-0.46	1.42
wb	-0.46	1.10
we	-0.46	2.95
principle	-0.46	1.77
lower	-0.46	1.27
quit	-0.46	1.52
natural	-0.46	1.16
yourself	-0.46	2.58
overall	-0.46	1.36
force	-0.46	1.55
object	-0.46	1.06
admit	-0.46	2.35
threw	-0.46	1.38
bring	-0.46	2.08
conflict	-0.46	1.40
sucking	-0.45	1.35
refuse	-0.45	2.28
accountability	-0.45	1.37
freedom	-0.45	1.59
how	-0.45	2.93
something	-0.45	2.95
despite	-0.45	1.53
judge	-0.45	1.38
express	-0.45	1.34
assumed	-0.45	3.36
bubble	-0.45	1.55
slapped	-0.45	1.56
ruled	-0.45	1.15
material	-0.45	1.28
officials	-0.45	1.31
focused	-0.45	1.45
warned	-0.45	1.65
committed	-0.45	1.49
suggesting	-0.45	2.52
allowing	-0.45	1.65
poorly	-0.45	1.64
deserved	-0.45	1.24
understand	-0.45	2.89
compete	-0.45	1.58
subjective	-0.45	2.06
populace	-0.45	1.22
brahmins	-0.45	1.29
space	-0.45	1.26
poor	-0.45	1.23
honestly	-0.45	2.75
determine	-0.45	1.69
ideological	-0.45	1.53
pr	-0.45	1.31
pm	-0.44	1.26
and/or	-0.44	1.42
by	-0.44	1.84
wanting	-0.44	2.09
equal	-0.44	1.32
even	-0.44	3.05
allegedly	-0.44	1.26
randomly	-0.44	1.65
e.g	-0.44	1.36
help	-0.44	2.78
average	-0.44	1.32
hide	-0.44	1.48
depend	-0.44	1.68
continuing	-0.44	1.67
scores	-0.44	1.18
stake	-0.44	1.23
controversial	-0.44	1.44
traditions	-0.44	1.23
position	-0.44	1.60
morals	-0.43	1.66
roads	-0.43	1.15
establish	-0.43	1.65
think	-0.43	3.07
nehru	-0.43	1.15
small	-0.43	1.42
someone	-0.43	2.08
repeatedly	-0.43	1.65
incorrect	-0.43	3.21
come	-0.43	2.61
size	-0.43	1.36
chit	-0.43	1.25
him	-0.43	2.31
reducing	-0.43	1.33
authority	-0.43	1.36
guts	-0.43	1.69
charged	-0.43	1.27
rather	-0.43	2.20
lok	-0.43	1.25
am	-0.43	2.60
kejri	-0.43	1.31
demanding	-0.43	1.51
masjid	-0.43	1.20
us	-0.43	1.76
promises	-0.43	1.49
grounds	-0.43	1.56
fights	-0.43	1.34
mukesh	-0.43	1.23
necessarily	-0.43	2.58
shares	-0.42	1.26
transparency	-0.42	1.36
foreigners	-0.42	1.24
then	-0.42	2.94
waiting	-0.42	2.17
me	-0.42	2.69
ramdev	-0.42	1.25
incredibly	-0.42	1.93
file	-0.42	1.34
avoid	-0.42	1.69
african	-0.42	1.05
at	-0.42	1.81
see	-0.42	2.93
sets	-0.42	1.39
infact	-0.42	1.66
pursue	-0.42	1.65
patel	-0.42	1.16
dynasty	-0.42	1.05
wins	-0.42	1.31
measures	-0.42	1.50
could	-0.42	2.81
corporations	-0.42	1.23
medicine	-0.42	1.26
praise	-0.42	1.12
going	-0.42	2.95
war	-0.42	1.19
dalit	-0.42	1.15
steps	-0.42	1.62
isi	-0.42	1.12
gave	-0.42	1.80
make	-0.42	2.26
pak	-0.42	1.14
aspect	-0.42	1.85
lowest	-0.42	1.27
problems	-0.42	1.86
ll	-0.41	2.75
guaranteed	-0.41	1.58
differently	-0.41	2.02
mad	-0.41	1.73
refused	-0.41	1.95
shouting	-0.41	1.11
convert	-0.41	1.29
deciding	-0.41	1.88
incentive	-0.41	1.81
easier	-0.41	2.00
trick	-0.41	1.42
mughals	-0.41	1.11
observed	-0.41	1.61
occasionally	-0.41	1.55
improve	-0.41	1.45
complex	-0.41	1.56
destroy	-0.41	1.20
jain	-0.41	1.19
margin	-0.41	1.32
private	-0.41	1.35
expression	-0.41	1.45
cant	-0.41	2.62
pick	-0.41	1.99
tested	-0.41	1.41
indirectly	-0.41	1.45
expose	-0.41	1.31
widely	-0.41	1.28
millions	-0.41	1.32
bureaucrats	-0.41	1.26
minor	-0.41	1.40
would	-0.41	2.94
fate	-0.41	1.40
seeing	-0.41	2.07
citing	-0.41	1.41
asking	-0.41	2.48
hence	-0.41	1.91
rise	-0.40	1.30
cry	-0.40	1.46
church	-0.40	1.24
associated	-0.40	1.38
worker	-0.40	1.32
high	-0.40	1.26
people	-0.40	2.25
free	-0.40	1.49
shall	-0.40	2.34
special	-0.40	1.52
pushed	-0.40	1.52
ambedkar	-0.40	1.20
ready	-0.40	2.40
popularity	-0.40	1.19
kejru	-0.40	1.32
heck	-0.40	2.46
centuries	-0.40	1.28
stronger	-0.40	1.52
court	-0.40	1.34
shiva	-0.40	1.28
advantage	-0.40	1.88
ram	-0.40	1.13
talking	-0.40	2.92
legacy	-0.40	1.17
everything	-0.40	2.61
neighbours	-0.40	1.32
attached	-0.40	1.77
anything	-0.39	2.86
happiness	-0.39	1.34
elite	-0.39	1.28
narendra	-0.39	1.23
harmful	-0.39	1.23
pockets	-0.39	1.25
care	-0.39	2.82
passing	-0.39	1.35
surgery	-0.39	1.26
reforms	-0.39	1.40
accepted	-0.39	1.46
regards	-0.39	1.46
has	-0.39	2.34
system	-0.39	1.44
remotely	-0.39	2.20
european	-0.39	1.09
kick	-0.39	1.54
pakistani	-0.39	1.15
dont	-0.39	2.83
bengal	-0.39	1.10
demographic	-0.39	1.25
somehow	-0.39	2.49
admitted	-0.39	1.67
equally	-0.39	1.76
mughal	-0.39	1.09
apply	-0.39	2.00
rights	-0.39	1.44
scenario	-0.39	1.76
restaurant	-0.39	1.09
referred	-0.39	1.72
ec	-0.39	1.32
separate	-0.39	1.44
getting	-0.39	2.07
judgement	-0.39	1.52
essential	-0.38	1.36
wars	-0.38	1.17
side	-0.38	1.86
problem	-0.38	2.47
europeans	-0.38	1.16
unlikely	-0.38	1.57
pappu	-0.38	1.05
lawyers	-0.38	1.27
sabha	-0.38	1.25
boost	-0.38	1.34
arabia	-0.38	1.08
single	-0.38	2.13
naturally	-0.38	1.41
reads	-0.38	1.50
absolutely	-0.38	1.92
protecting	-0.38	1.41
leave	-0.38	2.50
ours	-0.38	1.52
apart	-0.38	1.49
accountable	-0.38	1.45
entire	-0.38	1.74
burden	-0.38	1.44
brain	-0.38	1.48
development	-0.38	1.36
person	-0.38	1.73
he	-0.38	2.34
arrest	-0.38	1.26
investigate	-0.38	1.29
resign	-0.37	1.46
aryan	-0.37	1.22
gained	-0.37	1.44
social	-0.37	1.29
voting	-0.37	1.52
crazy	-0.37	1.76
relative	-0.37	1.08
expert	-0.37	2.06
primarily	-0.37	1.45
go	-0.37	2.54
diverse	-0.37	1.37
faster	-0.37	1.63
between	-0.37	1.42
supposedly	-0.37	1.45
aspects	-0.37	1.60
hold	-0.37	1.68
policy	-0.37	1.43
happened	-0.37	2.00
matter	-0.37	2.90
try	-0.37	2.52
m	-0.37	2.56
dare	-0.37	2.29
leaving	-0.37	1.77
consideration	-0.37	1.78
because	-0.37	3.08
converted	-0.37	1.20
each	-0.37	1.74
develop	-0.37	1.60
population	-0.37	1.34
security	-0.37	1.41
murdered	-0.37	1.11
empire	-0.37	1.08
happen	-0.37	2.84
funding	-0.37	1.28
incidents	-0.37	1.55
leaves	-0.37	1.09
education	-0.36	1.27
let	-0.36	2.70
chair	-0.36	1.60
implement	-0.36	1.63
state	-0.36	1.26
medicines	-0.36	1.25
direction	-0.36	1.48
government	-0.36	1.32
doubt	-0.36	2.89
nor	-0.36	2.52
taking	-0.36	2.05
started	-0.36	1.42
bail	-0.36	1.32
reach	-0.36	1.88
impose	-0.36	1.53
kings	-0.36	1.13
headed	-0.36	1.19
different	-0.36	1.63
low	-0.36	1.24
drives	-0.36	1.35
lokpal	-0.36	1.31
factor	-0.36	1.66
pee	-0.36	1.19
rid	-0.36	1.90
welfare	-0.36	1.31
protest	-0.36	1.14
clue	-0.36	2.72
successfully	-0.36	1.76
targeting	-0.36	1.46
deserve	-0.36	1.37
guarantee	-0.36	1.81
reservations	-0.36	1.32
mandate	-0.36	1.40
chances	-0.36	1.58
investigation	-0.36	1.30
heart	-0.36	1.36
seem	-0.36	2.47
said	-0.35	2.66
drop	-0.35	1.75
facilities	-0.35	1.27
motivation	-0.35	1.41
contest	-0.35	1.31
likely	-0.35	2.30
entity	-0.35	1.47
normally	-0.35	1.83
other	-0.35	1.72
whole	-0.35	1.70
otherwise	-0.35	2.83
per	-0.35	1.37
trend	-0.35	1.37
pakistanis	-0.35	1.30
race	-0.35	1.22
accepting	-0.35	1.74
win	-0.35	1.31
factors	-0.35	1.63
constituency	-0.35	1.28
bribe	-0.35	1.48
whatever	-0.35	2.87
spiritual	-0.35	1.32
giving	-0.35	1.93
decide	-0.35	2.50
model	-0.35	1.39
focusing	-0.35	1.68
rates	-0.35	1.29
cops	-0.35	1.41
et	-0.35	1.03
take	-0.35	2.36
supreme	-0.35	1.32
still	-0.35	2.99
confusion	-0.35	1.71
practically	-0.35	1.44
president	-0.35	1.21
wont	-0.35	2.62
medical	-0.35	1.28
relief	-0.35	1.39
jesus	-0.35	1.39
administration	-0.34	1.27
businesses	-0.34	1.34
ask	-0.34	2.77
fact	-0.34	2.78
mention	-0.34	2.55
spectrum	-0.34	1.50
tribal	-0.34	1.20
kingdom	-0.34	1.11
target	-0.34	1.41
infrastructure	-0.34	1.27
progress	-0.34	1.39
floor	-0.34	1.36
thinking	-0.34	2.63
defeat	-0.34	1.29
might	-0.34	2.88
serves	-0.34	1.21
reservation	-0.34	1.32
camps	-0.34	1.17
scam	-0.34	1.19
asked	-0.34	2.27
symbol	-0.34	1.15
irrespective	-0.34	1.74
more	-0.34	1.99
further	-0.34	2.77
intentions	-0.34	1.92
statement	-0.34	2.15
defined	-0.34	1.54
votes	-0.33	1.30
freely	-0.33	1.62
expect	-0.33	2.79
citizenship	-0.33	1.25
political	-0.33	1.64
assembly	-0.33	1.29
sitting	-0.33	1.65
enough	-0.33	2.48
consider	-0.33	2.58
helping	-0.33	1.80
choices	-0.33	1.63
bills	-0.33	1.32
varanasi	-0.33	1.31
coming	-0.33	2.26
conclusions	-0.33	2.07
amethi	-0.33	1.28
scope	-0.33	1.66
reverse	-0.33	1.39
caste	-0.33	1.27
exercise	-0.33	1.29
positive	-0.33	1.39
dharna	-0.33	1.18
ought	-0.33	1.67
growth	-0.33	1.32
contesting	-0.33	1.28
morally	-0.33	3.14
gdp	-0.33	1.36
quo	-0.33	1.77
labour	-0.33	1.26
bill	-0.33	1.34
realise	-0.33	2.87
informed	-0.33	1.32
becoming	-0.33	1.69
economically	-0.33	1.69
common	-0.33	1.48
completely	-0.33	1.92
declare	-0.33	1.92
maybe	-0.33	3.01
all	-0.33	2.55
premise	-0.33	2.29
reveal	-0.33	1.99
cultural	-0.32	1.31
kumar	-0.32	1.02
hospitals	-0.32	1.29
following	-0.32	1.45
give	-0.32	2.15
leader	-0.32	1.41
faces	-0.32	1.45
entering	-0.32	1.34
implemented	-0.32	1.61
docs	-0.32	1.28
actually	-0.32	2.98
administrative	-0.32	1.20
based	-0.32	1.61
demand	-0.32	1.29
carry	-0.32	1.66
introduced	-0.32	1.46
rate	-0.32	1.32
pull	-0.32	1.95
healthcare	-0.32	1.35
subcontinent	-0.32	1.21
rising	-0.32	1.43
competition	-0.32	1.24
acceptance	-0.32	1.24
shit	-0.32	1.78
overnight	-0.32	1.91
hopefully	-0.32	2.37
ends	-0.32	1.35
promising	-0.32	1.66
multiple	-0.32	1.63
full	-0.32	1.22
inside	-0.32	1.39
police	-0.32	1.29
dedicated	-0.32	1.39
involvement	-0.32	1.33
certain	-0.32	1.64
importance	-0.32	1.48
done	-0.32	2.98
stood	-0.32	1.55
lal	-0.31	1.15
nothing	-0.31	2.69
thousands	-0.31	1.35
amount	-0.31	1.47
activity	-0.31	1.10
doctors	-0.31	1.26
elections	-0.31	1.31
methods	-0.31	1.50
extent	-0.31	1.92
environmental	-0.31	1.52
understanding	-0.31	1.95
courts	-0.31	1.31
buddhist	-0.31	1.20
arguments	-0.31	2.05
blow	-0.31	1.49
hospital	-0.31	1.30
constitution	-0.31	1.45
normal	-0.31	1.24
superior	-0.31	1.57
allowed	-0.31	2.13
individual	-0.31	1.67
employment	-0.31	1.36
seats	-0.31	1.29
issue	-0.31	2.33
slaughter	-0.31	1.12
strike	-0.31	1.28
converting	-0.31	1.18
again	-0.31	2.95
govt	-0.31	1.33
rarely	-0.31	1.83
iran	-0.31	1.10
allows	-0.31	1.72
migration	-0.31	1.21
value	-0.31	1.26
labor	-0.31	1.29
structure	-0.31	1.27
seat	-0.31	1.31
offered	-0.31	1.74
indian	-0.30	1.20
covers	-0.30	1.22
protection	-0.30	1.46
providing	-0.30	1.54
ls	-0.30	1.32
under	-0.30	1.22
handed	-0.30	1.43
upper	-0.30	1.23
profit	-0.30	1.34
divided	-0.30	1.45
scientific	-0.30	1.48
farmer	-0.30	1.20
supposed	-0.30	2.66
non	-0.30	1.21
reserved	-0.30	1.24
democracy	-0.30	1.50
rape	-0.30	1.13
ahead	-0.30	2.09
order	-0.30	1.78
falling	-0.30	1.46
campaigning	-0.30	1.21
realize	-0.30	2.94
depending	-0.30	1.69
efficient	-0.30	1.43
persons	-0.30	1.58
away	-0.30	1.95
several	-0.30	1.54
nri	-0.30	1.33
proposed	-0.30	1.53
central	-0.30	1.25
denied	-0.30	1.69
handle	-0.30	2.02
economic	-0.30	1.35
election	-0.30	1.31
bag	-0.30	1.25
sardar	-0.30	1.23
publicity	-0.30	1.29
educated	-0.30	1.39
former	-0.30	1.12
caught	-0.30	1.37
governor	-0.29	1.26
climate	-0.29	1.20
real	-0.29	1.79
maintain	-0.29	1.55
successful	-0.29	1.51
things	-0.29	2.68
surprisingly	-0.29	1.66
familiar	-0.29	1.89
appointed	-0.29	1.24
course	-0.29	2.85
combined	-0.29	1.24
cbi	-0.29	1.28
given	-0.29	1.63
talk	-0.29	2.78
scrutiny	-0.29	1.31
run	-0.29	1.64
re-instated	-0.29	2.89
sc	-0.29	1.35
urban	-0.29	1.29
prepared	-0.29	2.20
deeper	-0.29	1.69
judiciary	-0.29	1.33
yoga	-0.29	1.23
bite	-0.29	1.42
important	-0.29	1.71
backing	-0.29	1.53
ran	-0.29	1.58
generate	-0.29	1.28
inflation	-0.29	1.33
spoke	-0.29	1.41
put	-0.29	1.89
may	-0.29	2.85
army	-0.28	1.22
leading	-0.28	1.38
pakistan	-0.28	1.18
happening	-0.28	2.79
bound	-0.28	1.80
senior	-0.28	1.42
benefits	-0.28	1.46
judicial	-0.28	1.33
attention	-0.28	1.48
subsidy	-0.28	1.31
move	-0.28	2.24
concepts	-0.28	1.53
sector	-0.28	1.31
gain	-0.28	1.44
offering	-0.28	1.77
peoples	-0.28	1.46
foot	-0.28	1.36
ones	-0.28	1.87
gains	-0.28	1.40
protected	-0.27	1.40
judges	-0.27	1.28
solved	-0.27	2.11
aim	-0.27	1.67
similar	-0.27	1.49
functioning	-0.27	1.39
million	-0.27	1.39
salaries	-0.27	1.30
powerful	-0.27	1.53
seemed	-0.27	2.11
communicate	-0.27	1.67
figure	-0.27	2.58
subsidies	-0.27	1.38
improving	-0.27	1.38
arms	-0.27	1.35
handful	-0.27	1.56
dozen	-0.27	1.54
manner	-0.27	1.71
germany	-0.27	1.13
form	-0.27	1.27
asses	-0.27	1.45
granted	-0.27	1.65
interested	-0.27	2.46
afford	-0.27	1.42
imply	-0.27	2.85
learn	-0.27	1.48
qualify	-0.27	1.78
carrying	-0.27	1.39
entirely	-0.27	2.07
mostly	-0.27	1.57
ability	-0.27	1.69
work	-0.27	2.53
independence	-0.26	1.25
effective	-0.26	1.60
license	-0.26	1.27
solve	-0.26	2.19
campaigns	-0.26	1.22
also	-0.26	3.03
tharoor	-0.26	1.04
farmers	-0.26	1.27
mind	-0.26	2.65
telangana	-0.26	1.14
dropped	-0.26	1.50
eventually	-0.26	2.31
probe	-0.26	1.27
respective	-0.26	1.64
raja	-0.26	0.98
tried	-0.26	2.22
bringing	-0.26	1.76
lay	-0.26	1.59
provides	-0.26	1.60
comfortable	-0.26	1.82
constitutional	-0.26	1.39
goals	-0.26	1.49
falls	-0.26	1.26
task	-0.26	1.72
river	-0.26	1.18
bear	-0.26	1.80
aid	-0.26	1.44
genetic	-0.26	1.29
statue	-0.26	1.22
outsiders	-0.25	1.48
supply	-0.25	1.15
imho	-0.25	1.52
gandhi	-0.25	1.06
ideally	-0.25	1.80
emergency	-0.25	1.18
loot	-0.25	1.23
military	-0.25	1.20
financial	-0.25	1.38
officers	-0.25	1.26
root	-0.25	1.70
food	-0.25	1.09
wage	-0.25	1.29
authorities	-0.25	1.30
iirc	-0.25	1.63
repeated	-0.25	1.49
quota	-0.25	1.34
speaker	-0.25	1.12
begins	-0.25	1.27
crowd	-0.25	1.21
unit	-0.25	1.21
promised	-0.25	1.74
whom	-0.25	1.94
dick	-0.25	1.43
ratio	-0.25	1.21
indira	-0.25	1.12
enforcement	-0.25	1.29
pulled	-0.25	1.51
construction	-0.25	1.35
changed	-0.25	1.70
number	-0.25	1.42
gotten	-0.25	1.79
kashmiri	-0.25	1.24
situations	-0.25	1.62
quick	-0.25	2.05
heaven	-0.25	1.38
dr	-0.25	1.31
maximum	-0.24	1.39
purely	-0.24	1.59
hundreds	-0.24	1.45
norms	-0.24	1.40
requires	-0.24	1.49
donate	-0.24	1.53
rural	-0.24	1.27
revolution	-0.24	1.22
mechanism	-0.24	1.53
financially	-0.24	1.74
gone	-0.24	2.21
council	-0.24	1.22
roughly	-0.24	1.45
these	-0.24	1.63
swami	-0.24	1.25
limited	-0.24	1.39
ruin	-0.24	1.37
destroying	-0.24	1.16
tldr	-0.24	1.43
afghanistan	-0.24	1.15
repeating	-0.24	1.91
requirement	-0.24	1.64
regardless	-0.24	1.64
routine	-0.24	1.19
sucks	-0.24	1.94
chose	-0.24	2.11
perform	-0.24	1.53
front	-0.24	1.54
sufficient	-0.24	1.91
revenue	-0.24	1.30
build	-0.24	1.27
trained	-0.24	1.34
means	-0.24	2.33
mouth	-0.24	1.42
misleading	-0.24	3.19
beat	-0.23	1.38
pay	-0.23	1.34
electoral	-0.23	1.38
america	-0.23	1.20
probably	-0.23	2.99
soon	-0.23	2.38
pot	-0.23	1.16
heavily	-0.23	1.70
told	-0.23	2.10
mp	-0.23	1.17
kept	-0.23	1.48
cheaper	-0.23	1.38
1947	-0.23	1.44
north	-0.23	1.19
debating	-0.23	2.06
potential	-0.23	1.53
changes	-0.22	1.81
body	-0.22	1.35
crossed	-0.22	1.51
guard	-0.22	1.47
campaign	-0.22	1.26
britain	-0.22	1.16
end	-0.22	1.81
nowadays	-0.22	1.18
table	-0.22	1.35
citizens	-0.22	1.43
entered	-0.22	1.43
monkey	-0.22	1.45
industrial	-0.22	1.28
economy	-0.22	1.31
global	-0.22	1.48
laid	-0.22	1.39
safer	-0.22	1.63
discovered	-0.22	1.68
become	-0.22	1.85
jan	-0.22	1.40
shady	-0.22	1.56
voters	-0.22	1.31
feed	-0.22	1.27
insurance	-0.22	1.34
helped	-0.22	2.08
income	-0.22	1.31
smoking	-0.22	1.17
executive	-0.22	1.22
recent	-0.22	1.46
lot	-0.22	1.96
tier	-0.22	1.68
controversy	-0.21	1.31
agriculture	-0.21	1.29
an	-0.21	1.64
adds	-0.21	1.33
sample	-0.21	1.68
expenses	-0.21	1.32
speak	-0.21	1.33
protests	-0.21	1.09
therefore	-0.21	1.93
polls	-0.21	1.42
blood	-0.21	1.20
no	-0.21	2.87
2g	-0.21	1.23
longer	-0.21	2.05
wasted	-0.21	1.41
insult	-0.21	1.61
proving	-0.21	2.02
stick	-0.21	1.54
rich	-0.21	1.36
dollar	-0.21	1.32
culturally	-0.21	1.88
brought	-0.21	1.71
taxes	-0.21	1.28
relatively	-0.21	1.68
bodies	-0.21	1.23
tax	-0.21	1.28
strength	-0.21	1.30
experiment	-0.21	1.62
first	-0.21	1.97
meanwhile	-0.21	1.11
standard	-0.21	1.48
agencies	-0.21	1.27
cross	-0.21	1.43
core	-0.20	1.35
fresh	-0.20	1.36
mandir	-0.20	1.22
reliance	-0.20	1.21
historically	-0.20	1.82
head	-0.20	1.38
agency	-0.20	1.26
won	-0.20	1.26
portion	-0.20	1.32
passed	-0.20	1.48
sit	-0.20	1.43
recall	-0.20	2.03
cut	-0.20	1.39
billion	-0.20	1.40
imposed	-0.20	1.39
touched	-0.20	1.66
writing	-0.20	0.92
earn	-0.20	1.39
deposit	-0.20	1.35
wanted	-0.20	2.32
owned	-0.20	1.07
industries	-0.20	1.27
closely	-0.20	1.40
so	-0.20	2.95
schemes	-0.19	1.36
sooner	-0.19	2.45
pass	-0.19	1.39
remained	-0.19	1.48
national	-0.19	1.20
operate	-0.19	1.64
ap	-0.19	1.14
hike	-0.19	1.33
criteria	-0.19	1.58
direct	-0.19	1.56
capable	-0.19	1.72
paid	-0.19	1.44
drug	-0.19	1.15
crore	-0.19	1.53
earning	-0.19	1.39
provide	-0.19	1.65
eg	-0.19	1.25
concentrate	-0.19	1.61
enforce	-0.19	1.45
universe	-0.19	1.21
fall	-0.19	1.80
deals	-0.19	1.41
came	-0.19	1.94
officer	-0.19	1.21
invited	-0.19	1.18
petition	-0.18	1.40
two	-0.18	1.73
built	-0.18	1.23
greatest	-0.18	2.45
employed	-0.18	1.43
extend	-0.18	1.83
mosque	-0.18	1.22
training	-0.18	1.32
conversion	-0.18	1.16
hopes	-0.18	1.61
competitive	-0.18	1.39
country	-0.18	1.78
example	-0.18	1.91
companies	-0.18	1.37
everyday	-0.18	1.59
achieve	-0.18	1.68
territory	-0.18	1.43
logic	-0.18	2.50
shout	-0.18	1.31
homosexuality	-0.18	1.22
soul	-0.18	1.58
returns	-0.17	1.34
basic	-0.17	1.52
speaking	-0.17	1.13
fed	-0.17	1.14
dependent	-0.17	1.39
nearly	-0.17	1.58
qualified	-0.17	1.48
eastern	-0.17	1.18
donation	-0.17	1.31
neutrality	-0.17	1.46
stage	-0.17	1.50
referendum	-0.17	1.22
market	-0.17	1.27
issues	-0.17	1.89
dry	-0.17	1.24
priority	-0.17	1.54
explicitly	-0.17	2.04
u-turn	-0.17	1.43
command	-0.17	1.29
hard	-0.17	2.13
ways	-0.17	2.18
standing	-0.17	1.52
applied	-0.17	1.90
east	-0.17	1.21
republic	-0.17	1.28
andhra	-0.17	1.16
gate	-0.17	1.53
building	-0.17	1.26
industry	-0.17	1.27
monopoly	-0.17	1.29
jumping	-0.17	1.55
2009	-0.16	1.53
centers	-0.16	1.32
section	-0.16	1.28
interest	-0.16	1.34
fire	-0.16	1.32
electricity	-0.16	1.21
fee	-0.16	1.32
bombay	-0.16	1.19
donations	-0.16	1.33
developed	-0.16	1.50
consumer	-0.16	1.34
bridge	-0.16	1.30
once	-0.16	2.40
working	-0.16	1.94
mixed	-0.16	1.17
language	-0.16	1.14
afaik	-0.16	1.74
mars	-0.16	1.32
suspect	-0.16	2.17
various	-0.16	1.57
imagination	-0.16	1.32
fees	-0.16	1.31
personal	-0.16	1.64
identity	-0.16	1.40
uber	-0.16	1.46
budget	-0.16	1.43
pork	-0.16	1.11
politician	-0.15	1.44
educational	-0.15	1.35
violation	-0.15	1.47
organized	-0.15	1.21
rs	-0.15	1.39
guns	-0.15	1.26
buildings	-0.15	1.21
economics	-0.15	1.29
telecom	-0.15	1.31
asia	-0.15	1.21
selected	-0.15	1.51
reason	-0.15	2.86
until	-0.15	2.31
soldiers	-0.15	1.19
proof	-0.15	1.97
existed	-0.15	1.79
named	-0.15	1.27
career	-0.15	1.52
lines	-0.15	1.63
pandits	-0.15	1.28
stated	-0.15	2.34
weight	-0.15	1.29
49	-0.15	1.35
quite	-0.15	2.17
ganga	-0.15	1.24
states	-0.15	1.18
now	-0.15	2.98
killed	-0.15	1.14
south	-0.15	1.18
process	-0.15	1.57
realistic	-0.15	1.26
intelligence	-0.15	1.27
modern	-0.15	1.24
highly	-0.14	1.89
offense	-0.14	1.48
crores	-0.14	1.43
most	-0.14	1.84
which	-0.14	2.63
civil	-0.14	1.38
door	-0.14	1.30
investment	-0.14	1.30
influence	-0.14	1.32
indigenous	-0.14	1.24
beef	-0.14	1.10
smoke	-0.14	1.29
anytime	-0.14	2.49
obviously	-0.14	2.83
before	-0.14	2.01
drive	-0.14	1.33
funds	-0.14	1.32
akbar	-0.14	1.07
local	-0.14	1.24
bharat	-0.14	1.27
2008	-0.14	1.59
through	-0.14	1.67
victory	-0.14	1.28
launched	-0.14	1.32
turkey	-0.14	1.15
according	-0.14	1.50
any	-0.14	2.57
eu	-0.14	1.21
currency	-0.14	1.28
set	-0.14	1.54
mainly	-0.14	1.38
monthly	-0.14	1.31
remains	-0.14	1.78
secret	-0.14	1.51
vedic	-0.14	1.24
regulations	-0.14	1.40
square	-0.14	1.25
institutions	-0.14	1.32
purpose	-0.14	1.89
there	-0.13	2.87
announced	-0.13	1.74
insist	-0.13	1.65
scary	-0.13	1.81
gas	-0.13	1.19
around	-0.13	1.53
launch	-0.13	1.30
native	-0.13	1.12
southern	-0.13	1.14
wealth	-0.13	1.31
charity	-0.13	1.28
northern	-0.13	1.20
too	-0.13	2.46
united	-0.13	1.24
norm	-0.13	1.16
korea	-0.13	1.17
designed	-0.13	1.67
comfort	-0.13	1.19
barkha	-0.13	1.07
tongue	-0.13	1.11
tn	-0.13	1.11
earth	-0.13	1.49
paying	-0.13	1.51
basis	-0.13	1.79
didnt	-0.13	2.50
markets	-0.13	1.26
established	-0.13	1.32
systems	-0.13	1.36
jokes	-0.13	1.77
bangladeshis	-0.13	1.30
only	-0.13	2.95
odd	-0.13	1.45
regions	-0.13	1.29
france	-0.13	1.25
upto	-0.13	1.42
inr	-0.13	1.39
spending	-0.13	1.39
edge	-0.13	1.36
obama	-0.12	1.14
2nd	-0.12	1.91
mosques	-0.12	1.10
eye	-0.12	1.40
possibility	-0.12	2.09
usa	-0.12	1.23
alternate	-0.12	1.39
plants	-0.12	1.15
youth	-0.12	1.17
particular	-0.12	2.05
save	-0.12	1.55
buy	-0.12	1.26
drama	-0.12	1.12
zone	-0.12	1.29
domestic	-0.12	1.13
fully	-0.12	2.25
dollars	-0.12	1.42
perhaps	-0.12	2.49
offices	-0.12	1.24
manifesto	-0.12	1.47
jobs	-0.12	1.48
introduce	-0.12	1.50
way	-0.12	2.71
firms	-0.12	1.36
additional	-0.12	1.46
included	-0.12	1.55
eat	-0.12	1.12
refer	-0.12	1.88
diversity	-0.12	1.24
strict	-0.12	1.44
russia	-0.12	1.16
growing	-0.12	1.57
back	-0.12	2.19
buying	-0.12	1.28
crowded	-0.12	1.28
stretch	-0.12	1.46
rupee	-0.12	1.35
uk	-0.12	1.18
properly	-0.12	2.21
west	-0.11	1.20
fired	-0.11	1.30
certainly	-0.11	2.32
pricing	-0.11	1.25
never	-0.11	2.73
angle	-0.11	1.37
became	-0.11	1.64
hindi	-0.11	1.14
driving	-0.11	1.26
doors	-0.11	1.29
disaster	-0.11	1.38
transparent	-0.11	1.59
tamils	-0.11	1.17
japan	-0.11	1.15
requirements	-0.11	1.48
whatsoever	-0.11	1.79
balls	-0.11	1.40
implementation	-0.11	1.38
money	-0.11	1.47
empowerment	-0.11	1.23
africa	-0.11	1.20
housing	-0.11	1.31
placed	-0.11	1.42
meat	-0.11	1.11
thing	-0.11	2.86
wasting	-0.11	1.59
century	-0.11	1.43
argument	-0.11	2.39
rocket	-0.11	1.27
manufacturing	-0.11	1.24
voices	-0.11	1.28
price	-0.10	1.24
must	-0.10	2.75
debt	-0.10	1.35
tradition	-0.10	1.19
arm	-0.10	1.35
prices	-0.10	1.26
died	-0.10	1.17
advanced	-0.10	1.35
fuel	-0.10	1.24
lands	-0.10	1.28
yet	-0.10	2.74
12th	-0.10	1.51
wonder	-0.10	2.77
his/her	-0.10	1.68
border	-0.10	1.36
burn	-0.10	1.31
marathi	-0.10	1.12
hope	-0.10	2.64
technology	-0.10	1.30
positions	-0.10	1.32
independent	-0.10	1.41
reached	-0.10	1.66
rent	-0.10	1.30
opportunity	-0.10	1.86
sake	-0.10	1.78
firstly	-0.10	2.13
rely	-0.10	1.49
europe	-0.10	1.16
raping	-0.10	1.12
forms	-0.10	1.11
bangladesh	-0.10	1.24
honest	-0.10	1.75
figures	-0.10	1.76
leg	-0.10	1.36
twice	-0.10	2.08
nuclear	-0.10	1.18
heads	-0.10	1.40
creepy	-0.10	2.31
draw	-0.09	1.76
theirs	-0.09	1.65
straight	-0.09	1.40
jaya	-0.09	1.09
shifted	-0.09	1.45
jump	-0.09	1.73
regular	-0.09	1.33
kannada	-0.09	1.15
2004	-0.09	1.51
upon	-0.09	1.78
middle	-0.09	1.22
maintaining	-0.09	1.38
reasons	-0.09	2.13
gujarati	-0.09	1.11
services	-0.09	1.37
winning	-0.09	1.28
hoping	-0.09	2.49
compromise	-0.09	1.57
eating	-0.09	1.12
homes	-0.09	1.26
teeth	-0.09	1.29
declared	-0.09	1.64
staff	-0.09	1.39
mining	-0.09	1.17
continue	-0.09	1.90
10th	-0.09	1.50
consensus	-0.09	1.29
capital	-0.09	1.28
cows	-0.09	1.17
fast	-0.09	1.55
directly	-0.09	1.85
enter	-0.09	1.61
exposure	-0.09	1.25
regularly	-0.09	1.56
penis	-0.09	1.35
since	-0.08	2.12
plate	-0.08	1.17
tamil	-0.08	1.12
thin	-0.08	1.36
regulation	-0.08	1.40
institution	-0.08	1.40
tata	-0.08	1.17
english	-0.08	1.15
mission	-0.08	1.40
individuals	-0.08	1.42
conduct	-0.08	1.39
drugs	-0.08	1.20
survey	-0.08	2.01
permanent	-0.08	1.46
grade	-0.08	1.49
hundred	-0.08	1.58
chicken	-0.08	1.11
engineers	-0.08	1.43
consumers	-0.08	1.27
plenty	-0.08	1.54
collected	-0.08	1.23
assets	-0.08	1.30
esp	-0.08	1.30
eaten	-0.08	1.12
fell	-0.08	1.50
immediate	-0.08	1.38
pune	-0.08	1.17
temple	-0.08	1.22
face	-0.08	1.40
stuff	-0.08	1.92
wondering	-0.08	2.83
project	-0.08	1.41
diet	-0.08	1.16
worthy	-0.08	1.29
offer	-0.08	1.73
procedure	-0.08	1.40
china	-0.08	1.23
historians	-0.08	1.20
assume	-0.08	3.60
already	-0.08	2.63
worked	-0.07	2.07
doctor	-0.07	1.31
thousand	-0.07	1.54
room	-0.07	1.39
got	-0.07	2.01
rajiv	-0.07	1.07
backed	-0.07	1.57
power	-0.07	1.19
rao	-0.07	1.15
horse	-0.07	1.16
cost	-0.07	1.38
perspective	-0.07	1.82
learning	-0.07	1.35
road	-0.07	1.31
hands	-0.07	1.36
legs	-0.07	1.36
shah	-0.07	1.20
coal	-0.07	1.19
toll	-0.07	1.21
experts	-0.07	1.38
planned	-0.07	1.41
pray	-0.07	1.47
punjabi	-0.07	1.12
held	-0.07	1.29
car	-0.07	1.24
walk	-0.07	1.68
limits	-0.07	1.36
kashmiris	-0.06	1.30
scheme	-0.06	1.41
haryana	-0.06	1.20
maintained	-0.06	1.57
languages	-0.06	1.11
conclusion	-0.06	2.24
window	-0.06	1.37
sold	-0.06	1.20
corporation	-0.06	1.28
yes	-0.06	3.10
un	-0.06	1.22
lakh	-0.06	1.44
maths	-0.06	1.29
veg	-0.06	1.11
numbers	-0.06	1.75
projects	-0.06	1.28
hand	-0.06	1.54
competent	-0.06	1.53
serve	-0.06	1.25
settle	-0.06	1.92
open	-0.06	1.51
practice	-0.06	1.19
replace	-0.06	1.40
own	-0.06	1.63
lets	-0.06	2.49
lgbt	-0.06	1.32
helps	-0.06	1.85
tall	-0.06	1.29
carried	-0.06	1.51
takes	-0.06	1.82
somewhat	-0.06	1.98
previously	-0.06	2.20
selling	-0.06	1.22
publicly	-0.06	1.79
estate	-0.06	1.32
collect	-0.06	1.41
duty	-0.06	1.33
many	-0.06	1.68
wet	-0.05	1.20
status	-0.05	1.53
discussing	-0.05	2.18
countless	-0.05	1.51
contrary	-0.05	1.95
moves	-0.05	1.43
downvoting	-0.05	1.73
cars	-0.05	1.25
civilization	-0.05	1.21
somewhere	-0.05	2.02
2011	-0.05	1.67
over	-0.05	2.04
really	-0.05	2.54
line	-0.05	1.96
rupees	-0.05	1.46
invested	-0.05	1.35
feet	-0.05	1.29
tech	-0.05	1.37
extremely	-0.05	1.96
credibility	-0.05	1.49
outcome	-0.05	1.86
profession	-0.05	1.29
highway	-0.05	1.30
diesel	-0.05	1.23
capacity	-0.05	1.23
asap	-0.05	2.28
restricted	-0.05	1.42
percent	-0.05	1.35
chance	-0.05	2.51
relation	-0.05	1.55
explain	-0.05	2.74
costs	-0.05	1.36
bengali	-0.05	1.12
western	-0.05	1.25
concern	-0.05	2.20
length	-0.05	1.32
kerala	-0.05	1.14
raped	-0.05	1.20
2000	-0.05	1.60
stealing	-0.05	1.40
loans	-0.05	1.33
explained	-0.05	2.46
hesitate	-0.05	2.71
weapons	-0.05	1.22
although	-0.04	2.49
discuss	-0.04	2.13
require	-0.04	1.66
instances	-0.04	1.89
access	-0.04	1.39
provided	-0.04	1.67
plant	-0.04	1.19
scientists	-0.04	1.22
secure	-0.04	1.46
sell	-0.04	1.22
those	-0.04	1.64
some	-0.04	1.91
served	-0.04	1.24
ib	-0.04	1.23
region	-0.04	1.33
appear	-0.04	1.82
parallel	-0.04	1.21
numerous	-0.04	1.55
broad	-0.04	1.51
developing	-0.04	1.47
december	-0.04	1.82
mentions	-0.04	1.86
conducted	-0.04	1.55
butt	-0.03	1.56
definition	-0.03	1.89
science	-0.03	1.31
sought	-0.03	1.74
petrol	-0.03	1.24
gods	-0.03	1.37
owners	-0.03	1.21
always	-0.03	2.81
contribution	-0.03	1.27
runs	-0.03	1.24
heavy	-0.03	1.13
behind	-0.03	1.66
guru	-0.03	1.16
equipment	-0.03	1.24
barely	-0.03	1.85
drivers	-0.03	1.29
loose	-0.03	1.37
transport	-0.03	1.22
their	-0.03	1.53
delhi	-0.03	1.27
recognized	-0.03	1.34
learnt	-0.03	1.45
lessons	-0.03	1.45
speeches	-0.03	1.07
poll	-0.03	1.78
separation	-0.03	1.30
putting	-0.03	2.01
taken	-0.03	1.88
meal	-0.03	1.12
dead	-0.03	1.17
april	-0.03	1.71
concrete	-0.02	1.70
bomb	-0.02	1.06
substantial	-0.02	1.53
400	-0.02	1.44
miles	-0.02	1.47
lakhs	-0.02	1.49
sea	-0.02	1.29
employee	-0.02	1.47
choose	-0.02	2.33
immigrants	-0.02	1.29
philosophy	-0.02	1.31
later	-0.02	2.04
saffron	-0.02	1.18
employees	-0.02	1.51
surely	-0.02	2.80
paint	-0.02	1.14
restrictions	-0.02	1.41
canada	-0.02	1.19
billions	-0.02	1.43
fields	-0.02	1.28
cuts	-0.02	1.23
efforts	-0.02	1.84
switched	-0.01	1.23
understood	-0.01	2.61
rahul	-0.01	1.09
politics	-0.01	1.12
goal	-0.01	1.57
immigration	-0.01	1.34
remember	-0.01	2.68
laws	-0.01	1.36
select	-0.01	1.77
asian	-0.01	1.02
stolen	-0.01	1.38
reasoning	-0.01	2.16
investments	-0.01	1.32
swiss	-0.01	1.28
running	-0.01	1.52
chest	-0.01	1.36
august	-0.01	1.83
imaginary	-0.01	1.42
covered	-0.01	1.54
cat	-0.01	1.24
plastic	-0.01	1.12
grab	-0.01	1.56
500	-0.01	1.46
finger	-0.01	1.33
possibly	-0.01	2.33
2007	-0.00	1.68
tiger	-0.00	1.10
compulsory	-0.00	1.29
expense	-0.00	1.34
karnataka	-0.00	1.15
wasnt	-0.00	1.89
trade	-0.00	1.13
<SPECIAL>	-0.00	1.18
<URL>	-0.00	1.18
queue	-0.00	1.54
hits	-0.00	1.29
engine	-0.00	1.27
fairly	-0.00	1.95
breath	-0.00	1.39
4th	-0.00	1.84
bihar	-0.00	1.17
honour	-0.00	0.98
phd	0.00	1.62
active	0.00	1.52
infra	0.00	1.24
existing	0.00	1.27
walked	0.00	1.52
planning	0.00	2.07
forever	0.00	1.96
hiding	0.00	1.55
march	0.00	1.76
automatically	0.00	2.77
sleeping	0.00	1.56
citizen	0.00	1.41
beginning	0.01	1.46
brings	0.01	1.24
nose	0.01	1.32
walking	0.01	1.45
classes	0.01	1.22
four	0.01	1.62
1000	0.01	1.48
merely	0.01	2.36
ms	0.01	1.45
considered	0.01	1.88
counter	0.01	1.80
charging	0.01	1.34
january	0.01	1.85
student	0.01	1.55
800	0.01	1.39
fund	0.01	1.33
available	0.01	1.34
along	0.01	1.60
medium	0.01	1.16
deliver	0.01	1.65
spoken	0.01	1.31
shooting	0.01	1.29
besides	0.01	1.85
degrees	0.01	1.60
ve	0.01	2.53
visible	0.01	1.39
iits	0.01	1.32
abroad	0.01	1.42
choice	0.02	2.46
temples	0.02	1.20
cycle	0.02	1.34
fyi	0.02	1.61
audit	0.02	1.33
300	0.02	1.46
choosing	0.02	1.80
knowledge	0.02	1.36
5000	0.02	1.47
biryani	0.02	1.12
brand	0.02	1.17
compensation	0.02	1.36
law	0.02	1.35
few	0.02	1.64
bed	0.02	1.55
loan	0.02	1.37
hire	0.02	1.53
three	0.02	1.63
admission	0.02	1.42
inch	0.02	1.26
peace	0.02	1.33
cutting	0.02	1.29
retail	0.03	1.27
isro	0.03	1.40
forced	0.03	1.68
schools	0.03	1.31
requested	0.03	1.88
england	0.03	0.86
moved	0.03	1.69
electric	0.03	1.21
vision	0.03	1.49
cleared	0.03	1.67
chain	0.03	1.25
class	0.03	1.48
ias	0.03	1.35
company	0.03	1.36
corner	0.03	1.43
bharti	0.03	1.03
cop	0.03	1.45
rational	0.03	1.59
sole	0.03	1.40
primary	0.03	1.45
spend	0.03	1.47
every	0.03	1.90
connect	0.03	1.73
balance	0.03	1.43
expand	0.03	1.65
definitely	0.04	2.62
sanskrit	0.04	1.17
nadu	0.04	1.15
regarding	0.04	1.78
salary	0.04	1.39
decade	0.04	1.92
locals	0.04	1.33
setup	0.04	1.36
maintenance	0.04	1.31
part	0.04	1.95
five	0.04	1.66
long	0.04	2.07
banking	0.04	1.34
been	0.04	2.56
studied	0.04	1.33
land	0.04	1.31
bucks	0.04	1.44
setting	0.04	1.51
addressed	0.04	2.10
nepal	0.04	1.16
80	0.04	1.35
throughout	0.04	1.19
turns	0.04	1.35
keeps	0.04	2.26
hiring	0.04	1.55
hired	0.04	1.44
physics	0.04	1.39
new	0.04	1.37
made	0.04	2.12
hidden	0.04	1.61
variety	0.04	1.29
km	0.04	1.48
enforced	0.04	1.44
pity	0.04	1.64
learned	0.04	1.57
factory	0.04	1.24
saving	0.04	1.49
governance	0.05	1.33
month	0.05	1.54
shut	0.05	1.75
150	0.05	1.44
units	0.05	1.32
parts	0.05	1.27
doubts	0.05	2.24
driver	0.05	1.33
discourse	0.05	1.54
marks	0.05	1.31
peaceful	0.05	1.20
graduate	0.05	1.61
sometime	0.05	1.99
found	0.05	1.92
ten	0.05	1.63
experienced	0.05	1.75
joint	0.05	1.18
earned	0.05	1.40
exclusively	0.05	1.49
registered	0.05	1.40
operating	0.05	1.31
nation	0.05	1.51
madras	0.05	1.26
countries	0.05	1.41
consistently	0.05	1.52
solar	0.05	1.22
auto	0.06	1.34
gujju	0.06	1.09
district	0.06	1.26
alien	0.06	1.32
sells	0.06	1.22
flag	0.06	1.20
concerns	0.06	1.91
250	0.06	1.46
merit	0.06	1.51
uniform	0.06	1.26
contract	0.06	1.44
teach	0.06	1.31
havent	0.06	2.08
hit	0.06	1.30
range	0.06	1.29
rank	0.06	1.36
term	0.06	1.68
sharia	0.06	1.19
officially	0.06	1.73
grow	0.06	1.70
india	0.06	1.85
377	0.06	1.22
shape	0.06	1.36
verify	0.06	1.95
foundation	0.06	1.18
signs	0.06	1.19
journalists	0.06	1.15
200	0.06	1.46
urdu	0.07	1.18
offers	0.07	1.66
commission	0.07	1.29
energy	0.07	1.23
cow	0.07	1.18
masters	0.07	1.57
meet	0.07	1.95
distance	0.07	1.40
booked	0.07	1.27
engineer	0.07	1.52
least	0.07	2.16
mumbai	0.07	1.26
teaching	0.07	1.30
limit	0.07	1.37
humor	0.07	1.67
belt	0.07	1.19
savings	0.07	1.39
folks	0.07	1.56
approval	0.07	1.32
prevalent	0.07	1.13
plans	0.07	1.46
prophet	0.07	1.15
keeping	0.07	1.56
bottle	0.07	1.15
presence	0.07	1.43
key	0.07	1.76
courses	0.08	1.58
worth	0.08	1.41
societies	0.08	1.26
well	0.08	2.63
vehicle	0.08	1.24
valley	0.08	1.30
hyderabad	0.08	1.31
investing	0.08	1.32
curiosity	0.08	1.43
reliable	0.08	1.40
borders	0.08	1.30
butthurt	0.08	1.78
revealed	0.08	1.51
chosen	0.08	1.82
mandatory	0.08	1.36
stock	0.08	1.26
minimum	0.08	1.45
zero	0.08	1.58
cs	0.08	1.59
charge	0.09	1.52
healthy	0.09	1.29
together	0.09	1.73
steal	0.09	1.29
blown	0.09	1.35
tree	0.09	1.22
flat	0.09	1.33
engineering	0.09	1.58
tool	0.09	1.54
remain	0.09	1.75
results	0.09	1.75
college	0.09	1.59
lesson	0.09	1.73
st	0.09	1.35
cities	0.09	1.25
villages	0.09	1.28
circlejerk	0.09	1.58
resource	0.09	1.35
hang	0.09	1.56
couple	0.10	1.66
speakers	0.10	1.03
customers	0.10	1.35
pressure	0.10	1.30
attract	0.10	1.40
universities	0.10	1.45
math	0.10	1.37
sat	0.10	1.50
application	0.10	1.49
solution	0.10	2.11
brahmin	0.10	1.18
counting	0.10	2.06
altogether	0.10	1.93
luxury	0.10	1.16
returned	0.10	1.71
institutes	0.10	1.37
six	0.10	1.69
sides	0.10	1.75
babu	0.10	1.13
houses	0.10	1.24
colleges	0.10	1.41
respected	0.10	1.23
broken	0.10	1.41
ignored	0.10	1.86
moon	0.10	1.13
dig	0.10	1.83
bought	0.10	1.26
suit	0.10	1.32
technically	0.10	3.15
smart	0.11	1.70
cag	0.11	1.29
2014	0.11	1.80
baba	0.11	1.29
display	0.11	1.26
opened	0.11	1.45
products	0.11	1.34
stays	0.11	2.35
though	0.11	2.60
punjab	0.11	1.25
bhenchod	0.11	1.37
cite	0.11	1.80
alternative	0.11	1.71
base	0.11	1.17
mba	0.11	1.61
2010	0.11	1.68
curious	0.11	2.61
sales	0.11	1.26
towns	0.11	1.29
debate	0.11	1.84
alternatives	0.11	1.69
easy	0.12	2.02
consumption	0.12	1.15
singapore	0.12	1.14
professor	0.12	1.43
fit	0.12	1.50
hearing	0.12	1.56
intent	0.12	1.90
university	0.12	1.46
aircraft	0.12	1.34
specific	0.12	1.73
ceo	0.12	1.27
prior	0.12	1.41
buses	0.12	1.22
ad	0.12	1.33
decades	0.12	1.82
vehicles	0.12	1.16
board	0.12	1.25
ears	0.12	1.37
actual	0.12	2.00
frequent	0.12	1.60
nations	0.13	1.39
flow	0.13	1.21
operations	0.13	1.16
question	0.13	2.49
serving	0.13	1.16
pussy	0.13	1.37
interaction	0.13	1.43
rajasthan	0.13	1.19
very	0.13	2.12
broke	0.13	1.40
took	0.13	1.78
station	0.13	1.32
had	0.13	2.34
lives	0.13	1.52
tests	0.13	1.18
closed	0.13	1.39
banks	0.13	1.38
atleast	0.13	2.08
startup	0.13	1.53
dinner	0.13	1.20
files	0.13	1.32
school	0.13	1.27
july	0.13	1.85
spent	0.13	1.53
accurate	0.13	3.12
stations	0.13	1.17
listed	0.13	1.77
dutt	0.14	0.98
railways	0.14	1.23
4-5	0.14	1.65
areas	0.14	1.28
ucc	0.14	1.25
machines	0.14	1.44
purposes	0.14	1.62
tied	0.14	1.33
promise	0.14	1.50
roll	0.14	1.36
stone	0.14	1.40
oil	0.14	1.12
firm	0.14	1.35
teachers	0.14	1.24
cash	0.14	1.36
subject	0.14	1.53
considering	0.14	2.16
break	0.14	1.61
speed	0.14	1.32
solutions	0.14	1.78
bullet	0.14	1.29
clear	0.14	3.18
allah	0.14	1.38
apartment	0.14	1.35
statistics	0.14	1.78
taught	0.14	1.32
bhagat	0.14	0.92
distribution	0.14	1.22
pulling	0.14	1.60
deal	0.14	2.51
official	0.14	1.37
research	0.15	1.32
field	0.15	1.45
rituals	0.15	1.16
house	0.15	1.33
demands	0.15	1.45
operation	0.15	1.20
till	0.15	1.80
used	0.15	2.18
testing	0.15	1.30
management	0.15	1.37
krishna	0.15	1.24
brains	0.15	1.43
program	0.15	1.41
rice	0.15	1.12
allow	0.15	1.95
design	0.15	1.32
guess	0.16	2.84
degree	0.16	1.62
riding	0.16	1.17
time	0.16	2.20
presented	0.16	1.82
studying	0.16	1.46
payment	0.16	1.37
boards	0.16	1.29
exams	0.16	1.31
expected	0.16	2.49
fucking	0.16	1.75
examples	0.16	1.79
selection	0.16	1.37
options	0.16	2.15
stable	0.16	1.26
railway	0.16	1.24
max	0.16	1.56
begin	0.16	1.74
talked	0.16	2.23
session	0.16	1.25
hindustan	0.16	1.22
street	0.16	1.24
fare	0.16	1.27
trading	0.16	1.19
cigarettes	0.16	1.21
addressing	0.16	1.93
airtel	0.16	1.35
act	0.16	1.21
usage	0.16	1.48
pizza	0.16	1.17
dogs	0.16	1.32
went	0.16	1.83
opening	0.16	1.33
panel	0.16	1.32
promotion	0.17	1.23
generic	0.17	1.32
brands	0.17	1.25
iit	0.17	1.48
waise	0.17	1.58
crack	0.17	1.42
production	0.17	1.12
interpretation	0.17	1.63
banning	0.17	1.28
issued	0.17	1.83
warm	0.17	1.49
fat	0.17	1.32
traffic	0.17	1.18
gym	0.17	1.30
expectations	0.17	1.33
rail	0.17	1.24
analysis	0.17	1.84
bike	0.17	1.18
junta	0.18	1.14
route	0.18	1.28
seven	0.18	1.59
invest	0.18	1.46
dog	0.18	1.33
3-4	0.18	1.62
contact	0.18	1.85
wind	0.18	1.06
hostel	0.18	1.33
forgotten	0.18	2.10
ride	0.18	1.26
invented	0.18	1.39
plan	0.18	1.51
extra	0.18	1.40
raise	0.18	1.75
totally	0.18	2.13
voter	0.19	1.40
sale	0.19	1.25
height	0.19	1.27
arrived	0.19	1.69
specifically	0.19	2.35
past	0.19	1.78
within	0.19	1.74
somnath	0.19	1.01
purchase	0.19	1.28
exit	0.19	1.73
mature	0.19	1.45
saala	0.19	1.39
pleasure	0.19	1.42
100	0.19	1.45
ac	0.19	1.20
pool	0.19	1.26
tenure	0.19	1.10
signal	0.20	1.26
transfer	0.20	1.40
gun	0.20	1.26
resources	0.20	1.39
daily	0.20	1.48
study	0.20	1.35
academic	0.20	1.32
gb	0.20	1.36
branch	0.20	1.35
june	0.20	1.66
sun	0.20	0.98
50	0.20	1.42
2-3	0.20	1.68
bus	0.20	1.26
2012	0.20	1.71
unfortunately	0.20	2.50
rule	0.20	1.40
strictly	0.20	1.71
spare	0.20	1.63
suck	0.20	1.64
hr	0.20	1.57
close	0.20	1.77
rallies	0.20	1.16
conference	0.20	1.17
notice	0.21	2.48
checks	0.21	1.42
institute	0.21	1.40
shop	0.21	1.23
chennai	0.21	1.21
ticket	0.21	1.31
condoms	0.21	1.23
reports	0.21	1.39
years	0.21	1.74
students	0.21	1.39
realized	0.21	2.29
life	0.22	1.52
minute	0.22	1.62
trains	0.22	1.23
topic	0.22	2.09
assam	0.22	1.23
method	0.22	1.81
air	0.22	1.39
guessing	0.22	2.60
orders	0.22	1.43
behalf	0.22	1.78
bond	0.22	1.33
home	0.22	1.65
ups	0.22	1.49
rally	0.22	1.17
train	0.22	1.20
credit	0.22	1.40
code	0.22	1.28
receiving	0.22	1.45
subjects	0.22	1.29
malayalam	0.22	1.07
pradesh	0.23	1.24
mbps	0.23	1.35
hanging	0.23	1.17
breakfast	0.23	1.22
baar	0.23	1.29
achievements	0.23	1.30
notes	0.23	1.33
2013	0.23	1.67
achieved	0.23	1.64
remaining	0.23	1.37
ending	0.23	1.62
exam	0.23	1.28
checking	0.23	1.80
reported	0.23	1.26
pok	0.23	1.42
ago	0.23	1.75
raising	0.23	1.72
studies	0.23	1.51
speeds	0.23	1.35
rush	0.23	1.26
service	0.24	1.27
repeat	0.24	2.21
pocket	0.24	1.38
recently	0.24	2.11
tears	0.24	1.33
removing	0.24	1.60
gen	0.24	1.48
function	0.24	1.35
egg	0.24	1.12
live	0.24	1.66
product	0.24	1.30
visa	0.24	1.43
half	0.24	1.64
verdict	0.24	1.39
secondly	0.24	2.37
1st	0.24	1.61
neutral	0.24	1.38
answer	0.24	2.60
censorship	0.24	1.42
forgive	0.24	1.82
months	0.24	1.76
period	0.24	1.56
its	0.25	2.42
use	0.25	1.46
performance	0.25	1.35
forth	0.25	1.58
conveniently	0.25	1.71
rajdeep	0.25	1.16
messages	0.25	1.51
holding	0.25	1.31
australia	0.25	1.08
cell	0.25	1.17
information	0.25	1.56
opportunities	0.25	1.57
cover	0.25	1.24
switch	0.25	1.43
stay	0.25	1.60
consistent	0.26	1.33
broadband	0.26	1.32
settled	0.26	1.36
robert	0.26	1.05
anyway	0.26	2.81
advertising	0.26	1.19
master	0.26	1.48
2	0.26	1.60
swear	0.26	1.53
3	0.26	1.61
teacher	0.26	1.25
fup	0.26	1.34
freaking	0.26	1.74
metro	0.26	1.20
skill	0.26	1.35
jee	0.26	1.39
net	0.26	1.36
originally	0.26	2.06
next	0.26	1.83
staring	0.26	1.54
year	0.26	1.62
property	0.26	1.26
location	0.26	1.54
noticed	0.27	2.33
network	0.27	1.34
realised	0.27	2.26
relying	0.27	2.14
seconds	0.27	1.80
seems	0.27	2.14
future	0.27	1.89
discussed	0.27	2.07
rejected	0.27	1.58
initial	0.27	1.89
unlimited	0.27	1.35
professional	0.27	1.40
fashion	0.27	1.34
look	0.27	2.35
described	0.28	1.50
era	0.28	1.11
fingers	0.28	1.41
polite	0.28	1.58
data	0.28	1.58
maid	0.28	1.22
last	0.28	1.72
score	0.28	1.35
living	0.28	1.62
airport	0.28	1.26
restaurants	0.28	1.10
replaced	0.28	1.45
names	0.28	1.55
meetings	0.28	1.25
showing	0.29	1.32
ahmedabad	0.29	1.33
mins	0.29	1.76
connections	0.29	1.31
26	0.29	1.66
crash	0.29	1.74
related	0.29	1.62
phrase	0.29	1.77
completed	0.29	1.23
closer	0.29	1.31
generation	0.29	1.39
1.5	0.29	1.56
ill	0.29	1.86
patience	0.29	1.39
saal	0.29	1.54
points	0.29	2.23
counts	0.29	1.41
airline	0.29	1.44
taxi	0.29	1.25
stats	0.29	1.78
applying	0.30	1.86
return	0.30	1.63
rti	0.30	1.54
computer	0.30	1.41
bits	0.30	1.44
weeks	0.30	1.76
mentioning	0.30	2.14
yrs	0.30	1.68
illegally	0.30	1.30
kashmir	0.30	1.42
taste	0.30	1.29
permission	0.30	1.53
tie	0.30	1.38
minutes	0.30	1.82
lanka	0.30	1.19
bsnl	0.30	1.30
sound	0.30	1.59
convinced	0.30	2.18
brown	0.30	1.18
min	0.30	1.75
safe	0.30	1.63
engage	0.31	1.40
bangalore	0.31	1.28
resolution	0.31	1.25
passengers	0.31	1.33
award	0.31	1.13
observation	0.31	2.24
bank	0.31	1.41
butter	0.31	1.12
sri	0.31	1.23
representation	0.31	1.34
duties	0.31	1.18
ie	0.31	1.26
store	0.31	1.29
neighbors	0.31	1.23
meeting	0.31	1.28
preference	0.31	1.39
top	0.32	1.48
legitimate	0.32	1.63
magic	0.32	1.35
reasonable	0.32	1.63
mood	0.32	1.33
touch	0.32	1.77
journey	0.32	1.35
cab	0.32	1.28
capability	0.32	1.31
conversations	0.32	1.66
historical	0.32	1.37
illegal	0.32	1.48
10	0.32	1.57
connection	0.32	1.32
thankfully	0.32	1.86
pieces	0.32	1.22
sharma	0.32	0.98
4	0.32	1.59
soft	0.32	1.31
relevance	0.33	2.00
raised	0.33	1.97
60	0.33	1.45
finally	0.33	2.07
experience	0.33	1.77
confirmed	0.33	1.44
mentioned	0.33	2.19
discussion	0.33	1.87
figured	0.33	2.31
intelligent	0.33	1.59
boss	0.33	1.47
meaningful	0.34	1.52
programming	0.34	1.43
45	0.34	1.48
strategic	0.34	1.20
5	0.34	1.58
pants	0.34	1.24
questions	0.34	2.17
communication	0.34	1.41
dreams	0.34	1.27
phase	0.34	1.43
effort	0.34	1.66
date	0.34	1.76
times	0.34	1.77
27	0.35	1.63
cancel	0.35	1.38
exclusive	0.35	1.40
note	0.35	1.77
tourism	0.35	1.19
computers	0.35	1.31
acceptable	0.35	2.32
water	0.35	1.17
objective	0.35	1.63
responded	0.35	2.15
days	0.36	1.72
40	0.36	1.46
fly	0.36	1.56
arent	0.36	1.98
shoes	0.36	1.24
20	0.36	1.54
35	0.36	1.47
here	0.36	2.68
staying	0.36	1.35
alcohol	0.36	1.17
cheating	0.36	1.39
shops	0.36	1.18
instant	0.36	1.41
370	0.36	1.44
lunch	0.36	1.18
iq	0.36	1.31
90	0.36	1.35
6	0.36	1.59
msm	0.36	1.15
after	0.36	1.59
office	0.36	1.47
searching	0.36	1.50
discount	0.36	1.29
irrelevant	0.37	2.30
liking	0.37	0.89
wall	0.37	1.36
22	0.37	1.58
sane	0.37	1.55
our	0.37	1.27
random	0.37	1.51
microsoft	0.37	1.39
laughed	0.37	1.94
goods	0.37	1.20
translated	0.37	1.31
met	0.37	1.93
traveling	0.37	1.23
25	0.37	1.54
30	0.37	1.49
exchange	0.37	1.25
cap	0.37	1.27
yours	0.38	2.35
phones	0.38	1.19
responding	0.38	1.99
internet	0.38	1.35
produce	0.38	1.11
self	0.38	1.84
king	0.38	0.99
accent	0.38	1.27
credentials	0.38	1.42
raid	0.38	1.10
liquor	0.38	1.15
mid	0.38	1.24
heat	0.39	1.17
productive	0.39	1.55
credible	0.39	1.73
answered	0.39	2.34
ideal	0.39	2.18
comprehension	0.39	1.56
worry	0.39	2.63
12	0.39	1.57
explains	0.39	1.15
3g	0.39	1.30
looked	0.39	1.94
suggested	0.39	1.97
cold	0.39	1.13
remote	0.39	1.49
isnt	0.39	1.81
light	0.39	1.18
lord	0.39	1.25
courage	0.39	1.35
amma	0.39	1.33
raw	0.39	1.02
wisdom	0.40	1.32
annual	0.40	1.16
stayed	0.40	1.40
meh	0.40	2.38
report	0.40	1.43
experiences	0.40	1.44
list	0.40	1.71
sources	0.40	1.62
pointed	0.40	2.35
lived	0.40	1.54
addition	0.40	1.26
formal	0.40	1.30
28	0.40	1.58
attended	0.40	1.20
flying	0.40	1.47
box	0.40	1.18
author	0.40	1.17
perfectly	0.40	1.86
another	0.41	1.99
highlight	0.41	1.79
ancient	0.41	1.12
international	0.41	1.13
23	0.41	1.57
tough	0.41	1.83
8	0.41	1.57
topics	0.41	1.87
mallu	0.41	1.08
manager	0.41	1.32
apologize	0.41	2.02
currently	0.41	1.89
near	0.42	1.56
hours	0.42	1.67
24	0.42	1.57
customer	0.42	1.38
from	0.42	1.68
15	0.42	1.56
vedas	0.42	1.29
wifi	0.42	1.33
hour	0.42	1.62
fruit	0.42	1.30
19	0.42	1.57
haath	0.42	1.35
11	0.42	1.57
glass	0.42	1.08
scientist	0.42	1.27
chutiyapa	0.43	1.73
tastes	0.43	1.49
gurgaon	0.43	1.49
gender	0.43	1.16
mirror	0.43	1.34
earlier	0.43	2.27
13	0.43	1.57
16	0.43	1.56
items	0.43	1.32
ages	0.43	1.61
21	0.43	1.57
17	0.43	1.56
peak	0.43	1.03
14	0.43	1.56
travelling	0.43	1.26
influenced	0.44	1.24
fine	0.44	2.53
beats	0.44	1.17
tea	0.44	1.14
tickets	0.44	1.25
whose	0.44	1.36
press	0.44	1.31
bible	0.44	1.24
99	0.44	1.20
practical	0.44	1.66
eggs	0.44	1.12
sanjay	0.44	0.94
discussions	0.44	1.74
fake	0.44	1.50
ban	0.45	1.43
kolkata	0.45	1.37
hair	0.45	1.24
ii	0.45	1.42
dna	0.45	1.33
receive	0.45	1.49
amazon	0.46	1.28
drawn	0.46	1.51
count	0.46	2.22
personality	0.46	1.02
shoot	0.46	1.33
success	0.46	1.48
tools	0.46	1.39
satisfied	0.46	2.13
stores	0.46	1.27
plane	0.46	1.41
history	0.46	1.10
vice	0.46	1.15
looking	0.46	2.09
idea	0.46	2.38
isp	0.47	1.32
thick	0.47	1.22
wear	0.47	1.24
travel	0.47	1.25
flipkart	0.47	1.24
strategy	0.47	1.45
laptop	0.47	1.30
ship	0.47	1.62
masala	0.48	1.11
cos	0.48	1.92
resident	0.48	1.43
pair	0.48	1.23
delivered	0.48	1.43
passport	0.48	1.55
platform	0.48	1.39
colony	0.48	1.51
sacrifice	0.48	1.15
imo	0.48	2.05
association	0.48	0.98
mobile	0.49	1.34
classic	0.49	1.30
participate	0.49	1.46
generations	0.49	1.58
analogy	0.49	2.59
features	0.49	1.25
better	0.49	2.11
prefer	0.49	1.38
servers	0.49	1.31
address	0.49	1.79
intended	0.49	1.86
preferred	0.49	1.40
quran	0.49	1.34
shopping	0.50	1.24
connected	0.50	1.36
media	0.50	1.15
server	0.50	1.34
readers	0.50	1.11
laughing	0.50	1.78
sign	0.50	1.44
translate	0.50	1.70
strangers	0.50	1.52
mode	0.50	1.44
seen	0.51	2.28
meaning	0.51	1.97
using	0.51	1.61
client	0.51	1.41
chai	0.51	1.13
milk	0.51	1.10
word	0.51	1.72
short	0.51	1.36
certificate	0.51	1.53
telugu	0.51	0.99
committee	0.51	1.27
hotel	0.51	1.20
white	0.51	1.17
black	0.52	1.18
texts	0.52	1.22
reporting	0.52	1.27
pack	0.52	1.15
kapil	0.52	1.31
carefully	0.52	1.95
technical	0.53	1.37
software	0.53	1.35
week	0.53	1.64
sweet	0.53	2.28
paper	0.53	1.24
textbooks	0.53	1.13
tape	0.53	1.36
submitted	0.53	1.91
shot	0.53	1.33
import	0.53	1.04
decent	0.53	1.16
du	0.53	1.49
thought	0.54	2.65
fighter	0.54	1.08
aware	0.54	2.72
marketing	0.54	1.33
sight	0.54	1.12
approved	0.54	1.70
male	0.54	1.24
fixing	0.54	1.38
redditors	0.54	1.81
drinks	0.54	1.13
suppose	0.54	3.14
randia	0.54	1.64
delivery	0.54	1.24
quoting	0.54	1.64
sachin	0.54	0.85
ironically	0.55	1.31
heard	0.55	2.26
rindia	0.55	1.69
warning	0.55	1.68
contacts	0.55	1.40
downvotes	0.55	1.75
fruits	0.55	1.22
useful	0.55	1.73
jeans	0.55	1.27
world	0.55	2.51
london	0.55	1.16
18	0.55	1.50
acche	0.55	1.71
card	0.56	1.54
covering	0.56	1.15
suggest	0.56	2.07
skills	0.56	1.28
ordered	0.56	1.21
editor	0.56	1.22
shirt	0.56	1.20
catch	0.56	1.73
via	0.56	1.55
source	0.56	1.69
banned	0.56	1.81
battle	0.56	1.31
park	0.56	1.34
diplomatic	0.57	1.13
flight	0.57	1.42
signed	0.57	1.55
area	0.57	1.59
coverage	0.57	1.15
drinking	0.57	1.11
ate	0.57	1.16
residents	0.58	1.11
colleagues	0.58	1.33
traditional	0.58	1.05
cited	0.58	1.66
magazine	0.58	1.28
troll	0.58	1.66
online	0.59	1.35
pan	0.59	1.30
humour	0.59	1.68
grown	0.59	1.14
hotels	0.59	1.07
pollution	0.59	1.15
old	0.59	1.55
aadhar	0.59	1.44
quotes	0.59	1.62
honor	0.59	1.09
nearby	0.60	1.44
clothes	0.60	1.21
forums	0.60	1.58
detail	0.60	1.78
forum	0.60	1.75
city	0.60	1.39
commented	0.60	2.07
woke	0.60	1.44
sleep	0.60	1.41
words	0.60	1.62
explanation	0.61	1.87
map	0.61	1.67
joy	0.61	2.02
previous	0.61	1.49
sensible	0.61	1.66
forward	0.61	1.42
mix	0.62	1.15
wan	0.62	2.23
citation	0.62	1.70
replied	0.62	2.36
export	0.62	0.98
balanced	0.62	1.36
warrant	0.62	1.26
conversation	0.62	1.62
serious	0.63	1.75
received	0.63	1.57
gita	0.63	1.31
latest	0.63	1.29
publish	0.63	1.22
jammu	0.63	1.42
test	0.63	1.12
pretty	0.63	2.16
drawing	0.64	1.67
contain	0.64	1.39
stranger	0.64	1.53
responses	0.64	1.83
blocking	0.64	1.33
sending	0.64	1.64
1	0.64	1.58
brigading	0.64	1.73
salt	0.64	1.18
she	0.64	1.62
chutiye	0.64	1.81
bangladeshi	0.64	1.42
wait	0.65	2.40
sms	0.65	1.45
documents	0.65	1.58
engaged	0.65	1.20
maggi	0.65	1.22
censor	0.65	1.24
cancelled	0.65	1.51
color	0.65	1.15
coffee	0.65	1.10
paise	0.65	1.39
missing	0.66	2.98
entry	0.66	1.29
painting	0.66	0.98
piece	0.66	1.10
participation	0.66	1.71
bitches	0.67	1.55
din	0.67	1.64
prize	0.67	1.28
aka	0.67	1.02
document	0.67	1.50
boys	0.67	1.33
rules	0.67	1.67
sarkar	0.67	1.41
nobel	0.68	1.24
super	0.68	2.10
mall	0.68	1.35
battery	0.68	1.26
installed	0.68	1.31
downvote	0.68	1.79
guys	0.68	2.22
records	0.68	1.36
references	0.68	1.66
debates	0.68	1.41
implies	0.68	2.63
pre	0.69	1.13
samsung	0.69	1.32
install	0.69	1.36
red	0.69	1.10
appropriate	0.69	1.51
pointing	0.69	2.70
relations	0.69	1.15
wearing	0.69	1.26
herself	0.69	1.24
visited	0.69	1.51
wrote	0.70	1.18
wake	0.70	1.37
young	0.70	1.27
phone	0.70	1.30
cards	0.70	1.39
plus	0.70	1.80
screen	0.71	1.15
mil	0.71	1.56
event	0.71	1.28
having	0.71	1.66
downvoted	0.71	1.77
papers	0.71	1.24
unbiased	0.71	1.29
fuck	0.71	2.13
aise	0.71	1.51
7	0.71	1.60
second	0.71	2.43
prepare	0.71	1.59
response	0.71	1.90
nexus	0.72	1.29
respond	0.72	1.98
possible	0.72	2.60
written	0.72	1.04
guy	0.72	1.73
account	0.72	1.59
mistake	0.72	2.97
sugar	0.72	1.04
town	0.72	1.39
confirm	0.72	1.99
round	0.72	1.46
women	0.72	1.15
tomorrow	0.73	1.67
village	0.73	1.49
meme	0.73	1.64
read	0.73	1.18
slap	0.73	1.45
reporter	0.73	1.20
his	0.73	1.46
details	0.74	1.63
windows	0.74	1.29
casual	0.74	1.17
contribute	0.74	1.73
toi	0.74	1.57
devices	0.74	1.28
android	0.74	1.30
sexual	0.74	1.19
iphone	0.74	1.30
journalist	0.74	1.13
id	0.74	1.49
quoted	0.74	1.69
models	0.74	1.10
one	0.74	2.71
today	0.74	1.55
users	0.74	1.75
letter	0.75	1.53
bar	0.75	1.11
economist	0.75	1.18
owner	0.75	1.34
checked	0.76	1.84
sub	0.76	1.83
verified	0.76	1.71
app	0.76	1.34
explaining	0.76	2.15
ties	0.76	1.15
warrior	0.76	1.51
tourists	0.76	1.17
library	0.76	1.17
retired	0.76	0.98
taj	0.76	1.08
politically	0.77	2.34
apps	0.77	1.32
events	0.77	1.23
green	0.77	1.10
below	0.77	1.60
early	0.77	1.36
morning	0.78	1.38
published	0.78	1.12
bottom	0.78	1.32
ice	0.78	1.02
beta	0.78	1.75
versions	0.79	1.15
paisa	0.79	1.30
spot	0.79	1.56
relevant	0.79	1.95
articles	0.79	1.43
baad	0.79	1.30
device	0.79	1.33
linux	0.79	1.26
kid	0.79	1.42
adopted	0.80	1.32
threads	0.80	1.82
whatsapp	0.80	1.48
arnab	0.80	1.15
grew	0.80	1.25
loud	0.80	1.18
lights	0.80	1.03
noise	0.80	1.16
assuming	0.80	2.84
late	0.80	1.37
print	0.80	1.26
fallacy	0.80	2.59
noted	0.81	1.64
sentences	0.81	1.60
desh	0.81	1.46
memory	0.81	1.34
package	0.81	1.28
desi	0.81	1.24
updates	0.81	1.34
shankar	0.81	1.22
preparing	0.81	1.73
write	0.82	1.04
saale	0.82	1.53
paste	0.82	1.39
letters	0.82	1.42
add	0.82	1.28
approve	0.82	1.85
starting	0.82	1.30
tak	0.82	1.14
dress	0.82	1.21
mine	0.82	1.79
headline	0.82	1.87
kaise	0.82	1.35
wala	0.82	1.38
commenting	0.82	1.84
colleague	0.82	1.52
chapter	0.82	1.15
em	0.82	2.02
director	0.83	0.99
men	0.83	1.23
domain	0.83	1.32
ton	0.83	1.47
os	0.83	1.24
york	0.83	1.07
hell	0.83	2.15
suits	0.83	0.97
phir	0.83	1.24
fixed	0.84	1.69
drink	0.84	1.16
answers	0.84	1.86
adult	0.84	1.22
70	0.84	1.19
night	0.84	1.34
browser	0.84	1.35
blue	0.84	1.07
dates	0.84	1.43
filter	0.84	1.48
adding	0.85	1.49
context	0.85	2.01
evening	0.85	1.34
web	0.85	1.36
chutiya	0.86	1.69
older	0.86	1.32
log	0.86	1.56
popular	0.86	0.79
bread	0.86	1.09
wikipedia	0.86	1.59
programs	0.86	1.06
im	0.86	2.26
sting	0.86	1.45
ever	0.87	2.67
tight	0.87	1.23
r/india	0.87	1.87
modiji	0.87	1.62
mata	0.87	1.18
friends	0.87	1.46
saturday	0.87	1.32
woman	0.87	1.29
my	0.87	1.58
keyboard	0.88	1.33
accounts	0.88	1.62
writers	0.88	0.83
born	0.88	1.37
thread	0.88	1.90
journalism	0.88	1.19
tl	0.88	1.56
constructive	0.88	1.51
subs	0.89	1.79
pages	0.89	1.33
search	0.89	1.54
ab	0.89	1.28
default	0.89	1.41
linked	0.89	1.73
legally	0.90	1.74
sum	0.90	1.70
moto	0.90	1.32
prostitution	0.90	1.08
removal	0.90	1.71
weed	0.91	1.26
invite	0.91	1.50
job	0.91	1.61
moderators	0.91	1.88
sirf	0.91	1.33
literature	0.91	1.05
where	0.91	2.58
include	0.92	1.34
upvotes	0.92	1.70
weekends	0.92	1.36
dubai	0.92	1.11
agreement	0.92	1.48
reddit	0.92	1.72
pehle	0.92	1.33
pc	0.92	1.13
headlines	0.92	1.46
remove	0.92	1.85
quote	0.92	1.72
gon	0.92	2.31
jab	0.93	1.25
simple	0.93	2.08
google	0.93	1.43
acted	0.93	1.08
subreddit	0.93	1.79
wale	0.93	1.55
club	0.93	0.95
na	0.93	2.04
visit	0.94	1.47
ya	0.94	1.40
cuz	0.94	1.73
above	0.94	2.16
abhi	0.94	1.30
aaj	0.94	1.22
feature	0.94	1.33
chal	0.94	1.43
interviews	0.94	1.09
chat	0.94	1.46
option	0.94	2.47
agar	0.94	1.29
logo	0.94	1.31
lungi	0.95	1.40
newspapers	0.95	1.15
koi	0.95	1.42
button	0.95	1.52
jo	0.95	1.40
hi	0.95	1.30
ofcourse	0.95	1.94
mein	0.95	1.27
subreddits	0.96	1.79
email	0.96	1.66
woh	0.96	1.28
beard	0.96	1.53
har	0.96	1.39
achievement	0.96	1.25
friend	0.96	1.54
aa	0.96	1.53
bars	0.96	1.09
newspaper	0.96	1.20
john	0.96	1.21
mod	0.96	1.77
tab	0.96	1.31
rdd	0.96	1.73
holy	0.97	1.79
fair	0.97	1.42
hat	0.97	1.30
sent	0.97	1.70
par	0.97	1.29
tweets	0.97	1.65
dad	0.97	1.53
check	0.97	1.70
nahi	0.97	1.28
upvoted	0.97	1.81
bhi	0.97	1.29
priyanka	0.97	0.99
ndtv	0.98	1.10
obvious	0.98	2.29
ek	0.98	1.28
liye	0.98	1.29
toh	0.98	1.28
hain	0.98	1.33
hai	0.98	1.28
se	0.98	1.28
ko	0.98	1.28
tum	0.98	1.33
aur	0.98	1.28
user	0.98	1.78
kuch	0.98	1.42
anonymous	0.98	1.53
baat	0.99	1.41
kabhi	0.99	1.42
winter	0.99	1.05
9	0.99	1.65
mom	0.99	1.53
quora	0.99	1.65
skin	0.99	1.10
ke	0.99	1.29
pe	0.99	1.28
bas	0.99	1.43
paragraph	1.00	1.70
mods	1.00	1.88
bitch	1.00	1.77
crush	1.00	1.26
bold	1.00	1.46
nai	1.00	1.40
update	1.00	1.39
seriously	1.00	2.39
replies	1.00	1.92
bhai	1.01	1.41
nahin	1.01	1.30
alert	1.01	1.73
non-political	1.01	1.84
karne	1.01	1.32
machine	1.01	1.42
joking	1.01	2.42
hum	1.01	1.39
spam	1.02	1.67
name	1.02	1.47
ex	1.02	1.33
kya	1.02	1.30
website	1.02	1.43
chicks	1.02	1.32
lifetime	1.02	1.28
kisi	1.02	1.32
res	1.02	1.56
redditor	1.02	1.70
shots	1.03	1.26
alt	1.03	1.65
trees	1.03	1.10
glorious	1.03	1.16
attractive	1.03	1.22
nights	1.03	1.12
twitter	1.03	1.65
yesterday	1.03	1.53
babies	1.03	1.19
bet	1.03	2.36
request	1.04	1.91
naked	1.04	1.27
ye	1.04	1.29
abe	1.04	1.45
saath	1.04	1.29
kyun	1.04	1.44
cable	1.04	1.08
poster	1.04	1.72
valid	1.04	2.53
blog	1.04	1.33
posted	1.04	1.82
logical	1.04	2.41
titles	1.04	1.89
okay	1.05	2.56
karte	1.05	1.55
jealous	1.05	1.97
download	1.05	1.12
combination	1.05	1.06
comments	1.05	1.82
ho	1.05	1.32
commercial	1.06	0.95
audience	1.06	0.93
yeh	1.06	1.30
attend	1.06	1.20
sentence	1.06	1.86
meant	1.06	2.69
teams	1.07	0.83
lekin	1.07	1.33
blocked	1.08	1.30
baap	1.08	1.54
authors	1.08	0.84
sab	1.08	1.44
news	1.08	1.15
sunday	1.08	1.31
hilarious	1.08	2.28
ka	1.09	1.27
kulcha	1.09	1.73
karma	1.09	1.75
apple	1.09	1.48
friday	1.09	1.33
story	1.09	1.36
female	1.09	1.18
referring	1.10	2.70
guide	1.10	1.21
gaand	1.10	1.47
shown	1.10	1.25
posts	1.10	1.82
summer	1.10	1.09
advise	1.10	1.67
match	1.10	0.81
agreed	1.10	2.24
submissions	1.10	1.83
colour	1.10	1.07
kids	1.10	1.23
removed	1.11	1.95
genuine	1.11	1.67
posting	1.11	1.75
clarify	1.11	2.73
send	1.11	1.69
bakchodi	1.11	1.68
hint	1.11	1.41
tagged	1.11	1.82
rain	1.11	1.02
ki	1.12	1.33
article	1.12	1.55
ppl	1.12	1.92
ai	1.12	2.06
boobs	1.12	1.26
monday	1.12	1.35
adults	1.12	1.37
rahe	1.13	1.51
frame	1.13	1.45
sincerely	1.13	1.57
fellow	1.14	1.66
sport	1.14	0.82
eyes	1.14	1.22
naam	1.14	1.34
gather	1.14	1.47
mainstream	1.15	0.94
block	1.15	1.24
tonight	1.15	1.29
mail	1.15	1.72
role	1.15	1.03
site	1.15	1.38
maa	1.15	1.42
delete	1.15	1.87
ball	1.16	0.90
sarcastic	1.16	1.88
fap	1.16	1.60
kaam	1.16	1.31
dosa	1.16	1.12
apne	1.16	1.42
text	1.16	1.35
mile	1.16	1.60
subtle	1.17	1.42
page	1.17	1.58
legal	1.17	1.28
unverified	1.17	1.73
rains	1.17	1.02
ghar	1.18	1.30
message	1.18	1.85
younger	1.18	1.32
indeed	1.18	1.90
gold	1.18	1.31
kissing	1.18	1.03
her	1.18	1.39
showed	1.18	1.22
answering	1.18	2.17
jayega	1.18	1.37
extension	1.19	1.22
script	1.19	0.92
submit	1.19	1.77
kaun	1.19	1.36
cup	1.19	0.82
cream	1.19	0.99
camera	1.19	1.14
children	1.19	1.26
relatives	1.19	1.34
host	1.20	1.01
facebook	1.20	1.53
partners	1.20	1.23
fb	1.20	1.53
your	1.20	1.87
impressive	1.20	1.86
brave	1.21	1.37
kal	1.21	1.33
share	1.21	1.67
bot	1.21	2.12
copy	1.21	1.50
hue	1.21	1.62
played	1.21	0.82
review	1.22	1.16
lag	1.22	1.64
jai	1.22	1.14
gaye	1.22	1.62
campus	1.22	1.25
deleted	1.22	1.83
arts	1.22	1.15
apparently	1.22	2.01
birth	1.22	1.13
girl	1.23	1.31
consent	1.23	1.31
mother	1.23	1.35
r/bakchodi	1.23	1.71
dunno	1.24	2.09
hoti	1.24	1.62
finish	1.24	1.10
unique	1.24	1.45
yahan	1.24	1.58
websites	1.24	1.21
wiki	1.24	1.74
football	1.25	0.78
team	1.25	0.83
dream	1.25	1.73
players	1.25	0.84
flaired	1.25	2.02
abt	1.25	1.95
grand	1.26	1.26
sites	1.26	1.24
irl	1.26	1.59
father	1.26	1.38
noble	1.26	1.15
karna	1.27	1.18
links	1.27	1.62
specially	1.27	1.38
age	1.27	1.34
submission	1.27	1.83
content	1.27	1.67
brothers	1.27	1.34
gist	1.27	1.90
families	1.28	1.28
cameras	1.28	1.11
cousin	1.28	1.39
initiative	1.28	1.16
reader	1.28	0.89
style	1.28	0.92
bbc	1.28	1.01
reviews	1.28	1.11
umm	1.29	1.88
salman	1.29	0.90
rahi	1.29	1.48
advance	1.29	1.40
truly	1.29	1.65
son	1.29	1.36
coz	1.29	1.97
gayi	1.29	1.45
bc	1.29	1.67
golden	1.29	1.09
brother	1.29	1.39
bana	1.30	1.13
produced	1.30	0.80
tu	1.30	1.43
girls	1.30	1.32
sounds	1.30	2.17
damn	1.31	2.48
description	1.31	1.76
during	1.31	1.21
visiting	1.31	1.13
title	1.31	1.95
digital	1.31	1.06
cousins	1.31	1.35
aunty	1.31	1.46
girlfriend	1.31	1.34
impressed	1.32	1.60
corrected	1.32	2.67
funny	1.32	2.43
sister	1.32	1.39
release	1.32	1.18
dowry	1.32	1.30
facepalm	1.32	1.67
mistakes	1.32	2.33
affair	1.33	1.42
pata	1.33	1.36
sky	1.33	1.01
tweet	1.34	1.70
gaya	1.34	1.35
bonus	1.34	1.42
mujhe	1.34	1.28
sons	1.34	1.33
tha	1.34	1.26
kar	1.35	1.31
final	1.35	0.92
hoga	1.36	1.28
sports	1.37	0.82
family	1.38	1.36
quiet	1.38	1.72
sisters	1.38	1.34
collection	1.38	0.87
humble	1.38	1.52
cast	1.38	0.99
post	1.38	1.83
cricket	1.39	0.81
shared	1.39	1.44
trips	1.39	1.14
kaha	1.40	1.26
added	1.40	1.92
aaya	1.40	1.42
trip	1.40	1.16
profile	1.40	1.46
dafuq	1.40	1.80
gf	1.41	1.37
hota	1.41	1.32
upload	1.41	1.25
extended	1.41	1.25
screenshot	1.41	1.52
nicely	1.42	1.92
comment	1.42	1.90
league	1.42	0.79
thi	1.42	1.39
ceremony	1.42	1.08
calm	1.42	1.70
lots	1.42	1.54
exact	1.42	2.53
twist	1.43	1.36
uncle	1.43	1.32
acting	1.43	1.06
laugh	1.43	1.82
prod	1.43	1.77
link	1.44	1.68
tour	1.44	0.89
saw	1.44	1.28
kapoor	1.45	0.90
ne	1.45	1.28
friendly	1.45	1.70
loving	1.46	1.33
di	1.46	1.52
sex	1.46	1.30
mutual	1.46	1.23
apni	1.46	1.39
partner	1.46	1.31
inspiration	1.46	1.14
teri	1.47	1.51
beer	1.47	0.95
glad	1.47	2.21
detailed	1.47	1.66
ads	1.48	1.03
tho	1.48	1.75
correctly	1.48	2.49
baby	1.48	1.33
parents	1.49	1.36
relationships	1.49	1.37
trolling	1.49	1.85
vacation	1.50	1.24
daughter	1.50	1.37
wife	1.50	1.37
click	1.50	1.50
meri	1.50	1.48
plz	1.50	1.94
interesting	1.51	2.01
fun	1.51	2.19
tracks	1.51	0.94
interview	1.52	1.13
photos	1.52	1.31
imgur	1.52	1.38
good	1.52	1.72
writer	1.53	0.82
smile	1.53	1.82
fan	1.53	0.74
breaks	1.53	1.85
gt	1.53	2.15
image	1.54	1.44
original	1.54	1.84
day	1.54	1.43
replying	1.54	2.06
lady	1.54	1.33
translation	1.54	1.79
tag	1.55	1.83
chick	1.55	1.44
lagta	1.55	1.46
alive	1.55	1.72
beach	1.55	1.12
bhaiya	1.55	1.62
flair	1.55	1.87
coke	1.55	0.85
updated	1.55	1.57
ali	1.55	1.05
ladies	1.55	1.39
matches	1.56	0.81
cool	1.56	2.36
whats	1.56	2.08
images	1.57	1.34
breaking	1.57	1.08
bang	1.57	0.95
de	1.57	1.32
mahabharata	1.58	1.00
books	1.58	0.87
chahiye	1.58	1.31
dating	1.58	1.37
gift	1.58	1.93
linking	1.58	1.56
yaar	1.58	1.49
80s	1.59	1.02
reading	1.59	0.86
bright	1.59	1.15
wives	1.59	1.33
footage	1.59	1.02
eli5	1.59	1.92
electronic	1.60	1.13
dev	1.60	1.02
player	1.60	0.79
ta	1.60	2.08
ja	1.60	1.40
ipl	1.61	0.83
divorce	1.61	1.37
child	1.61	1.32
boy	1.61	1.32
boat	1.61	1.59
wat	1.61	1.95
tip	1.61	1.50
saved	1.61	1.50
places	1.61	1.12
diya	1.61	1.27
husband	1.62	1.36
yep	1.62	2.11
ur	1.62	1.94
sunny	1.62	1.09
fiction	1.62	0.82
aisa	1.63	1.42
stars	1.63	0.90
thats	1.63	2.15
book	1.64	0.84
ladki	1.64	1.40
please	1.64	1.96
reference	1.64	1.80
hua	1.64	1.40
closest	1.64	1.89
jack	1.65	0.85
weekend	1.65	1.21
picture	1.65	1.44
parent	1.66	1.37
lolguard	1.66	1.77
couples	1.66	1.31
virgin	1.66	1.33
karta	1.66	1.58
iron	1.66	0.77
stories	1.66	0.97
ama	1.66	1.80
tere	1.66	1.51
info	1.66	1.67
play	1.67	0.80
games	1.67	0.80
nsfw	1.68	1.67
ji	1.68	1.72
aww	1.68	1.80
voice	1.68	0.96
record	1.69	1.43
liya	1.69	1.03
mark	1.69	1.43
marry	1.70	1.42
bahut	1.70	1.59
repost	1.71	1.84
tera	1.71	1.59
track	1.72	1.00
creative	1.72	1.01
90s	1.72	0.99
hear	1.73	1.53
itna	1.73	1.52
advice	1.73	1.72
released	1.73	0.99
married	1.74	1.37
raha	1.74	1.40
nope	1.74	2.14
tourist	1.76	1.00
g	1.76	1.83
playing	1.76	0.80
goa	1.77	1.01
ma	1.77	1.72
mai	1.77	1.50
chopra	1.77	0.99
reply	1.78	1.88
cute	1.78	1.85
recommended	1.78	1.02
main	1.78	1.47
arre	1.78	1.75
lmao	1.78	1.94
mere	1.78	1.07
place	1.79	1.87
typing	1.80	2.04
yea	1.80	2.07
actress	1.80	0.91
khan	1.80	0.86
pliss	1.81	1.83
yeah	1.81	2.17
j	1.81	1.87
marrying	1.82	1.36
hoon	1.82	1.49
famous	1.82	0.78
enjoying	1.83	1.37
congratulations	1.83	1.64
u	1.83	1.93
mera	1.83	1.17
pic	1.83	1.37
imran	1.83	1.18
wish	1.83	1.93
0	1.83	1.90
joke	1.83	1.94
v	1.84	1.91
dark	1.84	0.83
la	1.84	1.23
kindly	1.84	1.92
krantikari	1.84	1.66
talent	1.85	1.46
tips	1.85	1.52
pics	1.86	1.29
shows	1.86	0.97
legit	1.86	1.88
x	1.86	1.90
theek	1.86	1.68
feedback	1.87	1.33
grammar	1.87	2.23
copied	1.88	1.19
queries	1.88	1.95
season	1.88	0.86
laga	1.88	1.03
hmmm	1.89	1.82
spelling	1.89	2.22
recorded	1.89	0.94
dat	1.90	1.82
pictures	1.90	1.18
comedy	1.90	1.04
haan	1.91	1.60
hun	1.91	1.28
background	1.91	1.03
kidding	1.91	2.07
le	1.91	1.10
da	1.92	1.88
roles	1.92	0.90
e	1.92	1.91
anyways	1.92	2.03
item	1.92	0.90
entertainment	1.92	0.89
naa	1.93	1.77
y	1.93	1.94
hero	1.93	0.81
bol	1.94	1.04
television	1.94	0.93
jihad	1.94	1.55
memories	1.95	1.15
channels	1.95	0.94
q	1.96	1.94
dialogue	1.96	0.91
c	1.96	1.92
wedding	1.96	1.20
n	1.96	1.94
karo	1.96	1.59
r	1.96	1.94
k	1.97	1.93
nah	1.97	2.07
episodes	1.98	0.99
t	1.98	1.93
l	1.98	1.92
sexy	1.98	1.49
irony	1.99	1.79
video	1.99	0.98
version	1.99	0.89
amp	1.99	1.94
lt	1.99	1.94
b	1.99	1.94
f	1.99	1.94
stream	2.00	0.90
h	2.00	1.94
err	2.00	1.84
film	2.00	0.84
sarcasm	2.01	1.85
actor	2.01	0.87
pls	2.01	1.91
lulz	2.01	1.83
wishes	2.01	1.71
maine	2.01	1.07
o	2.01	1.94
ps	2.02	1.84
hahahaha	2.02	1.93
game	2.03	0.79
dd	2.03	0.93
hot	2.03	1.58
mighty	2.03	1.68
omg	2.03	1.87
lo	2.04	1.34
videos	2.04	0.95
mat	2.04	1.74
saar	2.04	1.91
heh	2.05	1.71
uh	2.05	1.90
kiya	2.05	1.04
helpful	2.06	1.69
missed	2.06	1.90
folk	2.06	0.85
huh	2.07	2.01
porn	2.08	0.87
lel	2.08	1.89
rofl	2.08	1.77
suggestions	2.08	1.43
suggestion	2.08	1.75
beauty	2.09	0.90
dear	2.09	1.83
actors	2.09	0.80
channel	2.09	0.92
plays	2.10	0.71
photo	2.10	1.17
clever	2.10	1.63
xd	2.10	1.90
liked	2.11	1.39
youtube	2.11	0.94
op	2.11	1.89
solid	2.11	1.14
excellent	2.11	1.11
celebrating	2.12	1.74
alright	2.12	2.02
wonderful	2.12	1.22
scenes	2.13	0.87
makers	2.13	1.16
relax	2.13	1.83
ok	2.13	2.05
apna	2.14	0.90
hello	2.15	1.80
edited	2.15	2.08
cinema	2.15	0.86
yo	2.15	1.51
singing	2.16	0.85
festivals	2.16	1.80
til	2.16	1.96
tv	2.16	0.91
star	2.16	0.89
films	2.17	0.89
wtf	2.17	2.04
hollywood	2.17	0.88
chill	2.18	1.87
fantasy	2.18	0.75
ahh	2.18	1.89
arey	2.19	1.79
thoda	2.20	1.71
modmail	2.20	1.93
gay	2.20	1.51
yay	2.20	1.57
elaborate	2.20	1.91
hah	2.21	1.74
movies	2.21	0.89
diwali	2.21	1.85
lol	2.22	1.96
radio	2.22	0.77
honey	2.23	0.68
bollywood	2.23	0.84
kiss	2.25	1.28
sahi	2.25	1.73
apologies	2.25	1.95
typo	2.25	1.95
chalo	2.26	1.81
sir	2.26	1.92
upvote	2.26	1.83
wut	2.26	1.91
yup	2.26	2.01
bunty	2.27	1.88
genius	2.27	1.09
sigh	2.27	1.94
worries	2.27	1.88
holidays	2.28	1.81
eh	2.28	1.94
ftfy	2.28	1.88
holiday	2.30	1.81
d	2.30	1.98
forgot	2.31	1.84
dude	2.31	1.97
hehe	2.32	1.97
hmm	2.32	2.00
p	2.32	2.01
relationship	2.33	1.49
oh	2.33	1.96
3232	2.34	1.53
man	2.34	2.01
great	2.35	0.97
mate	2.35	1.92
watch	2.35	0.89
documentary	2.36	0.82
appreciated	2.37	1.40
pop	2.37	0.85
plot	2.37	1.04
happily	2.37	1.43
ah	2.38	1.92
queen	2.39	1.02
festival	2.39	1.54
ohh	2.40	1.89
sing	2.41	0.76
comic	2.41	0.64
christmas	2.41	1.76
kudos	2.41	1.27
p.s	2.42	1.68
hey	2.43	1.91
sorry	2.43	1.83
edit	2.44	1.85
dekh	2.44	0.88
art	2.45	1.00
username	2.45	1.83
childhood	2.45	1.01
bro	2.45	1.91
marriages	2.45	1.46
btw	2.45	1.96
celebrate	2.45	1.62
dance	2.46	0.71
buddy	2.46	1.93
luck	2.47	1.84
cake	2.48	1.65
arranged	2.48	1.46
welcome	2.48	1.89
birthday	2.50	1.72
hu	2.50	1.81
marriage	2.50	1.46
tune	2.51	0.73
epic	2.51	1.51
looks	2.54	1.66
appreciate	2.54	1.22
hahaha	2.55	1.80
congrats	2.59	1.68
haha	2.59	1.90
reminded	2.60	0.92
ha	2.61	1.88
enjoy	2.63	1.19
finished	2.64	0.94
artist	2.64	0.88
show	2.65	1.00
metal	2.66	0.65
songs	2.68	0.65
whoa	2.68	1.86
lucky	2.69	1.29
thanks	2.70	1.82
scene	2.70	1.03
rock	2.70	0.68
aamir	2.71	0.92
rip	2.71	1.02
cheers	2.73	1.83
woah	2.73	1.74
thank	2.73	1.80
batman	2.74	0.91
wow	2.75	1.69
movie	2.78	0.92
recommendations	2.79	0.96
band	2.80	0.62
music	2.84	0.82
ftw	2.84	1.15
listening	2.85	0.61
characters	2.88	0.79
watched	2.88	0.84
listen	2.89	0.71
captain	2.89	0.86
episode	2.89	0.80
recommend	2.89	0.64
recommendation	2.90	0.86
inspired	2.91	0.76
watching	2.91	0.83
reminds	2.92	1.14
character	2.93	0.78
dil	2.93	0.70
miss	2.96	0.89
sharing	2.98	1.23
series	2.98	0.72
incredible	2.98	0.71
album	3.19	0.77
beautiful	3.24	0.66
theme	3.25	0.66
brilliant	3.29	0.60
favourite	3.31	0.43
song	3.33	0.67
lovely	3.35	0.52
enjoyed	3.48	0.46
favorite	3.53	0.31
