hating	-5.41	1.83
root	-4.96	2.70
rooting	-4.77	2.77
except	-4.54	2.13
cheer	-4.52	2.63
pisses	-4.34	1.42
rival	-4.07	2.53
rivals	-4.04	2.51
killing	-3.83	2.66
suck	-3.82	1.80
fans	-3.82	2.72
hatred	-3.67	2.20
are	-3.66	2.58
rooted	-3.66	3.10
fault	-3.64	2.59
sides	-3.60	2.87
sucks	-3.58	2.39
confirmed	-3.56	2.83
officiating	-3.50	3.07
dae	-3.48	2.06
questionable	-3.48	3.12
rivalry	-3.43	2.37
meanwhile	-3.36	2.29
scare	-3.36	2.45
spite	-3.36	2.09
dislike	-3.31	2.74
management	-3.30	2.92
pity	-3.27	2.61
hawks	-3.27	2.09
growing	-3.27	2.98
fan	-3.22	1.96
tl	-3.20	2.59
incompetent	-3.20	2.98
dr	-3.20	2.74
niners	-3.17	2.00
9ers	-3.09	1.93
excuse	-3.05	2.62
broncos	-3.03	1.86
liking	-3.02	2.96
garbage	-2.98	2.94
ftfy	-2.97	2.74
sloppy	-2.97	2.99
annoying	-2.95	1.82
responsible	-2.94	2.75
beat	-2.94	1.90
cards	-2.90	1.84
miserable	-2.89	2.86
sympathy	-2.88	2.61
widely	-2.85	2.59
concussion	-2.85	2.59
known	-2.81	2.62
sucked	-2.80	2.48
cheering	-2.79	1.93
browns	-2.76	1.78
unlike	-2.73	2.98
respected	-2.73	2.36
seahawks	-2.70	1.79
fandom	-2.70	1.37
suspect	-2.69	2.94
embarrassing	-2.67	2.58
against	-2.67	1.48
retarded	-2.65	2.70
favored	-2.58	1.59
calls	-2.54	2.25
stupid	-2.53	2.73
dirty	-2.49	2.75
fool	-2.49	2.59
sucking	-2.47	1.20
east	-2.46	2.25
existence	-2.46	2.95
inconsistent	-2.45	2.81
mess	-2.44	2.64
rivalries	-2.44	1.78
lose	-2.38	1.74
49ers	-2.36	1.58
makes	-2.36	3.65
fanbases	-2.36	1.31
rest	-2.35	3.54
painful	-2.35	2.51
nfce	-2.32	2.24
ignored	-2.32	3.25
disagree	-2.32	4.05
remembers	-2.31	3.38
hurts	-2.31	3.25
north	-2.30	2.17
retard	-2.30	2.76
peace	-2.30	3.12
refs	-2.30	2.14
pulling	-2.28	1.34
itt	-2.28	2.08
mistakes	-2.28	2.91
idiotic	-2.27	2.55
nfcn	-2.27	2.42
judgment	-2.26	2.16
playcalling	-2.26	2.91
ref	-2.22	2.10
pi	-2.21	2.07
whole	-2.21	3.25
call	-2.20	2.08
ignoring	-2.20	3.34
divisional	-2.20	2.23
says	-2.19	3.68
understands	-2.19	3.67
divisions	-2.18	2.27
officials	-2.17	2.07
uses	-2.16	3.24
laughable	-2.16	2.84
referee	-2.16	2.08
referees	-2.15	2.32
struggling	-2.14	2.89
cowboys	-2.14	1.51
afcn	-2.13	2.45
bandwagon	-2.13	1.71
feelings	-2.13	1.84
idiots	-2.12	1.38
niner	-2.12	2.15
packers	-2.11	1.51
each	-2.11	2.15
nfc	-2.11	2.08
49er	-2.11	2.14
seahawk	-2.11	2.00
agree	-2.10	4.27
blaming	-2.10	1.91
cardinals	-2.10	1.50
west	-2.09	2.43
cowboy	-2.09	1.91
afc	-2.09	2.34
picking	-2.09	2.20
colts	-2.08	1.48
packer	-2.07	1.96
part	-2.07	3.22
steeler	-2.06	1.90
division	-2.05	2.38
bothers	-2.05	3.03
frustrating	-2.04	2.52
skins	-2.04	1.47
bitching	-2.04	2.19
fellow	-2.03	1.86
pats	-2.03	1.43
falcons	-2.02	1.45
nfcs	-2.02	2.40
south	-2.01	2.19
re	-2.00	4.32
disgusting	-2.00	2.14
patriot	-2.00	1.95
chiefs	-2.00	1.44
saints	-2.00	1.45
steelers	-2.00	1.45
chargers	-1.99	1.50
defending	-1.98	1.87
matchups	-1.97	2.05
anger	-1.97	1.81
bronco	-1.97	2.14
falcon	-1.96	1.81
bullshit	-1.96	2.13
poor	-1.96	3.09
entire	-1.95	3.58
patriots	-1.95	1.40
judgement	-1.94	1.91
underdog	-1.94	1.36
charger	-1.93	1.80
team	-1.93	3.60
here	-1.93	4.34
nfcw	-1.93	2.34
eagles	-1.92	1.42
crappy	-1.92	2.93
panther	-1.92	1.79
beating	-1.92	1.22
lost	-1.91	1.30
arguing	-1.91	3.90
closest	-1.90	3.83
whining	-1.90	1.99
viking	-1.89	1.79
feel	-1.89	4.69
screw	-1.89	1.54
raider	-1.89	1.91
hang	-1.88	2.06
saying	-1.88	4.53
raiders	-1.88	1.44
non	-1.86	1.78
single	-1.85	3.68
pathetic	-1.85	2.95
flag	-1.85	1.85
scares	-1.85	1.39
staff	-1.84	2.19
homerism	-1.84	1.41
both	-1.83	1.30
roughing	-1.83	1.84
felt	-1.82	4.43
interference	-1.82	1.80
possibly	-1.81	3.48
stiff	-1.81	2.61
competition	-1.80	2.27
lions	-1.80	1.28
panthers	-1.80	1.37
obnoxious	-1.80	1.31
sticking	-1.79	1.41
were	-1.79	2.00
bias	-1.79	1.25
office	-1.78	1.93
conferences	-1.78	2.07
guess	-1.78	4.42
penalties	-1.78	1.80
personal	-1.77	1.54
rams	-1.76	1.38
atrocious	-1.76	3.04
decisions	-1.76	2.37
dumpster	-1.76	1.59
bs	-1.76	1.89
called	-1.76	1.81
teams	-1.76	2.42
grounding	-1.76	1.77
giants	-1.75	1.33
foul	-1.74	1.75
blows	-1.74	1.09
right	-1.73	4.43
choose	-1.73	2.29
beaten	-1.73	1.37
contenders	-1.72	1.88
handling	-1.72	1.80
loud	-1.71	1.54
strongly	-1.71	1.32
blatant	-1.71	1.79
made	-1.70	3.08
shock	-1.70	3.99
opi	-1.70	1.84
execution	-1.70	2.36
coaching	-1.70	2.01
horrendous	-1.69	2.98
dolphins	-1.69	1.33
bottom	-1.69	3.81
flags	-1.69	1.72
attacking	-1.69	1.27
towards	-1.68	1.13
seen	-1.68	3.22
ravens	-1.68	1.34
seattle	-1.68	1.35
penalty	-1.68	1.76
offsides	-1.68	1.76
holding	-1.67	1.79
follow	-1.66	1.50
vs	-1.66	1.14
shitty	-1.66	2.99
pretending	-1.65	3.06
dolphin	-1.65	1.64
planet	-1.64	3.71
nonsense	-1.64	1.84
mainly	-1.64	1.17
me	-1.63	4.72
conference	-1.63	2.38
decision	-1.63	2.28
delay	-1.63	1.72
jerk	-1.63	1.41
yankees	-1.62	1.19
ignorant	-1.62	1.87
blind	-1.62	1.41
chant	-1.62	1.59
lazy	-1.62	2.00
bucs	-1.61	1.30
bengals	-1.61	1.34
crew	-1.61	1.73
opponents	-1.61	2.26
bases	-1.61	1.17
between	-1.61	1.19
sox	-1.60	1.16
knowing	-1.60	4.68
challenge	-1.60	1.78
sadness	-1.59	2.27
abysmal	-1.59	3.00
immature	-1.59	1.67
flagged	-1.58	1.58
defeat	-1.58	1.30
agreeing	-1.58	2.77
joined	-1.57	1.11
territory	-1.57	1.30
jets	-1.57	1.27
join	-1.57	1.41
complaining	-1.57	3.18
haters	-1.57	2.23
gang	-1.56	1.17
win	-1.56	1.27
disappointment	-1.55	1.93
choices	-1.55	1.94
those	-1.55	1.53
surrounded	-1.55	1.28
phins	-1.54	1.27
winners	-1.54	1.95
bunch	-1.54	1.33
unreasonable	-1.54	2.57
making	-1.53	2.23
blame	-1.53	2.36
struggles	-1.53	2.55
unnecessary	-1.53	1.54
circle	-1.52	1.41
worthless	-1.51	2.09
bull	-1.51	2.02
mediocre	-1.51	3.03
cock	-1.51	1.33
pain	-1.50	1.89
crowd	-1.50	1.54
doctor	-1.50	1.19
yell	-1.50	2.04
many	-1.50	1.51
assholes	-1.49	1.25
review	-1.49	1.76
winner	-1.49	1.91
suffered	-1.49	1.30
kings	-1.49	1.09
circlejerk	-1.48	1.68
petty	-1.48	1.83
excuses	-1.47	2.05
lies	-1.47	1.69
taunting	-1.46	1.57
twice	-1.46	1.35
snow	-1.46	1.86
bounty	-1.46	1.04
conditions	-1.45	1.76
reviewed	-1.45	1.75
targeting	-1.45	1.09
gt	-1.45	2.54
central	-1.45	1.53
former	-1.44	1.04
living	-1.44	1.20
accused	-1.44	1.66
true	-1.44	3.48
booing	-1.44	1.78
wind	-1.44	1.89
raven	-1.43	1.54
piece	-1.43	1.40
implying	-1.43	4.13
intentional	-1.43	1.27
fins	-1.43	1.30
ejected	-1.42	1.14
gm	-1.42	1.63
rematch	-1.42	1.16
these	-1.42	1.48
bad	-1.42	2.78
feels	-1.42	4.28
vice	-1.41	1.50
medical	-1.41	1.07
penalized	-1.41	1.55
champs	-1.41	1.76
delusional	-1.41	2.59
split	-1.40	1.95
challenges	-1.40	1.69
fanbase	-1.40	1.24
murder	-1.40	1.51
murdered	-1.40	1.36
tackling	-1.40	1.94
eagle	-1.40	1.62
dumbass	-1.40	1.92
schedules	-1.40	2.64
arizona	-1.40	1.23
scumbag	-1.40	1.19
predictable	-1.40	2.07
wildcard	-1.39	1.97
dicks	-1.39	1.22
doctors	-1.39	1.00
weather	-1.38	1.85
moron	-1.38	1.50
struggled	-1.38	2.27
robbed	-1.38	1.74
degrees	-1.38	1.91
responsibility	-1.37	1.73
arent	-1.37	1.90
buccaneers	-1.37	1.20
plenty	-1.37	1.46
disappointing	-1.37	2.39
denver	-1.36	1.21
injuries	-1.36	1.23
hear	-1.36	1.72
wild	-1.36	1.98
loss	-1.36	1.12
blowout	-1.36	1.34
spygate	-1.35	1.04
amirite	-1.35	1.32
partially	-1.35	1.74
v	-1.35	1.10
same	-1.35	2.40
hernandez	-1.34	1.42
collar	-1.33	1.52
insulting	-1.33	1.97
forgetting	-1.32	4.47
almost	-1.32	1.86
lots	-1.32	1.41
emotions	-1.31	1.94
mountain	-1.31	1.07
battle	-1.31	1.16
vocal	-1.31	1.32
calling	-1.31	1.68
confirm	-1.31	1.14
oc	-1.31	1.92
bizarre	-1.31	2.56
kills	-1.30	1.03
kill	-1.30	1.78
sentiment	-1.30	1.52
blatantly	-1.30	1.65
committed	-1.30	1.50
cleveland	-1.30	1.16
orleans	-1.30	1.16
norv	-1.30	1.85
drawing	-1.30	1.70
everywhere	-1.30	1.44
facemask	-1.29	1.51
destroy	-1.29	1.09
contact	-1.29	1.39
overturned	-1.28	1.69
kinda	-1.28	4.31
whistle	-1.28	1.65
literally	-1.28	2.03
idzik	-1.28	1.52
carolina	-1.28	1.15
department	-1.28	1.69
every	-1.28	2.30
typical	-1.28	1.16
diego	-1.28	1.17
hitler	-1.27	1.15
competing	-1.27	1.89
rage	-1.27	2.37
none	-1.27	1.74
atlanta	-1.27	1.15
tons	-1.27	1.42
seed	-1.27	1.97
coaches	-1.26	1.84
philadelphia	-1.26	1.15
choosing	-1.26	1.56
all	-1.26	2.59
pittsburgh	-1.26	1.15
wet	-1.26	1.79
emotion	-1.26	1.59
shitting	-1.26	3.25
other	-1.25	1.68
playoff	-1.25	1.82
remaining	-1.25	2.36
killed	-1.24	1.42
ups	-1.24	1.12
excitement	-1.24	1.81
philly	-1.24	1.13
card	-1.23	1.83
basically	-1.23	1.77
indy	-1.23	1.15
idiot	-1.23	1.52
ignorance	-1.23	1.23
police	-1.22	1.51
champions	-1.22	1.78
people	-1.22	2.67
inaccurate	-1.22	1.90
personnel	-1.22	1.79
england	-1.22	1.14
assistant	-1.22	1.63
hire	-1.22	1.69
tampa	-1.22	1.04
support	-1.22	1.31
detroit	-1.22	1.14
agrees	-1.22	4.14
hiring	-1.21	1.70
indianapolis	-1.21	1.14
vikes	-1.21	1.19
allegedly	-1.21	1.39
scandal	-1.21	1.34
miami	-1.20	1.13
mistaken	-1.20	4.63
lived	-1.20	1.13
flip	-1.20	1.50
schedule	-1.20	2.66
dumb	-1.20	2.76
piss	-1.19	1.52
bears	-1.19	1.16
ownership	-1.19	1.74
follows	-1.19	4.08
losers	-1.19	1.29
minnesota	-1.19	1.13
dallas	-1.18	1.15
must	-1.18	4.91
new	-1.18	1.11
blow	-1.18	1.39
nation	-1.18	1.41
commit	-1.18	1.55
carey	-1.18	1.73
blew	-1.18	1.41
kansas	-1.17	1.12
innocent	-1.17	1.47
hired	-1.17	1.66
firing	-1.17	1.67
championship	-1.17	1.66
chicago	-1.17	1.11
optimism	-1.17	1.93
pile	-1.17	1.59
choke	-1.16	1.00
fined	-1.16	1.23
involved	-1.16	1.58
suffering	-1.16	1.25
eliminated	-1.16	1.88
raiola	-1.16	0.99
opponent	-1.16	1.93
baltimore	-1.16	1.12
die	-1.16	1.81
laugh	-1.16	3.78
plain	-1.16	1.78
warm	-1.16	1.92
accepted	-1.15	1.31
contention	-1.15	1.81
scouting	-1.15	1.62
rain	-1.15	1.90
sound	-1.15	1.51
cold	-1.15	1.89
texans	-1.15	1.16
winter	-1.15	1.86
despite	-1.15	1.57
thinks	-1.15	4.11
favor	-1.15	1.63
western	-1.15	1.32
minus	-1.14	1.68
ruling	-1.14	1.62
favorites	-1.14	1.71
buffalo	-1.14	1.10
matchup	-1.14	1.20
kubiak	-1.14	1.82
practically	-1.14	1.25
arrogant	-1.14	1.46
handful	-1.13	1.35
titans	-1.13	1.12
dogs	-1.13	1.36
ruining	-1.13	1.50
francisco	-1.13	1.12
york	-1.13	1.07
asshole	-1.13	1.40
virtually	-1.13	1.12
committee	-1.13	1.52
hc	-1.13	1.66
sorts	-1.12	1.36
fire	-1.12	1.46
fo	-1.12	1.52
prison	-1.12	1.42
entitled	-1.12	1.50
little	-1.12	3.14
cocky	-1.12	1.52
dumbest	-1.11	3.52
utter	-1.11	1.40
vikings	-1.11	1.14
believes	-1.11	4.06
charlotte	-1.11	1.05
overturn	-1.11	1.61
smug	-1.10	1.39
memory	-1.10	2.04
cares	-1.10	3.99
douchebag	-1.10	1.37
outcome	-1.10	1.62
damage	-1.10	1.20
feeling	-1.10	4.93
coin	-1.10	1.57
adjustments	-1.10	1.81
killer	-1.10	1.70
crown	-1.10	1.21
checking	-1.09	1.58
douche	-1.09	1.37
roman	-1.09	1.61
gms	-1.09	1.77
born	-1.09	1.16
ignore	-1.09	3.00
coach	-1.09	1.63
gate	-1.09	1.15
injury	-1.09	1.18
coordinators	-1.09	1.83
talks	-1.08	3.97
belief	-1.08	1.36
prick	-1.08	1.47
spoiled	-1.08	1.65
crucial	-1.08	1.93
official	-1.08	1.46
caldwell	-1.08	1.66
ram	-1.08	1.33
st	-1.07	1.09
dc	-1.07	1.63
surgery	-1.07	1.10
hundreds	-1.07	1.36
burning	-1.07	1.07
knows	-1.07	4.08
butthurt	-1.07	3.51
losing	-1.07	1.21
flow	-1.07	1.82
raised	-1.07	1.12
bag	-1.07	1.48
louis	-1.06	1.08
putting	-1.06	1.68
versus	-1.06	0.88
nfccg	-1.06	1.27
pettine	-1.05	1.65
complain	-1.05	2.70
from	-1.05	1.44
lovie	-1.05	1.60
hurting	-1.05	2.13
vick	-1.05	1.42
cheating	-1.05	2.01
fired	-1.05	1.57
lion	-1.05	1.28
blowing	-1.05	1.55
make	-1.04	2.53
crushing	-1.04	1.66
alot	-1.04	1.45
toward	-1.04	1.14
draw	-1.04	1.49
concussions	-1.04	1.18
hearing	-1.04	2.14
dog	-1.03	1.40
acting	-1.03	1.48
two	-1.03	1.34
example	-1.03	1.71
struggle	-1.03	1.77
illegal	-1.03	1.69
philbin	-1.03	1.58
toughest	-1.03	4.26
home	-1.03	1.11
dozen	-1.02	1.35
useless	-1.02	2.07
parity	-1.02	1.23
occasionally	-1.02	1.26
problems	-1.02	1.39
besides	-1.02	1.96
sometimes	-1.02	2.43
choking	-1.02	1.51
marty	-1.01	1.64
joy	-1.01	2.43
live	-1.01	1.15
stress	-1.01	1.44
deciding	-1.01	1.42
tougher	-1.01	2.71
bay	-1.01	1.09
suh	-1.01	1.05
schiano	-1.01	1.45
mentions	-1.01	2.64
cincinnati	-1.01	1.09
justify	-1.01	1.94
acts	-1.01	1.14
self	-1.00	1.32
several	-1.00	1.36
hindsight	-1.00	1.84
severe	-1.00	1.17
oakland	-1.00	1.07
risks	-1.00	1.31
breath	-1.00	1.75
dick	-1.00	1.33
sec	-1.00	1.37
undefeated	-1.00	1.37
shanahan	-1.00	1.56
outright	-0.99	1.76
baker	-0.99	1.27
coordinator	-0.99	1.79
tearing	-0.99	1.42
az	-0.99	1.22
ny	-0.99	1.04
revenge	-0.99	0.96
bye	-0.99	1.83
dying	-0.98	1.82
death	-0.98	1.37
conservative	-0.97	1.84
fighting	-0.97	1.22
trestman	-0.97	1.55
watches	-0.97	4.00
bills	-0.97	1.13
defenseless	-0.96	1.13
emphasis	-0.96	1.55
base	-0.96	1.51
crap	-0.96	1.97
tells	-0.96	4.02
sweep	-0.96	1.41
shocking	-0.96	2.87
injure	-0.96	1.40
throughout	-0.95	1.71
tennessee	-0.95	1.05
act	-0.95	1.30
weaker	-0.95	2.60
heart	-0.95	1.64
clarify	-0.95	4.53
road	-0.94	1.87
acted	-0.94	1.33
silly	-0.94	2.67
horribly	-0.94	1.72
ruined	-0.94	1.47
rude	-0.94	1.88
joking	-0.94	4.06
kinds	-0.93	1.33
pa	-0.93	1.14
multiple	-0.93	1.30
opposite	-0.93	1.99
repeat	-0.93	1.44
replay	-0.92	1.50
zimmer	-0.92	1.50
brain	-0.92	1.20
albeit	-0.92	1.76
jaguars	-0.92	1.07
mcdaniels	-0.91	1.55
tear	-0.91	1.85
appearance	-0.91	1.54
claiming	-0.91	2.58
numerous	-0.91	1.35
overlooked	-0.91	1.50
downvoting	-0.91	2.34
lame	-0.91	2.12
storm	-0.91	1.58
flat	-0.91	1.72
90s	-0.91	1.04
superbowl	-0.91	1.41
actions	-0.90	1.24
excessive	-0.90	1.48
moment	-0.90	2.64
pride	-0.90	1.79
conspiracy	-0.90	1.44
own	-0.90	1.20
sees	-0.90	3.31
hits	-0.90	1.16
suffer	-0.90	1.29
front	-0.90	2.24
haley	-0.89	1.55
shooting	-0.89	1.66
doe	-0.89	3.00
boston	-0.89	0.95
followed	-0.89	1.33
swap	-0.89	1.61
gear	-0.89	1.48
defend	-0.88	2.41
side	-0.88	1.60
issues	-0.88	1.29
few	-0.87	1.36
turner	-0.87	1.65
tenure	-0.87	1.60
titles	-0.87	1.57
bear	-0.87	1.31
blown	-0.87	1.70
theirs	-0.87	1.38
pointless	-0.86	2.12
mask	-0.86	1.34
under	-0.86	1.49
dealing	-0.86	1.26
swing	-0.86	1.40
exception	-0.86	1.79
booth	-0.85	1.36
clock	-0.85	1.66
won	-0.85	1.48
shula	-0.85	1.65
faced	-0.85	2.37
facing	-0.85	2.22
rex	-0.85	1.55
mccarthy	-0.85	1.52
dominating	-0.85	2.19
san	-0.85	1.02
screwed	-0.85	2.79
boo	-0.84	1.59
winning	-0.84	1.47
hit	-0.84	1.21
dealt	-0.84	1.35
became	-0.84	1.41
clink	-0.84	1.14
secret	-0.84	1.20
three	-0.83	1.37
concerns	-0.83	1.82
life	-0.83	2.35
hip	-0.83	1.14
pitt	-0.82	0.98
competitive	-0.82	1.53
opinions	-0.82	1.65
fought	-0.82	1.26
super	-0.82	1.49
waste	-0.82	1.64
whether	-0.82	1.97
sb	-0.82	1.46
grew	-0.82	1.26
harbaugh	-0.82	1.20
noise	-0.82	1.37
jet	-0.81	1.12
embarrassed	-0.81	3.82
hue	-0.81	1.42
mentioning	-0.81	3.24
influence	-0.81	1.35
heat	-0.81	1.32
historically	-0.81	2.05
behavior	-0.81	1.33
lines	-0.80	1.98
shits	-0.80	3.64
intense	-0.80	1.22
quality	-0.80	2.12
aside	-0.80	1.23
jags	-0.80	1.05
outplayed	-0.80	1.38
hospital	-0.80	1.11
liability	-0.80	1.58
surrounding	-0.80	1.24
everytime	-0.80	1.97
matched	-0.80	1.58
touching	-0.80	1.38
collapse	-0.80	1.72
champion	-0.80	1.69
southern	-0.80	1.12
hitting	-0.79	0.95
fashion	-0.79	1.65
loyal	-0.79	1.87
irrelevant	-0.79	1.72
debate	-0.79	1.55
farm	-0.79	1.17
bowl	-0.79	1.54
regard	-0.79	1.22
opinion	-0.78	1.81
afccg	-0.78	1.37
violent	-0.78	1.57
paper	-0.78	1.59
trash	-0.78	1.12
gameplan	-0.78	1.82
supporting	-0.78	1.63
commenting	-0.78	2.84
schefter	-0.77	1.53
debatable	-0.77	1.82
wisconsin	-0.77	0.87
fantasy	-0.77	1.94
loses	-0.77	1.24
couple	-0.77	1.37
convicted	-0.77	1.34
treat	-0.77	1.11
yelling	-0.76	2.45
overpaid	-0.76	1.75
bit	-0.76	2.74
voice	-0.76	1.41
boner	-0.76	1.78
banged	-0.76	2.02
sharp	-0.76	2.66
philosophy	-0.76	1.13
determined	-0.76	1.29
oline	-0.76	2.50
o-line	-0.76	2.50
1	-0.76	1.50
criticize	-0.76	2.26
ruled	-0.76	1.54
skip	-0.75	1.20
grabbing	-0.75	1.09
cincy	-0.75	1.04
some	-0.75	1.57
being	-0.75	1.68
played	-0.75	1.03
bayless	-0.75	1.32
prone	-0.75	1.76
member	-0.75	1.26
regular	-0.74	1.91
match	-0.74	1.12
river	-0.74	1.10
intent	-0.74	1.31
unfair	-0.74	1.98
opener	-0.74	1.06
host	-0.74	1.42
likes	-0.74	3.93
wins	-0.74	1.53
according	-0.73	2.08
lambeau	-0.73	1.08
moved	-0.73	1.04
choice	-0.73	2.07
jumping	-0.73	1.64
championships	-0.73	1.73
loyalty	-0.73	1.17
penis	-0.73	1.09
easiest	-0.73	4.21
screaming	-0.73	2.72
associated	-0.72	1.20
switching	-0.72	1.01
apart	-0.72	1.33
luckily	-0.72	2.28
truly	-0.72	1.75
too	-0.72	3.04
pull	-0.72	1.98
crime	-0.72	1.32
acknowledge	-0.72	3.03
complete	-0.72	1.61
fucked	-0.72	2.03
pieces	-0.72	1.79
crimes	-0.72	1.28
relationship	-0.72	1.02
viewed	-0.72	1.42
complaints	-0.72	1.66
appearances	-0.72	1.52
declined	-0.72	1.64
having	-0.72	1.70
coached	-0.71	1.48
effects	-0.71	1.30
treatment	-0.71	1.10
unstoppable	-0.71	2.36
financial	-0.71	1.42
heard	-0.71	2.06
condition	-0.71	1.11
one	-0.71	4.35
consequences	-0.71	1.26
overcome	-0.70	1.25
trial	-0.70	1.36
hold	-0.70	1.85
hardest	-0.70	4.34
arrowhead	-0.70	1.10
fisher	-0.70	1.37
minds	-0.70	1.66
head	-0.69	1.20
09	-0.69	1.21
line	-0.69	2.53
loser	-0.69	1.54
their	-0.69	1.83
dre	-0.69	0.99
works	-0.69	2.52
houston	-0.69	1.02
suggesting	-0.69	3.60
more	-0.69	2.38
neutral	-0.69	1.34
where	-0.69	3.37
lot	-0.69	1.70
break	-0.69	1.80
largely	-0.69	1.51
trophy	-0.68	1.46
breaking	-0.68	1.47
degree	-0.68	1.41
improving	-0.68	1.96
represent	-0.68	1.06
charged	-0.68	1.33
helping	-0.68	1.75
whereas	-0.68	1.21
dominated	-0.68	1.42
human	-0.68	1.44
summer	-0.68	1.43
competent	-0.67	2.89
horse	-0.67	1.15
06	-0.67	1.18
victim	-0.67	1.28
rich	-0.67	1.39
seems	-0.67	2.81
2	-0.67	1.36
phillips	-0.67	1.53
bringing	-0.67	1.77
highly	-0.67	1.86
crushed	-0.67	1.45
confusing	-0.67	3.43
whichever	-0.67	1.77
point	-0.66	2.51
4	-0.66	1.35
jury	-0.66	1.36
victory	-0.66	1.09
broke	-0.66	1.65
explode	-0.66	1.82
3	-0.66	1.37
5	-0.66	1.36
four	-0.66	1.39
controversial	-0.66	1.68
hurt	-0.65	2.17
affects	-0.65	1.60
trolling	-0.65	2.40
conduct	-0.65	1.29
stellar	-0.65	3.03
types	-0.65	1.26
ducks	-0.65	0.88
ultimately	-0.65	1.63
consistently	-0.65	1.63
county	-0.65	0.98
affected	-0.64	1.55
ankle	-0.64	1.25
island	-0.64	1.04
scouts	-0.64	1.42
manager	-0.64	1.62
riding	-0.64	1.18
six	-0.64	1.37
crying	-0.64	3.23
finals	-0.64	1.27
admit	-0.64	3.93
seven	-0.64	1.37
thousands	-0.64	1.19
torn	-0.64	1.33
pulls	-0.64	1.52
raped	-0.64	1.33
pushing	-0.64	1.21
ari	-0.64	0.72
sf	-0.63	0.72
fight	-0.63	1.23
sits	-0.63	1.53
consider	-0.63	3.12
weakest	-0.63	4.10
forth	-0.63	1.39
slow	-0.63	1.72
minor	-0.63	1.23
sore	-0.63	2.47
playbook	-0.62	1.47
08	-0.62	1.21
charges	-0.62	1.30
heavily	-0.62	1.31
lake	-0.62	1.12
destroyed	-0.62	1.34
clue	-0.62	3.33
president	-0.62	1.19
twist	-0.62	1.37
ending	-0.62	1.39
offensive	-0.62	2.48
just	-0.62	4.01
acl	-0.62	1.33
casual	-0.62	1.12
nine	-0.62	1.38
downvote	-0.62	2.33
decide	-0.62	2.07
eight	-0.62	1.39
perhaps	-0.61	2.42
random	-0.61	1.40
laughed	-0.61	2.70
connection	-0.61	1.21
07	-0.61	1.20
2002	-0.61	1.45
expert	-0.61	1.16
five	-0.61	1.41
talking	-0.61	4.38
scenarios	-0.61	1.48
treated	-0.61	1.19
attitude	-0.60	1.29
fucks	-0.60	1.21
tool	-0.60	1.42
6	-0.60	1.36
completely	-0.60	2.02
time	-0.60	2.53
latter	-0.60	2.20
moral	-0.60	1.36
cycle	-0.60	1.29
place	-0.60	2.66
city	-0.60	0.99
stand	-0.60	2.93
parts	-0.60	1.60
victories	-0.60	1.35
seem	-0.60	3.63
denying	-0.59	3.45
stance	-0.59	1.23
losses	-0.59	1.47
unfortunate	-0.59	2.25
stands	-0.59	1.38
everyone	-0.59	3.01
8	-0.59	1.36
writers	-0.59	1.17
seriously	-0.59	3.81
racism	-0.59	1.31
10	-0.59	1.36
stories	-0.59	1.39
audible	-0.59	1.31
look	-0.59	3.48
less	-0.59	2.10
rumors	-0.58	1.42
views	-0.58	1.28
risk	-0.58	1.23
jacksonville	-0.58	0.98
ten	-0.58	1.18
tomlin	-0.58	1.31
stomach	-0.58	2.89
tore	-0.58	1.35
offence	-0.58	2.07
cities	-0.58	1.23
happened	-0.58	3.00
investigation	-0.57	1.34
matches	-0.57	1.31
nearly	-0.57	1.92
moves	-0.57	1.78
4-5	-0.57	1.42
so	-0.57	3.99
california	-0.57	1.00
compared	-0.57	1.32
coming	-0.57	1.66
moving	-0.57	1.19
had	-0.57	2.24
beats	-0.56	0.96
wreck	-0.56	1.65
surprising	-0.56	3.71
believe	-0.56	4.21
judge	-0.56	1.50
offensively	-0.56	2.08
carrying	-0.56	1.16
whom	-0.56	1.44
playoffs	-0.56	1.95
learning	-0.56	1.48
criminal	-0.56	1.31
narrative	-0.56	1.29
history	-0.56	4.47
mentioned	-0.56	2.24
ears	-0.56	1.32
another	-0.56	2.49
planning	-0.56	2.09
finding	-0.56	2.21
perception	-0.56	1.19
performed	-0.56	1.69
ever	-0.56	4.34
honestly	-0.56	4.27
done	-0.56	2.59
giving	-0.56	1.81
rings	-0.56	1.41
dome	-0.56	1.06
awkward	-0.55	3.45
location	-0.55	1.31
analysts	-0.55	1.22
portion	-0.55	1.72
somewhat	-0.55	2.19
process	-0.55	1.37
fine	-0.55	3.59
brutal	-0.55	2.28
bowls	-0.55	1.54
supposedly	-0.55	1.31
post-season	-0.55	1.75
see	-0.55	3.89
created	-0.55	1.17
cringe	-0.55	2.07
turning	-0.55	1.48
underrated	-0.55	1.79
exceptions	-0.54	1.27
cast	-0.54	2.29
charge	-0.54	1.30
character	-0.54	1.43
dominate	-0.54	1.50
organization	-0.54	1.54
arrested	-0.54	1.31
protection	-0.54	2.33
drama	-0.54	1.34
keeping	-0.54	1.74
spots	-0.54	2.65
handle	-0.54	2.24
2-3	-0.54	1.42
knee	-0.54	1.25
garrett	-0.54	1.34
par	-0.54	3.16
depressing	-0.54	2.70
strange	-0.54	3.37
ego	-0.54	1.18
assault	-0.54	1.26
due	-0.54	1.25
broken	-0.53	1.27
timeout	-0.53	1.49
exactly	-0.53	3.92
straight	-0.53	1.56
tired	-0.53	2.95
guilty	-0.53	1.32
changing	-0.53	1.50
rule	-0.53	1.30
defenses	-0.53	2.36
mind	-0.53	3.41
contest	-0.53	1.23
tie	-0.53	1.70
punished	-0.53	1.28
ship	-0.53	1.15
impression	-0.52	2.23
caused	-0.52	1.33
speculation	-0.52	1.55
because	-0.52	3.78
wasting	-0.52	1.49
appeal	-0.52	1.46
january	-0.52	1.28
intentionally	-0.52	1.33
argued	-0.52	2.05
mechanics	-0.52	2.06
7	-0.52	1.36
mike	-0.52	1.35
gives	-0.52	1.91
jokes	-0.52	1.72
holds	-0.52	1.36
happens	-0.52	2.97
rape	-0.52	1.30
strongest	-0.52	4.35
50/50	-0.52	2.17
pointing	-0.51	3.26
downvotes	-0.51	2.16
talk	-0.51	2.65
defence	-0.51	2.29
about	-0.51	3.19
footwork	-0.51	2.25
shutting	-0.51	1.25
boring	-0.51	1.90
fights	-0.51	1.13
baseball	-0.51	1.13
extremely	-0.51	2.11
over	-0.51	0.61
most	-0.51	4.38
world	-0.51	2.10
kc	-0.51	0.60
min	-0.51	0.60
lying	-0.51	2.19
2007	-0.50	1.34
area	-0.50	1.02
opportunities	-0.50	1.43
reads	-0.50	1.68
issue	-0.50	1.55
2006	-0.50	1.34
move	-0.50	1.40
december	-0.50	1.30
levi	-0.50	1.04
mostly	-0.50	1.69
performing	-0.50	1.64
turnovers	-0.50	1.65
without	-0.50	1.70
said	-0.50	2.69
ladies	-0.50	1.55
really	-0.50	4.08
bone	-0.50	1.21
deny	-0.50	3.30
sea	-0.50	0.54
gb	-0.50	0.54
atmosphere	-0.50	1.15
stl	-0.50	0.54
etc	-0.50	1.16
nyg	-0.50	0.54
phi	-0.50	0.54
ne	-0.50	0.54
1-2	-0.50	1.47
dal	-0.50	0.54
den	-0.50	0.54
det	-0.50	0.54
atl	-0.50	0.54
ind	-0.50	0.54
destroying	-0.50	1.25
consecutive	-0.50	1.52
mia	-0.50	0.54
chi	-0.50	0.54
bal	-0.50	0.54
hou	-0.50	0.54
cin	-0.50	0.54
pit	-0.50	0.54
emotional	-0.50	1.33
nyj	-0.50	0.54
12-4	-0.49	2.06
bitter	-0.49	5.13
which	-0.49	3.16
what	-0.49	3.92
lit	-0.49	1.44
coughlin	-0.49	1.23
sd	-0.49	0.60
oak	-0.49	0.60
agreed	-0.49	2.33
tb	-0.49	0.60
cases	-0.49	1.29
thug	-0.49	1.26
tbh	-0.49	3.30
grand	-0.49	1.26
clicking	-0.49	1.52
announcers	-0.49	1.28
various	-0.49	1.25
job	-0.49	1.52
approach	-0.49	1.45
reporter	-0.49	1.66
arians	-0.49	1.25
abused	-0.49	1.31
cfl	-0.49	2.14
chunk	-0.49	1.46
2003	-0.49	1.36
cle	-0.49	0.60
superbowls	-0.49	1.63
handled	-0.49	1.62
following	-0.49	1.44
2001	-0.49	1.36
15	-0.49	1.38
imagine	-0.49	4.01
openly	-0.49	1.39
source	-0.49	1.49
anyway	-0.49	3.86
else	-0.48	3.21
thompson	-0.48	1.18
jax	-0.48	0.95
domestic	-0.48	1.25
schemes	-0.48	1.65
filled	-0.48	1.23
experts	-0.48	1.28
franchises	-0.48	2.60
previously	-0.48	1.48
elbow	-0.48	1.19
incredibly	-0.48	2.07
violence	-0.48	1.21
extreme	-0.48	1.24
2004	-0.48	1.39
carried	-0.48	1.38
o'brien	-0.48	1.35
toe	-0.48	1.18
unpopular	-0.48	1.99
whatever	-0.47	3.26
overrated	-0.47	1.92
arrest	-0.47	1.26
scout	-0.47	1.59
however	-0.47	3.78
offense	-0.47	1.99
downvoted	-0.47	2.62
chip	-0.47	1.08
keep	-0.47	2.45
hung	-0.47	1.68
shoulder	-0.47	1.11
9	-0.47	1.37
shootout	-0.47	1.31
improved	-0.47	2.42
clearly	-0.46	1.65
thoughts	-0.46	1.68
12	-0.46	1.38
wonder	-0.46	4.30
kids	-0.46	0.93
never	-0.46	2.46
fines	-0.46	1.28
popularity	-0.46	1.07
la	-0.46	1.04
view	-0.46	1.47
danger	-0.46	1.44
resulted	-0.46	1.37
attacks	-0.46	1.30
abuse	-0.46	1.12
hundred	-0.46	1.30
care	-0.46	3.31
secure	-0.46	1.30
listening	-0.46	1.34
hockey	-0.46	1.22
understand	-0.46	3.86
crabtree	-0.46	0.85
why	-0.46	4.02
admitted	-0.45	1.67
uncomfortable	-0.45	4.71
2005	-0.45	1.42
recent	-0.45	2.50
causes	-0.45	1.26
stadiums	-0.45	1.06
assume	-0.45	4.05
lives	-0.45	1.08
handing	-0.45	1.25
changes	-0.45	1.43
saint	-0.45	1.04
streak	-0.45	1.54
slightly	-0.45	1.89
discussing	-0.45	2.17
rivera	-0.45	1.28
though	-0.45	3.86
row	-0.45	1.55
falling	-0.45	1.24
recognized	-0.45	1.39
saving	-0.45	1.42
upvote	-0.45	2.14
definitely	-0.45	3.52
2000	-0.45	1.31
share	-0.45	1.22
sidelines	-0.45	1.70
security	-0.45	1.14
justice	-0.45	1.28
quietly	-0.44	1.99
nfl	-0.44	4.58
commissioner	-0.44	1.59
critical	-0.44	1.99
happen	-0.44	3.72
records	-0.44	2.10
tradition	-0.44	1.76
serious	-0.44	1.30
protect	-0.44	1.49
ohio	-0.44	1.00
inflated	-0.44	1.84
grabs	-0.44	1.03
announcer	-0.44	1.27
hawk	-0.44	1.06
stepping	-0.44	1.29
standing	-0.44	1.56
mass	-0.44	1.16
commentators	-0.44	1.28
fairly	-0.44	1.88
very	-0.43	2.10
mic	-0.43	1.29
occur	-0.43	1.40
ridiculously	-0.43	2.00
say	-0.43	3.99
been	-0.43	2.21
avoid	-0.43	1.45
goodell	-0.43	1.57
nflpa	-0.43	1.19
covers	-0.43	2.00
something	-0.43	3.76
your	-0.43	1.74
now	-0.43	4.21
equally	-0.43	1.86
ve	-0.43	2.37
grown	-0.43	1.03
ankles	-0.43	1.15
weakness	-0.43	1.91
rarely	-0.43	1.48
biased	-0.42	2.93
11	-0.42	1.36
direction	-0.42	1.25
burn	-0.42	1.40
favorite	-0.42	3.17
proving	-0.42	2.64
play	-0.42	2.14
proves	-0.42	2.05
kap	-0.42	0.99
fastest	-0.42	4.49
kid	-0.42	1.00
believing	-0.42	3.27
generally	-0.42	1.77
nc	-0.42	1.00
fallen	-0.42	1.40
punish	-0.42	1.52
stadium	-0.42	1.09
listen	-0.42	1.42
nobody	-0.42	3.04
nhl	-0.42	1.16
defense	-0.42	2.39
mean	-0.42	3.97
odd	-0.42	3.54
redskins	-0.41	1.29
rumor	-0.41	1.50
hanging	-0.41	1.36
logic	-0.41	2.06
jumped	-0.41	1.24
occurred	-0.41	1.43
effect	-0.41	1.38
writer	-0.41	1.33
result	-0.41	1.35
stuck	-0.41	1.25
predicted	-0.41	2.42
admittedly	-0.41	2.04
tackle	-0.41	1.47
february	-0.41	1.28
maybe	-0.41	3.81
course	-0.41	3.89
particularly	-0.41	1.81
since	-0.40	1.38
factor	-0.40	1.53
gotten	-0.40	2.05
florida	-0.40	1.09
backing	-0.40	1.48
union	-0.40	1.19
thousand	-0.40	1.29
postseason	-0.40	1.61
surprisingly	-0.40	1.90
legitimately	-0.40	4.15
us	-0.40	3.20
bat	-0.40	1.06
kind	-0.40	2.92
stealing	-0.40	1.37
totally	-0.40	2.48
14	-0.40	1.38
leaving	-0.40	1.26
counter	-0.40	1.68
bros	-0.40	1.63
belt	-0.40	0.92
11-5	-0.40	2.09
terribly	-0.40	1.89
who	-0.40	2.55
16	-0.40	1.37
seemingly	-0.40	1.79
regarding	-0.40	1.35
its	-0.40	3.02
taking	-0.40	1.95
argue	-0.39	3.83
seemed	-0.39	2.66
folks	-0.39	2.22
experienced	-0.39	2.06
think	-0.39	3.92
idea	-0.39	3.62
political	-0.39	1.31
false	-0.39	1.74
owners	-0.39	1.59
situation	-0.39	2.20
suspend	-0.39	1.58
fewer	-0.39	1.35
becoming	-0.39	1.67
harsh	-0.39	1.56
league	-0.39	4.89
cherry	-0.39	1.54
awhile	-0.39	2.18
exist	-0.39	2.22
case	-0.39	1.61
relatively	-0.38	1.69
headlines	-0.38	1.34
scenario	-0.38	1.86
arbitrary	-0.38	1.66
matter	-0.38	3.48
still	-0.38	3.86
rehab	-0.38	1.14
easily	-0.38	2.58
finds	-0.38	2.53
offenses	-0.38	1.89
survive	-0.38	1.82
ncaa	-0.38	1.78
although	-0.38	3.67
trolls	-0.38	1.86
put	-0.38	2.39
thing	-0.38	2.57
bradley	-0.38	1.19
2009	-0.38	1.46
incident	-0.38	1.25
hug	-0.38	1.81
valid	-0.38	1.95
huddle	-0.37	1.46
pretend	-0.37	3.86
quite	-0.37	2.53
contender	-0.37	2.09
and/or	-0.37	1.31
sticks	-0.37	1.60
terrifying	-0.37	2.35
18	-0.37	1.40
across	-0.37	1.35
turn	-0.37	2.20
cunt	-0.37	1.38
carroll	-0.37	1.10
anyone	-0.37	3.29
rose	-0.37	1.01
closer	-0.37	1.74
cause	-0.37	1.76
mediocrity	-0.37	1.33
professional	-0.37	1.36
sun	-0.36	1.37
markets	-0.36	1.16
jail	-0.36	1.33
dennis	-0.36	1.24
stating	-0.36	2.88
obviously	-0.36	3.81
jobs	-0.36	1.36
probably	-0.36	3.19
bother	-0.36	3.44
instead	-0.36	2.04
spring	-0.36	1.32
water	-0.36	1.36
classes	-0.36	1.27
or	-0.36	2.62
only	-0.36	2.38
leaders	-0.36	2.57
pulled	-0.36	1.16
13	-0.36	1.38
regress	-0.36	1.55
dui	-0.36	1.26
hunt	-0.36	1.05
sort	-0.36	2.51
mention	-0.36	3.11
punching	-0.35	1.03
vastly	-0.35	1.67
kept	-0.35	2.14
2010	-0.35	1.50
our	-0.35	3.57
dungy	-0.35	1.11
agreement	-0.35	1.18
17	-0.35	1.41
anything	-0.35	3.62
knock	-0.35	1.23
occasional	-0.35	1.27
angeles	-0.35	1.05
controversy	-0.35	1.27
suspensions	-0.35	1.26
including	-0.35	1.33
puts	-0.35	1.57
constant	-0.35	1.31
visiting	-0.35	0.98
mattered	-0.35	2.25
grabbed	-0.35	1.17
compete	-0.35	1.39
plays	-0.35	1.49
punishment	-0.34	1.24
scheme	-0.34	1.70
attack	-0.34	1.52
analyst	-0.34	1.15
plans	-0.34	1.30
especially	-0.34	2.16
members	-0.34	1.25
going	-0.34	4.07
regards	-0.34	1.32
knocking	-0.34	1.04
accept	-0.34	2.84
wasnt	-0.34	2.32
causing	-0.34	1.28
least	-0.34	2.63
2011	-0.34	1.50
assuming	-0.34	4.69
tmz	-0.34	1.34
anymore	-0.34	3.77
performances	-0.34	1.89
essentially	-0.34	1.65
sounded	-0.34	2.23
opposed	-0.33	1.52
walks	-0.33	1.39
ray	-0.33	1.02
insanely	-0.33	1.99
doing	-0.33	3.72
chest	-0.33	1.18
neck	-0.33	1.07
harm	-0.33	1.27
exists	-0.33	1.75
press	-0.33	1.16
society	-0.33	1.24
usual	-0.33	1.46
misleading	-0.33	1.83
push	-0.33	1.34
nba	-0.33	1.55
2008	-0.33	1.58
emery	-0.33	1.20
rolling	-0.33	1.29
believed	-0.33	2.54
inevitable	-0.33	1.41
secondary	-0.33	2.60
gut	-0.33	1.65
simms	-0.33	1.18
washington	-0.32	1.01
explain	-0.32	3.69
someone	-0.32	2.93
parents	-0.32	1.04
stop	-0.32	2.16
precedent	-0.32	1.59
report	-0.32	1.46
blocking	-0.32	2.14
actually	-0.32	3.71
nyc	-0.32	1.05
knees	-0.32	1.19
wrap	-0.32	1.12
we	-0.32	3.68
games	-0.32	1.52
somebody	-0.32	2.79
know	-0.32	4.01
reported	-0.32	1.56
they	-0.32	3.66
basketball	-0.32	1.22
record	-0.32	2.28
anywhere	-0.32	3.23
game	-0.31	1.74
celebrating	-0.31	1.97
remember	-0.31	4.06
ads	-0.31	1.10
looked	-0.31	1.86
prior	-0.31	1.48
pressure	-0.31	1.58
double	-0.31	1.54
85	-0.31	1.27
circumstances	-0.31	1.66
find	-0.31	2.90
fact	-0.31	2.46
toss	-0.31	1.25
coast	-0.31	1.26
leagues	-0.31	2.39
drops	-0.31	1.69
hasnt	-0.31	1.84
claimed	-0.31	2.08
happening	-0.31	3.83
come	-0.31	2.57
certainly	-0.31	3.39
nothing	-0.31	3.27
creating	-0.31	1.34
simply	-0.31	2.66
reports	-0.31	1.47
bama	-0.31	1.01
drastically	-0.30	1.44
energy	-0.30	1.25
collective	-0.30	1.23
roof	-0.30	1.06
improve	-0.30	1.75
doubt	-0.30	4.17
plan	-0.30	1.37
create	-0.30	1.38
pays	-0.30	1.98
discussed	-0.30	1.80
knew	-0.30	3.49
shot	-0.30	1.61
dirt	-0.30	1.25
unit	-0.30	2.68
95	-0.30	1.27
health	-0.30	1.88
19	-0.30	1.41
frankly	-0.30	2.66
adjust	-0.30	1.42
historic	-0.30	1.75
remotely	-0.30	2.37
stops	-0.30	1.38
necessarily	-0.30	3.32
things	-0.30	2.45
rush	-0.30	2.28
hardly	-0.30	2.16
either	-0.30	3.98
seasons	-0.29	1.66
assessment	-0.29	1.74
discuss	-0.29	2.17
carrier	-0.29	1.20
suspension	-0.29	1.31
stood	-0.29	1.81
guns	-0.29	1.23
whore	-0.29	1.20
entirely	-0.29	1.88
convince	-0.29	3.57
benefits	-0.29	1.24
gun	-0.29	1.21
nor	-0.29	2.63
vote	-0.29	1.50
wish	-0.29	4.24
shoot	-0.29	1.55
helps	-0.29	1.87
strike	-0.29	1.04
moments	-0.29	2.17
give	-0.29	2.85
story	-0.29	1.46
leaves	-0.29	1.22
possibility	-0.29	2.29
pitch	-0.29	1.04
rice	-0.29	1.09
20	-0.29	1.62
span	-0.29	1.57
would	-0.28	3.77
may	-0.28	3.47
focus	-0.28	1.55
reason	-0.28	2.68
los	-0.28	1.05
anybody	-0.28	3.14
news	-0.28	1.32
continuing	-0.28	1.56
lawyer	-0.28	1.25
22	-0.28	1.42
statements	-0.28	1.98
sideline	-0.28	1.48
regardless	-0.28	1.79
father	-0.28	1.09
policy	-0.28	1.53
greatly	-0.28	1.43
breaks	-0.28	1.17
negative	-0.28	1.29
heading	-0.28	1.21
bird	-0.28	1.24
title	-0.28	1.74
get	-0.28	3.17
attention	-0.28	1.49
jump	-0.28	1.26
seeing	-0.28	5.21
determine	-0.28	1.46
if	-0.27	3.98
again	-0.27	3.32
1998	-0.27	1.41
deserve	-0.27	1.45
26	-0.27	1.42
prepare	-0.27	1.51
freedom	-0.27	1.39
smarter	-0.27	1.58
sounds	-0.27	2.57
reasons	-0.27	1.63
government	-0.27	1.22
separate	-0.27	1.23
situations	-0.27	1.49
dline	-0.27	2.56
honest	-0.27	4.01
omaha	-0.27	1.36
criticism	-0.27	1.33
duo	-0.27	4.46
reasoning	-0.27	1.93
forgotten	-0.27	2.36
respective	-0.27	1.47
chance	-0.27	1.94
dad	-0.27	1.11
wondered	-0.27	3.07
bend	-0.27	1.19
lay	-0.26	1.47
understanding	-0.26	1.83
sexual	-0.26	1.22
everything	-0.26	2.92
spin	-0.26	1.17
d	-0.26	3.73
motion	-0.26	1.53
figure	-0.26	3.33
slowly	-0.26	1.49
might	-0.26	3.63
2000s	-0.26	1.75
should	-0.26	3.51
stay	-0.26	2.31
gay	-0.26	1.67
ask	-0.26	3.57
means	-0.26	3.37
rid	-0.26	1.28
truth	-0.26	2.58
portland	-0.26	1.10
law	-0.26	1.17
race	-0.26	1.21
learn	-0.26	1.86
entered	-0.26	1.14
helmet	-0.26	1.16
goes	-0.26	1.95
burfict	-0.26	0.91
d-line	-0.26	2.54
enough	-0.26	3.25
saved	-0.26	1.59
otherwise	-0.26	3.37
21	-0.26	1.44
suspended	-0.26	1.33
once	-0.26	2.42
weak	-0.26	2.41
rugby	-0.26	1.22
soccer	-0.25	1.26
judging	-0.25	1.45
expect	-0.25	3.88
kluwe	-0.25	1.37
realize	-0.25	3.89
matters	-0.25	1.81
shut	-0.25	1.17
claims	-0.25	1.81
week	-0.25	1.60
impact	-0.25	1.35
child	-0.25	0.98
prove	-0.25	2.75
actively	-0.25	1.60
espn	-0.25	1.13
recognize	-0.25	2.99
benefit	-0.25	1.44
my	-0.25	1.17
stayed	-0.25	1.80
rebuild	-0.25	1.67
texas	-0.25	0.97
respect	-0.25	3.41
no	-0.25	3.19
crack	-0.25	1.34
media	-0.25	1.24
worse	-0.24	1.74
arguments	-0.24	2.02
timeouts	-0.24	1.71
popular	-0.24	1.25
blood	-0.24	1.41
adding	-0.24	1.32
state	-0.24	0.98
tell	-0.24	3.82
reporters	-0.24	1.39
hot	-0.24	1.29
pushed	-0.24	1.18
grass	-0.24	1.36
by	-0.24	2.14
areas	-0.24	1.23
cleared	-0.24	1.46
25	-0.24	1.46
remains	-0.24	1.60
bc	-0.24	1.17
extent	-0.24	1.76
decline	-0.23	1.35
toronto	-0.23	1.15
rules	-0.23	1.39
thread	-0.23	2.36
buck	-0.23	1.21
forward	-0.23	1.17
imo	-0.23	2.51
save	-0.23	1.41
youre	-0.23	2.76
defender	-0.23	1.23
go	-0.23	2.75
stopped	-0.23	2.04
mayock	-0.23	1.19
incomplete	-0.23	1.46
near	-0.23	1.44
2014	-0.23	1.36
finish	-0.23	2.19
24	-0.23	1.45
dropping	-0.23	1.27
collinsworth	-0.23	1.36
interior	-0.23	2.59
overly	-0.23	2.54
career	-0.23	2.58
past	-0.23	1.72
busy	-0.23	2.32
even	-0.23	3.85
rick	-0.23	1.17
within	-0.23	1.52
take	-0.23	2.89
rise	-0.23	1.15
troll	-0.22	2.07
bottle	-0.22	1.32
desire	-0.22	1.09
far	-0.22	2.45
how	-0.22	3.26
2012	-0.22	1.51
way	-0.22	3.30
drugs	-0.22	1.35
pass	-0.22	2.08
snapped	-0.22	1.28
98	-0.22	1.14
reaching	-0.22	1.37
trouble	-0.22	2.65
yet	-0.22	3.34
mentality	-0.22	1.10
commentator	-0.22	1.35
1,000	-0.22	1.59
states	-0.21	1.08
al	-0.21	1.19
23	-0.21	1.45
previous	-0.21	1.67
yourself	-0.21	2.62
theyre	-0.21	2.69
did	-0.21	3.66
cap	-0.21	1.44
strategy	-0.21	1.71
social	-0.21	1.30
borland	-0.21	1.00
arena	-0.21	1.34
setting	-0.21	1.67
13-3	-0.21	2.15
28	-0.21	1.47
leave	-0.21	2.55
passion	-0.21	1.06
burned	-0.21	1.18
27	-0.21	1.47
core	-0.21	2.86
aggressive	-0.21	1.71
shift	-0.21	1.32
claim	-0.21	2.09
found	-0.21	1.36
zero	-0.21	1.42
interview	-0.21	1.36
walked	-0.21	1.38
affect	-0.21	1.40
imply	-0.21	3.46
biggest	-0.21	2.33
complaint	-0.21	1.81
examples	-0.21	1.55
much	-0.21	2.24
audience	-0.21	1.07
120	-0.20	1.35
dead	-0.20	1.33
whatsoever	-0.20	1.57
spirit	-0.20	1.09
door	-0.20	1.21
path	-0.20	1.25
guarantee	-0.20	3.86
complex	-0.20	1.85
argument	-0.20	2.21
begins	-0.20	1.34
weeks	-0.20	1.67
ties	-0.20	1.13
severely	-0.20	1.54
kiper	-0.20	1.24
31	-0.20	1.46
problem	-0.20	1.86
surely	-0.20	3.14
bets	-0.20	1.65
bridge	-0.20	1.17
repeatedly	-0.20	1.46
country	-0.20	1.22
greatest	-0.20	4.27
canada	-0.20	1.30
surprise	-0.20	4.23
onto	-0.20	1.27
mock	-0.20	1.43
lately	-0.20	1.73
karma	-0.20	2.05
culture	-0.20	1.20
credit	-0.20	1.53
29	-0.20	1.46
reporting	-0.20	1.34
def	-0.20	2.28
switch	-0.19	0.98
flop	-0.19	1.76
produce	-0.19	1.73
0-16	-0.19	1.95
years	-0.19	1.74
private	-0.19	1.15
golf	-0.19	1.27
gets	-0.19	2.18
upcoming	-0.19	1.48
scary	-0.19	2.09
somewhere	-0.19	2.14
stage	-0.19	1.34
stuff	-0.19	2.29
1000	-0.19	1.52
roll	-0.19	1.49
court	-0.19	1.31
react	-0.19	1.85
applies	-0.19	1.64
pete	-0.19	1.03
lombardi	-0.19	1.32
rolled	-0.19	1.23
dominance	-0.19	1.71
incorrect	-0.18	4.01
viewers	-0.18	1.05
around	-0.18	1.52
trip	-0.18	1.05
chances	-0.18	1.30
fall	-0.18	1.57
children	-0.18	1.01
potentially	-0.18	1.63
him	-0.18	3.29
any	-0.18	2.53
cup	-0.18	1.22
hardy	-0.18	1.09
tackled	-0.18	1.22
structure	-0.18	1.54
momentum	-0.18	1.22
worked	-0.18	2.10
fish	-0.18	1.10
heisman	-0.18	1.36
homer	-0.18	2.34
desperate	-0.18	3.45
then	-0.18	3.12
stepped	-0.18	1.28
band	-0.18	1.17
work	-0.18	2.64
stated	-0.18	2.29
400	-0.18	1.49
ol	-0.18	2.55
hypothetical	-0.18	1.87
begin	-0.17	1.41
guys	-0.17	2.72
trust	-0.17	2.67
staring	-0.17	1.76
public	-0.17	1.26
wondering	-0.17	4.97
automatically	-0.17	1.75
last	-0.17	1.70
afl	-0.17	2.73
ones	-0.17	1.43
snap	-0.17	1.39
table	-0.17	1.36
served	-0.17	1.25
environment	-0.17	1.58
times	-0.17	1.67
16-0	-0.17	2.21
30	-0.17	1.69
sources	-0.17	1.37
90	-0.17	1.48
ago	-0.17	1.71
letting	-0.17	1.86
loaded	-0.17	1.98
barely	-0.17	1.46
understood	-0.17	2.56
touched	-0.17	1.19
notice	-0.17	3.79
changed	-0.17	1.39
2.5	-0.17	1.19
cameras	-0.17	1.20
change	-0.16	1.43
balanced	-0.16	2.03
earth	-0.16	2.33
turns	-0.16	1.91
walking	-0.16	1.34
mile	-0.16	1.05
subject	-0.16	1.47
radar	-0.16	2.93
100	-0.16	1.36
grab	-0.16	1.25
sudden	-0.16	1.38
albert	-0.16	1.01
substance	-0.16	1.24
neither	-0.16	3.16
32	-0.16	1.43
system	-0.16	1.34
details	-0.16	1.52
risky	-0.16	1.79
purpose	-0.16	1.70
factors	-0.16	1.40
interest	-0.16	1.74
advantage	-0.15	1.37
famous	-0.15	1.56
fell	-0.15	1.25
punched	-0.15	1.06
mixed	-0.15	1.71
them	-0.15	3.39
ground	-0.15	1.20
defensive	-0.15	2.80
focused	-0.15	2.86
concern	-0.15	2.01
theory	-0.15	1.75
fairness	-0.15	1.53
70s	-0.15	1.46
education	-0.15	1.17
could	-0.15	3.49
major	-0.15	1.31
events	-0.15	1.29
shove	-0.15	1.17
away	-0.15	1.85
manner	-0.15	1.71
1999	-0.15	1.34
flaws	-0.15	1.75
foot	-0.15	1.18
getting	-0.14	3.41
paycheck	-0.14	1.14
replacement	-0.14	1.81
significantly	-0.14	1.64
died	-0.14	1.19
hearts	-0.14	1.35
forget	-0.14	3.58
millions	-0.14	1.17
facts	-0.14	2.07
complicated	-0.14	2.10
34	-0.14	1.47
9-7	-0.14	2.50
gruden	-0.14	1.16
began	-0.14	1.36
progress	-0.14	1.43
shake	-0.14	1.54
throws	-0.14	1.64
arguably	-0.14	4.32
10-6	-0.14	2.51
whenever	-0.14	2.16
flairs	-0.14	1.97
r/nfl	-0.13	2.02
commentary	-0.13	1.22
mexico	-0.13	1.18
predict	-0.13	2.69
generate	-0.13	1.17
when	-0.13	2.83
keeps	-0.13	1.91
andy	-0.13	1.07
handed	-0.13	1.25
crash	-0.13	1.13
glad	-0.13	5.52
cash	-0.13	1.19
fingers	-0.13	1.10
hopes	-0.13	1.36
schools	-0.13	1.19
salary	-0.13	1.42
flawed	-0.13	1.62
myself	-0.13	4.04
alive	-0.13	1.37
advice	-0.13	1.36
september	-0.13	1.33
bill	-0.13	1.10
outside	-0.13	1.80
5-11	-0.13	2.22
clean	-0.13	3.05
year	-0.13	1.92
ride	-0.13	1.18
contain	-0.13	1.54
spike	-0.12	1.35
laid	-0.12	1.21
cry	-0.12	4.92
related	-0.12	1.50
sensitive	-0.12	4.69
visit	-0.12	1.06
landed	-0.12	1.16
locked	-0.12	1.27
tends	-0.12	1.58
sadly	-0.12	2.98
parent	-0.12	1.07
international	-0.12	1.32
developed	-0.12	1.25
cops	-0.12	1.17
want	-0.12	3.54
ron	-0.12	1.18
70	-0.12	1.39
cuts	-0.12	1.24
touch	-0.12	1.30
todd	-0.12	1.19
positive	-0.12	1.30
odds	-0.12	1.60
iirc	-0.12	1.80
ensure	-0.12	1.37
staying	-0.12	2.11
laying	-0.12	1.32
statement	-0.12	2.24
sub	-0.12	2.02
drug	-0.12	1.28
back	-0.12	2.37
outs	-0.12	1.57
sporting	-0.12	1.58
places	-0.12	1.29
comparing	-0.12	1.56
reality	-0.12	1.72
reputation	-0.12	0.99
badly	-0.12	2.04
employees	-0.12	1.13
drafts	-0.12	1.70
current	-0.11	2.37
havent	-0.11	1.87
gone	-0.11	2.24
reddit	-0.11	1.99
release	-0.11	1.47
remain	-0.11	1.82
university	-0.11	1.00
stopping	-0.11	1.67
went	-0.11	2.10
kaep	-0.11	1.01
i.e	-0.11	1.16
opens	-0.11	1.16
upvotes	-0.11	1.92
jealous	-0.11	5.49
pre	-0.11	1.25
europe	-0.11	1.33
corps	-0.11	2.80
air	-0.11	1.16
honesty	-0.11	1.81
tears	-0.11	2.49
deliver	-0.11	1.36
2-14	-0.11	2.16
than	-0.11	1.66
analogy	-0.11	1.97
birds	-0.10	1.28
publicly	-0.10	1.57
concept	-0.10	1.60
october	-0.10	1.36
rant	-0.10	1.69
fly	-0.10	1.27
faces	-0.10	1.17
counted	-0.10	1.50
hide	-0.10	1.43
empty	-0.10	1.25
stanford	-0.10	1.02
dive	-0.10	1.17
months	-0.10	1.63
off	-0.10	1.57
while	-0.10	2.33
dollars	-0.10	1.22
cough	-0.10	0.97
jameis	-0.10	1.33
glass	-0.10	1.25
laws	-0.10	1.23
failure	-0.10	1.33
reverse	-0.10	1.18
randomly	-0.10	1.65
curious	-0.10	5.53
sat	-0.10	1.56
comes	-0.10	1.82
others	-0.10	2.15
senior	-0.10	1.17
spread	-0.10	1.55
wo	-0.10	3.42
frequently	-0.10	1.46
bubble	-0.10	1.41
planned	-0.10	1.70
frustrated	-0.09	5.32
military	-0.09	1.02
bonus	-0.09	1.40
decades	-0.09	2.42
boost	-0.09	1.37
finger	-0.09	1.12
o	-0.09	2.13
shotgun	-0.09	1.41
lesser	-0.09	1.46
heavy	-0.09	1.53
cromartie	-0.09	1.13
london	-0.09	1.14
basic	-0.09	1.63
sit	-0.09	1.69
marijuana	-0.09	1.24
schwartz	-0.09	1.53
solely	-0.09	1.40
start	-0.09	1.76
meaningless	-0.09	1.83
40	-0.09	2.77
drag	-0.09	1.18
reasonably	-0.09	1.69
eye	-0.09	1.09
scrimmage	-0.09	1.57
seconds	-0.09	1.63
co	-0.09	0.97
seriousness	-0.09	3.23
discussions	-0.09	1.77
atleast	-0.09	2.74
butt	-0.09	1.61
avoiding	-0.09	1.46
isnt	-0.09	2.48
universe	-0.09	1.39
ideas	-0.09	1.39
35	-0.09	1.74
shoulders	-0.09	1.21
told	-0.09	2.77
off-season	-0.09	1.35
profit	-0.09	1.18
basis	-0.08	1.48
ripped	-0.08	1.35
long-term	-0.08	1.31
stacked	-0.08	2.35
cutting	-0.08	1.30
dedicated	-0.08	1.30
weed	-0.08	1.22
33	-0.08	1.48
reflect	-0.08	1.35
money	-0.08	1.25
absolutely	-0.08	1.45
background	-0.08	1.46
cross	-0.08	1.34
category	-0.08	2.25
spot	-0.08	2.04
dangerous	-0.08	1.69
dl	-0.08	2.45
levy	-0.08	1.00
implies	-0.08	1.93
tnf	-0.08	1.07
weaknesses	-0.08	1.72
scrub	-0.08	2.06
fairley	-0.08	1.12
picked	-0.08	1.80
finishing	-0.08	1.74
rosters	-0.08	1.89
bullet	-0.08	1.10
usa	-0.08	1.26
surprised	-0.08	5.53
objectively	-0.08	1.63
woman	-0.08	1.07
days	-0.08	1.65
next	-0.08	2.06
prevent	-0.08	1.46
inside	-0.07	1.86
quicker	-0.07	1.57
aspect	-0.07	1.44
during	-0.07	1.26
smoking	-0.07	1.18
thankfully	-0.07	1.75
escape	-0.07	1.32
gap	-0.07	1.59
force	-0.07	1.17
playing	-0.07	1.51
student	-0.07	0.97
run	-0.07	1.72
middle	-0.07	1.66
supposed	-0.07	4.09
evidence	-0.07	1.68
further	-0.07	1.65
crossed	-0.07	1.23
expand	-0.07	1.19
obvious	-0.07	1.57
box	-0.07	1.45
cba	-0.07	1.20
genius	-0.07	1.35
action	-0.07	1.31
sherman	-0.07	1.19
up	-0.07	2.28
confidence	-0.07	1.05
protecting	-0.07	1.95
march	-0.07	1.32
period	-0.07	1.60
radio	-0.07	1.18
ended	-0.07	1.55
hurry	-0.07	1.73
business	-0.06	1.23
slide	-0.06	1.26
smoke	-0.06	1.20
building	-0.06	1.31
dragged	-0.06	1.13
oregon	-0.06	1.01
dont	-0.06	3.56
wrote	-0.06	1.92
taxes	-0.06	1.13
space	-0.06	1.42
bite	-0.06	1.57
number	-0.06	1.30
chief	-0.06	1.52
insurance	-0.06	1.11
female	-0.06	0.98
women	-0.06	1.06
investment	-0.06	1.43
knocked	-0.06	1.15
century	-0.06	1.62
include	-0.06	1.32
program	-0.06	1.08
prepared	-0.06	3.15
helped	-0.06	1.66
flair	-0.06	2.14
bothered	-0.06	5.08
belong	-0.06	2.58
step	-0.05	1.40
whose	-0.05	1.12
2016	-0.05	1.44
angry	-0.05	5.41
reid	-0.05	1.08
300	-0.05	1.44
tax	-0.05	1.15
considered	-0.05	2.33
blitz	-0.05	1.68
mlb	-0.05	1.28
sick	-0.05	3.98
importance	-0.05	1.39
sorta	-0.05	3.06
apply	-0.05	1.30
came	-0.05	1.48
spending	-0.05	1.52
continued	-0.05	1.37
subjective	-0.05	1.51
extended	-0.05	1.35
busted	-0.05	1.34
michigan	-0.05	1.04
assumption	-0.05	2.23
suddenly	-0.05	1.85
roster	-0.05	2.60
ive	-0.05	2.19
steps	-0.05	1.26
room	-0.05	1.23
muscle	-0.04	1.25
75	-0.04	1.39
remove	-0.04	1.64
decade	-0.04	2.31
comparison	-0.04	1.47
wash	-0.04	1.58
learned	-0.04	2.10
seats	-0.04	1.19
giant	-0.04	1.21
test	-0.04	1.26
drafting	-0.04	1.63
results	-0.04	1.34
7-9	-0.04	2.58
testing	-0.04	1.30
station	-0.04	1.08
bombs	-0.04	1.49
proof	-0.04	1.87
into	-0.04	1.61
36	-0.04	1.48
will	-0.04	3.26
plane	-0.04	1.18
teammates	-0.04	1.30
normally	-0.04	1.99
billion	-0.03	1.27
season	-0.03	1.57
block	-0.03	1.60
explaining	-0.03	2.80
key	-0.03	1.37
oklahoma	-0.03	1.00
wall	-0.03	1.16
flashes	-0.03	1.76
cat	-0.03	1.25
depends	-0.03	2.26
downtown	-0.03	1.12
bodies	-0.03	1.23
subreddit	-0.03	2.00
2015	-0.03	1.48
performance	-0.03	1.51
research	-0.03	1.24
population	-0.03	1.25
quit	-0.03	1.98
80	-0.03	1.46
out	-0.03	2.31
packages	-0.03	1.66
focusing	-0.03	2.31
established	-0.03	1.98
sole	-0.03	1.35
dump	-0.03	1.45
passed	-0.03	1.28
hope	-0.03	3.51
upvoted	-0.03	2.21
wouldnt	-0.03	3.77
<SPECIAL>	-0.03	1.09
<URL>	-0.03	1.09
headline	-0.03	1.63
spend	-0.03	1.50
stays	-0.03	2.33
injured	-0.02	1.53
fsu	-0.02	1.09
salaries	-0.02	1.26
screens	-0.02	1.48
seat	-0.02	1.22
purposes	-0.02	1.39
holes	-0.02	1.55
screen	-0.02	1.39
blocks	-0.02	1.54
statistically	-0.02	1.51
boat	-0.02	1.34
thus	-0.02	1.42
punch	-0.02	1.08
defended	-0.02	1.25
spent	-0.02	1.64
simmons	-0.02	1.51
incentive	-0.02	1.39
explained	-0.02	2.45
weapons	-0.02	2.46
slip	-0.02	1.33
expected	-0.02	3.41
described	-0.02	1.96
sport	-0.02	1.28
himself	-0.02	1.97
through	-0.02	1.53
dollar	-0.02	1.19
auburn	-0.02	1.09
colorado	-0.02	0.91
men	-0.02	1.08
ban	-0.01	1.49
formation	-0.01	1.56
instantly	-0.01	1.99
suggest	-0.01	2.72
500	-0.01	1.65
users	-0.01	1.98
working	-0.01	2.21
floor	-0.01	1.40
legal	-0.01	1.41
usc	-0.01	1.09
topic	-0.01	1.91
voted	-0.01	1.39
youth	-0.01	1.23
phil	-0.01	1.13
fail	-0.01	1.79
insert	-0.01	1.12
ton	-0.01	1.21
adds	-0.01	1.31
50	-0.01	1.58
before	-0.01	1.89
revenue	-0.01	1.12
bump	-0.01	0.98
popped	-0.01	1.25
votes	-0.01	1.50
driving	-0.01	1.25
meh	-0.01	2.32
questions	-0.01	2.13
37	-0.01	1.46
minority	-0.01	1.71
turned	-0.01	1.59
earn	-0.00	1.31
ran	-0.00	2.31
pot	-0.00	1.14
common	-0.00	1.51
heck	-0.00	2.05
edge	-0.00	2.01
gus	-0.00	1.08
cheap	-0.00	1.10
walk	-0.00	1.40
left	-0.00	1.72
perspective	-0.00	1.51
barring	-0.00	1.55
2013	-0.00	1.70
starts	-0.00	1.64
tannehill	-0.00	1.09
acceptable	-0.00	1.51
ways	-0.00	1.85
already	-0.00	2.03
national	-0.00	1.19
maintain	-0.00	1.34
income	0.00	1.18
equivalent	0.00	1.54
bench	0.00	1.38
38	0.00	1.47
football	0.00	1.69
hours	0.00	1.53
control	0.00	1.30
guaranteed	0.00	1.38
alcohol	0.00	1.41
alabama	0.00	1.06
proved	0.00	2.41
trend	0.00	1.36
desean	0.00	0.88
disappointed	0.00	5.39
dancing	0.00	1.60
targeted	0.01	1.46
tests	0.01	1.29
adult	0.01	1.14
april	0.01	1.33
sports	0.01	1.09
possession	0.01	1.26
insult	0.01	1.79
market	0.01	1.23
runs	0.01	1.53
turf	0.01	1.17
dave	0.01	1.07
longer	0.01	1.55
takes	0.01	1.74
cop	0.01	1.11
remind	0.01	3.04
backwards	0.01	1.23
talked	0.01	1.77
addressed	0.01	1.75
deserved	0.01	1.44
rgiii	0.01	1.04
angle	0.01	1.45
flight	0.01	1.24
blitzing	0.01	1.80
rg3	0.01	1.01
her	0.01	1.03
college	0.01	1.17
camera	0.01	1.51
took	0.01	1.52
likely	0.01	2.90
section	0.01	1.50
45	0.01	1.67
slower	0.01	1.83
improvement	0.01	1.51
winston	0.01	1.37
zone	0.02	1.66
contribute	0.02	1.54
older	0.02	1.40
receive	0.02	1.30
demand	0.02	1.30
blowouts	0.02	1.18
designed	0.02	1.18
stock	0.02	1.24
value	0.02	1.37
expecting	0.02	5.20
41	0.02	1.71
slap	0.02	1.26
feet	0.02	1.20
realistically	0.02	3.05
throwing	0.02	1.48
contracts	0.02	1.29
vegas	0.02	1.50
ll	0.02	3.45
tweets	0.02	1.65
signing	0.02	1.35
build	0.02	1.44
thought	0.02	3.64
ring	0.02	1.26
contract	0.02	1.29
costs	0.02	1.17
coke	0.02	1.38
pointed	0.02	2.52
coverage	0.02	1.91
chosen	0.02	1.32
150	0.02	1.38
itself	0.02	1.63
big	0.02	1.56
betting	0.02	2.72
combine	0.02	1.86
series	0.02	1.04
consensus	0.03	2.32
colin	0.03	1.09
dominant	0.03	2.84
bus	0.03	1.19
articles	0.03	1.67
99	0.03	1.13
instant	0.03	1.36
success	0.03	1.51
based	0.03	1.42
crossing	0.03	1.46
enter	0.03	1.15
comeback	0.03	1.38
decides	0.03	2.63
manage	0.03	2.47
grimes	0.03	1.18
conclusion	0.03	2.21
paying	0.03	1.21
allow	0.03	1.67
amount	0.03	1.29
recently	0.03	1.55
fitzgerald	0.03	1.13
slight	0.03	1.27
apparently	0.03	2.79
bounds	0.03	1.20
receiving	0.03	2.58
42	0.03	1.46
reward	0.03	1.26
received	0.03	1.33
beginning	0.03	1.41
martin	0.03	1.12
backed	0.03	2.03
help	0.03	2.03
fix	0.03	1.70
leverage	0.03	1.17
coincidence	0.04	2.27
elevator	0.04	1.08
leg	0.04	1.10
cancer	0.04	1.79
consistency	0.04	1.63
tested	0.04	1.31
commercials	0.04	1.45
genuinely	0.04	3.57
does	0.04	3.28
additional	0.04	1.22
warning	0.04	1.44
200	0.04	1.47
restructure	0.04	1.37
paid	0.04	1.18
cheers	0.04	1.69
merely	0.04	2.73
anytime	0.04	2.69
information	0.04	1.36
blocker	0.04	2.07
possible	0.04	2.25
ted	0.04	1.01
offers	0.04	1.41
perform	0.04	1.39
gain	0.04	1.37
effort	0.04	1.07
gains	0.04	1.45
pool	0.04	1.17
rights	0.05	1.13
blockers	0.05	1.96
drove	0.05	1.15
opportunity	0.05	2.30
allows	0.05	1.28
load	0.05	1.25
standpoint	0.05	1.46
built	0.05	1.05
marketing	0.05	1.66
becomes	0.05	1.74
kaepernick	0.05	1.09
ruin	0.05	1.14
pay	0.05	1.18
theres	0.05	1.95
whoever	0.05	2.80
given	0.05	1.44
defenders	0.05	1.57
includes	0.05	1.36
earned	0.05	1.23
community	0.05	1.39
subs	0.05	1.93
stretch	0.05	1.37
doesnt	0.05	2.98
circus	0.05	1.54
voting	0.05	1.46
below	0.05	2.49
million	0.05	1.44
broadcast	0.05	1.10
hour	0.06	1.48
commercial	0.06	1.49
pump	0.06	1.97
worried	0.06	5.60
39	0.06	1.45
everyday	0.06	1.29
evaluate	0.06	1.36
continue	0.06	2.15
recall	0.06	3.07
set	0.06	1.34
sooner	0.06	2.60
standard	0.06	1.30
asking	0.06	4.01
loose	0.06	1.16
continues	0.06	2.21
john	0.06	1.28
event	0.06	1.38
pissed	0.06	5.60
larry	0.06	1.07
44	0.06	1.46
wife	0.06	1.01
underneath	0.06	1.56
ap	0.06	0.91
daily	0.06	1.39
started	0.06	1.65
honor	0.06	1.97
similarly	0.07	1.63
upset	0.07	5.60
themselves	0.07	2.22
released	0.07	1.26
worth	0.07	1.45
offer	0.07	1.44
top	0.07	4.60
ellington	0.07	1.14
person	0.07	2.01
8-8	0.07	2.70
des	0.07	2.27
roughly	0.07	1.46
43	0.07	1.46
america	0.07	1.23
practicing	0.07	1.39
mod	0.07	2.04
gon	0.07	4.11
brent	0.07	1.05
uk	0.07	1.25
poe	0.07	1.36
sherm	0.07	1.22
referring	0.07	3.91
led	0.07	1.61
hotel	0.07	1.13
largest	0.07	1.37
existed	0.07	1.33
smaller	0.07	1.46
science	0.07	1.20
scared	0.07	5.54
granted	0.07	2.44
later	0.07	1.55
study	0.07	1.23
soon	0.08	2.60
incognito	0.08	1.21
development	0.08	1.44
usually	0.08	1.38
content	0.08	1.72
end	0.08	1.59
drill	0.08	2.19
gross	0.08	1.27
accounts	0.08	1.88
rock	0.08	1.34
margin	0.08	1.54
aging	0.08	1.82
asked	0.08	2.42
date	0.08	1.11
eyes	0.08	1.31
legs	0.08	1.11
mil	0.08	1.40
deals	0.08	1.22
wallace	0.08	1.11
nervous	0.08	5.55
stronger	0.08	1.94
offered	0.08	1.39
fitz	0.08	1.20
candidate	0.08	1.67
bored	0.08	4.99
held	0.08	1.35
developing	0.08	1.44
threads	0.08	2.03
civil	0.08	1.27
unknown	0.08	1.42
griffin	0.08	1.03
haden	0.08	1.21
twitter	0.08	1.65
sacrifice	0.09	1.51
she	0.09	1.03
fair	0.09	1.85
singing	0.09	1.97
bang	0.09	1.04
tough	0.09	1.73
weekly	0.09	1.09
standards	0.09	1.33
parking	0.09	1.11
efficient	0.09	1.98
depending	0.09	1.38
quickly	0.09	1.82
provide	0.09	1.54
easier	0.09	1.90
marks	0.09	0.94
dalton	0.09	1.08
school	0.09	1.11
club	0.09	1.05
triple	0.09	1.42
ca	0.09	3.15
linebackers	0.09	2.17
smack	0.09	1.45
rushers	0.09	2.35
bathroom	0.09	1.09
immediately	0.09	2.18
companies	0.09	1.04
writing	0.09	1.73
bucks	0.09	1.30
throw	0.09	1.50
hoped	0.09	3.98
track	0.09	1.69
hs	0.09	1.17
closed	0.09	1.13
there	0.10	2.90
hopefully	0.10	2.77
freshman	0.10	1.11
expansion	0.10	1.77
6-10	0.10	2.75
hand	0.10	1.18
beyond	0.10	1.51
dt	0.10	1.89
training	0.10	1.23
wherever	0.10	2.55
belichick	0.10	0.97
percent	0.10	1.44
age	0.10	1.33
ashamed	0.10	5.47
recognition	0.10	1.23
productive	0.10	2.05
responding	0.10	3.02
cared	0.10	1.65
cam	0.10	1.11
banned	0.10	1.77
stats	0.10	1.45
succeed	0.10	1.75
reps	0.10	1.46
tech	0.10	1.22
mods	0.10	2.01
salty	0.11	3.92
november	0.11	1.31
expectations	0.11	1.38
lb	0.11	2.13
blackmon	0.11	1.01
shocked	0.11	5.54
justified	0.11	1.72
difference	0.11	1.76
cris	0.11	1.07
4-12	0.11	2.65
conversation	0.11	2.03
deeper	0.11	1.37
snyder	0.11	1.02
old	0.11	1.37
constantly	0.11	1.80
atkins	0.11	1.21
statistic	0.11	1.47
bank	0.11	1.40
dbs	0.11	2.16
miles	0.11	1.43
account	0.11	1.71
ball	0.11	1.26
provided	0.11	1.59
production	0.11	1.45
routes	0.11	1.56
has	0.11	1.61
discussion	0.12	1.77
tackles	0.12	1.35
nt	0.12	1.96
successful	0.12	1.78
deal	0.12	1.34
pr	0.12	1.58
price	0.12	1.20
comments	0.12	2.22
extension	0.12	1.29
require	0.12	1.36
counts	0.12	1.58
opened	0.12	1.27
palmer	0.12	1.28
sitting	0.12	1.74
tiny	0.12	1.32
resume	0.12	1.59
teeth	0.12	1.42
united	0.12	1.18
0	0.12	1.54
answer	0.12	2.86
hook	0.12	1.42
practices	0.12	1.16
sets	0.12	1.63
quotes	0.12	2.08
books	0.12	1.43
regret	0.12	2.93
exposed	0.12	1.77
harder	0.12	1.87
faster	0.12	1.82
ultimate	0.13	1.51
finally	0.13	2.57
cut	0.13	1.31
audio	0.13	1.13
minutes	0.13	1.65
1.5	0.13	1.28
figures	0.13	1.29
mouth	0.13	1.41
falls	0.13	1.17
richard	0.13	1.24
trick	0.13	1.09
excited	0.13	5.59
regularly	0.13	1.34
healthy	0.13	1.89
consideration	0.13	1.39
locker	0.13	1.19
deserves	0.13	1.25
offseason	0.13	1.36
wright	0.13	1.11
dreams	0.13	1.29
fear	0.13	2.45
personally	0.13	3.95
chemistry	0.13	1.36
info	0.13	1.52
stone	0.13	1.10
cost	0.13	1.30
80s	0.14	1.73
nowadays	0.14	1.76
didnt	0.14	3.21
covering	0.14	1.48
belongs	0.14	2.68
ours	0.14	2.11
default	0.14	1.36
quarters	0.14	1.89
analysis	0.14	1.32
gave	0.14	1.34
defined	0.14	1.29
46	0.14	1.51
im	0.14	5.03
penn	0.14	1.03
lavonte	0.14	1.09
de	0.14	2.05
duck	0.14	1.11
pads	0.14	1.15
olb	0.14	1.91
attend	0.14	1.07
linemen	0.14	2.25
primarily	0.14	1.33
concerned	0.14	5.61
disaster	0.14	1.90
trades	0.14	1.62
afterwards	0.14	1.94
volume	0.14	1.48
signs	0.14	1.21
careful	0.14	2.29
actual	0.14	1.52
epic	0.15	1.68
madden	0.15	1.13
aldon	0.15	1.12
brothers	0.15	1.09
street	0.15	1.11
agency	0.15	1.43
town	0.15	0.96
lean	0.15	1.28
after	0.15	1.74
appear	0.15	2.03
soul	0.15	1.25
exciting	0.15	1.96
combined	0.15	1.72
ice	0.15	1.35
mental	0.15	1.33
placed	0.15	1.40
upper	0.15	1.84
removed	0.15	1.95
until	0.15	1.80
board	0.15	1.23
leads	0.15	1.60
statistics	0.15	1.43
an	0.15	2.07
gas	0.15	1.09
count	0.15	3.25
tweet	0.16	2.28
thrown	0.16	1.41
bb	0.16	0.88
passes	0.16	1.56
always	0.16	3.18
posts	0.16	2.01
camp	0.16	1.28
along	0.16	1.68
stick	0.16	1.39
jpp	0.16	1.24
individual	0.16	1.38
tree	0.16	1.14
somehow	0.16	2.78
request	0.16	1.19
bigger	0.16	1.46
amounts	0.16	1.35
sometime	0.16	1.46
longest	0.16	2.54
pfm	0.16	1.23
leading	0.16	2.60
music	0.16	1.93
ends	0.16	1.86
papa	0.17	1.25
compare	0.17	1.42
quinn	0.17	1.23
pre-season	0.17	1.45
tagged	0.17	1.67
award	0.17	1.46
mariota	0.17	1.50
harper	0.17	1.25
shell	0.17	1.46
considering	0.17	1.95
advanced	0.17	1.33
wait	0.17	3.08
dare	0.17	2.20
bowman	0.17	1.14
rushing	0.17	1.96
cover	0.17	1.74
simpson	0.17	1.12
together	0.17	1.61
safeties	0.17	2.14
often	0.17	1.52
annoyed	0.17	5.31
rip	0.17	1.60
stat	0.17	1.47
final	0.17	1.70
promise	0.17	1.21
cars	0.18	1.11
awards	0.18	1.50
dime	0.18	1.70
larger	0.18	1.35
discipline	0.18	1.27
running	0.18	1.83
lineman	0.18	2.41
rotation	0.18	2.48
newton	0.18	1.18
formula	0.18	1.46
posting	0.18	1.95
rushes	0.18	1.85
short	0.18	1.55
knowledge	0.18	0.98
tend	0.18	1.36
60	0.18	1.49
perennial	0.18	1.97
advertising	0.18	1.06
route	0.18	1.61
jim	0.18	1.35
fox	0.18	1.09
square	0.18	1.13
eventually	0.18	2.87
data	0.18	1.38
willis	0.19	1.24
verner	0.19	1.19
charity	0.19	1.48
add	0.19	1.45
couch	0.19	2.05
local	0.19	1.08
networks	0.19	1.03
exclusive	0.19	1.12
counting	0.19	2.53
product	0.19	1.09
floyd	0.19	1.09
ad	0.19	0.99
waited	0.19	1.88
sacks	0.19	1.35
afford	0.19	1.17
elsewhere	0.19	1.74
statistical	0.19	1.42
irsay	0.19	1.01
behind	0.19	2.39
class	0.19	1.20
huge	0.19	1.61
prospects	0.19	1.89
park	0.19	1.03
cant	0.19	3.15
sneak	0.19	1.28
ahead	0.19	2.34
virginia	0.19	1.17
cornerback	0.19	1.65
scale	0.19	1.45
leap	0.19	1.23
oil	0.19	1.12
yours	0.19	2.06
attendance	0.19	1.64
ourselves	0.20	2.46
fa	0.20	1.46
month	0.20	1.36
humor	0.20	2.28
guards	0.20	2.26
drinks	0.20	1.47
rolls	0.20	1.26
snf	0.20	1.13
fresh	0.20	1.61
gf	0.20	1.00
wasted	0.20	1.89
numbers	0.20	1.48
metric	0.20	1.48
options	0.20	1.57
differences	0.20	1.44
luxury	0.20	1.18
gamble	0.20	1.61
train	0.20	1.47
minimum	0.20	1.30
lie	0.20	3.43
available	0.20	1.24
daughter	0.20	1.03
poster	0.20	3.01
unless	0.20	3.36
yac	0.20	1.67
nose	0.21	1.42
small	0.21	1.35
hole	0.21	1.23
kraft	0.21	1.02
signings	0.21	1.47
snaps	0.21	1.59
celebration	0.21	1.43
failing	0.21	1.80
trading	0.21	1.95
failed	0.21	1.51
therefore	0.21	1.70
rebuilding	0.21	1.58
caught	0.21	1.32
rub	0.21	1.19
confident	0.21	5.54
linked	0.21	2.14
cutler	0.21	1.13
appears	0.21	1.59
motivation	0.21	1.12
develop	0.21	1.37
accurate	0.21	1.88
open	0.21	1.50
long	0.21	1.43
predicting	0.21	3.27
bound	0.21	2.43
teddy	0.21	1.27
pace	0.21	1.63
corners	0.21	2.15
stafford	0.22	1.19
taller	0.22	1.47
trying	0.22	2.79
cfb	0.22	1.73
need	0.22	2.51
total	0.22	1.85
moreno	0.22	1.24
db	0.22	2.06
discount	0.22	1.42
company	0.22	1.06
sense	0.22	3.02
cornerbacks	0.22	2.29
carry	0.22	1.65
throat	0.22	1.41
scramble	0.22	1.24
song	0.22	1.93
checked	0.22	1.88
ir	0.22	1.73
grades	0.22	1.48
conte	0.22	1.04
davis	0.22	1.17
ratings	0.22	1.41
pop	0.23	1.36
trade	0.23	1.77
answers	0.23	2.08
face	0.23	1.24
realistic	0.23	2.62
groups	0.23	1.72
consistent	0.23	2.22
mcdonald	0.23	1.10
catches	0.23	1.70
lists	0.23	2.45
model	0.23	1.24
decided	0.23	2.39
minute	0.23	1.75
deep	0.23	1.59
heads	0.23	1.28
wake	0.23	1.09
raise	0.23	1.20
thin	0.23	1.80
figured	0.23	3.35
alex	0.23	1.13
cbs	0.23	1.08
noticed	0.23	2.37
antonio	0.23	1.03
girlfriend	0.23	1.04
uncle	0.23	1.13
directly	0.23	1.65
bed	0.23	1.57
signed	0.23	1.31
chose	0.23	1.63
shots	0.23	1.31
bars	0.23	1.21
til	0.23	2.05
catching	0.23	1.68
resign	0.23	1.29
pack	0.23	1.32
vernon	0.23	1.25
rushed	0.23	1.82
majority	0.24	1.76
sales	0.24	1.11
drunk	0.24	2.05
difficult	0.24	1.61
dry	0.24	1.49
managed	0.24	2.33
extend	0.24	1.27
downfield	0.24	1.61
produced	0.24	1.23
targets	0.24	1.76
finished	0.24	2.15
answered	0.24	2.79
worry	0.24	3.98
forever	0.24	1.75
greatness	0.24	1.44
sign	0.24	1.34
covered	0.24	1.49
owner	0.24	1.31
carson	0.24	1.35
chung	0.24	1.43
hunter	0.24	1.17
separation	0.24	1.65
checks	0.24	1.36
aspects	0.24	1.55
question	0.24	3.20
addition	0.25	1.55
retires	0.25	1.35
accident	0.25	1.37
try	0.25	2.82
sam	0.25	1.04
smitty	0.25	0.97
olsen	0.25	1.21
shorter	0.25	1.51
backs	0.25	2.69
anyways	0.25	3.33
roger	0.25	1.10
able	0.25	2.81
touchdowns	0.25	1.77
prices	0.25	1.19
early	0.25	1.35
drop	0.25	1.45
become	0.25	2.37
bar	0.25	1.36
ironic	0.25	2.31
reach	0.25	1.34
package	0.25	1.24
clear	0.25	1.48
flacco	0.25	1.17
version	0.25	0.94
creative	0.26	1.83
ilb	0.26	1.47
recievers	0.26	2.34
averaged	0.26	1.87
yards	0.26	1.82
dynasty	0.26	2.07
watt	0.26	1.12
apparent	0.26	1.63
efficiency	0.26	1.58
agent	0.26	1.41
increase	0.26	1.39
measure	0.26	1.41
lined	0.26	1.89
streams	0.26	1.10
war	0.26	0.98
comebacks	0.26	1.69
solution	0.26	1.70
jackson	0.26	0.95
gordon	0.26	1.00
couldnt	0.26	2.58
arms	0.26	1.22
era	0.26	2.21
campaign	0.26	1.23
reading	0.26	2.42
landry	0.26	1.00
tip	0.26	1.11
distraction	0.26	1.30
cheaper	0.26	1.31
listed	0.27	1.36
pounds	0.27	1.45
mom	0.27	1.04
tone	0.27	2.28
increased	0.27	1.50
sacked	0.27	1.28
pouncey	0.27	1.11
jj	0.27	1.13
gained	0.27	1.51
aj	0.27	1.02
flowers	0.27	1.29
eat	0.27	1.75
as	0.27	1.63
normal	0.27	1.42
poorly	0.27	1.56
large	0.27	1.40
stevie	0.27	1.11
downs	0.28	1.80
3-4	0.28	1.83
receptions	0.28	1.82
re-sign	0.28	1.30
wikipedia	0.28	1.52
like	0.28	2.25
looking	0.28	3.71
pocket	0.28	1.61
threw	0.28	1.49
intended	0.28	2.11
user	0.28	2.13
mentally	0.28	1.41
capacity	0.28	1.16
teammate	0.28	1.35
brand	0.28	1.13
image	0.28	1.19
legally	0.28	1.61
agents	0.28	1.50
yds	0.28	1.83
car	0.28	1.12
rhodes	0.28	1.09
smoked	0.28	1.21
instance	0.29	1.41
eli	0.29	1.27
responses	0.29	2.26
brady	0.29	1.23
modern	0.29	2.24
effective	0.29	1.92
patrick	0.29	1.09
typically	0.29	1.51
lady	0.29	1.13
chase	0.29	1.15
tipped	0.29	1.39
select	0.29	1.43
serve	0.29	1.20
averaging	0.29	1.83
tds	0.29	1.79
lattimore	0.29	1.14
confused	0.29	5.44
ex	0.29	0.99
players	0.29	2.04
brock	0.29	1.22
peters	0.29	1.15
dropped	0.29	1.44
bowe	0.29	1.39
brings	0.29	1.17
ypc	0.29	1.85
foles	0.29	1.06
meet	0.29	1.27
averages	0.30	1.83
refuse	0.30	2.66
mary	0.30	1.24
lead	0.30	1.66
hd	0.30	1.07
cb	0.30	1.48
cute	0.30	2.15
sending	0.30	1.59
can	0.30	3.03
jon	0.30	1.03
dpoy	0.30	1.36
bortles	0.30	1.20
television	0.30	1.01
respectable	0.30	2.13
arm	0.30	1.45
service	0.30	1.17
speaks	0.30	2.30
per	0.30	1.75
iii	0.30	1.01
inches	0.30	1.37
safe	0.30	2.14
bust	0.30	1.38
family	0.30	1.24
rusher	0.31	2.82
objective	0.31	1.49
leaf	0.31	1.25
wilson	0.31	1.16
free	0.31	1.42
meeting	0.31	0.99
driver	0.31	1.06
completions	0.31	1.66
filling	0.31	1.64
lights	0.31	1.16
messed	0.31	2.41
let	0.31	3.11
attempting	0.31	1.98
revis	0.31	1.24
kalil	0.31	1.49
jff	0.31	1.74
full	0.31	1.47
ints	0.31	1.51
party	0.31	1.66
suppose	0.31	3.41
interested	0.31	5.48
reached	0.31	1.35
carlos	0.31	1.12
blake	0.31	1.13
endzone	0.32	1.19
till	0.32	1.57
taught	0.32	1.53
carries	0.32	1.76
jeffrey	0.32	1.02
interceptions	0.32	1.42
joseph	0.32	1.16
4-3	0.32	1.72
53	0.32	1.93
access	0.32	1.14
announced	0.32	1.32
pollard	0.32	0.94
house	0.32	1.02
linebacker	0.32	2.21
touches	0.32	1.71
order	0.32	1.78
goat	0.32	2.50
jennings	0.32	0.99
angles	0.32	1.14
address	0.32	1.60
andrew	0.32	1.26
ford	0.32	0.98
russel	0.32	1.16
na	0.32	3.83
rankings	0.32	1.74
invested	0.32	3.53
unlikely	0.32	2.14
description	0.32	1.68
mr	0.32	1.56
limit	0.33	1.36
wont	0.33	3.17
spotlight	0.33	1.70
unproven	0.33	2.22
jay	0.33	1.03
replacing	0.33	1.43
gronk	0.33	1.34
main	0.33	1.31
land	0.33	1.17
stream	0.33	1.15
corner	0.33	1.79
sidebar	0.33	1.64
junior	0.33	1.17
prince	0.33	1.15
redzone	0.33	1.11
attempts	0.33	1.80
bradford	0.34	1.16
hype	0.34	1.95
bomb	0.34	1.46
tune	0.34	1.24
patterson	0.34	0.99
forces	0.34	1.46
better	0.34	1.44
general	0.34	1.46
such	0.34	1.42
network	0.34	1.06
graham	0.34	1.34
passer	0.34	1.85
inch	0.34	1.43
dobson	0.34	1.28
pumped	0.34	5.28
tuck	0.34	1.01
thinking	0.34	5.36
flashy	0.34	1.59
cruz	0.34	1.00
personality	0.34	1.17
nbc	0.34	1.04
halftime	0.34	1.26
wood	0.34	0.96
65	0.34	1.48
matthew	0.35	1.22
ready	0.35	4.45
exchange	0.35	1.20
weddle	0.35	1.13
fist	0.35	1.37
married	0.35	0.94
cable	0.35	1.11
inability	0.35	1.60
manziel	0.35	1.40
needing	0.35	1.60
allowed	0.35	3.04
dwayne	0.35	1.02
hopkins	0.35	1.05
gronkowski	0.35	1.37
strengths	0.35	1.43
kuechly	0.35	1.29
lbs	0.35	1.63
tom	0.35	1.24
half	0.35	2.01
rational	0.35	1.58
asiata	0.35	1.33
drives	0.35	1.73
practice	0.35	1.43
proud	0.35	5.25
warrant	0.35	1.37
stanton	0.35	1.50
delete	0.35	2.20
qbr	0.35	1.67
hands	0.36	1.38
barr	0.36	1.04
note	0.36	2.36
shape	0.36	2.43
veterans	0.36	1.69
meant	0.36	4.88
amendola	0.36	1.24
explains	0.36	1.86
page	0.36	1.72
garcon	0.36	0.95
calvin	0.36	1.14
receivers	0.36	2.08
peterson	0.36	0.79
evil	0.36	1.03
robert	0.36	1.21
ratio	0.36	1.77
fill	0.36	1.56
at	0.36	1.94
reception	0.36	1.64
weapon	0.36	2.05
berry	0.36	1.22
levels	0.36	1.38
marshall	0.36	1.06
vontae	0.36	1.10
jeffery	0.37	1.02
body	0.37	1.30
mix	0.37	1.44
math	0.37	1.64
mel	0.37	1.04
saw	0.37	1.79
55	0.37	1.40
vast	0.37	1.30
dream	0.37	1.28
forcing	0.37	1.49
son	0.37	1.14
spikes	0.37	1.32
sample	0.37	1.42
alshon	0.37	1.02
written	0.37	1.93
massive	0.37	1.45
blount	0.37	1.08
allowing	0.37	1.67
mo	0.37	1.15
european	0.38	1.36
website	0.38	1.44
bridgewater	0.38	1.41
megatron	0.38	1.11
girls	0.38	1.16
stars	0.38	1.49
talented	0.38	2.11
byrd	0.38	1.23
showing	0.38	1.58
mjd	0.38	1.09
payton	0.38	1.11
pound	0.38	1.47
julio	0.38	1.08
links	0.38	1.63
ticket	0.38	1.11
browner	0.38	1.16
passing	0.39	2.20
closely	0.39	2.52
purely	0.39	1.37
cooper	0.39	0.93
simple	0.39	1.67
unable	0.39	2.33
drc	0.39	1.27
cal	0.39	1.09
drink	0.39	1.57
mid	0.39	1.81
52	0.39	1.40
incoming	0.39	1.14
witten	0.39	1.35
greg	0.39	1.25
colston	0.39	1.08
tag	0.39	1.61
timing	0.39	1.99
roddy	0.39	0.96
apple	0.39	1.40
article	0.39	1.96
bounced	0.39	1.16
kenny	0.39	1.06
wrs	0.39	2.57
oj	0.39	1.23
nickel	0.39	1.84
movement	0.40	1.43
also	0.40	2.52
gio	0.40	1.16
immediate	0.40	1.39
racial	0.40	1.76
geno	0.40	1.34
rbs	0.40	2.33
needs	0.40	2.36
taken	0.40	1.82
check	0.40	1.67
pickup	0.40	1.49
switched	0.40	1.15
grow	0.40	1.02
rather	0.40	2.85
down	0.40	1.72
bounce	0.40	1.25
interviews	0.40	1.17
lifetime	0.40	1.16
completion	0.40	1.72
luck	0.40	1.24
gore	0.40	1.06
mnf	0.40	1.15
pussy	0.41	2.68
write	0.41	1.92
selling	0.41	1.01
identical	0.41	1.78
mvp	0.41	1.84
starks	0.41	0.93
weight	0.41	1.28
ass	0.41	1.45
lewan	0.41	1.07
owned	0.41	1.09
send	0.41	1.53
vince	0.41	1.38
window	0.41	1.29
rating	0.41	1.84
stable	0.41	2.23
eh	0.41	3.13
physically	0.41	1.30
film	0.41	1.07
channel	0.41	1.05
tuesday	0.41	1.28
ypa	0.41	1.77
phillip	0.41	1.32
fails	0.41	1.95
qbs	0.42	3.10
nicks	0.42	1.07
posted	0.42	1.82
david	0.42	1.10
busts	0.42	1.62
site	0.42	1.46
expensive	0.42	1.45
requires	0.42	1.30
destiny	0.42	1.19
advance	0.42	1.11
mcfadden	0.42	1.08
kiko	0.42	1.14
wilfork	0.42	1.35
jenkins	0.42	1.09
tape	0.42	1.16
completed	0.42	1.45
sleep	0.42	2.04
careers	0.42	1.47
mario	0.42	1.17
offering	0.42	1.67
correlation	0.42	1.56
pff	0.42	1.74
tes	0.43	2.05
highlight	0.43	1.13
search	0.43	1.49
included	0.43	1.80
carr	0.43	1.29
click	0.43	1.53
needed	0.43	1.89
tv	0.43	1.11
relative	0.43	1.47
hyped	0.43	4.48
johnny	0.43	1.22
banner	0.43	1.15
ebron	0.43	1.15
paul	0.43	0.90
51	0.43	1.40
qualify	0.43	1.54
cox	0.43	1.02
smell	0.43	1.27
breakout	0.43	1.89
hightower	0.43	1.33
hilton	0.43	1.03
faith	0.44	1.50
streaming	0.44	1.09
smith	0.44	1.05
lloyd	0.44	1.12
accuracy	0.44	1.86
sunday	0.44	1.31
different	0.44	1.27
pretty	0.44	2.08
facebook	0.44	1.59
explanation	0.44	2.10
max	0.44	1.26
brees	0.44	1.33
cousins	0.44	1.42
predictions	0.44	2.16
mayo	0.44	1.27
captain	0.44	1.12
kirk	0.44	1.36
teach	0.44	1.75
useful	0.44	1.59
bernard	0.44	1.05
torrey	0.44	1.12
tillman	0.44	1.04
kyle	0.44	1.08
maclin	0.44	1.02
48	0.44	1.41
jimmy	0.44	1.25
riley	0.44	0.91
freeman	0.44	1.29
morning	0.44	1.38
lafell	0.44	1.27
kam	0.45	1.08
girl	0.45	1.18
waiting	0.45	4.32
49	0.45	1.40
chancellor	0.45	1.08
mitchell	0.45	1.11
porn	0.45	1.37
austin	0.45	1.02
vet	0.45	1.78
capable	0.45	1.87
lesson	0.45	2.06
pm	0.45	1.30
canadian	0.45	1.25
well	0.45	2.12
laughing	0.45	2.95
chart	0.45	2.09
georgia	0.45	1.08
bennett	0.45	0.93
ngata	0.45	1.03
lob	0.45	1.20
jake	0.45	1.14
priority	0.45	2.09
code	0.45	1.40
group	0.45	2.39
rg	0.45	2.07
racist	0.46	1.82
draft	0.46	2.12
clowney	0.46	1.30
lining	0.46	1.74
scrambling	0.46	1.41
meaningful	0.46	1.50
unfortunately	0.46	3.24
garoppolo	0.46	1.28
raji	0.46	0.98
saturday	0.46	1.31
quote	0.46	2.54
whitner	0.46	1.24
cushing	0.46	1.12
tickets	0.46	1.11
differently	0.46	1.73
scored	0.46	1.88
ryan	0.46	1.34
ranks	0.46	3.77
dez	0.46	1.04
yardage	0.46	2.10
afternoon	0.46	1.29
et	0.46	0.99
robinson	0.46	0.98
amazed	0.46	5.57
von	0.47	1.17
joke	0.47	2.02
appropriate	0.47	1.74
tank	0.47	1.03
chandler	0.47	1.27
respond	0.47	2.91
tried	0.47	2.57
josh	0.47	1.05
forgive	0.47	3.01
int	0.47	1.61
edelman	0.47	1.25
lt	0.47	2.43
ben	0.47	1.25
upgrade	0.48	1.85
catch	0.48	1.76
wanting	0.48	2.44
boldin	0.48	1.63
target	0.48	1.89
relevant	0.48	1.84
quick	0.48	1.57
fast	0.48	1.78
romo	0.48	1.30
am	0.48	5.46
list	0.48	3.07
wire	0.48	1.13
vereen	0.48	1.26
dance	0.48	1.40
stride	0.48	1.63
m	0.48	5.42
frame	0.48	1.35
day	0.48	1.32
mettenberger	0.48	1.48
wanted	0.48	3.08
jordan	0.48	1.10
willing	0.48	3.34
sell	0.49	1.07
dvoa	0.49	2.25
rely	0.49	1.43
reasonable	0.49	1.61
low	0.49	1.75
chuck	0.49	1.22
rob	0.49	1.33
justin	0.49	1.07
luke	0.49	1.26
ertz	0.49	1.22
telling	0.49	4.84
tight	0.49	1.86
powerful	0.49	1.94
food	0.49	1.43
surface	0.49	1.28
threats	0.49	2.40
christian	0.49	1.13
proven	0.49	1.55
refused	0.49	2.22
jared	0.49	1.05
matty	0.49	1.10
ballot	0.49	1.72
maxwell	0.49	0.94
hat	0.49	1.05
vertical	0.50	1.45
material	0.50	1.84
lateral	0.50	1.49
effectively	0.50	1.46
quarterbacks	0.50	3.19
casey	0.50	1.06
noted	0.50	2.37
fake	0.50	1.12
used	0.50	2.30
tries	0.50	2.26
mathis	0.50	1.30
online	0.50	1.10
edwards	0.50	1.10
campbell	0.50	1.19
retire	0.50	1.46
woke	0.50	2.19
talib	0.50	1.24
td	0.50	1.67
offended	0.50	3.63
flash	0.50	1.05
reel	0.50	0.80
strictly	0.50	1.43
pc	0.50	1.52
bitch	0.50	2.65
prediction	0.51	2.32
mccarron	0.51	1.63
positions	0.51	2.52
assumed	0.51	3.63
ranking	0.51	2.64
kelly	0.51	1.08
quiet	0.51	1.91
hybrid	0.51	1.62
webb	0.51	0.98
perry	0.51	1.09
boss	0.51	1.34
fade	0.51	1.23
f	0.51	1.26
stole	0.51	1.28
pure	0.51	1.35
vincent	0.51	1.14
williams	0.52	1.35
scoring	0.52	2.18
savage	0.52	1.45
late	0.52	2.12
preseason	0.52	1.62
ponder	0.52	1.43
americans	0.52	1.72
eating	0.52	1.84
travel	0.52	1.21
soft	0.52	1.54
w	0.52	1.19
lance	0.52	1.00
earlier	0.52	1.71
aikman	0.52	1.11
cole	0.52	1.05
wings	0.52	1.16
bring	0.52	1.79
morgan	0.53	1.00
ranked	0.53	3.26
combo	0.53	2.21
respectively	0.53	2.61
peyton	0.53	1.27
tate	0.53	1.05
today	0.53	2.69
significant	0.53	1.43
russell	0.53	1.04
parties	0.53	1.53
lg	0.53	2.07
ot	0.53	1.73
balance	0.53	1.50
points	0.53	1.98
responded	0.53	3.16
roles	0.53	1.73
option	0.53	1.95
jonathan	0.53	1.27
hyde	0.53	0.96
kiss	0.53	1.42
nate	0.53	1.47
bush	0.53	1.19
differential	0.53	2.33
andre	0.53	1.06
coffee	0.53	1.91
gifs	0.54	1.75
walsh	0.54	1.09
younger	0.54	1.63
aware	0.54	5.47
dilfer	0.54	1.04
convinced	0.54	5.64
naturally	0.54	1.40
ate	0.54	1.85
sundays	0.54	1.25
odb	0.54	1.10
feed	0.54	1.71
bryant	0.54	1.04
demaryius	0.54	1.05
sarcastic	0.54	2.96
shaw	0.54	1.51
pictures	0.54	1.36
average	0.54	2.48
nick	0.54	1.16
michael	0.54	1.06
adrian	0.54	0.85
button	0.54	1.83
quarter	0.55	1.89
male	0.55	1.19
banana	0.55	1.26
miller	0.55	1.12
sister	0.55	1.05
message	0.55	1.97
blaine	0.55	1.35
cousin	0.55	1.11
fumbles	0.55	1.33
walker	0.55	1.08
fullback	0.55	2.10
desperately	0.55	2.05
primetime	0.55	1.05
ty	0.55	0.87
flying	0.55	1.14
avant	0.55	1.47
book	0.55	1.65
fully	0.55	3.16
derrick	0.55	1.09
nature	0.56	1.40
upon	0.56	1.32
fuller	0.56	0.98
machine	0.56	1.64
guessing	0.56	5.56
sure	0.56	5.31
benched	0.56	1.68
high	0.56	1.77
important	0.56	1.81
malcolm	0.56	1.07
russ	0.56	0.98
yard	0.56	1.46
spider	0.56	1.27
congrats	0.56	1.71
wide	0.56	2.10
reciever	0.56	2.73
pics	0.56	1.41
tj	0.56	1.20
lane	0.56	1.02
obj	0.56	1.10
present	0.57	1.40
forsett	0.57	1.00
beer	0.57	1.89
selected	0.57	2.07
fat	0.57	1.26
selection	0.57	2.10
legitimate	0.57	1.45
peanut	0.57	0.91
benjamin	0.57	1.08
santa	0.57	1.33
chris	0.57	1.11
thursday	0.58	1.22
replays	0.58	1.11
recovery	0.58	1.19
brandon	0.58	1.19
lock	0.58	1.78
traded	0.58	2.39
nowhere	0.58	1.61
movies	0.58	1.16
mccourty	0.58	1.27
britt	0.58	1.15
12th	0.58	2.80
sandwich	0.58	1.76
lack	0.58	1.89
steven	0.58	0.88
shown	0.58	1.51
buy	0.58	1.10
plug	0.59	1.72
collins	0.59	1.22
animal	0.59	1.35
pic	0.59	1.42
sanchez	0.59	1.44
avril	0.59	1.13
fran	0.59	1.16
profile	0.59	1.27
halfway	0.59	1.78
drew	0.59	1.32
decker	0.59	1.09
presence	0.59	1.71
breakdown	0.59	1.33
suggs	0.59	1.00
clay	0.59	0.97
master	0.59	1.01
higher	0.59	1.83
direct	0.59	1.63
read	0.59	2.20
meat	0.59	1.36
harris	0.59	1.17
dj	0.60	1.18
gates	0.60	1.26
link	0.60	1.57
lower	0.60	1.83
tony	0.60	1.33
specifically	0.60	2.45
rookies	0.60	1.93
feature	0.60	1.14
mack	0.60	1.00
shine	0.60	1.29
dunk	0.60	1.24
cooks	0.60	1.04
gloves	0.60	1.13
derek	0.60	1.20
rate	0.60	1.95
rogers	0.60	1.18
internet	0.60	1.75
clever	0.60	1.67
kelce	0.60	1.26
leadership	0.60	1.50
zach	0.60	1.40
picks	0.60	2.46
wayne	0.61	1.07
american	0.61	2.18
certain	0.61	1.26
nicely	0.61	1.46
daniels	0.61	1.01
fleener	0.61	1.17
spiller	0.61	1.24
duh	0.61	1.76
wagner	0.61	0.96
mankins	0.61	1.56
pizza	0.61	1.37
glasses	0.61	1.16
cheese	0.61	1.35
clemons	0.61	0.88
worthy	0.61	1.82
transition	0.61	1.81
all-pro	0.61	2.04
ivory	0.61	1.51
ethic	0.61	1.59
cook	0.61	1.08
swear	0.61	1.46
afraid	0.62	5.60
friends	0.62	1.46
gabbert	0.62	1.37
style	0.62	1.11
te	0.62	2.00
alternative	0.62	1.59
keenan	0.62	1.06
haynesworth	0.62	1.05
pan	0.62	1.25
active	0.62	2.32
above	0.62	2.36
weird	0.62	3.48
roy	0.62	1.19
odell	0.62	1.06
hmmm	0.62	3.30
lewis	0.62	1.32
willie	0.62	1.09
mcclain	0.62	1.07
using	0.63	2.15
thomas	0.63	1.00
safety	0.63	2.00
1/2	0.63	1.26
devil	0.63	1.14
danny	0.63	1.16
yesterday	0.63	1.38
rounds	0.63	2.46
refer	0.63	2.30
brother	0.63	1.05
moore	0.63	1.06
beckham	0.63	1.06
sky	0.63	1.01
reaction	0.63	1.79
bobby	0.63	0.95
particular	0.64	1.44
fits	0.64	1.20
hmm	0.64	2.90
sammy	0.64	1.11
evans	0.64	1.05
ditka	0.64	1.47
drafted	0.64	2.36
update	0.64	1.54
depth	0.64	2.56
8th	0.64	3.58
ej	0.64	1.40
initially	0.64	2.67
chain	0.64	2.04
9th	0.64	3.57
traffic	0.64	1.30
jamarcus	0.64	1.12
ridley	0.64	1.27
post	0.65	2.54
manuel	0.65	1.42
ill	0.65	3.14
photo	0.65	1.25
score	0.65	1.58
backfield	0.65	2.28
leader	0.65	1.73
native	0.65	2.17
highlights	0.65	1.15
rank	0.65	3.60
khalil	0.65	1.00
mason	0.65	1.07
chad	0.65	1.11
lindley	0.65	1.59
id	0.65	2.93
morris	0.65	0.97
first	0.65	2.37
manning	0.65	1.31
strip	0.65	1.17
deserving	0.65	1.75
golden	0.66	1.04
watkins	0.66	1.06
idk	0.66	3.44
asses	0.66	1.71
insight	0.66	1.50
butler	0.66	1.11
power	0.66	1.40
mobile	0.66	1.47
adjusted	0.66	2.20
10th	0.66	3.52
jamaal	0.66	1.04
threat	0.66	1.92
balls	0.67	1.50
c	0.67	1.69
officially	0.67	1.49
pierre	0.67	1.02
mccoy	0.67	0.98
drive	0.67	1.60
kuhn	0.67	1.02
accurately	0.67	1.55
brought	0.67	1.03
computer	0.67	1.67
response	0.67	2.49
lee	0.67	1.03
shall	0.67	1.62
night	0.68	1.29
yeah	0.68	3.21
branch	0.68	0.92
demarcus	0.68	1.27
define	0.68	1.64
aaron	0.68	1.17
dennard	0.68	1.07
kurt	0.68	1.24
shady	0.68	1.00
comfortable	0.68	5.13
named	0.68	1.05
bud	0.68	1.78
henne	0.68	1.55
drinking	0.68	1.96
use	0.68	2.25
stewart	0.69	0.99
joe	0.69	1.11
eric	0.69	1.07
plus	0.69	1.84
sent	0.69	1.56
spectacular	0.69	2.86
level	0.69	1.79
jordy	0.70	1.00
earl	0.70	0.96
ward	0.70	1.21
stacy	0.70	1.03
l	0.70	1.25
pro-bowl	0.70	2.01
guard	0.70	2.46
g	0.70	1.58
overtime	0.70	1.41
schaub	0.70	1.54
logan	0.70	1.26
richardson	0.70	1.33
baldwin	0.70	0.85
buying	0.70	1.00
experience	0.70	1.14
tebow	0.70	1.21
sold	0.70	1.01
explosive	0.70	1.81
automatic	0.71	1.37
namath	0.71	1.46
bowler	0.71	2.07
footage	0.71	1.06
video	0.71	1.09
via	0.71	1.58
brooks	0.71	1.09
tomorrow	0.71	1.40
jones	0.71	1.01
monday	0.71	1.32
tommy	0.71	1.15
smart	0.71	1.79
round	0.71	2.61
speech	0.72	1.28
oilers	0.72	1.03
smash	0.72	1.11
mine	0.72	1.66
store	0.72	1.24
pro	0.72	1.99
hard	0.72	1.44
woodhead	0.72	1.14
legion	0.72	0.84
absurd	0.72	2.59
exact	0.72	1.67
knocks	0.73	1.09
slot	0.73	2.07
sophomore	0.73	1.74
hoping	0.73	5.43
honorable	0.73	0.99
mallet	0.73	1.62
darren	0.73	1.13
overall	0.73	3.01
friend	0.73	1.45
rt	0.73	2.33
murray	0.73	1.09
amp	0.73	1.27
net	0.74	2.09
skin	0.74	1.29
ama	0.74	2.22
lesean	0.74	0.99
demarco	0.74	0.97
fyi	0.74	2.03
memories	0.74	1.25
greater	0.74	1.51
hof	0.74	1.99
colt	0.74	1.58
optimistic	0.74	5.30
kearse	0.74	1.04
charles	0.74	1.02
daniel	0.74	1.15
app	0.74	1.65
beers	0.75	2.01
longevity	0.75	1.65
matthews	0.75	0.95
nelson	0.75	1.00
cj	0.75	1.14
real	0.75	1.39
dunno	0.75	3.45
faded	0.75	1.38
stephen	0.75	0.83
frank	0.75	1.07
mallett	0.75	1.67
percentage	0.75	2.15
pick	0.75	2.58
interception	0.75	1.32
mark	0.76	1.10
turnover	0.76	1.38
receiver	0.76	2.53
friday	0.76	1.45
allen	0.76	1.02
ware	0.76	1.26
randle	0.76	0.98
google	0.76	1.64
cobb	0.76	0.91
julius	0.76	1.24
redskin	0.76	2.01
traditional	0.77	1.24
mars	0.77	1.31
fs	0.77	1.37
welker	0.77	1.18
boykin	0.77	1.06
shows	0.77	1.05
sooo	0.77	2.50
serviceable	0.77	2.52
shields	0.77	0.93
close	0.77	2.03
genuine	0.77	1.55
electric	0.77	1.52
glennon	0.78	1.65
shaun	0.78	1.10
hoyer	0.78	1.65
perfectly	0.78	1.56
fame	0.78	2.00
sake	0.78	1.67
text	0.78	1.76
mighty	0.78	1.35
mathews	0.78	0.99
tavon	0.78	1.12
mosley	0.78	0.94
talent	0.78	1.63
accomplished	0.79	1.58
passionate	0.79	1.64
pryor	0.79	1.10
accidentally	0.79	2.31
bruno	0.79	1.33
technique	0.79	1.88
norm	0.79	1.23
don	0.79	1.21
rounders	0.79	2.61
recover	0.79	1.11
alfred	0.79	0.95
starters	0.80	2.47
rounder	0.80	2.61
suit	0.80	1.10
runner	0.80	1.82
bell	0.80	1.23
weekend	0.80	1.20
shazier	0.80	0.97
lunch	0.80	1.97
irvin	0.80	0.97
hall	0.80	1.97
bruce	0.80	1.09
hill	0.80	1.32
fitzpatrick	0.81	1.70
clausen	0.81	1.48
1st	0.81	2.76
theme	0.81	1.15
glory	0.81	1.30
rivers	0.81	1.94
future	0.81	2.26
projected	0.81	2.60
7th	0.81	2.94
reference	0.82	1.96
compliment	0.82	1.59
jerome	0.82	1.15
awareness	0.82	1.53
philip	0.82	1.95
magic	0.82	1.21
headed	0.82	1.40
specific	0.82	1.63
anquan	0.82	1.71
anthony	0.82	1.44
borderline	0.82	1.79
form	0.82	1.66
potential	0.83	1.51
kellen	0.83	1.57
ta	0.83	2.88
legacy	0.83	1.46
rodgers	0.83	1.21
forte	0.83	1.06
outstanding	0.83	2.97
convert	0.83	1.32
charlie	0.83	1.15
warner	0.83	1.28
length	0.83	1.53
washed	0.83	1.43
matt	0.83	1.63
king	0.83	1.05
movie	0.83	1.13
skittles	0.83	1.10
impossible	0.84	1.58
djax	0.84	1.14
adam	0.84	0.79
upside	0.84	1.59
fumble	0.84	1.26
keenum	0.84	1.73
funny	0.84	3.31
gg	0.85	1.66
everybody	0.85	3.56
equal	0.85	1.51
clinton	0.85	0.89
x	0.85	1.34
iq	0.85	1.80
miracle	0.85	1.56
type	0.85	1.35
promising	0.85	2.13
videos	0.85	1.08
lineup	0.86	2.51
wes	0.86	1.15
deleted	0.86	2.77
weeden	0.86	1.71
undrafted	0.86	2.26
2.0	0.86	0.74
sean	0.86	1.15
rough	0.86	2.31
role	0.86	1.86
show	0.86	1.11
taste	0.86	2.41
properly	0.86	1.89
mobility	0.86	1.83
praise	0.86	1.08
wan	0.87	3.17
shop	0.87	1.19
absolute	0.87	1.94
attempt	0.87	1.26
context	0.87	2.41
sterling	0.87	1.11
second	0.87	2.67
similar	0.87	1.81
ginn	0.87	1.01
ross	0.87	0.94
fb	0.87	1.94
thanksgiving	0.87	1.38
pros	0.87	1.70
helm	0.87	1.80
ss	0.87	1.29
flynn	0.88	1.80
lebron	0.88	1.25
definition	0.88	2.17
scores	0.88	1.59
corey	0.88	1.35
squad	0.88	2.42
doug	0.88	0.98
fluke	0.88	1.58
importantly	0.88	1.29
center	0.89	2.48
mccown	0.89	1.64
chicken	0.89	1.86
hence	0.89	3.14
fuckers	0.89	1.70
player	0.89	4.03
reliable	0.89	2.05
holmes	0.90	1.27
original	0.90	3.33
term	0.90	2.12
roethlisberger	0.90	1.97
impressed	0.90	5.17
y	0.90	1.31
whats	0.90	2.72
wants	0.90	3.81
peak	0.91	1.33
height	0.91	1.57
gary	0.91	1.14
t	0.91	1.29
comment	0.91	3.19
ps	0.91	1.90
got	0.91	2.55
scott	0.91	1.06
ingram	0.91	1.06
ken	0.91	1.18
lsu	0.91	1.29
intelligence	0.92	1.76
adams	0.92	1.03
clinton-dix	0.92	0.98
project	0.92	1.93
youtube	0.93	1.10
backups	0.93	2.43
shoes	0.93	1.52
excellent	0.93	2.84
replaced	0.93	1.02
foster	0.93	0.97
jr	0.93	1.42
franchise	0.93	4.14
cassel	0.94	1.89
entering	0.94	1.46
dan	0.94	1.13
copy	0.94	1.88
sproles	0.94	1.55
appreciate	0.94	1.81
j	0.95	1.21
lowest	0.95	2.96
tied	0.95	3.37
salt	0.95	1.64
gym	0.95	1.10
mother	0.95	1.30
athletes	0.95	1.38
johnson	0.95	1.77
arian	0.95	0.96
scene	0.95	1.17
prospect	0.95	2.63
wr1	0.96	2.08
truck	0.96	1.29
familiar	0.96	4.81
legendary	0.96	2.87
trent	0.96	1.04
brilliant	0.96	2.65
udfa	0.97	2.33
jeremy	0.97	1.64
mad	0.97	5.30
comparable	0.97	2.02
6th	0.97	3.01
hungry	0.98	4.94
hero	0.98	1.11
shorts	0.98	0.96
tim	0.98	1.01
cameron	0.98	1.27
orton	0.98	1.76
mascot	0.98	1.25
carter	0.99	1.09
fitting	0.99	2.22
outta	0.99	3.16
ceiling	0.99	1.77
tools	0.99	1.82
skills	0.99	2.06
replied	0.99	3.44
added	0.99	1.63
clutch	1.00	1.56
fourth	1.00	2.59
sack	1.00	1.48
royal	1.00	0.89
strength	1.01	1.84
necessary	1.01	1.51
amongst	1.01	3.87
relax	1.01	2.31
replace	1.01	1.16
fumbled	1.01	1.20
looks	1.02	2.50
sir	1.02	2.11
originally	1.02	3.39
2nd	1.02	2.92
painter	1.02	1.82
fit	1.03	1.59
hometown	1.03	3.23
describe	1.03	2.47
fifth	1.03	2.83
church	1.03	0.91
congratulations	1.03	1.49
bradshaw	1.03	1.22
wise	1.03	1.79
settle	1.03	1.24
3rd	1.03	2.81
irony	1.04	2.06
watch	1.04	1.16
extra	1.04	1.03
ridiculous	1.04	2.71
status	1.04	1.97
speak	1.05	2.85
curtis	1.05	1.17
bob	1.05	1.07
bought	1.05	1.08
great	1.05	2.50
reply	1.05	3.26
jacoby	1.06	1.06
montana	1.06	1.56
veteran	1.06	2.17
terry	1.06	1.21
b	1.06	1.68
fields	1.07	1.00
donald	1.07	0.93
4th	1.07	2.69
tall	1.08	1.66
birthday	1.08	1.55
light	1.08	1.22
forced	1.08	1.52
viable	1.08	2.07
intercepted	1.08	1.53
5th	1.08	3.14
dinner	1.09	1.88
clicked	1.09	2.82
watching	1.09	1.82
soooo	1.09	2.44
recommend	1.10	1.99
jerry	1.10	1.32
starting	1.10	2.74
mature	1.10	1.38
greats	1.10	2.42
elway	1.11	1.32
sentence	1.11	3.36
grade	1.11	2.57
anthem	1.11	1.12
letter	1.11	1.95
hes	1.11	2.54
ages	1.11	1.38
abilities	1.12	1.78
gods	1.12	1.58
stringers	1.12	2.62
fumbling	1.12	1.19
spoken	1.12	1.28
y'all	1.12	3.16
his	1.12	1.60
understandable	1.13	3.26
trap	1.13	1.06
sharing	1.13	1.13
cuz	1.13	3.06
indeed	1.13	2.30
missing	1.13	1.57
size	1.14	1.73
perfect	1.14	2.59
guy	1.15	1.98
touchdown	1.15	1.29
opening	1.15	1.05
lacking	1.15	2.26
worries	1.15	2.85
opposing	1.15	3.64
yall	1.16	3.13
cheerleaders	1.17	1.08
sarcasm	1.17	3.06
gif	1.17	1.34
green	1.18	0.97
showed	1.18	1.24
third	1.18	2.86
shit	1.18	1.84
gilbert	1.19	0.96
retirement	1.20	1.27
eligible	1.20	2.11
skill	1.20	1.73
famer	1.20	1.88
meaning	1.21	2.79
intelligent	1.21	1.38
realized	1.21	3.60
okay	1.21	2.97
vision	1.21	2.06
distance	1.22	1.14
generous	1.22	2.64
picture	1.22	1.42
retiring	1.22	1.27
turkey	1.22	1.98
yep	1.22	2.77
harvin	1.22	1.01
strong	1.22	2.38
tho	1.22	2.55
bitches	1.22	2.24
recovered	1.23	1.20
entertainment	1.23	1.52
gifted	1.23	1.71
episode	1.23	1.29
among	1.23	4.23
suited	1.23	1.53
smile	1.24	1.89
marino	1.24	1.85
kevin	1.24	1.13
yup	1.25	2.61
unitas	1.26	1.78
username	1.26	2.39
pray	1.26	1.45
error	1.26	3.75
british	1.26	2.08
fletcher	1.26	1.25
all-time	1.27	4.40
hi	1.27	1.88
hello	1.27	1.67
rb	1.27	2.11
superior	1.28	2.28
heh	1.28	2.35
lol	1.28	1.87
caps	1.28	2.12
range	1.29	1.09
nike	1.29	1.12
design	1.29	1.37
lacks	1.29	2.07
clip	1.29	1.15
percy	1.29	1.03
peppers	1.30	1.10
marcus	1.30	1.29
dig	1.30	1.44
sex	1.30	1.07
jason	1.31	1.29
ok	1.31	2.88
ability	1.31	1.94
talents	1.31	1.61
rod	1.31	1.43
primary	1.31	1.40
converted	1.32	2.15
woods	1.32	1.10
name	1.32	2.02
apologize	1.32	3.42
welcome	1.33	1.62
shame	1.33	3.74
yikes	1.33	1.69
conversion	1.34	1.48
damned	1.34	1.98
beef	1.34	1.17
terms	1.34	1.70
quarterback	1.34	3.96
yea	1.35	2.63
rare	1.35	1.88
gonzalez	1.35	1.44
crush	1.35	2.77
nope	1.36	2.65
steal	1.36	1.69
star	1.36	1.96
entertaining	1.36	2.27
required	1.37	1.49
alone	1.37	1.56
young	1.37	1.97
phrase	1.37	2.61
chill	1.37	2.08
mate	1.38	2.21
versatile	1.38	2.09
ideal	1.38	1.85
bro	1.38	2.62
btw	1.38	3.09
marvin	1.38	1.42
currently	1.38	4.17
huh	1.39	2.76
fred	1.39	1.24
em	1.39	2.65
starter	1.39	2.58
hey	1.40	2.77
mode	1.40	0.89
hail	1.40	1.19
calm	1.40	2.05
parker	1.41	1.14
ya	1.41	2.89
athlete	1.41	1.90
sauce	1.41	1.33
ai	1.42	2.87
terrell	1.42	1.38
jack	1.42	1.36
jeff	1.42	1.33
bbq	1.42	1.40
aint	1.42	2.83
enjoyed	1.42	2.16
brad	1.42	1.27
bet	1.43	4.59
r	1.44	1.77
da	1.44	2.49
250	1.44	1.46
dem	1.44	2.15
playmaker	1.44	1.95
legit	1.45	2.16
language	1.45	2.75
reggie	1.46	1.38
motherfuckers	1.46	1.92
anderson	1.46	1.14
wears	1.46	1.18
lord	1.46	1.31
pink	1.46	1.23
cream	1.47	1.45
pair	1.47	1.46
backup	1.48	2.58
fucker	1.48	1.61
owns	1.48	3.05
decent	1.49	2.83
champ	1.49	1.68
u	1.49	2.34
dynamic	1.49	2.92
bledsoe	1.50	1.41
enjoying	1.50	4.26
graphic	1.51	1.18
uhhh	1.51	2.40
buddy	1.51	2.52
bruh	1.51	2.85
thats	1.51	2.34
yo	1.51	2.71
umm	1.52	2.73
savior	1.52	1.13
randy	1.52	1.26
shirt	1.52	1.21
qb	1.53	3.96
brian	1.53	1.36
uh	1.53	2.58
paint	1.54	1.36
delicious	1.54	2.05
e	1.54	1.50
rookie	1.54	2.29
translate	1.54	1.55
boys	1.54	1.95
um	1.54	2.44
bout	1.54	2.70
alright	1.55	2.59
boy	1.56	2.21
athleticism	1.57	1.95
nah	1.58	2.87
field	1.59	1.10
butter	1.59	1.42
touchback	1.59	1.16
hasselbeck	1.59	1.43
amen	1.59	1.44
combination	1.59	2.20
lets	1.59	2.06
position	1.59	3.76
hell	1.59	2.46
rocket	1.59	1.52
n	1.60	1.50
spell	1.60	2.99
speed	1.60	1.99
clark	1.60	1.43
alexander	1.60	1.23
athletic	1.60	1.82
unbelievable	1.61	2.74
uhh	1.61	2.50
jersey	1.62	1.23
wearing	1.63	1.23
nightmare	1.64	2.49
highest	1.64	4.23
reminded	1.65	2.82
limited	1.66	1.63
physical	1.66	1.83
tier	1.67	4.00
rekt	1.67	1.77
proper	1.67	3.30
names	1.68	2.29
favre	1.68	1.49
wr	1.68	4.06
wear	1.69	1.25
celebrate	1.69	3.64
troy	1.70	1.65
returned	1.70	1.20
generation	1.71	3.50
rated	1.71	4.15
wore	1.71	1.26
harrison	1.71	1.43
worn	1.72	1.26
haha	1.72	2.39
barber	1.73	1.44
ouch	1.73	2.10
superstar	1.73	2.30
moon	1.73	1.54
forgot	1.74	3.22
attempted	1.74	0.98
cunningham	1.75	1.52
brown	1.75	1.59
classic	1.76	1.12
woodson	1.76	1.71
kelvin	1.76	1.47
ronnie	1.77	1.69
valuable	1.77	2.56
mistake	1.77	4.09
polamalu	1.77	1.73
lawrence	1.77	1.62
yes	1.78	2.23
dudes	1.78	1.27
faulk	1.79	1.56
natural	1.79	2.11
sapp	1.81	1.71
logical	1.81	3.38
walter	1.81	1.57
phenomenal	1.81	2.70
marshawn	1.81	0.90
randall	1.82	1.31
moss	1.82	1.50
hester	1.82	1.38
art	1.83	1.10
lynch	1.83	0.93
woo	1.84	1.75
devin	1.84	1.47
whoa	1.84	2.13
sigh	1.85	2.13
bold	1.85	2.46
onside	1.86	1.10
cannon	1.86	1.10
curse	1.86	1.13
caliber	1.87	3.71
p	1.87	1.22
george	1.87	1.44
raw	1.88	2.04
please	1.88	1.93
retired	1.89	1.53
urlacher	1.91	1.70
thanks	1.91	2.69
warren	1.91	1.59
smh	1.91	1.90
ah	1.91	2.81
oliver	1.92	0.87
nickname	1.92	1.07
good	1.92	2.35
fun	1.92	3.10
kickoff	1.92	1.17
james	1.92	1.42
solid	1.92	2.66
ha	1.92	1.96
op	1.93	4.16
ed	1.94	1.72
gray	1.94	1.22
bailey	1.94	1.37
c'mon	1.95	2.05
motherfucker	1.95	1.82
goal	1.96	1.18
whoops	1.96	3.51
boom	1.96	1.25
reed	1.97	1.78
gotcha	1.98	3.02
oops	1.98	3.48
steve	1.99	1.64
gift	1.99	1.14
brett	1.99	1.65
bright	2.00	1.39
lacy	2.01	1.09
dear	2.01	1.66
kidding	2.03	2.23
met	2.04	2.64
beard	2.04	1.46
ugh	2.04	2.07
returns	2.05	1.40
red	2.05	1.35
initial	2.05	3.57
blocked	2.05	1.13
aww	2.05	2.25
bastard	2.05	1.31
unreal	2.06	2.49
mcnabb	2.06	1.77
tucker	2.06	1.05
holder	2.06	1.06
return	2.06	1.43
hah	2.06	2.68
string	2.07	3.42
returner	2.07	1.48
returning	2.08	1.42
nailed	2.08	1.40
spelling	2.08	4.29
yarder	2.08	1.17
tremendous	2.09	2.55
impressive	2.09	2.35
ricky	2.10	1.41
pls	2.10	1.87
grammar	2.11	4.26
magical	2.11	2.27
wut	2.11	2.01
color	2.14	1.37
nuts	2.15	2.15
woah	2.15	2.05
lucky	2.15	2.58
helmets	2.15	1.45
elite	2.15	2.66
punt	2.15	1.40
fuck	2.17	1.68
punters	2.17	1.39
corrected	2.18	4.22
yay	2.19	1.89
wat	2.19	1.98
interesting	2.20	2.76
jerseys	2.20	1.45
liked	2.22	2.80
emmitt	2.22	1.78
hahaha	2.22	1.98
nevermind	2.23	2.89
plz	2.23	1.82
grey	2.24	1.37
words	2.24	4.03
ahh	2.25	2.83
welp	2.25	1.89
nail	2.25	1.20
sorry	2.25	3.97
white	2.25	1.44
barry	2.25	1.84
punts	2.26	1.39
sanders	2.26	1.89
purple	2.26	1.41
speaking	2.26	3.50
grossman	2.27	1.11
oh	2.27	1.98
kickoffs	2.28	1.17
insane	2.28	2.51
glorious	2.29	1.51
ahhh	2.29	2.36
reminds	2.29	2.20
logo	2.29	1.57
hahahaha	2.30	1.90
fixed	2.30	4.03
pat	2.30	1.10
watched	2.31	2.39
pants	2.31	1.47
technically	2.31	3.76
aw	2.32	2.10
cmon	2.32	1.87
dark	2.32	1.29
billy	2.33	1.21
k	2.33	1.04
easy	2.33	2.08
hair	2.33	1.31
kick	2.34	1.14
dat	2.34	1.62
lmao	2.35	1.82
deion	2.35	1.95
edited	2.35	4.24
baby	2.35	1.83
word	2.36	3.90
correctly	2.37	3.80
dammit	2.38	1.91
kicks	2.38	1.14
english	2.39	3.79
punter	2.40	1.30
kicking	2.40	1.15
punting	2.40	1.35
wtf	2.41	1.90
christmas	2.41	3.52
edit	2.41	4.17
thank	2.42	1.83
goddammit	2.43	1.88
christ	2.43	1.76
strikes	2.43	2.26
eddie	2.44	1.14
yellow	2.45	1.50
goddamnit	2.46	1.86
boot	2.46	1.13
orange	2.46	1.50
hilarious	2.46	2.20
damnit	2.48	1.83
omg	2.48	1.83
dawson	2.48	1.24
phone	2.50	3.70
tonight	2.51	2.21
motherfucking	2.54	1.44
cool	2.54	3.10
missed	2.54	1.29
gold	2.54	1.50
fg	2.55	1.32
uniforms	2.57	1.49
jeez	2.57	1.88
misses	2.59	1.31
goodness	2.62	1.66
alternate	2.63	1.46
vinatieri	2.64	1.28
goals	2.64	1.26
uniform	2.65	1.50
remembered	2.67	2.00
fgs	2.67	1.28
classy	2.69	2.32
black	2.70	1.50
props	2.71	2.55
blue	2.72	1.47
freak	2.73	2.30
colors	2.74	1.54
kickers	2.75	1.28
silver	2.76	1.52
humble	2.77	2.30
holy	2.77	1.78
fuckin	2.78	1.91
special	2.78	2.43
prater	2.79	1.30
kicked	2.81	1.31
cake	2.82	3.12
prefer	2.82	2.33
kicker	2.83	1.30
dang	2.89	1.82
aka	2.94	2.00
fucking	2.95	1.79
monster	2.95	2.07
goddamn	2.96	1.64
unique	2.98	2.28
incredible	3.00	2.31
friendly	3.05	2.26
badass	3.05	2.02
jesus	3.09	1.56
god	3.12	1.61
crazy	3.14	2.18
legend	3.19	2.46
beauty	3.24	1.74
stud	3.25	2.24
ugly	3.36	2.13
enjoy	3.53	1.49
prime	3.62	2.85
beast	3.67	1.73
bo	3.68	2.50
taylor	3.72	2.86
freaking	3.74	2.09
neat	3.77	2.09
dawkins	3.79	2.94
loving	3.79	1.79
mcnair	3.83	2.81
ole	3.83	2.10
man	3.86	2.24
wonderful	4.00	1.66
wow	4.09	2.20
damn	4.14	1.90
dude	4.55	1.98
miss	4.67	2.45
sweet	4.79	1.78
sexy	4.82	1.79
beautiful	4.95	1.34
