miserable	-3.90	1.25
bad	-3.73	0.75
failure	-3.68	0.89
shitty	-3.63	0.86
sleeper	-3.39	1.10
loss	-3.38	1.20
sickness	-3.29	1.00
forbid	-3.28	0.97
nightmare	-3.27	1.04
nightmares	-3.27	0.92
dislike	-3.27	0.76
felt	-3.26	1.75
brutal	-3.20	1.13
scary	-3.15	1.17
poor	-3.11	1.14
stomach	-3.09	1.03
bitter	-3.08	1.33
must	-3.06	1.07
imagine	-3.05	1.18
infection	-3.04	1.61
missing	-3.03	1.53
complains	-3.02	1.13
colic	-3.00	1.17
terrified	-2.99	1.20
virus	-2.97	1.64
deprivation	-2.96	1.22
lonely	-2.94	2.17
depressed	-2.94	2.15
unfair	-2.94	1.25
trapped	-2.90	2.17
unhappy	-2.90	2.19
deprived	-2.89	1.92
typical	-2.87	1.12
painful	-2.86	1.23
stupid	-2.86	1.16
mistake	-2.85	1.17
bloody	-2.85	1.18
acid	-2.83	1.35
helpless	-2.82	2.16
stressed	-2.81	2.23
suspicious	-2.80	1.66
sick	-2.80	1.23
vomit	-2.80	1.29
exhausted	-2.80	1.91
overwhelmed	-2.79	2.33
vulnerable	-2.77	2.24
feeling	-2.75	2.34
struggled	-2.75	1.40
twos	-2.74	1.09
cares	-2.74	1.22
resulted	-2.74	1.26
frustrated	-2.72	2.39
fault	-2.72	1.64
complained	-2.71	1.46
happening	-2.70	1.77
scared	-2.69	2.31
dies	-2.68	1.32
infections	-2.67	1.84
bacteria	-2.67	1.84
ear	-2.66	1.79
angry	-2.66	2.44
blame	-2.65	1.23
bug	-2.64	1.58
unfortunate	-2.63	1.12
jealous	-2.63	2.36
isolated	-2.62	2.10
crap	-2.60	1.25
remembering	-2.60	1.23
screams	-2.60	1.35
fought	-2.59	1.75
embarrassed	-2.58	2.44
cranky	-2.56	1.85
nagging	-2.56	1.39
annoyed	-2.55	2.48
upset	-2.53	2.52
anxious	-2.53	2.49
texture	-2.53	1.17
eater	-2.51	1.14
insecure	-2.51	2.48
tired	-2.48	2.18
unsure	-2.48	2.18
abandoned	-2.48	2.22
insulting	-2.48	1.51
wreck	-2.48	1.63
bored	-2.47	2.06
feel	-2.47	2.49
disappointed	-2.47	2.54
god	-2.42	1.28
uncomfortable	-2.42	2.31
bother	-2.42	1.69
feels	-2.41	2.29
news	-2.39	1.41
desperate	-2.39	2.10
gas	-2.38	1.33
awhile	-2.38	1.79
confused	-2.38	2.57
tastes	-2.37	1.62
ended	-2.37	1.68
sore	-2.37	1.34
antibiotics	-2.37	1.97
mad	-2.37	2.55
overtired	-2.36	1.98
minor	-2.32	1.82
prone	-2.32	1.34
outright	-2.32	1.36
hurts	-2.32	2.07
deeply	-2.30	2.30
sucks	-2.29	1.35
yells	-2.28	1.53
remembered	-2.28	1.58
gets	-2.28	1.65
happens	-2.27	1.74
expects	-2.26	1.62
childhood	-2.25	1.42
messed	-2.25	1.15
illnesses	-2.24	1.05
ridiculous	-2.23	1.38
hurt	-2.23	2.37
bothers	-2.23	1.42
useless	-2.23	1.04
misses	-2.23	1.43
backs	-2.22	1.57
complaining	-2.22	1.23
tried	-2.22	1.85
owned	-2.22	1.84
utterly	-2.22	1.51
grumpy	-2.21	2.29
vomiting	-2.21	0.83
guilty	-2.21	2.55
horribly	-2.21	2.33
pissed	-2.19	2.25
sucked	-2.18	1.39
upper	-2.17	1.78
experienced	-2.16	1.40
resent	-2.16	1.79
occur	-2.16	1.40
ashamed	-2.15	2.50
judged	-2.15	2.06
expose	-2.13	1.80
growing	-2.13	1.81
hungry	-2.13	1.94
sees	-2.13	1.52
fever	-2.13	1.06
refused	-2.13	1.52
defensive	-2.12	2.34
ugh	-2.11	1.48
terrors	-2.11	0.83
threatened	-2.10	1.93
lazy	-2.10	1.40
disgusting	-2.09	1.27
offended	-2.08	2.12
case	-2.08	1.92
reflux	-2.08	0.84
terror	-2.08	1.25
blaming	-2.07	1.17
suffered	-2.07	1.01
crappy	-2.06	1.31
meltdown	-2.06	0.89
literally	-2.05	1.56
afraid	-2.04	2.32
upsetting	-2.03	1.51
made	-2.02	1.77
torture	-2.02	0.91
sleepy	-2.02	1.99
fussy	-2.02	1.54
wonder	-2.01	2.22
traumatized	-2.00	2.12
taste	-1.99	1.20
constantly	-1.98	1.28
stands	-1.95	1.71
teething	-1.95	1.03
terribly	-1.95	2.34
nervous	-1.93	2.50
constipation	-1.91	1.07
suck	-1.91	1.49
legitimately	-1.90	2.03
entire	-1.90	1.59
meltdowns	-1.89	1.59
dying	-1.88	1.25
depression	-1.87	1.16
suffering	-1.87	1.16
okay	-1.86	2.88
rude	-1.84	1.24
struggling	-1.83	1.36
awkward	-1.82	2.12
except	-1.82	1.62
killed	-1.81	1.18
cruel	-1.81	1.19
panic	-1.81	0.97
hell	-1.80	1.54
exhaustion	-1.79	1.17
death	-1.79	1.14
irresponsible	-1.79	0.97
annoying	-1.78	1.42
scenarios	-1.78	1.67
illness	-1.78	1.04
frustrating	-1.78	1.37
petty	-1.78	1.16
ignorant	-1.77	1.16
cries	-1.77	1.26
insane	-1.76	1.52
freaks	-1.76	1.40
burning	-1.76	1.33
thinks	-1.76	1.48
throat	-1.75	1.06
unfortunately	-1.74	1.98
swing	-1.74	2.12
baths	-1.74	1.85
hunger	-1.74	1.54
spread	-1.74	1.28
carefully	-1.74	1.86
paranoid	-1.73	1.90
cough	-1.73	1.04
anxiety	-1.73	1.47
scenario	-1.73	1.86
pain	-1.73	1.17
worried	-1.72	2.46
rash	-1.72	1.00
hurtful	-1.72	1.38
grief	-1.71	1.88
exposed	-1.70	1.26
terrifying	-1.70	1.76
separation	-1.69	1.05
hits	-1.69	1.10
disease	-1.69	1.26
showers	-1.69	1.69
admit	-1.69	2.07
pointless	-1.68	1.08
ie	-1.68	1.55
anger	-1.68	1.83
die	-1.67	1.37
overly	-1.66	2.17
neglected	-1.66	1.28
frustration	-1.66	1.79
immune	-1.66	1.31
idiot	-1.66	1.18
medicine	-1.66	0.94
neglectful	-1.65	1.02
wind	-1.65	1.46
absolute	-1.65	1.40
throws	-1.64	1.09
vaccinated	-1.64	1.23
freaked	-1.64	1.61
frankly	-1.64	1.42
shame	-1.64	1.98
stuck	-1.63	1.38
guilt	-1.63	1.85
flu	-1.62	1.24
screamed	-1.62	0.88
scream	-1.62	1.40
wished	-1.62	1.77
bothered	-1.62	2.04
diseases	-1.62	1.24
selfish	-1.61	1.11
hyper	-1.61	2.23
scare	-1.61	1.28
discomfort	-1.61	1.21
heartbreaking	-1.61	1.80
lost	-1.59	1.26
germs	-1.59	1.20
myself	-1.58	2.16
bought	-1.57	2.06
mood	-1.57	1.32
postpartum	-1.56	1.25
shock	-1.56	0.97
measles	-1.56	1.24
whiny	-1.56	1.19
temper	-1.55	1.49
stress	-1.55	1.40
strapped	-1.55	2.32
wears	-1.55	1.83
experiencing	-1.55	1.34
cry	-1.55	1.76
relieved	-1.54	2.66
fluid	-1.54	1.12
disappointment	-1.54	1.74
shocked	-1.54	2.25
unvaccinated	-1.54	1.25
accident	-1.53	1.36
murder	-1.53	0.95
believe	-1.53	2.39
loses	-1.53	1.05
infected	-1.52	1.24
burned	-1.52	1.64
accidentally	-1.52	1.61
trauma	-1.51	1.20
abnormal	-1.51	2.04
disrespectful	-1.51	1.33
clingy	-1.50	2.06
horror	-1.50	1.00
concerned	-1.50	2.36
injured	-1.50	1.54
jerks	-1.50	1.23
anybody	-1.50	2.04
phases	-1.50	1.16
judgmental	-1.49	1.33
imply	-1.49	2.55
spit	-1.49	0.75
describe	-1.48	1.50
whooping	-1.48	1.25
fussing	-1.48	1.48
failing	-1.47	1.38
attempt	-1.47	1.14
whine	-1.47	1.50
ppd	-1.47	1.29
crying	-1.46	1.45
assholes	-1.46	1.19
confusing	-1.46	1.30
shaming	-1.46	1.25
judging	-1.46	1.61
jerk	-1.46	1.27
slightest	-1.45	1.83
intense	-1.45	1.09
fucked	-1.43	1.26
immature	-1.43	1.12
sudden	-1.43	1.13
fails	-1.42	0.96
insult	-1.42	1.59
ok	-1.41	2.87
freak	-1.41	1.70
preferred	-1.41	1.73
offensive	-1.41	1.57
reporting	-1.40	1.32
hit	-1.40	1.67
screaming	-1.40	1.05
aggressive	-1.39	1.43
immunity	-1.39	1.29
kicks	-1.39	0.98
naive	-1.39	1.28
sometimes	-1.39	2.19
pertussis	-1.39	1.24
fear	-1.39	1.71
obnoxious	-1.38	1.13
making	-1.38	1.72
kill	-1.38	1.30
fragile	-1.37	1.22
toxic	-1.37	0.91
overboard	-1.37	2.11
tl	-1.37	1.50
yelled	-1.37	1.84
punished	-1.37	1.82
worrying	-1.37	1.75
disaster	-1.37	2.07
general	-1.36	1.54
asshole	-1.36	1.26
chronic	-1.36	1.18
uses	-1.36	1.64
miscarriage	-1.35	1.14
irrational	-1.35	1.17
unreasonable	-1.35	1.46
disturbing	-1.35	1.13
mean	-1.35	3.03
understandable	-1.35	1.81
badly	-1.35	2.03
catching	-1.35	1.42
whining	-1.34	1.18
else	-1.34	2.85
inevitable	-1.34	1.41
asthma	-1.34	1.10
accepted	-1.34	1.86
asks	-1.33	1.47
stop	-1.33	1.50
tantrum	-1.33	1.25
vaccine	-1.32	1.25
spurt	-1.32	1.34
stole	-1.32	1.11
tries	-1.32	1.45
without	-1.32	1.66
worry	-1.32	2.95
frequent	-1.32	1.00
deaths	-1.31	1.24
dramatic	-1.31	1.49
complain	-1.31	1.43
failed	-1.31	1.04
suicide	-1.30	1.38
scares	-1.30	1.07
losing	-1.30	1.17
dare	-1.30	1.42
tells	-1.30	1.48
protective	-1.30	1.89
brat	-1.30	1.09
choices	-1.29	1.46
starts	-1.29	1.41
heaven	-1.29	1.13
wound	-1.29	1.18
bullied	-1.29	1.82
abusive	-1.29	1.08
injury	-1.28	1.40
believes	-1.28	1.15
threatening	-1.28	1.22
feelings	-1.28	1.87
bipolar	-1.28	1.43
cried	-1.28	1.22
bitch	-1.28	1.33
being	-1.27	1.72
died	-1.27	1.48
lied	-1.27	1.63
systems	-1.26	1.39
manipulative	-1.26	1.19
happen	-1.26	2.46
explicitly	-1.26	1.50
yell	-1.26	1.92
intervene	-1.25	1.74
worse	-1.25	2.05
s/he	-1.25	2.04
harsh	-1.25	1.50
holy	-1.25	1.59
mistakes	-1.25	1.41
confusion	-1.24	1.58
tubes	-1.23	1.18
piss	-1.23	1.09
tantrums	-1.23	1.30
necessarily	-1.23	2.93
easily	-1.23	2.06
consuming	-1.22	1.18
naughty	-1.22	1.13
demanding	-1.22	1.24
somehow	-1.22	1.69
victim	-1.21	1.29
hurting	-1.21	2.10
fine	-1.21	3.04
swallow	-1.21	0.87
unpleasant	-1.21	1.06
acts	-1.21	1.22
nobody	-1.21	2.00
inevitably	-1.20	1.89
mess	-1.20	1.36
deal	-1.20	2.13
preference	-1.20	1.22
strain	-1.20	1.05
emotion	-1.20	1.78
normal	-1.20	2.36
bullshit	-1.20	1.29
order	-1.19	1.15
gross	-1.19	1.09
melt	-1.19	1.05
medications	-1.19	1.15
afterwards	-1.19	1.58
result	-1.18	1.20
attack	-1.18	1.30
vaccines	-1.18	1.29
yelling	-1.18	1.54
damaging	-1.17	1.16
medication	-1.17	1.19
fail	-1.17	1.35
anyone	-1.17	3.07
stretch	-1.17	0.99
pushes	-1.17	1.23
suffer	-1.17	1.26
prescribed	-1.17	1.21
hormonal	-1.16	1.32
wants	-1.16	1.82
complications	-1.16	1.12
supposed	-1.15	3.01
lose	-1.15	1.26
should	-1.15	3.12
leading	-1.15	1.14
liquid	-1.15	0.98
reaches	-1.15	1.24
overwhelming	-1.15	1.24
spoiled	-1.15	1.21
meds	-1.15	1.24
why	-1.15	3.10
obligated	-1.14	1.81
fights	-1.14	1.19
comes	-1.14	1.40
simply	-1.14	3.00
either	-1.14	3.19
tylenol	-1.14	0.98
punish	-1.14	1.80
symptoms	-1.14	1.20
anything	-1.14	3.17
prevent	-1.14	1.16
whenever	-1.14	1.76
unlikely	-1.14	1.56
arrested	-1.14	1.44
seemed	-1.13	2.10
knowing	-1.13	2.38
disruptive	-1.13	1.18
causes	-1.13	1.17
anymore	-1.13	2.73
doing	-1.13	3.01
idiots	-1.13	1.19
relate	-1.12	1.64
dead	-1.12	1.06
shy	-1.12	2.17
caused	-1.12	1.16
tolerate	-1.12	1.17
fuss	-1.12	1.37
begging	-1.12	1.69
ease	-1.12	1.29
left	-1.12	2.05
accomplish	-1.12	1.83
stressful	-1.11	1.28
beat	-1.11	1.26
controlling	-1.11	1.31
decides	-1.11	1.55
cancer	-1.11	1.28
extreme	-1.11	1.28
emotions	-1.11	1.80
deliberately	-1.11	1.57
condescending	-1.11	1.59
herd	-1.10	1.32
impossible	-1.10	1.47
none	-1.10	2.09
rarely	-1.10	1.39
hitting	-1.10	1.46
attacks	-1.10	1.08
stopped	-1.10	1.52
disrespect	-1.10	1.03
dangerous	-1.10	1.24
dream	-1.09	1.03
picky	-1.09	1.07
caught	-1.09	1.47
calling	-1.09	1.42
defend	-1.09	1.53
incident	-1.09	1.51
judgment	-1.09	1.33
phase	-1.08	1.37
accused	-1.08	1.55
growth	-1.08	1.23
vaccinations	-1.08	1.27
killing	-1.08	1.04
severe	-1.08	1.24
big	-1.08	1.81
falls	-1.07	1.14
reacts	-1.07	1.42
throwing	-1.07	1.30
bothering	-1.07	2.27
vaccination	-1.07	1.32
excuse	-1.07	1.48
going	-1.07	3.07
attempted	-1.06	1.39
fair	-1.06	2.82
stops	-1.06	1.30
understand	-1.06	2.29
witnessed	-1.06	1.22
vaccinating	-1.06	1.35
regression	-1.05	1.20
unrealistic	-1.05	1.33
completely	-1.05	2.10
means	-1.05	2.73
abused	-1.04	1.57
judge	-1.04	1.67
pills	-1.04	1.20
violent	-1.04	1.35
tell	-1.04	2.72
judgement	-1.04	1.40
milestone	-1.03	1.15
something	-1.03	3.17
influence	-1.03	1.27
starving	-1.03	1.58
basically	-1.02	2.46
everybody	-1.02	1.65
fighting	-1.02	1.38
bullies	-1.02	1.20
ignorance	-1.02	1.23
way	-1.01	3.14
improved	-1.01	1.19
diabetes	-1.01	1.19
biting	-1.01	1.21
lying	-1.01	1.61
dealt	-1.01	1.44
everyone	-1.01	2.43
swear	-1.00	1.53
distracted	-1.00	2.26
cases	-1.00	1.55
inherently	-1.00	2.65
matter	-1.00	3.19
knows	-0.99	1.74
initially	-0.99	1.35
injuries	-0.99	1.35
flat	-0.99	0.96
everything	-0.99	3.13
choking	-0.99	0.88
sleeps	-0.99	1.07
drama	-0.99	1.37
saying	-0.99	2.98
caillou	-0.99	1.82
threaten	-0.99	1.53
blown	-0.98	1.14
recall	-0.98	1.30
protected	-0.98	1.40
mild	-0.98	1.18
vaccinate	-0.98	1.46
ignore	-0.98	1.40
bc	-0.98	1.28
lasts	-0.98	1.47
slept	-0.98	0.99
bruises	-0.98	1.13
severely	-0.98	1.66
intentionally	-0.98	1.72
condition	-0.97	1.39
behalf	-0.97	1.45
flying	-0.97	1.18
mommy	-0.97	2.36
regret	-0.97	1.65
everywhere	-0.97	1.08
runs	-0.97	1.26
bully	-0.97	1.34
waste	-0.97	1.26
truth	-0.96	1.99
fuck	-0.96	1.78
genuinely	-0.96	2.06
poop	-0.96	0.93
hormones	-0.96	1.22
fits	-0.96	0.96
hesitant	-0.96	2.16
wary	-0.96	1.82
begins	-0.96	1.56
needs	-0.96	2.10
desperately	-0.95	1.85
wo	-0.95	2.79
threw	-0.95	1.27
neither	-0.95	2.51
ears	-0.95	1.16
resentment	-0.95	1.60
helicopter	-0.95	1.36
excuses	-0.95	1.67
battle	-0.94	1.36
ill	-0.94	1.56
telling	-0.94	2.23
shot	-0.94	1.34
occurred	-0.94	1.41
express	-0.94	1.88
remotely	-0.93	2.17
fact	-0.93	3.08
realize	-0.93	2.61
arbitrary	-0.93	1.30
accidents	-0.93	1.27
however	-0.93	3.17
empathize	-0.93	1.66
marks	-0.93	1.23
nothing	-0.92	3.19
leaving	-0.92	2.00
acted	-0.92	1.67
hesitate	-0.92	2.20
assumptions	-0.92	1.56
getting	-0.92	2.31
neglect	-0.92	1.36
instead	-0.92	1.76
laws	-0.92	1.19
smell	-0.92	1.02
negative	-0.91	1.26
process	-0.91	1.30
sadly	-0.91	1.33
fucking	-0.91	1.75
cope	-0.90	1.58
possible	-0.90	2.64
say	-0.90	2.95
traumatic	-0.90	1.23
besides	-0.90	1.32
racist	-0.90	1.60
lungs	-0.89	1.19
talks	-0.89	2.27
harm	-0.89	1.72
disorder	-0.89	1.34
try	-0.88	2.56
exactly	-0.88	2.98
seem	-0.88	2.42
assuming	-0.88	2.20
hardly	-0.88	1.79
syndrome	-0.88	1.30
protect	-0.88	1.41
sleep	-0.88	1.04
situation	-0.88	2.15
hide	-0.88	1.75
therefore	-0.88	1.52
conditions	-0.88	1.40
same	-0.88	3.15
rage	-0.88	1.41
refusing	-0.87	1.58
prescription	-0.87	1.17
goes	-0.87	1.58
see	-0.87	2.80
ask	-0.87	2.64
molested	-0.87	1.74
chemicals	-0.87	1.07
true	-0.87	2.97
triggers	-0.87	1.38
christian	-0.87	1.28
ban	-0.87	1.01
flipping	-0.87	1.26
causing	-0.86	1.34
started	-0.86	1.55
abuser	-0.86	1.27
wanting	-0.86	2.31
major	-0.86	1.34
harmful	-0.86	1.25
disappear	-0.86	1.72
wait	-0.86	2.46
irrelevant	-0.86	1.64
justified	-0.86	1.76
moves	-0.86	1.36
mental	-0.86	1.45
destroyed	-0.86	1.52
exception	-0.86	1.16
cleared	-0.86	1.31
unknown	-0.85	1.35
hazard	-0.85	1.70
rule	-0.85	1.26
luckily	-0.85	1.43
thrown	-0.85	1.28
puberty	-0.85	1.19
adhd	-0.85	1.37
lie	-0.85	2.26
excited	-0.85	2.90
again	-0.85	2.78
encounter	-0.85	1.51
start	-0.84	1.71
boring	-0.84	1.28
newborns	-0.84	1.00
pulls	-0.84	1.30
leads	-0.84	1.34
cause	-0.84	1.36
never	-0.84	2.46
catch	-0.84	1.39
tummy	-0.84	0.91
permanently	-0.84	1.41
assault	-0.84	1.30
unsafe	-0.84	1.44
avoid	-0.84	1.36
privilege	-0.83	1.22
damaged	-0.83	1.57
forced	-0.83	1.61
fight	-0.83	1.55
difference	-0.83	1.66
justify	-0.83	1.75
knocked	-0.83	1.30
reports	-0.83	1.47
exceptions	-0.83	1.65
hearing	-0.83	1.34
religion	-0.83	1.31
himself	-0.83	1.87
low	-0.82	1.16
refuses	-0.82	2.25
screwed	-0.82	1.30
insists	-0.82	2.29
cps	-0.82	1.44
kicking	-0.82	1.31
co	-0.82	0.98
lord	-0.82	1.57
lies	-0.82	1.55
bible	-0.81	1.28
questioning	-0.81	1.88
sucking	-0.81	1.01
whatever	-0.81	2.74
charge	-0.81	1.20
vitamin	-0.81	1.41
abuse	-0.81	1.37
exhausting	-0.81	1.25
risky	-0.81	1.27
says	-0.81	1.82
handle	-0.80	1.75
ready	-0.80	2.50
whoever	-0.80	1.67
d	-0.80	2.90
stages	-0.80	1.01
emergency	-0.80	1.33
ca	-0.80	2.80
escalate	-0.80	1.50
drops	-0.80	0.98
probably	-0.80	2.89
dont	-0.80	2.51
maybe	-0.80	2.91
thumb	-0.80	0.93
well	-0.80	3.00
diagnosed	-0.80	1.38
trimester	-0.80	1.08
creates	-0.80	1.10
swings	-0.80	1.01
end	-0.80	2.45
begin	-0.80	1.57
likely	-0.79	2.41
complaints	-0.79	1.43
investigation	-0.79	1.40
trying	-0.79	2.54
fears	-0.79	1.60
certainly	-0.79	2.74
misbehaving	-0.79	1.58
jesus	-0.79	1.38
symptom	-0.79	1.54
choice	-0.79	2.31
bugs	-0.79	1.04
cold	-0.78	1.14
heavy	-0.78	0.75
complaint	-0.78	1.53
arguing	-0.78	1.68
belief	-0.78	1.40
poo	-0.78	0.97
clue	-0.78	2.68
trigger	-0.78	1.13
suspect	-0.78	1.91
sadness	-0.78	1.67
gaining	-0.78	1.38
sleeping	-0.78	0.96
jail	-0.78	1.26
elderly	-0.78	1.52
lawyer	-0.78	1.54
sids	-0.78	1.16
need	-0.77	2.80
issues	-0.77	1.64
may	-0.77	2.89
throw	-0.77	1.34
cops	-0.77	1.48
forgive	-0.77	1.56
expect	-0.77	2.73
religious	-0.77	1.29
am	-0.76	2.68
inability	-0.76	1.67
realizes	-0.76	1.51
messy	-0.76	1.13
milestones	-0.76	1.29
nose	-0.76	1.07
ped	-0.76	1.62
attorney	-0.76	1.51
nearly	-0.76	1.48
happened	-0.76	2.34
comprehend	-0.76	1.85
alone	-0.76	2.34
tension	-0.76	1.47
acknowledge	-0.76	1.73
which	-0.76	2.90
unnecessary	-0.76	1.17
risk	-0.76	1.46
measure	-0.76	1.18
weak	-0.75	1.04
spanked	-0.75	1.64
unless	-0.75	2.53
accordingly	-0.75	1.72
asking	-0.75	2.47
poops	-0.75	0.96
atheist	-0.75	1.39
struggle	-0.75	1.48
randomly	-0.75	1.31
gain	-0.75	1.19
approved	-0.75	1.15
borderline	-0.75	1.31
realizing	-0.75	1.46
popped	-0.75	1.37
spends	-0.74	1.31
assume	-0.74	2.67
starve	-0.74	1.77
kills	-0.74	1.08
danger	-0.74	1.64
downside	-0.74	1.89
passes	-0.74	1.30
actually	-0.74	3.19
previously	-0.74	1.81
diagnosis	-0.74	1.42
beating	-0.74	1.44
come	-0.74	2.57
having	-0.74	2.33
call	-0.74	1.82
fyi	-0.74	0.98
breaks	-0.74	1.40
crime	-0.74	1.34
half	-0.73	1.43
herself	-0.73	2.09
he/she	-0.73	1.67
affected	-0.73	1.34
repeatedly	-0.73	1.47
stool	-0.73	0.99
might	-0.73	2.90
transitioned	-0.73	1.04
chest	-0.73	0.93
rich	-0.73	1.08
realized	-0.73	1.91
empty	-0.73	0.84
business	-0.73	1.54
broken	-0.73	1.43
resist	-0.73	1.44
required	-0.73	1.29
ordered	-0.73	1.27
reported	-0.73	1.43
inclined	-0.73	1.91
assumption	-0.73	1.76
doctor	-0.73	1.88
report	-0.73	1.46
listens	-0.72	1.39
blow	-0.72	1.12
stage	-0.72	1.12
unexpected	-0.72	1.22
allowed	-0.72	2.55
evil	-0.72	1.21
threats	-0.72	1.44
wasting	-0.72	1.61
ourselves	-0.72	1.72
remember	-0.72	2.49
kicked	-0.72	1.37
forgetting	-0.72	1.48
anytime	-0.72	1.69
surprised	-0.72	2.43
preferences	-0.72	1.16
weight	-0.72	1.16
chewing	-0.72	0.90
picking	-0.72	1.79
dealing	-0.72	1.51
obviously	-0.72	2.73
patients	-0.71	1.40
explain	-0.71	2.44
court	-0.71	1.48
possibility	-0.71	1.87
messing	-0.71	1.77
threat	-0.71	1.56
difficult	-0.71	1.27
notice	-0.71	2.37
affecting	-0.71	1.55
pooped	-0.71	1.07
slip	-0.71	1.12
entirely	-0.71	2.23
talking	-0.71	2.33
continues	-0.70	1.50
frequently	-0.70	1.54
serious	-0.70	1.63
apologize	-0.70	1.67
immediately	-0.70	1.80
dropping	-0.70	1.43
agrees	-0.70	1.36
vent	-0.70	1.81
developmental	-0.70	1.35
throughout	-0.70	1.17
nonsense	-0.70	1.28
problems	-0.70	1.65
timeout	-0.70	1.36
excessive	-0.70	1.16
sensory	-0.70	1.29
damage	-0.69	1.42
reinforcing	-0.69	1.28
someone	-0.69	2.71
circumstances	-0.69	1.92
release	-0.69	1.44
concerns	-0.69	2.11
often	-0.69	2.06
circumstance	-0.69	1.91
pee	-0.69	0.98
personally	-0.69	2.75
disorders	-0.69	1.42
honestly	-0.69	3.20
showering	-0.69	1.45
total	-0.68	1.19
fly	-0.68	1.03
expressing	-0.68	1.78
moving	-0.68	1.88
cycle	-0.68	1.31
associate	-0.68	1.26
difficulties	-0.68	1.47
hospital	-0.68	1.39
bumps	-0.68	1.31
describing	-0.68	1.76
people	-0.68	2.22
pill	-0.68	1.27
ve	-0.68	2.30
earth	-0.68	1.18
ignored	-0.67	1.32
solely	-0.67	1.65
exposing	-0.67	1.66
leave	-0.67	2.48
destructive	-0.67	1.23
melatonin	-0.67	1.19
bleeding	-0.67	1.19
privileges	-0.67	1.21
claiming	-0.67	1.77
against	-0.67	1.59
punishing	-0.67	1.66
willing	-0.67	2.52
checked	-0.67	1.49
anti	-0.67	1.27
let	-0.67	2.59
earlier	-0.66	1.67
charges	-0.66	1.40
chemical	-0.66	1.16
flag	-0.66	1.25
right	-0.66	3.11
long	-0.66	2.42
opposed	-0.66	1.49
guarantee	-0.66	1.81
understands	-0.66	1.62
underlying	-0.66	1.62
over	-0.66	2.07
host	-0.66	1.46
ass	-0.66	1.43
conflict	-0.66	1.56
embarrassing	-0.66	1.47
yourself	-0.66	2.39
strictly	-0.66	1.06
affects	-0.65	1.54
shots	-0.65	1.29
soothe	-0.65	1.14
stressing	-0.65	1.92
possibly	-0.65	2.10
domestic	-0.65	1.38
wondering	-0.65	2.44
gone	-0.65	2.44
guard	-0.65	1.78
once	-0.65	2.39
autism	-0.65	1.42
next	-0.65	2.27
mechanism	-0.65	1.42
genetic	-0.65	1.36
mornings	-0.65	1.47
perhaps	-0.65	2.64
medically	-0.65	1.70
bite	-0.65	1.24
passed	-0.65	1.57
remove	-0.65	1.43
still	-0.65	2.79
finally	-0.65	2.02
scores	-0.65	1.15
reason	-0.64	3.16
far	-0.64	2.61
worker	-0.64	1.57
boredom	-0.64	1.41
lead	-0.64	1.30
adulthood	-0.64	1.22
nyc	-0.64	1.15
anywhere	-0.64	2.50
partly	-0.64	1.41
although	-0.64	2.57
got	-0.63	1.95
associated	-0.63	1.39
rape	-0.63	1.40
absurd	-0.63	1.44
due	-0.63	1.35
nicu	-0.63	1.26
abusing	-0.63	1.43
yesterday	-0.63	1.75
punch	-0.63	1.49
elder	-0.63	1.30
nipples	-0.63	1.09
worked	-0.63	2.10
request	-0.63	1.41
early	-0.62	1.38
refuse	-0.62	1.78
before	-0.62	2.23
been	-0.62	2.34
nor	-0.62	2.38
pushed	-0.62	1.34
positions	-0.62	1.11
scratch	-0.62	1.15
guaranteed	-0.62	1.79
particularly	-0.62	1.87
told	-0.62	2.01
reflect	-0.62	1.61
connected	-0.62	1.65
grows	-0.62	1.54
leaning	-0.62	1.70
example	-0.62	2.04
catholic	-0.62	1.23
pushing	-0.62	1.37
trouble	-0.61	1.96
coming	-0.61	2.45
stealing	-0.61	1.37
least	-0.61	2.25
done	-0.61	2.82
officer	-0.61	1.52
kick	-0.61	1.44
appropriately	-0.61	2.01
police	-0.61	1.48
assess	-0.61	1.60
forever	-0.61	2.35
finds	-0.61	1.36
eventually	-0.61	2.16
pierced	-0.61	1.34
ruining	-0.61	1.41
produce	-0.61	1.24
christ	-0.60	1.48
disabled	-0.60	1.51
reality	-0.60	1.94
later	-0.60	2.18
increased	-0.60	1.28
concerning	-0.60	1.61
recess	-0.60	1.42
appear	-0.60	1.84
authorities	-0.60	1.51
spectrum	-0.60	1.51
seeing	-0.60	1.94
believing	-0.60	1.38
risks	-0.60	1.56
touches	-0.60	1.09
junk	-0.60	0.96
pro	-0.60	1.64
vague	-0.60	1.33
acting	-0.60	1.34
bs	-0.60	1.21
time-out	-0.59	1.36
counseling	-0.59	2.17
him/her	-0.59	2.09
distress	-0.59	1.48
negatively	-0.59	1.65
makes	-0.59	2.53
highest	-0.59	1.21
leg	-0.59	0.99
us	-0.59	2.66
faced	-0.59	1.28
bites	-0.59	1.04
aggression	-0.59	1.46
puts	-0.59	1.19
normally	-0.59	1.89
denial	-0.59	1.82
restraining	-0.59	1.49
file	-0.59	1.49
press	-0.59	1.26
pacifiers	-0.58	0.97
chooses	-0.58	1.77
quite	-0.58	2.23
entitled	-0.58	1.26
boob	-0.58	1.04
hard	-0.58	1.73
crisis	-0.58	1.58
somebody	-0.58	1.86
complete	-0.58	1.03
began	-0.58	1.48
mins	-0.58	1.49
apologized	-0.58	1.77
dose	-0.58	1.25
spank	-0.58	1.62
liked	-0.58	2.39
victims	-0.58	1.38
figure	-0.58	2.57
faith	-0.58	1.33
prior	-0.58	1.59
birds	-0.58	1.37
shortly	-0.58	1.69
remembers	-0.57	1.19
chew	-0.57	0.99
starting	-0.57	1.79
fake	-0.57	1.14
counselling	-0.57	2.12
concept	-0.57	1.65
system	-0.57	1.24
realise	-0.57	1.86
differently	-0.57	2.19
criminal	-0.57	1.39
until	-0.57	1.85
potentially	-0.57	1.46
c-section	-0.57	1.25
psychiatrist	-0.57	1.74
able	-0.57	2.41
led	-0.57	1.13
inappropriate	-0.56	1.73
assignments	-0.56	1.45
letting	-0.56	2.31
interested	-0.56	2.02
thoroughly	-0.56	1.43
designed	-0.56	1.50
rid	-0.56	1.18
figuring	-0.56	1.85
push	-0.56	1.73
bum	-0.56	1.01
talk	-0.56	2.48
ob	-0.56	1.63
scar	-0.56	1.24
twice	-0.56	2.12
through	-0.56	1.53
switched	-0.56	1.44
minute	-0.56	1.62
aware	-0.56	2.19
arm	-0.56	1.01
director	-0.56	1.79
roll	-0.56	1.02
avoided	-0.56	1.28
allergies	-0.56	1.18
totally	-0.56	2.35
ruined	-0.56	1.09
outs	-0.55	1.36
therapy	-0.55	1.88
help	-0.55	2.45
overcome	-0.55	1.53
stand	-0.55	1.16
charged	-0.55	1.33
advocating	-0.55	1.57
stuff	-0.55	2.43
brought	-0.55	1.53
manage	-0.55	1.83
bizarre	-0.55	1.45
millions	-0.55	1.18
poorly	-0.55	2.00
comfortable	-0.55	2.68
slight	-0.54	1.28
pregnancy	-0.54	1.33
church	-0.54	1.22
breaking	-0.54	1.51
jump	-0.54	1.38
aka	-0.54	1.27
seconds	-0.54	1.66
eaten	-0.54	1.56
addiction	-0.54	1.41
toddler	-0.54	1.32
consult	-0.54	2.03
asap	-0.54	1.90
recently	-0.54	2.06
heck	-0.53	1.47
approve	-0.53	1.62
shove	-0.53	1.38
eliminate	-0.53	1.24
dropped	-0.53	1.41
demands	-0.53	1.39
things	-0.53	2.78
force	-0.53	2.26
allergy	-0.53	1.15
difficulty	-0.53	1.24
evaluated	-0.53	1.60
likelihood	-0.53	1.52
exposure	-0.53	1.29
figured	-0.53	2.12
weigh	-0.53	1.87
urine	-0.53	1.12
violence	-0.53	1.43
bang	-0.53	1.50
dictate	-0.53	2.03
toddlers	-0.52	1.32
teenagers	-0.52	1.34
psychological	-0.52	1.60
pressure	-0.52	1.43
convinced	-0.52	1.24
legs	-0.52	0.97
tears	-0.52	1.27
covered	-0.52	1.15
suggesting	-0.52	1.85
pulling	-0.52	1.28
after	-0.52	1.78
psychologist	-0.52	1.81
yet	-0.52	2.76
orders	-0.52	1.43
processing	-0.52	1.48
prevented	-0.52	1.31
towards	-0.52	1.43
appeal	-0.52	1.43
treatments	-0.52	1.39
treatment	-0.51	1.40
commit	-0.51	1.38
appointment	-0.51	1.90
involve	-0.51	1.47
lawyers	-0.51	1.46
birth	-0.51	1.35
decisions	-0.51	1.60
bias	-0.51	1.58
disability	-0.51	1.41
deny	-0.51	1.76
therapist	-0.51	1.94
situations	-0.51	1.74
temp	-0.51	1.23
somewhat	-0.51	1.97
mode	-0.51	1.36
achieve	-0.51	1.52
nicely	-0.51	1.56
x	-0.50	2.15
ll	-0.50	2.71
claim	-0.50	1.84
minority	-0.50	1.97
convince	-0.50	2.06
sexuality	-0.50	1.69
usually	-0.50	1.54
mouth	-0.50	1.05
becomes	-0.50	1.62
home	-0.50	2.01
professional	-0.50	2.00
ways	-0.50	2.16
came	-0.50	1.78
picks	-0.50	1.46
themselves	-0.50	2.14
reduced	-0.50	1.32
survive	-0.50	1.38
whether	-0.49	2.81
eating	-0.49	1.26
divorce	-0.49	1.55
issue	-0.49	2.32
always	-0.49	2.83
used	-0.49	2.63
cio	-0.49	1.37
changes	-0.49	1.37
nowhere	-0.49	1.29
unacceptable	-0.49	1.57
better	-0.49	2.47
hassle	-0.49	1.67
nipple	-0.49	1.03
putting	-0.49	2.02
warned	-0.49	1.97
waking	-0.49	1.27
sweat	-0.49	1.66
dick	-0.49	1.61
destroy	-0.49	1.54
occupational	-0.49	1.66
effectively	-0.49	1.71
pediatrician	-0.49	1.79
arrangement	-0.49	1.64
beforehand	-0.49	2.06
follows	-0.49	1.22
cdc	-0.49	1.41
already	-0.48	2.80
ad	-0.48	1.25
pooping	-0.48	1.08
suddenly	-0.48	1.72
too	-0.48	2.63
stepping	-0.48	2.01
compare	-0.48	1.30
stopping	-0.48	1.39
ruin	-0.48	1.57
look	-0.48	2.69
lately	-0.48	1.77
understood	-0.48	1.81
fall	-0.48	1.64
any	-0.48	2.86
sneak	-0.48	1.44
reached	-0.48	1.31
company	-0.48	1.38
bit	-0.48	2.36
argue	-0.48	2.03
health	-0.48	1.68
referral	-0.48	1.87
hospitals	-0.47	1.39
partially	-0.47	1.55
advised	-0.47	2.02
altogether	-0.47	1.66
prefers	-0.47	2.22
since	-0.47	2.58
newborn	-0.47	1.13
garbage	-0.47	1.11
circles	-0.47	1.21
licensed	-0.47	1.48
complicated	-0.47	1.35
gt	-0.47	3.01
superior	-0.47	1.14
delayed	-0.47	1.71
worries	-0.47	1.93
deals	-0.47	1.33
kinda	-0.47	1.81
arguments	-0.47	1.69
courts	-0.47	1.50
ran	-0.47	1.40
drug	-0.46	1.24
specialist	-0.46	1.73
battles	-0.46	1.57
falling	-0.46	1.41
struggles	-0.46	1.39
infant	-0.46	2.82
fallen	-0.46	1.55
steal	-0.46	1.60
largely	-0.46	1.66
spray	-0.46	1.02
bullying	-0.46	1.41
diagnose	-0.46	1.86
owner	-0.46	1.28
broke	-0.46	1.45
course	-0.46	2.93
plant	-0.46	1.41
outgrow	-0.46	1.84
emotional	-0.46	1.50
chance	-0.46	2.52
described	-0.46	1.96
grasp	-0.46	1.71
war	-0.46	1.26
expression	-0.45	1.41
said	-0.45	2.53
straight	-0.45	1.42
where	-0.45	2.62
woke	-0.45	1.23
passing	-0.45	1.36
officially	-0.45	1.48
behavioral	-0.45	1.59
noisy	-0.45	1.10
wont	-0.45	2.25
minutes	-0.45	1.67
disabilities	-0.45	1.43
seemingly	-0.45	1.61
rinse	-0.45	0.97
obese	-0.44	1.23
collection	-0.44	1.31
thousands	-0.44	1.35
therapists	-0.44	1.72
flipped	-0.44	1.32
stretches	-0.44	1.28
isnt	-0.44	1.80
leaves	-0.44	1.43
manipulate	-0.44	1.65
attempts	-0.44	1.47
strike	-0.44	1.52
pacifier	-0.44	1.03
evaluation	-0.44	1.69
skipping	-0.44	1.40
offense	-0.44	1.57
past	-0.43	2.10
rise	-0.43	1.48
till	-0.43	1.45
detrimental	-0.43	1.48
toilet	-0.43	1.09
rough	-0.43	1.36
effects	-0.43	1.43
eat	-0.43	1.22
imho	-0.43	1.48
brings	-0.43	1.11
counselor	-0.43	1.93
smells	-0.43	1.24
burn	-0.43	1.14
sake	-0.43	1.21
creepy	-0.43	1.66
cot	-0.43	1.12
knee	-0.43	1.20
attachment	-0.42	1.65
existence	-0.42	1.49
won	-0.42	1.23
wiping	-0.42	1.10
care	-0.42	2.10
pediatric	-0.42	1.70
pulled	-0.42	1.33
delay	-0.42	1.46
involves	-0.42	1.38
removing	-0.42	1.41
beg	-0.42	1.39
concern	-0.42	2.21
effect	-0.42	1.49
lot	-0.42	2.37
bruise	-0.42	1.29
rewarding	-0.42	1.26
quit	-0.42	1.56
insanely	-0.42	1.62
less	-0.42	1.96
doctors	-0.42	1.61
physically	-0.42	1.67
observe	-0.41	1.73
lower	-0.41	1.41
coworkers	-0.41	1.53
7am	-0.41	1.36
discourage	-0.41	1.59
delays	-0.41	1.48
physical	-0.41	1.50
obesity	-0.41	1.38
wakes	-0.41	1.29
calls	-0.41	1.45
actions	-0.41	1.71
noticing	-0.41	1.94
magically	-0.41	1.72
pounds	-0.41	1.38
custody	-0.41	1.51
win	-0.41	1.55
lasted	-0.41	1.68
nights	-0.40	1.43
category	-0.40	1.61
side	-0.40	1.53
increases	-0.40	1.41
attempting	-0.40	1.90
pull	-0.40	1.22
went	-0.40	1.80
developmentally	-0.40	1.72
afterward	-0.40	1.62
ot	-0.40	1.67
looked	-0.40	1.81
consequences	-0.40	1.54
regulate	-0.40	1.62
rent	-0.40	1.27
benefit	-0.40	1.72
cracked	-0.40	1.26
midwife	-0.40	1.55
nurse	-0.40	1.49
forgotten	-0.40	1.43
tested	-0.40	1.54
super	-0.40	1.77
hrs	-0.40	1.47
perceived	-0.40	1.70
locking	-0.40	1.43
medical	-0.40	1.66
preferably	-0.40	1.82
messes	-0.40	1.29
times	-0.40	1.99
psych	-0.40	1.59
returning	-0.39	1.54
shit	-0.39	1.64
challenged	-0.39	1.66
bassinet	-0.39	1.14
expenses	-0.39	1.25
visit	-0.39	1.76
cons	-0.39	1.84
wipe	-0.39	1.08
wanted	-0.39	2.56
verbally	-0.39	1.46
period	-0.39	1.47
principal	-0.39	1.74
brain	-0.39	1.30
generally	-0.39	1.99
tactics	-0.39	1.58
finding	-0.39	2.15
devil	-0.39	1.16
chore	-0.39	1.71
inform	-0.39	2.02
switching	-0.39	1.26
practically	-0.38	1.27
though	-0.38	2.91
treats	-0.38	1.09
cream	-0.38	1.11
underwear	-0.38	0.98
booster	-0.38	1.14
jumped	-0.38	1.38
belong	-0.38	1.65
increasing	-0.38	1.32
food	-0.38	1.20
perform	-0.38	1.38
clinic	-0.38	1.64
skip	-0.38	1.21
sessions	-0.38	1.88
explains	-0.38	1.54
control	-0.38	1.62
scene	-0.38	1.18
tube	-0.38	1.07
includes	-0.38	1.40
er	-0.38	1.57
periods	-0.38	1.38
winter	-0.38	0.91
positive	-0.38	1.33
worn	-0.38	1.25
motion	-0.38	1.04
grounds	-0.38	1.54
population	-0.38	1.43
opposite	-0.38	2.11
bills	-0.38	1.23
45	-0.38	1.54
illegal	-0.38	1.39
occasional	-0.37	1.19
office	-0.37	1.62
act	-0.37	1.74
til	-0.37	1.52
ignoring	-0.37	1.68
approaching	-0.37	1.39
ect	-0.37	1.21
theirs	-0.37	1.96
night	-0.37	1.27
substitute	-0.37	1.21
pros	-0.37	1.79
pack	-0.37	1.16
urge	-0.37	1.85
crash	-0.37	1.09
listen	-0.37	2.12
kid	-0.37	2.91
shooting	-0.37	1.25
shoulders	-0.37	1.13
full	-0.36	1.35
hiding	-0.36	1.52
dangers	-0.36	1.49
attached	-0.36	1.38
minimize	-0.36	1.27
test	-0.36	1.39
slap	-0.36	1.40
both	-0.36	2.34
professionals	-0.36	1.61
spanking	-0.36	1.43
eg	-0.36	1.35
monsters	-0.36	1.19
challenging	-0.36	1.25
regular	-0.36	1.20
tactic	-0.36	1.53
wheel	-0.36	1.66
spent	-0.36	1.52
first	-0.36	1.68
patch	-0.36	1.18
healing	-0.36	1.25
trust	-0.35	2.39
slightly	-0.35	1.90
scheduled	-0.35	1.43
payment	-0.35	1.27
find	-0.35	2.55
winning	-0.35	1.49
condoms	-0.35	1.39
eats	-0.35	1.20
flow	-0.35	1.19
infants	-0.35	1.18
divorced	-0.35	1.52
continue	-0.35	2.25
took	-0.35	1.77
crawling	-0.35	1.31
contain	-0.35	1.16
em	-0.35	1.54
sneaking	-0.35	1.75
typically	-0.35	1.50
drop	-0.35	1.65
reacted	-0.35	1.86
nurses	-0.35	1.58
ultimately	-0.35	2.06
session	-0.35	1.71
dr	-0.35	1.47
law	-0.34	1.46
week	-0.34	1.78
use	-0.34	1.14
event	-0.34	1.30
statistically	-0.34	1.61
problem	-0.34	2.45
point	-0.34	2.94
apparent	-0.34	1.75
touched	-0.34	1.76
reasonable	-0.34	1.72
rolling	-0.34	1.35
determined	-0.34	1.57
dismiss	-0.34	1.62
pm	-0.34	1.41
hour	-0.34	1.54
incidents	-0.34	1.53
tests	-0.34	1.40
communicate	-0.34	2.02
seat	-0.34	1.41
8pm	-0.34	1.36
visitation	-0.34	1.54
separated	-0.34	1.35
head	-0.34	1.25
grew	-0.34	1.41
taken	-0.34	2.07
navigate	-0.34	1.64
sort	-0.34	2.16
lets	-0.34	1.74
wake	-0.34	1.29
imo	-0.34	1.80
blood	-0.34	1.30
during	-0.34	1.45
arrangements	-0.34	1.53
mentality	-0.34	1.36
rather	-0.33	2.09
bodies	-0.33	1.68
stood	-0.33	1.29
crib	-0.33	1.09
those	-0.33	1.54
body	-0.33	1.55
work	-0.33	2.34
disciplined	-0.33	1.69
sole	-0.33	1.55
attitudes	-0.33	1.43
false	-0.33	1.82
pass	-0.33	1.85
demand	-0.33	1.16
resort	-0.33	1.19
rewarded	-0.33	1.35
impact	-0.33	1.57
every	-0.33	1.68
5-10	-0.33	1.79
grabbed	-0.33	1.22
harder	-0.33	1.66
learns	-0.33	1.59
contract	-0.33	1.38
extent	-0.33	1.74
finishing	-0.33	1.82
expense	-0.33	1.41
constant	-0.33	1.36
entering	-0.32	1.60
naps	-0.32	1.26
higher	-0.32	1.51
statements	-0.32	1.75
successfully	-0.32	1.71
peed	-0.32	1.09
similar	-0.32	1.97
hours	-0.32	1.62
measures	-0.32	1.47
kept	-0.32	1.50
gut	-0.32	1.52
pediatricians	-0.32	1.73
legally	-0.32	1.68
embrace	-0.32	1.51
called	-0.32	1.79
drag	-0.32	1.34
e.g	-0.32	1.40
legal	-0.32	1.52
buttons	-0.32	1.35
gotten	-0.32	2.20
diaper	-0.32	1.05
noticed	-0.32	1.98
behaving	-0.32	1.73
reach	-0.32	1.35
off	-0.32	1.72
labeled	-0.32	1.54
carrier	-0.32	2.93
silent	-0.32	1.36
odd	-0.31	1.71
flight	-0.31	1.22
day	-0.31	1.58
nap	-0.31	1.34
days	-0.31	1.75
inner	-0.31	1.44
co-sleeping	-0.31	1.13
ideal	-0.31	2.24
rates	-0.31	1.51
somewhere	-0.31	2.44
national	-0.31	1.51
change	-0.31	1.74
worth	-0.31	1.85
didnt	-0.31	2.11
ago	-0.31	1.84
appointments	-0.31	1.58
ending	-0.31	1.25
longer	-0.31	1.71
flush	-0.31	1.12
most	-0.31	1.98
na	-0.31	2.12
peeing	-0.31	1.09
defense	-0.31	1.35
touching	-0.31	1.71
halfway	-0.31	1.48
boss	-0.31	1.45
rip	-0.31	1.49
seek	-0.31	2.10
rate	-0.31	1.52
permission	-0.31	1.88
unable	-0.31	1.91
break	-0.31	2.10
foot	-0.30	1.30
heading	-0.30	1.92
nursed	-0.30	1.12
department	-0.30	1.54
latter	-0.30	1.71
weeks	-0.30	1.63
candy	-0.30	1.07
thin	-0.30	1.25
doesnt	-0.30	1.90
last	-0.30	1.86
openly	-0.30	1.73
agreement	-0.30	1.54
guessing	-0.30	2.21
breathing	-0.30	1.35
autistic	-0.30	1.51
temporary	-0.30	1.46
min	-0.30	1.53
production	-0.30	1.24
cleaned	-0.30	1.25
forget	-0.30	2.21
visited	-0.30	1.59
replaced	-0.30	1.34
transitioning	-0.30	1.12
fired	-0.30	1.59
were	-0.30	2.39
reminded	-0.30	1.44
carseat	-0.30	1.90
development	-0.30	1.36
tend	-0.30	1.55
prove	-0.30	1.83
max	-0.29	1.60
strongly	-0.29	2.05
friday	-0.29	1.71
monday	-0.29	1.73
rights	-0.29	1.55
cant	-0.29	2.00
pants	-0.29	1.00
safer	-0.29	1.83
asked	-0.29	2.18
mark	-0.29	1.41
verify	-0.29	1.52
morning	-0.29	1.49
potential	-0.29	1.69
convertible	-0.29	1.70
maternity	-0.29	1.47
explained	-0.29	1.93
fell	-0.29	1.32
obvious	-0.29	1.99
hung	-0.29	1.49
dinner	-0.29	1.35
recommended	-0.29	1.76
determine	-0.29	1.88
huge	-0.29	1.61
chances	-0.29	1.67
plate	-0.29	1.26
mid	-0.29	1.35
regularly	-0.29	1.53
doubt	-0.28	2.68
timeouts	-0.28	1.44
motor	-0.28	1.68
slide	-0.28	1.21
familiar	-0.28	1.89
addict	-0.28	1.36
reacting	-0.28	1.94
ergo	-0.28	2.90
afternoon	-0.28	1.51
recommends	-0.28	1.62
chair	-0.28	1.18
applying	-0.28	1.49
cuts	-0.28	1.11
advantage	-0.28	1.59
testing	-0.28	1.43
speech	-0.28	1.61
stroller	-0.28	2.05
considering	-0.28	1.83
arms	-0.28	1.06
co-sleep	-0.28	1.29
foreskin	-0.28	1.21
supplement	-0.28	1.14
extremely	-0.28	1.76
fees	-0.28	1.38
dresser	-0.28	1.12
skipped	-0.28	1.22
essentially	-0.28	1.70
lunch	-0.28	1.29
heads	-0.28	1.17
wednesday	-0.28	1.69
mindset	-0.28	1.58
appearance	-0.28	1.61
prepared	-0.28	1.90
accept	-0.28	2.11
shift	-0.27	1.68
real	-0.27	1.91
suggest	-0.27	2.37
ton	-0.27	1.55
incredibly	-0.27	1.59
former	-0.27	1.38
strange	-0.27	1.69
beliefs	-0.27	1.60
introverted	-0.27	2.11
tendency	-0.27	1.32
knock	-0.27	1.53
drives	-0.27	1.44
cop	-0.27	1.34
bathe	-0.27	1.08
valid	-0.27	2.18
perfect	-0.27	1.66
its	-0.27	2.19
today	-0.27	2.34
requiring	-0.27	1.58
forcing	-0.27	1.57
mention	-0.27	2.44
choosing	-0.27	2.07
groceries	-0.27	1.20
debate	-0.27	2.19
paperwork	-0.26	1.51
rolls	-0.26	1.07
labor	-0.26	1.34
50/50	-0.26	1.57
redirect	-0.26	1.59
exist	-0.26	1.71
belly	-0.26	1.00
decided	-0.26	1.97
chaos	-0.26	1.30
10-15	-0.26	1.63
working	-0.26	2.21
presumably	-0.26	1.49
pattern	-0.26	1.63
imagined	-0.26	1.53
bringing	-0.26	1.59
evening	-0.26	1.52
gained	-0.26	1.43
doable	-0.26	1.39
weaned	-0.26	1.22
reaction	-0.26	1.45
informed	-0.26	1.64
needing	-0.26	1.97
affect	-0.26	1.62
opens	-0.25	1.20
position	-0.25	1.68
tub	-0.25	0.98
id	-0.25	1.91
improvement	-0.25	1.59
outlet	-0.25	1.54
vitamins	-0.25	1.15
saturday	-0.25	1.56
connect	-0.25	1.92
cow	-0.25	1.02
talked	-0.25	2.10
waited	-0.25	1.79
dumb	-0.25	1.67
put	-0.25	1.41
round	-0.25	1.22
knees	-0.25	1.17
walks	-0.25	1.08
visits	-0.25	1.56
wondered	-0.25	1.90
punishment	-0.25	1.48
potty	-0.25	1.17
breakfast	-0.25	1.31
late	-0.25	1.46
sooner	-0.25	2.13
clean	-0.25	1.23
neck	-0.25	1.03
react	-0.25	1.77
bigger	-0.25	1.78
7:30	-0.25	1.34
proof	-0.25	1.99
slowly	-0.25	1.68
delivery	-0.24	1.34
correlation	-0.24	1.68
pregnant	-0.24	1.48
address	-0.24	2.11
applied	-0.24	1.23
fit	-0.24	0.98
expecting	-0.24	2.22
saved	-0.24	1.24
became	-0.24	1.73
boat	-0.24	1.73
require	-0.24	1.42
bed	-0.24	1.23
inside	-0.24	1.50
dentist	-0.24	1.42
surgery	-0.24	1.36
whole	-0.24	1.61
discussed	-0.24	2.06
levels	-0.24	1.30
principle	-0.24	1.93
workers	-0.24	1.56
oral	-0.24	1.37
tap	-0.23	1.22
investigate	-0.23	1.48
interfere	-0.23	1.46
sure	-0.23	2.92
lacking	-0.23	1.27
sits	-0.23	1.23
benefits	-0.23	1.56
flew	-0.23	1.48
tied	-0.23	1.26
instances	-0.23	1.48
wide	-0.23	1.27
bridge	-0.23	1.46
interview	-0.23	1.68
confirm	-0.23	1.50
punishments	-0.23	1.45
processed	-0.23	1.03
handled	-0.23	1.88
agency	-0.23	1.53
second	-0.23	1.62
premature	-0.23	1.16
hanging	-0.23	1.82
and/or	-0.22	1.77
neat	-0.22	2.03
habit	-0.22	1.55
travel	-0.22	1.24
around	-0.22	1.55
odds	-0.22	1.57
accommodate	-0.22	1.41
30	-0.22	1.61
clear	-0.22	1.72
methods	-0.22	1.48
technically	-0.22	1.92
actively	-0.22	1.76
funeral	-0.22	1.55
finish	-0.22	1.66
tie	-0.22	0.92
resolve	-0.22	1.85
purchase	-0.22	1.16
found	-0.22	1.73
hundreds	-0.22	1.41
dynamic	-0.22	1.56
fill	-0.22	1.21
alcoholic	-0.22	1.39
staff	-0.22	1.58
intervention	-0.22	1.62
sticker	-0.22	1.37
responds	-0.22	1.46
whats	-0.22	2.03
handed	-0.22	1.23
barely	-0.21	2.02
peers	-0.21	1.50
factor	-0.21	1.75
wean	-0.21	1.14
lift	-0.21	1.14
avoiding	-0.21	1.54
decent	-0.21	1.04
closely	-0.21	1.59
facing	-0.21	1.58
wasted	-0.21	1.36
wife	-0.21	2.34
soon	-0.21	2.24
carriers	-0.21	2.91
cancel	-0.21	1.51
chores	-0.21	1.81
evaluate	-0.21	1.80
compared	-0.21	1.31
insurance	-0.21	1.37
inviting	-0.21	1.76
toss	-0.20	1.27
pocket	-0.20	1.18
smack	-0.20	1.43
psychology	-0.20	1.43
run	-0.20	1.73
task	-0.20	1.51
unsupervised	-0.20	1.74
quickly	-0.20	2.12
siblings	-0.20	1.73
generic	-0.20	1.12
managing	-0.20	1.55
back	-0.20	1.80
intend	-0.20	2.11
behaviors	-0.20	1.46
gon	-0.20	2.02
bucket	-0.20	1.47
unrelated	-0.20	1.48
roughly	-0.20	1.54
mostly	-0.20	1.83
gap	-0.20	1.75
timer	-0.20	1.56
confront	-0.20	1.84
drugs	-0.20	1.28
season	-0.20	0.96
reasons	-0.20	2.41
students	-0.20	1.42
seats	-0.19	1.31
using	-0.19	1.33
movement	-0.19	1.18
rush	-0.19	1.71
ends	-0.19	1.48
progress	-0.19	1.51
qualified	-0.19	1.76
powder	-0.19	0.99
consider	-0.19	2.27
held	-0.19	2.68
cloth	-0.19	1.01
date	-0.19	1.70
walked	-0.19	1.50
carried	-0.19	1.91
discuss	-0.19	2.26
directly	-0.19	2.05
nappy	-0.19	1.05
rear	-0.19	1.18
positively	-0.19	1.59
tall	-0.19	1.22
climb	-0.19	1.30
sound	-0.19	1.54
costs	-0.19	1.45
smoked	-0.19	1.31
preparing	-0.19	1.26
lbs	-0.19	1.40
take	-0.19	2.24
move	-0.19	2.05
toward	-0.19	1.56
suggests	-0.19	1.73
tuesday	-0.19	1.71
consent	-0.19	1.60
within	-0.19	1.64
wander	-0.19	1.89
clearly	-0.19	1.95
evenings	-0.19	1.66
twenty	-0.19	1.73
inches	-0.19	1.25
assessment	-0.19	1.64
primarily	-0.18	1.43
temperature	-0.18	1.23
daily	-0.18	1.35
pair	-0.18	0.98
absence	-0.18	1.40
latch	-0.18	1.13
husband	-0.18	2.25
swaddling	-0.18	1.19
learn	-0.18	1.90
moved	-0.18	1.70
improve	-0.18	1.64
jumping	-0.18	1.31
wore	-0.18	1.07
encouraged	-0.18	1.21
overnight	-0.18	1.25
bf	-0.18	1.27
breathe	-0.18	1.35
others	-0.18	2.60
manager	-0.18	1.33
mine	-0.18	2.48
discovered	-0.18	1.61
significantly	-0.18	1.56
easier	-0.18	1.98
unhealthy	-0.18	1.30
cord	-0.17	1.22
matters	-0.17	1.84
percentage	-0.17	1.53
row	-0.17	1.31
gave	-0.17	1.60
each	-0.17	1.95
trend	-0.17	1.53
automatically	-0.17	2.06
ate	-0.17	1.28
beginning	-0.17	1.58
sunday	-0.17	1.51
per	-0.17	1.61
sexual	-0.17	1.58
requirement	-0.17	1.55
farm	-0.17	1.46
consultant	-0.17	1.42
explaining	-0.17	2.09
license	-0.17	1.39
wall	-0.17	1.31
natural	-0.17	1.73
soap	-0.17	1.00
wherever	-0.17	1.68
shorter	-0.17	1.71
parents	-0.17	2.24
instantly	-0.17	1.71
lifestyle	-0.17	1.36
anyway	-0.17	2.88
stepped	-0.17	1.56
2-3	-0.17	1.72
weed	-0.17	1.29
employees	-0.16	1.57
stepmom	-0.16	1.77
modern	-0.16	1.40
brains	-0.16	1.53
theory	-0.16	1.65
lactation	-0.16	1.39
companies	-0.16	1.27
years	-0.16	1.86
babies	-0.16	1.35
whereas	-0.16	1.32
grabbing	-0.16	1.31
grandpa	-0.16	1.70
procedure	-0.16	1.38
rated	-0.16	1.13
optional	-0.16	1.27
default	-0.16	1.88
wouldnt	-0.16	2.05
addressed	-0.16	1.93
five	-0.16	1.76
guns	-0.16	1.30
ours	-0.16	1.12
temperament	-0.16	1.56
length	-0.16	1.49
pregnancies	-0.16	1.45
flags	-0.16	1.30
doc	-0.16	1.69
storm	-0.16	1.02
vs	-0.15	1.48
lives	-0.15	1.54
budget	-0.15	1.21
prefer	-0.15	2.18
permanent	-0.15	1.62
couple	-0.15	1.88
distract	-0.15	1.69
definitely	-0.15	2.86
adjustment	-0.15	1.37
feedings	-0.15	1.19
nursing	-0.15	1.09
born	-0.15	1.64
muscles	-0.15	1.19
range	-0.15	1.61
burden	-0.15	1.48
bound	-0.15	1.81
tomorrow	-0.15	2.16
feet	-0.15	1.21
ymmv	-0.15	1.57
abortion	-0.15	1.92
snow	-0.15	1.04
adjusting	-0.15	1.38
promise	-0.15	1.81
skinny	-0.15	1.27
facts	-0.15	1.91
hook	-0.14	1.30
midnight	-0.14	1.38
considered	-0.14	2.04
approached	-0.14	1.74
walk	-0.14	1.68
purpose	-0.14	1.77
span	-0.14	1.73
deeper	-0.14	1.78
belt	-0.14	1.17
reactions	-0.14	1.53
car	-0.14	1.38
properly	-0.14	2.12
driver	-0.14	1.38
dust	-0.14	1.29
facility	-0.14	1.63
immediate	-0.14	1.49
invest	-0.14	1.64
tasks	-0.14	1.78
cat	-0.14	1.31
solo	-0.14	1.45
related	-0.14	1.51
returned	-0.14	1.23
warn	-0.14	1.78
significant	-0.14	1.59
remind	-0.14	2.01
strap	-0.14	1.76
sue	-0.14	1.49
carpet	-0.14	1.19
comply	-0.14	1.53
spend	-0.14	1.52
driven	-0.14	1.29
diapers	-0.14	1.06
feed	-0.13	1.15
approaches	-0.13	1.55
reduce	-0.13	1.43
importantly	-0.13	1.54
homework	-0.13	1.66
planning	-0.13	1.64
shake	-0.13	1.11
allergic	-0.13	1.24
smoking	-0.13	1.31
aside	-0.13	1.36
heard	-0.13	1.94
part	-0.13	2.05
discover	-0.13	1.43
blows	-0.13	1.28
employee	-0.13	1.51
suit	-0.13	1.35
1	-0.13	1.75
height	-0.13	1.28
naked	-0.13	1.41
welfare	-0.13	1.55
ex	-0.13	1.66
nighttime	-0.13	1.21
comparing	-0.13	1.74
two	-0.13	1.84
opt	-0.13	1.43
liking	-0.13	2.47
directed	-0.13	1.69
weaning	-0.13	1.18
deep	-0.13	1.68
argument	-0.13	2.12
claims	-0.13	1.83
majority	-0.13	1.88
depend	-0.13	1.87
porn	-0.13	1.61
success	-0.13	1.18
covers	-0.13	1.27
versus	-0.13	1.47
lap	-0.13	1.17
calmly	-0.13	1.85
rain	-0.13	1.03
final	-0.13	1.34
lack	-0.12	1.28
lightly	-0.12	1.29
agree	-0.12	2.74
insist	-0.12	1.49
button	-0.12	1.36
state	-0.12	1.56
completed	-0.12	1.63
placed	-0.12	1.44
attending	-0.12	1.38
bring	-0.12	1.66
apply	-0.12	1.62
mandatory	-0.12	1.40
outcomes	-0.12	1.46
occasion	-0.12	1.37
fertility	-0.12	1.38
coping	-0.12	1.63
napping	-0.12	1.68
proven	-0.12	1.53
plane	-0.12	1.19
june	-0.12	1.68
secondly	-0.12	1.69
warning	-0.12	1.50
commute	-0.12	1.54
onto	-0.12	1.34
ability	-0.12	1.78
cutting	-0.12	1.40
sell	-0.12	1.14
planned	-0.12	1.51
1-2	-0.12	1.70
grandma	-0.12	1.81
300	-0.12	1.54
miss	-0.12	2.08
ground	-0.12	1.27
charts	-0.11	1.38
ideally	-0.11	1.72
someday	-0.11	1.96
sil	-0.11	1.86
vehicle	-0.11	1.13
allowing	-0.11	1.97
dirty	-0.11	1.17
stick	-0.11	1.26
crawl	-0.11	1.39
disciplining	-0.11	1.56
statement	-0.11	2.43
rewards	-0.11	1.41
missed	-0.11	1.91
march	-0.11	1.68
varies	-0.11	1.68
another	-0.11	2.59
combination	-0.11	1.27
changed	-0.11	1.80
teens	-0.11	1.34
respond	-0.11	1.81
rest	-0.11	1.99
invited	-0.11	1.56
stare	-0.11	1.28
subjects	-0.11	1.52
200	-0.11	1.50
statistics	-0.10	1.79
bathing	-0.10	1.05
cues	-0.10	1.54
basis	-0.10	1.53
roof	-0.10	1.44
merely	-0.10	1.82
nappies	-0.10	1.12
housework	-0.10	1.89
intake	-0.10	1.21
stickers	-0.10	1.35
appears	-0.10	1.59
separately	-0.10	1.65
transition	-0.10	1.42
stranger	-0.10	1.46
switch	-0.10	1.22
edge	-0.10	1.32
flip	-0.10	1.36
recommend	-0.10	1.90
deciding	-0.10	1.90
degrees	-0.10	1.40
pitch	-0.10	1.53
larger	-0.10	1.50
occasions	-0.10	1.24
changing	-0.10	1.15
hundred	-0.10	1.59
papers	-0.10	1.50
carry	-0.09	1.91
similarly	-0.09	1.74
smaller	-0.09	1.60
contact	-0.09	1.65
blank	-0.09	1.57
match	-0.09	1.53
pump	-0.09	1.16
silence	-0.09	1.27
standard	-0.09	1.25
fixed	-0.09	1.63
vasectomy	-0.09	1.62
peanuts	-0.09	1.26
breast	-0.09	1.09
presented	-0.09	1.71
california	-0.09	1.61
increase	-0.09	1.42
display	-0.09	1.34
sibling	-0.09	1.89
iep	-0.09	1.54
tends	-0.09	1.50
ai	-0.09	1.48
sold	-0.09	1.22
behave	-0.09	1.90
paying	-0.09	1.45
foods	-0.09	1.09
pumping	-0.09	1.11
supervise	-0.09	1.73
bottom	-0.09	1.31
dessert	-0.08	1.29
bathroom	-0.08	1.21
install	-0.08	1.15
desk	-0.08	1.27
snack	-0.08	1.32
feeds	-0.08	1.14
cleaning	-0.08	1.43
requirements	-0.08	1.43
dollars	-0.08	1.49
third	-0.08	1.52
south	-0.08	1.78
occurs	-0.08	1.42
helped	-0.08	1.74
split	-0.08	1.57
bone	-0.08	1.30
garden	-0.08	1.32
warnings	-0.08	1.43
spending	-0.08	1.50
consequence	-0.08	1.58
mirror	-0.08	1.41
usual	-0.08	1.24
challenge	-0.08	1.37
rolled	-0.08	1.31
released	-0.08	1.23
60	-0.08	1.55
desire	-0.08	1.60
pick	-0.08	2.07
specifically	-0.08	2.24
large	-0.08	1.62
percentile	-0.08	1.45
addressing	-0.08	1.86
delivered	-0.08	1.38
monthly	-0.08	1.34
sink	-0.08	1.14
rare	-0.08	1.28
grandfather	-0.08	1.75
legitimate	-0.08	1.88
purposes	-0.08	1.72
homes	-0.08	1.52
pay	-0.08	1.37
covering	-0.08	1.16
daycare	-0.07	1.73
drove	-0.07	1.35
providers	-0.07	1.58
americans	-0.07	1.55
drunk	-0.07	1.23
especially	-0.07	1.89
drastically	-0.07	1.50
forms	-0.07	1.34
earning	-0.07	1.46
norm	-0.07	1.75
grand	-0.07	1.55
live	-0.07	1.78
bucks	-0.07	1.58
pointed	-0.07	2.04
pays	-0.07	1.41
away	-0.07	1.84
fiance	-0.07	1.60
grass	-0.07	1.29
behavior	-0.07	1.44
noted	-0.07	2.05
sharp	-0.07	1.25
portions	-0.07	1.21
downs	-0.07	1.37
conclusions	-0.07	1.77
attended	-0.07	1.39
uncle	-0.06	1.76
1000	-0.06	1.57
factors	-0.06	1.62
bump	-0.06	1.31
shes	-0.06	1.87
carrying	-0.06	1.82
combined	-0.06	1.41
backpack	-0.06	1.56
subtle	-0.06	1.53
seems	-0.06	2.19
washing	-0.06	1.21
confirmed	-0.06	1.66
personality	-0.06	1.47
stay-at-home	-0.06	1.76
trained	-0.06	1.37
500	-0.06	1.48
record	-0.06	1.53
products	-0.06	1.16
passive	-0.06	1.52
certified	-0.06	1.51
gun	-0.06	1.23
teen	-0.06	1.30
exists	-0.06	1.49
bones	-0.06	1.15
teacher	-0.05	1.63
expectation	-0.05	1.52
gradually	-0.05	1.60
cover	-0.05	1.32
conclusion	-0.05	1.91
weekend	-0.05	1.55
mom	-0.05	2.08
provider	-0.05	1.64
formula	-0.05	1.09
nowadays	-0.05	1.39
wage	-0.05	1.59
biased	-0.05	1.52
official	-0.05	1.64
circumcised	-0.05	1.55
muscle	-0.05	1.29
semester	-0.05	1.50
united	-0.05	1.61
joint	-0.05	1.56
texas	-0.05	1.72
pumped	-0.05	1.09
fewer	-0.05	1.61
100	-0.05	1.98
locks	-0.05	1.37
lecture	-0.05	1.72
lean	-0.05	1.33
september	-0.05	1.60
label	-0.05	1.60
ten	-0.05	1.74
discussing	-0.04	1.98
32	-0.04	1.52
universe	-0.04	1.15
4-6	-0.04	1.67
40	-0.04	1.54
august	-0.04	1.62
arrange	-0.04	1.66
breastfeed	-0.04	1.11
denied	-0.04	1.63
cookie	-0.04	1.39
brush	-0.04	1.09
shifts	-0.04	1.77
europe	-0.04	1.62
few	-0.04	1.78
butt	-0.04	1.33
individual	-0.04	1.79
laughs	-0.04	1.36
root	-0.04	1.89
loose	-0.04	1.02
pure	-0.04	1.15
signed	-0.04	1.58
unusual	-0.04	1.51
agreed	-0.04	2.11
spots	-0.04	1.40
escape	-0.04	1.56
sweets	-0.04	1.14
expectations	-0.03	1.57
ties	-0.03	1.26
rely	-0.03	1.70
concentrate	-0.03	1.45
stance	-0.03	1.80
banned	-0.03	1.37
management	-0.03	1.63
cultures	-0.03	1.54
20	-0.03	1.65
airport	-0.03	1.49
upside	-0.03	1.47
brands	-0.03	1.21
experts	-0.03	1.75
paid	-0.03	1.47
continuing	-0.03	1.66
sat	-0.03	1.34
esteem	-0.03	1.47
stone	-0.03	1.35
score	-0.03	1.42
views	-0.03	1.72
trash	-0.03	1.28
country	-0.03	1.71
experiment	-0.03	1.66
usa	-0.03	1.85
grades	-0.03	1.38
ought	-0.03	1.66
enter	-0.03	1.57
small	-0.03	1.42
150	-0.03	1.47
into	-0.03	1.70
acceptable	-0.03	1.91
washed	-0.03	1.22
traveling	-0.03	1.31
holds	-0.03	1.15
<URL>	-0.03	1.32
<SPECIAL>	-0.03	1.32
father	-0.03	1.79
sides	-0.03	1.75
existed	-0.03	1.56
encountered	-0.03	1.71
insert	-0.03	1.50
bill	-0.03	1.22
harness	-0.03	1.26
solved	-0.02	1.63
3-5	-0.02	1.73
thousand	-0.02	1.61
backed	-0.02	1.37
15	-0.02	1.67
rural	-0.02	1.71
power	-0.02	1.65
blind	-0.02	1.35
breastmilk	-0.02	1.10
lifelong	-0.02	1.07
hiring	-0.02	1.70
sense	-0.02	2.02
laid	-0.02	1.21
currently	-0.02	1.86
cognitive	-0.02	1.58
adding	-0.02	1.52
craigslist	-0.02	1.31
shoulder	-0.02	1.12
method	-0.02	1.67
walls	-0.02	1.24
gear	-0.02	1.11
learned	-0.02	1.94
managed	-0.02	1.33
military	-0.02	1.42
meet	-0.02	1.89
across	-0.02	1.47
county	-0.02	1.59
interact	-0.02	1.75
minimum	-0.02	1.52
size	-0.01	1.24
im	-0.01	2.17
educate	-0.01	1.55
well-being	-0.01	1.61
america	-0.01	1.74
standards	-0.01	1.42
relative	-0.01	1.63
gates	-0.01	1.37
compromise	-0.01	2.09
selling	-0.01	1.27
quicker	-0.01	1.79
70	-0.01	1.29
reward	-0.01	1.39
questions	-0.01	2.46
training	-0.01	1.33
buy	-0.01	1.29
grandmother	-0.01	1.77
states	-0.01	1.68
earned	-0.01	1.42
load	-0.01	1.18
industry	-0.01	1.51
part-time	-0.01	1.77
checking	-0.01	1.83
adoption	-0.01	1.91
laying	-0.01	1.16
jobs	-0.01	1.68
forward	-0.01	1.40
chart	-0.01	1.46
education	-0.01	1.28
behind	-0.01	1.50
meal	-0.01	1.35
finished	-0.01	1.46
payments	-0.01	1.37
cast	-0.00	1.15
attend	-0.00	1.37
socialize	-0.00	1.68
october	-0.00	1.68
eight	-0.00	1.74
38	-0.00	1.44
fee	-0.00	1.37
non	-0.00	1.51
slower	-0.00	1.63
instinct	-0.00	1.41
thinking	-0.00	2.58
wet	-0.00	1.06
solids	-0.00	1.18
carries	-0.00	1.89
desires	-0.00	1.62
90	0.00	1.51
hall	0.00	1.34
performance	0.00	1.24
services	0.00	1.59
4-5	0.00	1.74
becoming	0.00	1.63
locked	0.00	1.42
36	0.00	1.54
graduated	0.00	1.58
december	0.00	1.58
standing	0.00	1.21
january	0.00	1.54
handy	0.00	1.00
b/c	0.00	1.46
allowance	0.01	1.40
loan	0.01	1.38
5-6	0.01	1.74
nannies	0.01	1.59
weekends	0.01	1.72
hire	0.01	1.69
aunt	0.01	1.78
supply	0.01	1.14
between	0.01	1.57
impulse	0.01	1.62
seven	0.01	1.74
limiting	0.01	1.35
high	0.01	1.39
canada	0.01	1.86
chunk	0.01	1.40
weekly	0.01	1.49
section	0.01	1.27
collect	0.01	1.40
allows	0.01	1.76
coat	0.01	1.06
cart	0.01	1.28
full-time	0.01	1.77
internal	0.01	1.46
regarding	0.01	1.60
lip	0.01	1.15
friend	0.01	2.02
employer	0.01	1.55
stairs	0.01	1.34
2nd	0.01	1.50
job	0.01	1.76
bat	0.01	1.45
policy	0.01	1.44
stating	0.01	1.91
particular	0.01	1.85
metal	0.01	1.27
babysitter	0.01	1.77
3-4	0.02	1.74
longest	0.02	1.69
meant	0.02	2.87
suggested	0.02	2.08
three	0.02	1.74
meantime	0.02	2.09
recover	0.02	1.46
his/her	0.02	1.77
hint	0.02	1.98
wash	0.02	1.12
teachers	0.02	1.58
depends	0.02	2.21
bag	0.02	1.15
shut	0.02	1.37
paycheck	0.02	1.38
2yo	0.02	2.38
dairy	0.02	1.15
regrets	0.02	1.70
tuition	0.02	1.37
tissue	0.02	1.38
packed	0.02	1.26
drill	0.02	1.23
parental	0.02	1.54
nut	0.02	1.29
honey	0.02	1.99
ones	0.02	1.62
served	0.02	1.21
dishes	0.02	1.35
seen	0.02	2.14
ultrasound	0.02	1.46
stove	0.02	1.41
10	0.02	1.71
equipped	0.02	1.91
vary	0.02	1.79
chasing	0.02	1.38
six	0.02	1.75
running	0.02	1.50
staring	0.02	1.17
waiting	0.02	1.76
involvement	0.02	1.43
fourth	0.02	1.31
dishwasher	0.02	1.27
walking	0.02	1.36
four	0.02	1.74
unstable	0.03	1.41
student	0.03	1.47
lock	0.03	1.29
carbs	0.03	1.12
75	0.03	1.52
taking	0.03	2.15
25	0.03	1.58
breasts	0.03	1.60
b	0.03	1.72
meanwhile	0.03	1.45
breastfeeding	0.03	1.15
afford	0.03	1.68
furniture	0.03	1.21
floor	0.03	1.25
mentally	0.03	1.53
decision	0.03	2.59
priority	0.03	1.58
gate	0.03	1.31
involving	0.03	1.28
towel	0.03	1.06
disposable	0.03	1.14
front	0.03	1.23
salt	0.03	1.03
almost	0.03	1.87
decade	0.03	1.84
meeting	0.03	1.77
mouths	0.03	1.43
teenager	0.03	1.30
door	0.03	1.35
implement	0.03	1.45
bottles	0.04	1.09
whatsoever	0.04	1.90
hip	0.04	1.71
mainly	0.04	1.50
restrictions	0.04	1.45
parenting	0.04	1.49
nine	0.04	1.74
bottle	0.04	1.07
24	0.04	1.60
rules	0.04	1.45
store	0.04	1.26
enjoyed	0.04	2.23
negotiate	0.04	1.80
fence	0.04	1.40
laundry	0.04	1.32
justice	0.04	1.43
errands	0.04	1.49
subject	0.04	1.92
95	0.04	1.51
month	0.04	1.79
neighbor	0.04	1.49
u.s	0.04	1.68
daddy	0.04	2.04
taxes	0.04	1.40
possibilities	0.04	1.66
slow	0.04	1.31
swaddle	0.05	1.03
introduce	0.05	1.36
meets	0.05	1.27
saw	0.05	1.80
definition	0.05	1.99
heavily	0.05	1.35
pace	0.05	1.57
jar	0.05	1.32
references	0.05	1.59
trip	0.05	1.44
closed	0.05	1.48
5	0.05	1.72
marriage	0.05	1.77
bits	0.05	1.11
continued	0.05	1.47
enjoys	0.05	2.09
politely	0.05	1.95
north	0.05	1.78
iron	0.05	1.26
breastfed	0.05	1.13
topics	0.05	1.78
adopt	0.05	1.81
bonus	0.05	1.32
raised	0.05	1.33
walmart	0.05	1.21
violating	0.05	1.61
salary	0.05	1.51
realistic	0.05	1.30
doors	0.05	1.36
months	0.05	1.77
expressed	0.05	1.73
expert	0.05	1.92
sitter	0.06	1.66
audience	0.06	1.59
living	0.06	1.64
long-term	0.06	1.62
replace	0.06	1.43
approval	0.06	1.64
piece	0.06	1.24
upon	0.06	1.57
turned	0.06	1.74
heal	0.06	1.60
verbal	0.06	1.58
patterns	0.06	1.56
answered	0.06	2.26
brushing	0.06	1.17
damn	0.06	1.77
under	0.06	1.46
face	0.06	1.30
survived	0.06	1.30
cut	0.06	1.32
ingredients	0.06	1.03
ahead	0.06	1.81
goal	0.06	1.66
chose	0.06	1.98
australia	0.06	1.87
visiting	0.06	1.65
dad	0.06	1.86
differences	0.06	1.51
highly	0.06	1.76
climbing	0.06	1.27
styles	0.06	1.50
snap	0.06	1.20
station	0.06	1.23
marijuana	0.07	1.33
july	0.07	1.58
nanny	0.07	1.64
studying	0.07	1.61
floors	0.07	1.29
busy	0.07	1.85
hot	0.07	1.15
world	0.07	1.89
reverse	0.07	1.95
handful	0.07	1.75
preventing	0.07	1.43
known	0.07	1.92
heart	0.07	1.89
circumcision	0.07	1.53
dark	0.07	1.23
2	0.07	1.73
philosophy	0.07	1.50
apart	0.07	1.87
limits	0.07	1.48
indicates	0.07	1.64
allow	0.07	2.14
blowing	0.07	1.25
hallway	0.07	1.38
protection	0.07	1.47
town	0.07	1.70
drawer	0.07	1.29
policies	0.07	1.46
1st	0.07	1.52
arrive	0.07	1.59
discipline	0.07	1.47
everyday	0.07	1.30
3	0.07	1.73
florida	0.08	1.56
loans	0.08	1.39
random	0.08	1.46
oil	0.08	1.15
childcare	0.08	1.63
independently	0.08	1.80
recognized	0.08	1.73
equivalent	0.08	1.37
degree	0.08	1.52
4	0.08	1.73
cousin	0.08	1.75
check	0.08	1.92
stays	0.08	1.50
asleep	0.08	1.33
pre-school	0.08	1.40
debt	0.08	1.40
staying	0.08	1.82
vacuum	0.08	1.37
50	0.08	1.55
corner	0.08	1.23
1.5	0.08	1.71
location	0.08	1.69
shorts	0.08	1.08
limited	0.08	1.41
curious	0.08	1.84
refer	0.08	1.89
wipes	0.08	1.06
installed	0.08	1.17
brother	0.08	1.87
sister	0.08	1.87
hold	0.08	1.43
breath	0.08	1.59
c	0.08	1.69
listening	0.08	1.53
hired	0.08	1.64
slack	0.09	1.80
style	0.09	1.33
80	0.09	1.53
evidence	0.09	1.93
luxury	0.09	1.35
miles	0.09	1.57
biology	0.09	1.29
stayed	0.09	1.58
grader	0.09	1.44
according	0.09	1.60
ring	0.09	1.47
21	0.09	1.60
define	0.09	1.56
screw	0.09	1.53
stock	0.09	1.12
cribs	0.09	1.13
buying	0.09	1.37
finger	0.09	1.13
concrete	0.09	1.44
shelf	0.09	1.27
follow	0.09	1.51
strict	0.09	1.43
12	0.09	1.71
down	0.09	1.55
fold	0.09	1.11
ive	0.09	1.99
market	0.09	1.26
advanced	0.09	1.76
shoot	0.09	1.34
new	0.09	1.65
setup	0.09	1.50
feeding	0.09	1.11
pointing	0.10	1.83
volume	0.10	1.40
babysit	0.10	1.71
own	0.10	2.05
opened	0.10	1.40
attitude	0.10	1.59
swap	0.10	1.57
spring	0.10	1.43
error	0.10	1.72
1/2	0.10	1.74
caution	0.10	1.51
strollers	0.10	1.59
pot	0.10	1.27
8th	0.10	1.47
8	0.10	1.73
rocks	0.10	1.35
oz	0.10	1.37
6	0.10	1.72
frame	0.10	1.18
combo	0.10	1.28
dish	0.10	1.19
teenage	0.10	1.31
among	0.10	1.41
one-on-one	0.10	1.75
pile	0.10	1.38
17	0.10	1.71
transfer	0.10	1.42
foster	0.11	1.56
sticking	0.11	1.38
holding	0.11	1.15
shave	0.11	1.38
18	0.11	1.71
14	0.11	1.70
organic	0.11	1.16
closet	0.11	1.40
voice	0.11	1.65
admitted	0.11	1.75
soy	0.11	1.23
dependent	0.11	1.75
overweight	0.11	1.35
leader	0.11	1.44
cultural	0.11	1.54
lived	0.11	1.66
yrs	0.11	1.80
year	0.11	1.81
leftovers	0.11	1.35
23	0.11	1.60
filling	0.11	1.23
several	0.11	1.74
brand	0.11	1.29
35	0.11	1.67
disagree	0.11	2.55
elementary	0.11	1.48
2.5	0.11	1.74
nephew	0.11	1.83
sized	0.11	1.25
shoes	0.11	1.08
events	0.11	1.43
grandkids	0.12	1.75
ratio	0.12	1.45
calories	0.12	1.16
aunts	0.12	1.79
duty	0.12	1.50
22	0.12	1.64
loud	0.12	1.43
favor	0.12	1.31
gluten	0.12	1.24
forehead	0.12	1.26
uncles	0.12	1.78
open	0.12	1.51
interactions	0.12	1.58
double	0.12	1.18
schooling	0.12	1.34
money	0.12	1.42
social	0.12	1.55
womb	0.12	1.27
cleaner	0.12	1.41
enforce	0.12	1.47
prep	0.12	1.38
bio	0.12	1.74
focusing	0.12	1.81
grandchildren	0.12	1.77
top	0.12	1.47
scale	0.12	1.32
sheet	0.12	1.15
hears	0.12	1.70
teeth	0.12	1.15
strangers	0.12	1.80
retirement	0.12	1.31
prison	0.12	1.44
purchased	0.12	1.24
sacrifice	0.13	1.59
surprise	0.13	1.27
college	0.13	1.46
babysitters	0.13	1.67
number	0.13	1.63
spare	0.13	1.36
step	0.13	1.88
answer	0.13	2.79
priorities	0.13	1.53
spot	0.13	1.35
towels	0.13	1.15
ticket	0.13	1.46
calendar	0.13	1.45
air	0.13	1.18
skills	0.13	1.77
tax	0.13	1.40
ferber	0.13	1.55
damned	0.13	1.37
explore	0.13	1.73
tickets	0.13	1.32
graduate	0.13	1.55
guest	0.13	1.45
core	0.13	1.38
touch	0.13	1.92
bars	0.13	1.16
ed	0.13	1.48
document	0.13	1.60
summer	0.13	1.38
sex	0.13	1.55
savings	0.13	1.40
19	0.13	1.63
counter	0.13	1.30
based	0.13	1.87
maintenance	0.13	1.26
grandparents	0.14	1.78
solve	0.14	1.79
peanut	0.14	1.29
adopted	0.14	1.79
limit	0.14	1.26
submission	0.14	2.08
hand	0.14	1.27
grab	0.14	1.21
save	0.14	1.40
pad	0.14	1.13
husbands	0.14	1.83
curve	0.14	1.41
house	0.14	1.73
schedules	0.14	1.60
relief	0.14	1.55
pet	0.14	1.36
checks	0.14	1.51
4th	0.14	1.46
term	0.14	1.67
loudly	0.14	1.69
turns	0.14	1.51
price	0.14	1.24
20s	0.14	1.26
mat	0.14	1.15
senior	0.14	1.52
level	0.14	1.49
wear	0.14	1.15
identical	0.14	1.66
babysitting	0.14	1.65
in-laws	0.14	1.77
ice	0.14	1.17
referred	0.14	1.60
looking	0.14	2.50
33	0.15	1.52
downstairs	0.15	1.39
sizes	0.15	1.38
pairs	0.15	1.14
easter	0.15	1.25
chase	0.15	1.39
tape	0.15	1.26
couch	0.15	1.25
suppose	0.15	2.39
homeschool	0.15	1.50
turn	0.15	1.78
surrounded	0.15	1.48
cheaper	0.15	1.40
nephews	0.15	1.79
ship	0.15	1.35
rides	0.15	1.30
ups	0.15	1.27
opinion	0.15	2.41
28	0.15	1.52
along	0.15	1.92
district	0.15	1.50
universal	0.15	2.10
present	0.15	1.53
grandparent	0.15	1.76
guidelines	0.15	1.58
classmates	0.15	1.58
actual	0.15	1.90
product	0.15	1.14
cost	0.15	1.39
trees	0.16	1.32
fridge	0.16	1.30
focus	0.16	1.61
smoke	0.16	1.34
advance	0.16	1.56
race	0.16	1.52
referring	0.16	1.93
setting	0.16	1.54
university	0.16	1.50
percent	0.16	1.48
planet	0.16	1.29
boobs	0.16	1.65
windows	0.16	1.34
3rd	0.16	1.46
plain	0.16	1.23
intent	0.16	2.00
29	0.16	1.55
caffeine	0.16	1.20
incorrect	0.16	3.02
stated	0.16	2.18
loop	0.16	1.16
intended	0.16	1.81
serving	0.17	1.28
safety	0.17	1.46
room	0.17	1.39
meetings	0.17	1.57
minimal	0.17	1.48
city	0.17	1.63
earn	0.17	1.51
delicious	0.17	1.15
27	0.17	1.54
identify	0.17	1.84
type	0.17	1.75
field	0.17	1.59
vacation	0.17	1.43
son	0.17	2.02
recognize	0.17	1.90
hands	0.17	1.20
stepson	0.17	1.70
diet	0.17	1.22
property	0.17	1.48
alternate	0.17	1.66
16	0.17	1.72
9	0.17	1.75
established	0.17	1.41
cousins	0.17	1.79
supervision	0.17	1.55
7	0.17	1.78
adjust	0.17	1.56
exclusively	0.17	1.25
identity	0.17	1.56
costco	0.17	1.21
sun	0.17	1.27
countries	0.17	1.68
needed	0.18	2.09
11	0.18	1.77
chain	0.18	1.24
w	0.18	1.51
sounding	0.18	1.59
13	0.18	1.73
closing	0.18	1.48
nieces	0.18	1.78
yard	0.18	1.40
techniques	0.18	1.51
bedroom	0.18	1.41
grade	0.18	1.47
olds	0.18	1.76
adoptive	0.18	1.75
window	0.18	1.32
guess	0.18	2.75
steps	0.18	1.62
answering	0.18	2.07
experience	0.18	1.88
sisters	0.18	1.78
4.5	0.18	1.77
behaviour	0.18	1.56
boost	0.18	1.55
handing	0.18	1.40
aid	0.18	1.44
aspect	0.18	1.60
upstairs	0.18	1.35
lunches	0.19	1.24
comparison	0.19	1.30
bet	0.19	2.10
skin	0.19	1.22
31	0.19	1.57
schedule	0.19	1.44
expand	0.19	1.51
items	0.19	1.50
protein	0.19	1.17
guardian	0.19	1.58
milk	0.19	1.10
jeans	0.19	1.10
youngest	0.19	1.90
school	0.19	1.46
competition	0.19	1.47
mos	0.19	1.83
borrow	0.19	1.31
friends	0.19	1.76
wedding	0.19	1.32
cats	0.19	1.33
naturally	0.19	1.61
massive	0.19	1.44
marketing	0.19	1.55
mattress	0.19	1.16
tooth	0.19	1.26
handling	0.20	1.55
sugar	0.20	1.15
portion	0.20	1.32
n	0.20	1.35
sales	0.20	1.26
traditional	0.20	1.30
uk	0.20	1.73
forth	0.20	1.26
pillows	0.20	1.14
different	0.20	1.88
square	0.20	1.41
media	0.20	1.33
tongue	0.20	1.21
montessori	0.20	1.41
younger	0.20	1.91
pre	0.20	1.46
hole	0.20	1.28
treated	0.20	1.66
dressed	0.20	1.29
purely	0.20	1.61
fixing	0.21	1.65
3.5	0.21	1.77
sheets	0.21	1.15
approach	0.21	1.98
habits	0.21	1.39
opening	0.21	1.37
sandwich	0.21	1.29
separate	0.21	1.52
government	0.21	1.53
service	0.21	1.49
challenges	0.21	1.44
list	0.21	1.74
charm	0.21	1.48
regard	0.21	1.42
dollar	0.21	1.25
crack	0.21	1.42
brothers	0.21	1.80
succeed	0.21	1.71
practices	0.21	1.41
mo	0.21	1.81
mother	0.21	1.77
program	0.21	1.47
shop	0.21	1.21
sexually	0.21	1.44
description	0.21	1.74
yr	0.21	1.83
6th	0.21	1.49
society	0.21	1.36
harmless	0.22	1.78
driving	0.22	1.43
amount	0.22	1.40
certificate	0.22	1.53
apparently	0.22	2.07
angle	0.22	1.77
communicating	0.22	1.79
vacations	0.22	1.38
trips	0.22	1.36
tech	0.22	1.53
nail	0.22	1.19
crowd	0.22	1.46
sit	0.22	1.41
kitchen	0.22	1.29
pre-k	0.22	1.47
deliver	0.22	1.40
discount	0.22	1.24
upbringing	0.22	1.30
reinforcement	0.22	1.40
sounded	0.22	1.87
lawn	0.22	1.41
basket	0.22	1.15
families	0.22	1.78
zero	0.22	1.44
7th	0.22	1.46
mile	0.22	1.52
guests	0.22	1.39
addicted	0.22	1.42
twin	0.22	1.53
external	0.22	1.47
features	0.22	1.37
shaving	0.22	1.30
daytime	0.22	1.27
structured	0.23	1.39
outings	0.23	1.39
assigned	0.23	1.57
convenience	0.23	1.33
assure	0.23	1.48
profit	0.23	1.31
snacks	0.23	1.18
specific	0.23	1.90
age	0.23	1.87
burp	0.23	0.93
nope	0.23	1.90
route	0.23	2.15
center	0.23	1.56
plans	0.23	1.56
invite	0.23	1.48
chips	0.23	1.13
26	0.23	1.56
extended	0.23	1.62
thrilled	0.23	2.34
straw	0.23	1.23
blah	0.23	1.67
socks	0.23	1.04
foreign	0.24	1.67
results	0.24	1.52
peoples	0.24	1.85
shares	0.24	1.23
pretty	0.24	2.06
lasting	0.24	1.62
consistently	0.24	1.77
relatives	0.24	1.72
bulk	0.24	1.19
grounded	0.24	1.40
routine	0.24	1.39
target	0.24	1.24
hence	0.24	1.67
emotionally	0.24	1.54
administration	0.24	1.65
cookies	0.24	1.21
background	0.24	1.56
classroom	0.24	1.48
curriculum	0.24	1.41
involved	0.24	1.51
plates	0.24	1.23
return	0.24	1.52
serve	0.24	1.31
bath	0.24	1.15
introducing	0.24	1.45
bar	0.24	1.33
settle	0.24	1.77
biggest	0.25	1.55
giant	0.25	1.42
5th	0.25	1.47
reminds	0.25	1.50
batteries	0.25	1.11
unlike	0.25	1.48
holes	0.25	1.29
attention	0.25	1.53
sleepover	0.25	1.60
investment	0.25	1.41
common	0.25	1.57
receptive	0.25	1.79
commercials	0.25	1.08
dog	0.25	1.37
closer	0.25	1.72
numerous	0.25	1.87
toe	0.25	1.25
listened	0.25	1.35
reasoning	0.25	1.91
adapt	0.25	1.68
current	0.25	1.84
finances	0.25	1.41
innocent	0.25	1.70
encourage	0.25	1.83
weird	0.25	1.99
academic	0.26	1.46
tradition	0.26	1.36
preschool	0.26	1.42
lo	0.26	1.39
outside	0.26	1.42
depending	0.26	1.91
ongoing	0.26	1.73
junior	0.26	1.43
circle	0.26	1.41
eldest	0.26	1.85
self	0.26	1.59
logic	0.26	1.98
history	0.26	1.72
cooking	0.26	1.43
whom	0.26	1.74
schools	0.26	1.49
machine	0.26	1.21
bare	0.26	1.52
apartment	0.26	1.54
thing	0.26	3.00
near	0.26	1.80
activity	0.26	1.72
prices	0.26	1.26
advocate	0.26	1.59
cake	0.26	1.27
please	0.26	2.24
stars	0.27	1.44
bob	0.27	1.27
routines	0.27	1.46
helmet	0.27	1.33
beds	0.27	1.26
kindergarten	0.27	1.50
abilities	0.27	1.62
pads	0.27	1.15
function	0.27	1.54
improving	0.27	1.51
goals	0.27	1.48
fund	0.27	1.35
struck	0.27	1.55
mentioned	0.27	2.31
income	0.27	1.45
item	0.27	1.43
pleasure	0.27	1.58
mother-in-law	0.27	1.81
garage	0.28	1.32
imaginary	0.28	1.37
ball	0.28	1.32
firmly	0.28	1.46
shower	0.28	1.25
baking	0.28	1.15
lastly	0.28	1.80
rock	0.28	1.21
lab	0.28	1.48
studies	0.28	1.68
question	0.28	2.51
t	0.28	1.76
saving	0.28	1.47
healthier	0.28	1.51
science	0.28	1.76
ages	0.28	1.70
donate	0.28	1.31
bank	0.28	1.41
sample	0.28	1.58
assumed	0.28	1.61
i.e	0.28	1.49
shirts	0.28	1.17
basement	0.28	1.43
supervised	0.29	1.58
egg	0.29	1.23
reaching	0.29	1.51
recovery	0.29	1.46
set	0.29	1.52
year-old	0.29	1.82
oldest	0.29	1.90
formal	0.29	1.47
picked	0.29	1.55
ikea	0.29	1.18
vet	0.29	1.46
sorry	0.29	2.38
vision	0.29	1.36
nursery	0.29	1.37
classic	0.29	1.38
joke	0.30	1.73
dogs	0.30	1.35
knife	0.30	1.36
kit	0.30	1.30
moms	0.30	1.67
dates	0.30	1.54
bowl	0.30	1.18
objects	0.30	1.43
spoon	0.30	1.15
repair	0.30	1.50
amounts	0.30	1.22
strategies	0.30	1.72
pillow	0.30	1.15
sitting	0.30	1.31
children	0.30	1.90
beneficial	0.30	1.50
pour	0.31	1.16
sahm	0.31	1.84
trade	0.31	1.62
decide	0.31	2.90
clock	0.31	1.42
instincts	0.31	1.61
dirt	0.31	1.44
faster	0.31	1.89
view	0.31	2.01
table	0.31	1.20
moral	0.31	1.48
dig	0.31	1.54
canadian	0.31	1.84
records	0.31	1.54
trial	0.31	1.55
pan	0.31	1.26
alcohol	0.31	1.29
acknowledging	0.31	1.74
meals	0.31	1.28
meh	0.32	2.15
nuts	0.32	1.34
credit	0.32	1.40
anecdotal	0.32	2.14
backwards	0.32	1.47
remains	0.32	1.43
elaborate	0.32	1.88
indicate	0.32	1.84
oatmeal	0.32	1.10
guardians	0.32	1.70
keys	0.32	1.35
cheap	0.32	1.35
association	0.32	1.45
whatnot	0.32	1.36
radio	0.32	1.28
cautious	0.32	2.09
countless	0.32	1.69
settings	0.32	1.63
heat	0.32	1.18
steam	0.32	1.30
click	0.33	1.47
points	0.33	2.16
bounce	0.33	1.20
aspects	0.33	1.72
aim	0.33	1.38
options	0.33	1.86
rooms	0.33	1.42
woods	0.33	1.45
plan	0.33	1.69
surface	0.33	1.38
tonight	0.33	2.25
monkey	0.33	1.15
additionally	0.33	1.34
wtf	0.33	1.82
plastic	0.33	1.25
maturity	0.33	1.70
effort	0.33	1.64
wood	0.33	1.33
timing	0.33	1.65
certain	0.33	1.78
further	0.33	1.88
pop	0.34	1.27
parent	0.34	2.12
alot	0.34	1.49
lists	0.34	1.59
greatly	0.34	1.61
technique	0.34	1.64
youth	0.34	1.31
become	0.34	1.82
eggs	0.34	1.21
exercise	0.35	1.30
24/7	0.35	1.30
material	0.35	1.50
nah	0.35	1.61
intention	0.35	2.04
sippy	0.35	1.13
conversations	0.35	1.69
heartbeat	0.35	1.33
cosleeping	0.35	1.08
fingers	0.35	1.19
source	0.35	1.73
instant	0.35	1.44
cereal	0.35	1.14
in-home	0.35	1.72
playgroup	0.35	1.51
closest	0.35	1.58
dry	0.35	1.10
family	0.35	1.66
functioning	0.35	1.56
homeless	0.35	1.40
brief	0.35	1.55
concepts	0.35	1.61
silly	0.35	1.55
areas	0.36	1.54
toes	0.36	1.21
playdates	0.36	1.55
fed	0.36	1.22
groups	0.36	1.64
obligation	0.36	1.59
rubbing	0.36	1.28
handles	0.36	1.44
repeating	0.36	2.15
opinions	0.36	1.85
design	0.36	1.26
weather	0.36	1.12
tricky	0.36	1.56
grow	0.36	1.75
package	0.36	1.35
applies	0.37	1.57
bags	0.37	1.16
pinch	0.37	1.41
resolved	0.37	1.90
minds	0.37	1.67
base	0.37	1.28
folks	0.37	1.98
critical	0.37	1.64
essential	0.37	1.42
boxes	0.37	1.41
shown	0.37	1.71
complex	0.37	1.60
parties	0.37	1.43
fathers	0.37	1.65
bouncing	0.37	1.27
organization	0.37	1.43
scientific	0.37	1.84
whose	0.37	1.69
yo	0.37	1.81
average	0.38	1.62
helping	0.38	1.95
homeschooling	0.38	1.46
fabric	0.38	1.13
pets	0.38	1.38
amazon	0.38	1.23
focused	0.38	1.71
bread	0.38	1.21
yogurt	0.38	1.27
reinforce	0.38	1.49
articles	0.38	1.60
speed	0.38	1.51
stubborn	0.38	1.47
fairly	0.39	1.91
rescue	0.39	1.42
clothes	0.39	1.33
band	0.39	1.25
gf	0.39	1.49
bunny	0.39	1.46
storage	0.39	1.37
paint	0.39	1.25
narrow	0.39	1.41
detail	0.39	2.13
r	0.39	1.51
headphones	0.39	1.18
status	0.39	1.61
trusted	0.39	1.57
dump	0.39	1.32
plus	0.39	1.50
ride	0.39	1.38
logical	0.40	1.80
sandwiches	0.40	1.24
joking	0.40	1.99
discussions	0.40	1.86
skype	0.40	1.65
thick	0.40	1.12
twins	0.40	1.76
middle	0.40	1.47
drive	0.40	1.48
transportation	0.40	1.55
local	0.40	1.49
turning	0.40	1.61
couples	0.40	1.83
sale	0.40	1.25
shall	0.40	1.81
materials	0.40	1.49
sometime	0.40	1.68
bedtime	0.40	1.40
presents	0.40	1.48
many	0.40	1.78
boundary	0.40	1.60
connection	0.40	1.66
removed	0.40	1.89
rubber	0.40	1.30
manageable	0.40	1.46
survival	0.41	1.43
accounts	0.41	1.54
cable	0.41	1.16
flowers	0.41	1.31
k	0.41	1.64
fat	0.41	1.22
developing	0.41	1.36
graduation	0.41	1.41
object	0.41	1.35
treat	0.41	1.63
cardboard	0.41	1.25
stimulation	0.41	1.64
wearing	0.41	1.27
thus	0.41	1.50
restrict	0.41	1.37
unit	0.41	1.44
alarm	0.41	1.27
initial	0.41	1.65
via	0.41	1.52
these	0.41	1.60
motivation	0.42	1.53
replacement	0.42	1.34
details	0.42	2.14
hugely	0.42	1.82
jack	0.42	1.31
exact	0.42	2.75
cups	0.42	1.18
project	0.42	1.51
comprehension	0.42	1.62
repeat	0.42	2.07
reminding	0.42	1.94
american	0.42	1.70
directions	0.42	1.57
form	0.42	1.48
recommendations	0.42	1.77
engage	0.42	1.71
cities	0.42	1.61
conversation	0.43	2.10
backup	0.43	1.40
grain	0.43	1.26
butter	0.43	1.28
older	0.43	1.93
teaches	0.43	1.58
alternative	0.43	1.88
culture	0.43	1.52
zone	0.43	1.25
duties	0.43	1.62
beside	0.43	1.22
personalities	0.43	1.69
solving	0.43	1.78
instruction	0.43	1.57
interacting	0.43	1.72
smoothies	0.43	1.09
choose	0.43	2.82
moment	0.44	1.54
endless	0.44	1.40
quality	0.44	1.40
noises	0.44	1.55
outcome	0.44	2.48
pajamas	0.44	1.07
stores	0.44	1.25
hang	0.44	2.25
parking	0.45	1.44
water	0.45	1.15
encouraging	0.45	1.72
freedom	0.45	1.64
meat	0.45	1.16
aged	0.45	1.70
enrolled	0.45	1.43
horse	0.45	1.32
dried	0.45	1.17
takes	0.45	1.70
wave	0.45	1.88
hygiene	0.45	1.48
curiosity	0.46	1.69
biological	0.46	1.69
class	0.46	1.46
strategy	0.46	1.78
holidays	0.46	1.40
shopping	0.46	1.36
submit	0.46	2.03
hidden	0.46	1.53
energy	0.46	1.60
tables	0.46	1.18
including	0.46	1.44
volunteer	0.46	1.42
hopefully	0.46	2.38
phrase	0.46	1.74
entertainment	0.46	1.11
soul	0.46	1.31
balance	0.46	1.51
gifted	0.47	1.54
y/o	0.47	1.83
stories	0.47	1.44
backyard	0.47	1.54
chairs	0.47	1.17
safely	0.47	1.65
ever	0.47	2.96
bye	0.47	2.01
responded	0.47	2.19
pride	0.47	1.40
pizza	0.47	1.19
listed	0.47	1.81
dinners	0.47	1.38
nearby	0.47	1.62
vast	0.48	1.58
tools	0.48	1.79
visual	0.48	1.35
calmed	0.48	1.60
chocolate	0.48	1.26
tree	0.48	1.31
group	0.48	1.57
math	0.48	1.55
daycares	0.48	1.67
previous	0.48	2.20
eye	0.48	1.41
treating	0.48	1.78
sanity	0.48	1.37
nails	0.48	1.17
area	0.48	1.71
monitor	0.48	1.34
mil	0.48	1.82
tone	0.48	1.63
fan	0.48	1.42
foam	0.48	1.25
requires	0.48	1.60
nature	0.48	1.46
j	0.48	1.57
hotel	0.48	1.41
exercises	0.49	1.22
spoil	0.49	1.56
neighborhood	0.49	1.55
generations	0.49	1.65
secret	0.49	1.51
elsewhere	0.49	2.14
o	0.49	1.59
establish	0.49	1.47
op	0.49	2.53
dreams	0.50	1.11
direct	0.50	1.76
young	0.50	1.71
excitement	0.50	1.56
road	0.50	1.62
access	0.50	1.54
playground	0.50	1.40
incentive	0.50	1.62
basics	0.50	1.43
beer	0.50	1.34
recommendation	0.50	1.93
mind	0.50	2.97
park	0.50	1.42
hers	0.50	1.88
wonders	0.51	1.26
paper	0.51	1.27
public	0.51	1.51
develop	0.51	1.44
account	0.51	1.61
fish	0.51	1.18
bubbles	0.51	1.31
code	0.51	1.56
bell	0.51	1.20
theater	0.51	1.27
oven	0.51	1.33
civil	0.51	1.48
communication	0.51	1.64
knowledge	0.52	1.77
software	0.52	1.58
giving	0.52	1.96
laughing	0.52	1.67
shops	0.52	1.27
data	0.52	1.65
cents	0.52	1.48
solid	0.52	1.21
mountain	0.52	1.42
passion	0.52	2.00
sending	0.52	1.71
count	0.52	1.68
string	0.52	1.14
celebrate	0.52	1.34
dozen	0.52	1.86
exploring	0.53	1.41
add	0.53	1.64
confidence	0.53	1.66
trick	0.53	1.92
financial	0.53	1.52
clothing	0.53	1.18
very	0.53	1.86
participating	0.53	1.44
promote	0.53	1.52
hat	0.53	1.12
cared	0.53	2.22
shirt	0.53	1.18
image	0.53	1.57
zoo	0.53	1.43
amp	0.53	1.62
steady	0.53	1.27
drinking	0.53	1.29
online	0.54	1.84
below	0.54	2.16
qualify	0.54	1.57
nuggets	0.54	1.25
interaction	0.54	1.58
emphasis	0.54	1.39
review	0.54	1.76
gym	0.54	1.36
following	0.54	1.54
discussion	0.54	2.09
sand	0.54	1.32
mama	0.54	2.09
consistent	0.54	1.47
rocking	0.55	1.21
gently	0.55	1.46
lesson	0.55	1.73
line	0.55	1.95
assistance	0.55	1.77
introduced	0.55	1.19
blankets	0.55	1.09
u	0.55	1.66
gather	0.55	1.59
research	0.55	1.76
manner	0.55	1.86
creating	0.55	1.36
versa	0.55	1.51
net	0.55	1.34
turkey	0.55	1.17
toast	0.55	1.24
knew	0.55	1.93
signs	0.55	1.86
boyfriend	0.55	1.73
equal	0.55	2.01
neutral	0.56	1.45
whilst	0.56	1.41
classes	0.56	1.43
charity	0.56	1.36
mix	0.56	1.20
museum	0.56	1.41
generation	0.56	1.36
fire	0.56	1.54
balanced	0.56	1.37
equipment	0.56	1.33
housing	0.56	1.40
fruits	0.56	1.18
counts	0.56	1.65
stern	0.56	1.52
soda	0.56	1.22
expected	0.56	2.55
pen	0.57	1.26
noise	0.57	1.30
decades	0.57	1.73
message	0.57	1.90
grace	0.57	1.40
screens	0.57	1.33
surprising	0.57	1.89
centers	0.57	1.57
puppy	0.57	1.39
latest	0.57	1.29
village	0.57	1.50
roles	0.58	1.58
helper	0.58	1.57
pretend	0.58	1.87
various	0.58	1.59
adds	0.58	1.40
uncommon	0.58	1.50
equally	0.58	1.54
truly	0.58	1.82
cross	0.58	1.67
conscious	0.58	2.40
calms	0.58	1.51
eve	0.58	1.33
aisle	0.58	1.25
sends	0.58	1.61
homemade	0.58	1.25
traffic	0.58	1.54
soup	0.58	1.32
hair	0.59	1.18
security	0.59	1.46
fortunately	0.59	1.17
ensure	0.59	1.58
wild	0.59	1.53
socialization	0.59	1.50
keeps	0.59	1.65
content	0.59	1.40
granted	0.59	1.36
rant	0.59	1.83
capacity	0.59	1.64
hardest	0.59	1.89
hoping	0.59	2.40
sauce	0.59	1.22
dining	0.59	1.26
articulate	0.60	1.85
smarter	0.60	1.88
sorted	0.60	1.70
programs	0.60	1.57
reviews	0.60	1.46
asian	0.60	1.54
vegetables	0.60	1.19
responsibility	0.60	1.62
shape	0.60	1.39
hes	0.60	1.95
relax	0.60	1.74
yourselves	0.60	1.79
tune	0.61	1.52
jokes	0.61	1.70
party	0.61	1.44
pursue	0.61	1.51
drank	0.61	1.26
voices	0.61	1.46
lines	0.61	1.72
veggie	0.61	1.19
niece	0.61	1.89
bike	0.61	1.46
drinks	0.61	1.23
crackers	0.61	1.22
neighbors	0.61	1.54
pieces	0.61	1.40
street	0.62	1.45
bunch	0.62	1.52
path	0.62	1.74
music	0.62	1.37
million	0.62	1.61
crossing	0.62	1.49
mothers	0.62	1.47
values	0.62	1.58
naming	0.62	1.65
l	0.63	1.81
suits	0.63	1.38
y	0.63	1.77
honest	0.63	2.41
drawn	0.63	1.44
grocery	0.63	1.29
criticism	0.63	1.71
distance	0.63	1.59
flexibility	0.63	1.64
houses	0.63	1.58
primary	0.63	1.60
saves	0.63	1.27
privacy	0.63	1.46
singing	0.63	1.48
adults	0.63	1.91
interests	0.63	1.57
educated	0.63	1.58
seeking	0.63	1.83
otherwise	0.63	2.70
advise	0.64	1.93
peer	0.64	1.63
originally	0.64	2.17
vegetable	0.64	1.21
commented	0.64	2.26
traits	0.64	1.43
showed	0.64	1.66
vegetarian	0.64	1.20
hubby	0.64	1.85
loads	0.64	1.52
lay	0.64	1.45
efforts	0.64	1.62
caregiver	0.64	1.65
owe	0.64	1.60
salad	0.65	1.18
monster	0.65	1.34
pool	0.65	1.40
instance	0.65	1.63
above	0.65	2.19
yours	0.65	2.96
beef	0.65	1.22
included	0.65	1.48
thanksgiving	0.65	1.40
join	0.65	1.48
impressed	0.65	2.09
learning	0.66	1.59
beach	0.66	1.39
fruit	0.66	1.19
cook	0.66	1.33
topic	0.66	2.11
fashion	0.66	1.50
community	0.66	1.56
birthday	0.66	1.46
teaching	0.66	1.70
version	0.66	1.53
master	0.67	1.43
variety	0.67	1.39
study	0.67	1.74
met	0.67	1.89
boundaries	0.67	1.51
built	0.67	1.27
alright	0.67	2.14
awareness	0.67	1.58
mummy	0.67	1.91
colored	0.67	1.25
track	0.67	1.57
angel	0.67	1.07
anyways	0.67	2.11
authority	0.67	1.53
log	0.67	1.60
troll	0.68	1.95
replied	0.68	2.27
fast	0.68	1.56
fully	0.68	1.92
technology	0.68	1.46
poster	0.68	2.33
dads	0.68	1.76
tolerance	0.68	1.37
private	0.68	1.44
audio	0.68	1.41
drink	0.68	1.26
dialogue	0.68	1.81
swim	0.69	1.37
women	0.69	1.54
grandchild	0.69	1.68
multiple	0.69	1.64
search	0.69	1.80
stay	0.69	1.82
linked	0.69	1.84
santa	0.69	1.59
developed	0.69	1.37
nutrition	0.69	1.39
cash	0.69	1.38
f	0.69	1.73
searching	0.69	1.86
cup	0.69	1.22
cheese	0.69	1.21
indoor	0.69	1.44
invested	0.69	1.57
stronger	0.70	1.53
fwiw	0.70	1.42
requests	0.70	1.67
color	0.70	1.40
e	0.70	1.79
bake	0.70	1.28
coffee	0.70	1.27
freeze	0.71	1.31
block	0.71	1.38
raw	0.71	1.27
mum	0.71	1.85
opportunity	0.71	1.82
glass	0.71	1.27
prepare	0.71	1.36
reassure	0.71	1.87
martial	0.71	1.38
main	0.71	1.83
team	0.71	1.23
while	0.71	1.47
supplies	0.71	1.46
despite	0.71	1.57
opportunities	0.71	1.66
birthdays	0.71	1.44
counting	0.71	1.65
lessons	0.71	1.50
lifetime	0.71	1.26
spoke	0.72	2.20
speak	0.72	2.32
cell	0.72	1.33
donation	0.72	1.54
projects	0.72	1.51
independence	0.72	1.57
sling	0.72	2.65
contribute	0.72	1.59
crazy	0.72	2.14
holiday	0.72	1.36
ta	0.72	1.93
pig	0.72	1.51
forum	0.72	1.89
bus	0.72	1.60
tablets	0.72	1.27
maintain	0.72	1.44
caregivers	0.72	1.58
meaning	0.72	2.14
membership	0.72	1.31
participate	0.72	1.51
chicken	0.72	1.19
shapes	0.72	1.64
settled	0.72	1.57
spouse	0.72	1.68
la	0.73	1.49
juice	0.73	1.22
cure	0.73	1.68
controls	0.73	1.40
household	0.73	1.49
create	0.73	1.38
vice	0.73	1.53
amazed	0.73	1.71
entertain	0.73	1.61
hobby	0.73	1.33
mac	0.73	1.23
sigh	0.73	1.69
organized	0.73	1.39
internet	0.73	1.61
prime	0.73	1.25
smiling	0.73	1.54
sources	0.73	1.62
responsibilities	0.73	1.52
club	0.73	1.40
trusting	0.74	1.48
greater	0.74	1.39
library	0.74	1.43
socializing	0.74	1.54
email	0.74	1.67
animal	0.74	1.36
short	0.74	1.43
hobbies	0.74	1.43
headed	0.75	1.48
hi	0.75	2.16
surprisingly	0.75	1.58
squeeze	0.75	1.42
added	0.75	1.37
chat	0.75	1.76
army	0.75	1.54
tag	0.75	1.53
penny	0.75	1.35
regards	0.75	1.53
absolutely	0.75	2.51
clarify	0.75	2.26
wrapped	0.76	1.17
fresh	0.76	1.21
eh	0.76	1.83
baby	0.76	2.54
box	0.76	1.51
arts	0.76	1.39
hey	0.76	2.26
loaded	0.76	1.38
reading	0.76	1.35
believed	0.76	1.70
greek	0.76	1.27
controlled	0.76	1.46
blanket	0.76	1.11
daughter	0.76	2.03
girlfriend	0.76	1.76
karate	0.76	1.37
electronic	0.76	1.34
overreacting	0.77	2.35
activities	0.77	1.47
mini	0.77	1.38
numbers	0.77	1.66
freezer	0.77	1.30
ridiculously	0.77	1.70
posters	0.77	2.30
pretending	0.77	1.77
effective	0.77	1.46
99	0.77	1.41
camping	0.77	1.39
filled	0.77	1.19
contributing	0.78	1.74
personal	0.78	1.91
sons	0.78	1.74
gold	0.78	1.49
tear	0.78	1.29
enjoying	0.78	1.39
distraction	0.78	1.61
space	0.78	1.70
praise	0.78	1.50
single	0.78	1.68
laughed	0.78	1.86
smiles	0.78	1.45
ops	0.78	2.32
likes	0.78	2.26
notion	0.78	1.67
white	0.79	1.21
mentioning	0.79	1.41
usage	0.79	1.38
arrived	0.79	1.52
veggies	0.79	1.16
socially	0.79	1.82
offers	0.79	1.50
gay	0.79	1.50
user	0.79	1.95
literature	0.79	1.49
life	0.79	2.42
swimming	0.79	1.37
thought	0.80	2.43
alert	0.80	2.37
3yo	0.80	1.82
monitoring	0.80	1.53
electronics	0.80	1.37
pat	0.80	1.48
emails	0.80	1.63
relationships	0.81	1.53
network	0.81	1.57
painting	0.81	1.39
places	0.81	1.65
helps	0.81	1.78
mobile	0.81	1.62
model	0.81	2.08
speaks	0.81	2.02
option	0.81	2.82
parks	0.81	1.43
guidance	0.81	1.92
special	0.81	1.40
partner	0.81	1.82
occasionally	0.81	2.37
camp	0.81	1.42
foundation	0.82	1.54
structure	0.82	1.46
kitty	0.82	1.44
models	0.82	1.33
instructions	0.82	1.57
sign	0.82	2.02
hopes	0.82	1.47
glasses	0.82	1.24
spinach	0.82	1.13
competitive	0.82	1.30
ipads	0.82	1.36
lips	0.82	1.40
sport	0.83	1.36
original	0.83	2.25
types	0.83	1.49
partners	0.83	1.67
rice	0.83	1.19
copy	0.83	1.59
additional	0.83	1.63
wan	0.84	1.86
gymnastics	0.84	1.36
downvoted	0.84	2.36
spaghetti	0.84	1.20
sites	0.84	1.72
screen	0.84	1.36
functions	0.84	1.53
academically	0.84	1.64
memory	0.84	1.45
voted	0.84	2.27
skill	0.85	1.60
chill	0.85	1.32
league	0.85	1.29
tons	0.85	1.62
deserves	0.85	1.47
tough	0.85	1.86
seriously	0.85	1.98
fb	0.85	1.72
thankfully	0.85	1.57
coach	0.85	1.34
facebook	0.85	1.75
queen	0.85	1.30
role	0.86	1.57
works	0.86	2.59
recent	0.86	1.59
interactive	0.86	1.47
links	0.86	1.94
alphabet	0.86	1.54
digital	0.86	1.46
title	0.86	2.08
text	0.86	1.68
subreddit	0.86	2.08
texts	0.86	1.66
strength	0.86	1.43
christmas	0.86	1.41
website	0.86	1.76
truck	0.86	1.70
pasta	0.87	1.19
creativity	0.87	1.66
story	0.87	1.74
bubble	0.87	1.36
yoga	0.87	1.31
awake	0.88	1.42
close	0.88	1.89
posting	0.88	2.01
dating	0.88	1.65
members	0.88	1.63
thoughts	0.88	1.79
red	0.88	1.28
golden	0.88	1.51
ugly	0.89	1.36
context	0.89	2.12
happiness	0.89	1.37
playtime	0.89	1.43
riding	0.89	1.50
sticks	0.89	1.25
gender	0.89	1.52
delete	0.89	1.80
colors	0.89	1.42
spam	0.89	1.94
consistency	0.89	1.46
land	0.89	1.48
recognizing	0.90	1.61
kinds	0.90	1.44
responding	0.90	2.09
tool	0.90	1.55
solutions	0.90	2.04
cooked	0.90	1.19
feature	0.90	1.29
taught	0.91	1.62
friendships	0.91	1.54
hiking	0.91	1.42
commitment	0.91	1.37
phone	0.91	1.42
pages	0.91	1.59
engaging	0.92	1.54
outfit	0.92	1.46
immensely	0.92	1.63
fairy	0.92	1.62
native	0.92	1.93
uh	0.92	2.23
camera	0.92	1.39
outdoors	0.92	1.27
daughters	0.92	1.81
device	0.92	1.39
thrive	0.93	1.52
followed	0.93	1.45
shaped	0.93	1.37
sperm	0.93	1.61
explanation	0.93	1.85
action	0.93	1.77
individuals	0.93	1.60
art	0.93	1.47
avocado	0.93	1.18
player	0.93	1.35
important	0.93	1.87
enough	0.94	2.53
available	0.94	1.82
include	0.94	1.61
posted	0.94	2.09
reddit	0.94	2.10
member	0.94	1.57
sent	0.94	1.61
painted	0.94	1.32
dance	0.94	1.30
blog	0.95	1.94
episodes	0.95	1.38
bikes	0.95	1.65
light	0.95	1.33
meaningful	0.95	1.48
send	0.95	1.65
sorts	0.95	1.40
tight	0.95	1.16
wrap	0.96	2.49
enjoyable	0.96	1.55
rub	0.96	1.42
pjs	0.96	1.21
dancing	0.96	1.34
watches	0.96	1.33
remote	0.96	1.30
solution	0.96	2.66
spirit	0.96	1.32
deleted	0.96	2.10
relationship	0.96	1.61
android	0.96	1.30
comment	0.96	2.31
happily	0.96	1.45
freaking	0.97	1.96
calming	0.97	1.30
king	0.97	1.30
chalk	0.97	1.47
tho	0.97	1.81
soothing	0.98	1.24
song	0.98	1.47
mixed	0.98	1.41
mall	0.98	1.41
language	0.98	2.08
tricks	0.98	1.57
r/parenting	0.98	1.96
french	0.98	1.82
parenthood	0.98	1.35
museums	0.98	1.42
extra	0.99	1.62
plenty	0.99	1.75
dvd	0.99	1.35
posts	0.99	1.99
tiny	0.99	1.36
print	0.99	1.62
impression	0.99	2.08
humor	0.99	1.75
mail	0.99	1.54
devices	0.99	1.36
page	1.00	1.70
dear	1.00	1.68
respecting	1.00	1.57
app	1.00	1.37
idk	1.00	1.87
sufficient	1.00	1.56
play	1.00	1.82
joined	1.01	1.52
bin	1.01	1.62
draw	1.01	1.54
phrases	1.02	2.16
friendship	1.02	1.59
introvert	1.02	2.17
computers	1.02	1.38
offering	1.02	1.75
comfort	1.02	1.55
intentions	1.03	2.28
scouts	1.03	1.42
quietly	1.03	1.33
halloween	1.03	1.57
exchange	1.03	1.43
link	1.03	2.02
protecting	1.03	1.56
laugh	1.03	1.88
gaming	1.04	1.36
keep	1.04	1.87
marry	1.04	1.68
paragraph	1.04	2.04
pbs	1.04	1.32
yellow	1.04	1.30
provides	1.04	1.40
photo	1.05	1.55
bear	1.05	1.53
reliable	1.05	1.59
worthwhile	1.05	1.66
career	1.05	1.54
sports	1.05	1.33
alternatives	1.06	1.72
chapter	1.06	1.43
jr	1.06	1.28
post	1.06	2.13
comments	1.06	2.21
book	1.06	1.49
thats	1.06	2.05
web	1.06	1.59
ya	1.06	2.04
computer	1.06	1.40
reads	1.06	1.57
wee	1.06	1.28
faces	1.06	1.53
black	1.06	1.26
thread	1.06	2.22
examples	1.07	1.96
messages	1.07	1.73
speaking	1.07	2.19
sub	1.07	2.09
regardless	1.07	2.58
channel	1.08	1.24
environment	1.08	1.52
necessary	1.08	2.66
yep	1.08	2.02
written	1.08	1.72
baseball	1.08	1.34
article	1.08	1.93
presence	1.09	1.46
puzzle	1.09	1.51
apps	1.09	1.36
wrote	1.09	2.02
photos	1.09	1.58
sarcasm	1.09	2.01
fellow	1.09	1.64
future	1.09	2.42
crayons	1.10	1.49
offered	1.10	1.55
4yo	1.10	1.46
demonstrate	1.10	1.66
reference	1.11	1.86
dunno	1.11	1.73
card	1.11	1.35
animals	1.11	1.41
sing	1.11	1.45
committed	1.11	1.49
languages	1.11	2.09
apologies	1.11	2.02
basic	1.11	1.62
value	1.11	1.57
downvote	1.11	2.12
tea	1.11	1.32
google	1.11	1.73
watched	1.12	1.38
spoken	1.12	2.07
careful	1.12	2.08
fantasy	1.12	1.49
0	1.12	1.58
notes	1.12	1.66
brown	1.12	1.23
kindle	1.13	1.26
shows	1.13	1.31
addition	1.13	1.43
distant	1.13	1.70
beans	1.13	1.17
songs	1.14	1.46
outdoor	1.14	1.39
humans	1.14	1.48
build	1.14	1.48
bedrooms	1.14	1.49
tablet	1.14	1.35
orange	1.14	1.25
sight	1.14	1.79
valuable	1.14	1.63
soccer	1.15	1.36
male	1.15	1.59
football	1.15	1.39
teach	1.15	1.62
signing	1.15	1.70
movies	1.15	1.32
spanish	1.15	2.08
dude	1.15	1.78
crafts	1.16	1.59
overall	1.16	2.11
ipad	1.16	1.35
downvotes	1.16	2.22
relatively	1.17	1.63
xbox	1.17	1.43
playgrounds	1.17	1.40
unique	1.17	1.68
journal	1.18	1.71
gifts	1.18	1.39
modeling	1.18	1.49
recipe	1.18	1.39
craft	1.18	1.33
moments	1.18	1.48
imagination	1.18	1.56
men	1.18	1.68
happier	1.18	2.35
television	1.18	1.27
letters	1.18	1.85
support	1.19	1.74
picture	1.19	1.62
theme	1.19	1.44
images	1.19	1.49
iphone	1.19	1.33
shelter	1.19	1.44
goodbye	1.19	1.89
wishing	1.19	1.64
german	1.19	2.16
soooo	1.19	1.65
consideration	1.20	1.63
author	1.20	1.73
sings	1.20	2.13
motivated	1.20	1.72
watch	1.20	1.39
chosen	1.21	2.49
vote	1.21	1.94
provide	1.22	1.76
here	1.22	2.42
experiences	1.22	1.78
eyes	1.22	1.30
star	1.22	1.37
balls	1.23	1.51
tank	1.23	1.39
toys	1.23	1.84
tv	1.23	1.30
p	1.24	2.10
read	1.24	1.71
typing	1.24	1.98
dedicated	1.24	1.47
console	1.24	1.45
pc	1.24	1.44
key	1.24	1.25
movie	1.24	1.30
blue	1.25	1.27
english	1.25	2.19
practice	1.25	1.50
green	1.25	1.22
bud	1.25	1.74
building	1.25	1.50
buddy	1.26	1.92
reminder	1.26	1.44
pictures	1.26	1.62
happiest	1.26	1.34
episode	1.26	1.52
board	1.26	1.59
toy	1.26	1.82
together	1.27	1.61
moderation	1.27	1.34
dress	1.27	1.72
vocabulary	1.27	2.17
makeup	1.27	1.53
lights	1.28	1.34
coloring	1.28	1.54
chinese	1.28	1.71
laptop	1.28	1.44
smile	1.28	1.73
drawing	1.28	1.56
purple	1.28	1.30
cartoons	1.28	1.29
outfits	1.29	1.40
character	1.29	1.41
answers	1.29	2.12
programming	1.29	1.29
secure	1.29	2.32
hello	1.29	1.53
video	1.29	1.44
write	1.29	1.64
netflix	1.29	1.30
showing	1.29	1.69
watching	1.30	1.38
offer	1.31	1.88
relevant	1.31	1.98
safe	1.31	2.26
shared	1.32	1.59
smooth	1.32	1.37
site	1.32	1.76
intelligence	1.32	1.51
quote	1.32	2.00
corn	1.33	1.15
websites	1.33	1.68
videos	1.33	1.37
stability	1.33	1.54
beauty	1.33	1.33
hear	1.33	2.14
fix	1.34	2.63
understanding	1.34	1.65
ladies	1.34	1.55
doll	1.34	1.59
fun	1.34	1.90
youtube	1.34	1.36
game	1.34	1.46
name	1.35	1.69
calm	1.35	1.61
free	1.35	1.46
books	1.35	1.44
george	1.35	1.54
practicing	1.36	1.69
yea	1.36	2.01
powerful	1.36	1.33
satisfied	1.37	2.22
named	1.37	1.56
repeated	1.37	2.46
momma	1.37	1.62
banana	1.37	1.25
instill	1.37	1.68
sesame	1.37	1.50
sounds	1.37	2.25
easiest	1.38	2.19
share	1.38	1.72
kidding	1.38	1.93
empathy	1.38	1.66
commenting	1.39	2.12
forgot	1.39	2.20
wars	1.40	1.35
moon	1.40	1.40
heh	1.40	1.89
boys	1.41	1.70
reader	1.41	1.20
attractive	1.41	1.48
wooden	1.41	1.79
flexible	1.41	1.60
minded	1.41	1.51
insisted	1.42	1.82
phones	1.43	1.29
accepting	1.43	1.31
relaxed	1.43	2.26
firm	1.43	1.47
itself	1.44	2.40
yes	1.44	2.56
popular	1.44	1.54
suitable	1.44	2.30
recipes	1.45	1.53
sentence	1.46	2.24
practical	1.46	1.71
provided	1.46	1.57
plays	1.46	2.20
um	1.46	1.95
disney	1.47	1.42
human	1.47	1.47
yeah	1.47	2.29
writing	1.48	1.81
sets	1.48	1.77
costume	1.48	1.57
penis	1.48	2.37
correctly	1.48	2.68
receive	1.49	1.52
adult	1.50	1.67
oops	1.50	2.10
female	1.50	1.47
suggestion	1.50	2.27
appropriate	1.51	2.52
edited	1.51	2.07
financially	1.51	1.71
resources	1.51	1.81
huh	1.51	2.11
stuffed	1.52	1.24
surely	1.52	2.01
married	1.52	1.57
manners	1.52	1.56
dresses	1.53	1.58
supporting	1.53	1.44
given	1.53	1.87
pics	1.53	1.59
gentle	1.53	1.43
kissing	1.53	1.63
rational	1.54	1.59
characters	1.55	1.29
letter	1.55	1.75
figures	1.55	1.68
proactive	1.55	2.13
looks	1.55	1.67
tiger	1.55	1.45
cartoon	1.55	1.18
honor	1.55	1.40
hah	1.56	2.12
receiving	1.56	1.46
replying	1.56	2.13
perfectly	1.56	2.18
idea	1.56	2.64
information	1.57	1.91
parts	1.57	2.45
reassuring	1.57	1.60
minecraft	1.57	1.56
expensive	1.57	1.95
goodness	1.57	1.78
convenient	1.58	1.66
john	1.59	1.36
pink	1.59	1.62
constructive	1.59	1.73
importance	1.59	1.54
replies	1.61	2.14
train	1.61	1.93
terms	1.62	2.62
exciting	1.62	1.58
apology	1.64	1.46
daniel	1.64	1.44
educational	1.64	1.30
games	1.65	1.54
genuine	1.65	1.55
hmm	1.65	2.08
such	1.66	1.82
guide	1.67	2.10
vagina	1.67	2.51
note	1.67	1.73
respected	1.68	1.59
blocks	1.69	1.92
easy	1.69	1.94
apple	1.69	1.20
apples	1.70	1.15
corrected	1.72	2.25
responses	1.72	2.08
funny	1.72	1.88
cuddling	1.73	1.56
beyond	1.73	1.99
lady	1.74	1.49
perspective	1.75	2.05
nicer	1.76	1.83
correcting	1.76	2.29
direction	1.76	2.25
favourite	1.76	1.26
tip	1.77	1.75
unwanted	1.78	2.16
ha	1.78	2.06
spell	1.78	2.53
potatoes	1.79	1.14
favorites	1.79	2.06
bananas	1.80	1.17
username	1.80	2.05
oh	1.80	2.15
ah	1.81	2.06
received	1.81	1.47
cards	1.81	1.40
reply	1.81	2.10
peace	1.81	1.50
massage	1.82	1.97
boy	1.82	1.68
puzzles	1.83	1.69
healthy	1.83	2.21
keeping	1.83	2.17
girls	1.83	1.64
place	1.84	2.19
played	1.86	1.91
words	1.86	2.71
dressing	1.86	2.17
welcome	1.86	1.87
dinosaur	1.87	2.21
wishes	1.87	1.99
obsessed	1.87	2.40
providing	1.88	1.52
sincerely	1.88	1.49
broccoli	1.88	1.13
girly	1.88	2.19
cars	1.88	2.29
edit	1.89	2.07
dinosaurs	1.89	2.30
sensitive	1.89	1.45
aww	1.90	2.19
peas	1.90	1.13
carrots	1.90	1.13
beings	1.92	1.50
lt	1.92	1.91
spelling	1.92	2.53
remain	1.92	1.64
updated	1.93	1.86
reasonably	1.93	2.12
response	1.94	1.96
playing	1.94	2.12
accurate	1.94	2.22
independent	1.94	1.61
created	1.95	1.56
word	1.95	2.60
feedback	1.95	1.79
wheels	1.95	2.29
guys	1.96	2.08
bro	1.96	1.70
detailed	1.96	1.74
pic	1.96	1.59
indeed	1.97	1.89
warm	1.97	1.99
alive	1.97	2.09
hope	1.97	1.94
upvote	1.97	2.09
mouse	1.98	2.07
deserve	1.98	1.74
trucks	1.99	2.30
soft	1.99	1.71
sentences	1.99	2.58
wisdom	2.00	1.58
potato	2.00	1.12
ideas	2.00	1.92
dolls	2.01	2.24
favorite	2.01	1.89
grammar	2.01	2.58
creative	2.02	1.49
yup	2.02	2.06
thomas	2.03	2.16
hug	2.03	2.12
proud	2.05	2.19
trains	2.05	2.28
proper	2.06	2.39
supported	2.07	1.42
compliment	2.07	1.57
etc	2.08	1.93
engaged	2.10	2.14
names	2.10	2.23
advice	2.12	1.97
update	2.12	1.94
raise	2.12	1.62
crossed	2.13	1.92
rested	2.14	2.21
casual	2.17	1.78
useful	2.17	1.53
greatest	2.17	1.64
lego	2.17	2.20
legos	2.18	2.22
kiddos	2.19	1.39
interest	2.19	1.70
adequate	2.20	2.18
lol	2.20	2.19
bonding	2.20	1.32
reassurance	2.21	1.64
guy	2.21	1.87
inexpensive	2.21	1.81
princesses	2.22	2.01
kiss	2.22	2.06
gives	2.23	1.85
pony	2.25	1.96
info	2.26	1.82
person	2.26	1.81
encouragement	2.26	1.69
confident	2.28	2.03
quiet	2.28	1.81
haha	2.31	2.12
frozen	2.31	1.95
mature	2.31	1.56
relaxing	2.31	1.89
capable	2.31	1.57
cherish	2.33	1.26
give	2.34	2.02
gosh	2.34	1.86
entertained	2.34	1.81
memories	2.36	1.48
emphasize	2.36	1.88
ps	2.37	2.00
cool	2.37	2.09
functional	2.37	1.96
sane	2.39	2.03
active	2.39	2.00
enjoy	2.40	1.48
insight	2.40	1.80
occupied	2.40	1.86
magical	2.42	1.56
hilarious	2.43	2.00
mr	2.44	1.63
quick	2.44	1.67
hahaha	2.44	2.01
tips	2.45	1.72
behaved	2.45	1.88
series	2.46	1.43
kind	2.48	1.85
respect	2.48	1.82
glad	2.49	2.02
patient	2.50	1.51
suggestions	2.50	1.86
princess	2.53	1.82
comforting	2.53	1.60
kisses	2.53	1.97
sympathy	2.54	1.58
wise	2.54	1.64
show	2.55	1.70
productive	2.55	1.77
cuddle	2.56	1.96
interesting	2.56	1.97
grown	2.56	1.78
mutual	2.56	1.84
wine	2.56	2.06
goodnight	2.57	1.95
little	2.58	1.71
journey	2.58	1.44
restaurant	2.59	1.99
stable	2.60	1.91
affection	2.60	1.91
woman	2.62	1.69
magic	2.64	1.56
miracle	2.64	1.29
adjusted	2.66	1.93
snuggle	2.66	1.90
patience	2.66	1.79
responsible	2.67	1.74
worthy	2.68	1.24
cuddles	2.68	1.88
btw	2.69	1.96
respectful	2.70	1.47
resilient	2.71	1.69
blast	2.72	1.78
restaurants	2.74	1.95
compassion	2.75	1.80
pleasant	2.76	1.57
amazingly	2.77	1.57
cute	2.77	1.73
luck	2.79	1.84
entertaining	2.80	1.52
blessing	2.80	1.45
fancy	2.81	1.73
appreciate	2.82	1.62
empathetic	2.83	1.44
omg	2.84	1.72
hugs	2.85	1.67
lots	2.85	1.66
kindness	2.88	1.67
yay	2.92	1.63
girl	2.93	1.65
bond	2.96	1.45
gift	2.97	1.70
man	2.98	1.67
thanks	2.99	1.87
wow	3.01	1.89
precious	3.02	1.28
successful	3.03	1.61
honesty	3.04	1.61
bright	3.05	1.52
thank	3.05	1.81
adventure	3.06	1.32
thankful	3.07	1.55
input	3.09	1.81
incredible	3.10	1.32
appreciated	3.12	1.58
wish	3.13	1.79
joy	3.15	1.08
polite	3.19	1.54
intelligent	3.21	1.28
compassionate	3.22	1.27
simple	3.23	1.61
caring	3.23	1.26
kiddo	3.23	1.66
clever	3.29	1.37
friendly	3.31	1.53
thoughtful	3.34	1.26
strong	3.36	1.12
resource	3.38	1.46
helpful	3.40	1.54
hero	3.46	1.07
smart	3.48	1.33
congrats	3.48	1.56
supportive	3.51	1.35
genius	3.56	1.12
fortunate	3.59	1.12
congratulations	3.59	1.45
loving	3.61	1.30
brave	3.66	1.21
adorable	3.69	1.38
lucky	3.73	1.27
kudos	3.74	1.36
generous	3.74	1.26
raising	3.80	1.04
great	3.89	1.38
sharing	3.95	1.20
adore	4.05	1.06
grateful	4.12	1.05
excellent	4.13	1.19
brilliant	4.14	1.12
sweet	4.18	0.95
beautiful	4.27	0.92
lovely	4.56	0.74
wonderful	4.62	0.66
