gross	-4.33	0.52
disgusting	-4.32	0.52
yuck	-4.26	0.59
stomach	-4.15	0.73
ew	-4.13	0.70
flu	-4.06	0.72
miserable	-4.04	0.90
suffering	-3.98	0.99
wicked	-3.98	0.57
smelled	-3.97	0.71
suck	-3.96	0.84
cough	-3.95	0.78
infection	-3.91	0.79
bug	-3.88	0.79
causing	-3.85	1.03
fever	-3.83	0.83
vomit	-3.82	0.79
headaches	-3.82	0.82
bitter	-3.78	1.10
dislike	-3.77	0.72
mild	-3.74	1.02
sick	-3.72	0.91
ugh	-3.68	0.90
migraine	-3.68	0.91
rid	-3.67	0.85
worse	-3.65	1.05
due	-3.64	1.15
blah	-3.64	0.78
sucked	-3.64	0.91
causes	-3.59	1.05
allergies	-3.58	0.67
dirty	-3.55	0.91
headache	-3.53	0.75
bugs	-3.52	1.00
crappy	-3.49	1.03
pain	-3.49	1.03
sucks	-3.49	1.05
constant	-3.47	0.98
allergic	-3.45	0.84
dealing	-3.43	1.17
shitty	-3.42	1.06
cruel	-3.41	1.05
bleh	-3.41	0.79
spiders	-3.40	1.02
sickness	-3.40	0.77
stupid	-3.36	1.00
freak	-3.36	1.11
passion	-3.36	1.09
cringe	-3.35	0.90
afraid	-3.35	1.29
tummy	-3.34	0.89
sore	-3.33	0.88
terrified	-3.30	1.32
migraines	-3.29	0.84
bothers	-3.29	1.17
bees	-3.28	1.08
bad	-3.24	1.09
sticky	-3.24	0.96
tasted	-3.23	0.71
throat	-3.23	0.80
poo	-3.22	1.02
taste	-3.22	0.74
complaining	-3.19	1.02
screw	-3.17	1.08
symptoms	-3.17	0.86
poop	-3.14	1.03
fear	-3.12	1.17
tastes	-3.11	0.77
hangover	-3.09	1.13
smell	-3.09	0.68
raw	-3.09	0.61
suffer	-3.08	0.98
severe	-3.07	1.01
grumpy	-3.06	1.82
allergy	-3.05	0.75
kills	-3.05	1.01
despite	-3.04	1.18
except	-3.00	1.20
offended	-3.00	1.82
prevent	-3.00	1.13
angry	-2.98	2.04
snakes	-2.98	1.24
useless	-2.96	1.25
texture	-2.94	0.74
dumb	-2.93	1.16
screwed	-2.93	1.13
feeling	-2.92	1.80
weak	-2.87	1.96
scare	-2.87	1.24
attacks	-2.86	0.94
dick	-2.84	0.94
luckily	-2.83	1.19
unhappy	-2.83	2.16
panic	-2.82	0.91
scared	-2.81	2.12
nightmare	-2.81	1.27
freaks	-2.79	1.42
anxiety	-2.79	0.99
caused	-2.79	1.03
slight	-2.78	0.94
pee	-2.77	0.77
paranoid	-2.74	2.34
depression	-2.73	1.00
stressed	-2.72	2.35
unfortunate	-2.72	1.24
disease	-2.71	0.80
rant	-2.69	1.13
tired	-2.69	2.25
cure	-2.67	0.80
killing	-2.67	0.80
depressed	-2.67	2.42
bummed	-2.66	2.40
bitch	-2.66	1.03
pressure	-2.66	0.90
nerve	-2.65	0.92
problems	-2.64	1.06
frustrated	-2.63	2.45
fault	-2.63	1.22
anxious	-2.62	2.45
diagnosed	-2.61	0.92
lonely	-2.61	2.36
rude	-2.61	0.97
upset	-2.60	2.48
stress	-2.59	1.01
extreme	-2.59	1.01
followed	-2.58	1.57
disorder	-2.57	0.99
pissed	-2.57	2.43
overwhelmed	-2.57	2.44
issues	-2.57	1.04
meds	-2.57	0.91
awkward	-2.56	1.91
struggling	-2.56	1.12
mess	-2.56	0.84
happier	-2.56	1.93
illness	-2.55	0.93
teenager	-2.55	1.32
annoyed	-2.55	2.37
piss	-2.55	0.96
embarrassed	-2.55	2.43
worried	-2.54	2.41
fucked	-2.52	1.08
scares	-2.52	1.15
confused	-2.51	2.48
emotional	-2.51	1.51
hurts	-2.50	0.97
wet	-2.50	0.74
effects	-2.50	0.93
neck	-2.49	0.91
jerk	-2.48	1.01
dealt	-2.48	1.00
bipolar	-2.47	0.98
uncomfortable	-2.46	2.36
pills	-2.46	0.88
fuck	-2.45	1.23
starving	-2.44	2.09
jerks	-2.44	1.01
weird	-2.43	1.25
nerves	-2.42	1.08
ugly	-2.41	1.25
exhausted	-2.40	2.03
burnt	-2.40	0.77
serious	-2.40	1.04
medicine	-2.40	0.84
ashamed	-2.40	2.22
selfish	-2.38	1.07
hungry	-2.38	2.39
chest	-2.38	0.88
medication	-2.37	0.91
bored	-2.37	2.51
ass	-2.36	1.03
asshole	-2.35	0.94
tooth	-2.35	0.83
breath	-2.35	0.78
trigger	-2.34	0.86
freaked	-2.34	2.03
idiot	-2.34	1.00
lame	-2.34	1.30
nervous	-2.32	2.53
mentally	-2.31	1.69
bleeding	-2.31	0.91
lazy	-2.31	1.94
strange	-2.31	1.29
pill	-2.30	0.89
ruined	-2.29	0.82
mental	-2.29	0.97
cry	-2.29	2.21
stole	-2.28	1.54
fucking	-2.28	1.25
kidney	-2.28	0.77
punch	-2.28	0.97
needles	-2.26	1.20
ignored	-2.26	1.72
mad	-2.26	2.51
attack	-2.25	0.88
refused	-2.24	1.93
joking	-2.24	1.76
physically	-2.23	1.68
sweat	-2.22	0.80
avoid	-2.22	0.94
leads	-2.22	1.05
emotionally	-2.22	1.67
minor	-2.21	0.94
disappointed	-2.21	2.56
afterwards	-2.20	1.41
result	-2.20	0.99
concerned	-2.20	2.35
creep	-2.19	1.08
bullshit	-2.17	1.05
alone	-2.17	2.33
damage	-2.17	0.93
condition	-2.17	0.89
ease	-2.16	0.97
doesnt	-2.16	1.96
remembering	-2.16	1.13
bastard	-2.16	1.04
stressing	-2.15	1.97
feel	-2.15	2.28
experienced	-2.14	1.50
decides	-2.14	2.10
breathing	-2.14	0.88
drops	-2.12	0.74
shy	-2.12	2.48
desperate	-2.11	1.87
aggressive	-2.10	1.58
massive	-2.10	1.02
prescription	-2.10	0.90
dirt	-2.09	0.73
hurting	-2.09	0.88
torn	-2.09	1.30
caffeine	-2.09	0.92
breathe	-2.08	0.91
spider	-2.07	0.99
blown	-2.07	1.04
everywhere	-2.06	0.77
guilty	-2.04	2.38
shocked	-2.04	2.39
mistakes	-2.04	1.69
damned	-2.04	1.38
annoying	-2.04	1.34
developed	-2.03	0.85
makes	-2.01	2.14
lamp	-2.00	1.66
odd	-2.00	1.34
crying	-2.00	1.85
bs	-1.99	0.92
ignoring	-1.98	0.83
muscles	-1.98	1.02
drives	-1.98	1.31
kick	-1.97	0.92
asks	-1.97	2.09
distracted	-1.94	2.05
assholes	-1.94	1.01
flying	-1.94	1.07
sees	-1.92	2.14
itch	-1.92	0.85
ignore	-1.92	0.83
convinced	-1.91	1.75
messy	-1.91	1.31
kicked	-1.91	0.91
badly	-1.90	1.37
besides	-1.90	1.28
embarrassing	-1.87	1.67
bitches	-1.87	1.10
burning	-1.87	0.77
overwhelming	-1.86	2.05
dull	-1.86	1.95
nightmares	-1.86	0.94
body	-1.86	0.87
anger	-1.86	1.03
blew	-1.85	0.61
yelled	-1.85	1.49
depressing	-1.84	1.92
thrilled	-1.83	2.25
picky	-1.83	2.53
bum	-1.83	1.08
mouth	-1.83	0.75
health	-1.81	0.96
differently	-1.81	1.60
spray	-1.81	0.76
knees	-1.81	0.95
carpet	-1.81	0.81
burned	-1.81	0.77
bothering	-1.81	0.81
muscle	-1.79	0.93
factor	-1.79	0.99
eats	-1.77	2.23
excited	-1.77	2.61
lately	-1.77	1.53
kill	-1.77	0.99
drunk	-1.76	1.43
disappointing	-1.76	2.01
blows	-1.76	0.72
prepared	-1.76	2.06
guilt	-1.74	1.05
ripped	-1.74	0.70
worrying	-1.74	1.51
apologize	-1.74	1.92
struggle	-1.74	1.05
heart	-1.73	0.85
mondays	-1.72	1.32
shut	-1.72	0.82
knee	-1.72	0.93
sensitive	-1.72	2.00
sadness	-1.72	1.27
feels	-1.72	1.16
shoulder	-1.71	0.90
rage	-1.71	0.98
sleepy	-1.71	1.99
flies	-1.69	0.93
leg	-1.69	0.91
tries	-1.69	2.23
destroyed	-1.69	0.99
nose	-1.68	0.84
emotions	-1.68	1.48
confusing	-1.68	1.77
cried	-1.68	1.81
silly	-1.68	1.43
lead	-1.67	0.78
arms	-1.67	1.05
suicide	-1.67	0.99
bee	-1.66	0.91
entire	-1.66	1.68
exception	-1.66	1.23
familiar	-1.65	1.44
legs	-1.65	1.05
ending	-1.64	1.76
wipe	-1.64	0.83
tells	-1.63	2.26
abuse	-1.63	1.06
upper	-1.62	0.87
customers	-1.62	0.97
stops	-1.62	0.84
likes	-1.62	2.33
messed	-1.61	2.02
amazed	-1.61	2.05
arm	-1.60	0.90
broken	-1.60	0.92
bird	-1.60	0.93
smoke	-1.60	0.75
customer	-1.59	0.78
girly	-1.59	2.01
treatment	-1.58	0.83
loop	-1.58	1.52
spit	-1.58	0.84
hurt	-1.58	1.05
ear	-1.57	0.81
bizarre	-1.57	1.30
boring	-1.57	1.86
scream	-1.57	1.24
am	-1.57	2.23
im	-1.56	2.19
biased	-1.55	2.16
kicks	-1.55	0.84
issue	-1.55	0.94
wants	-1.55	2.28
ankle	-1.55	0.94
explode	-1.54	1.02
tears	-1.54	1.40
trouble	-1.54	1.14
mistake	-1.54	2.00
unsure	-1.53	2.13
impressed	-1.53	2.42
tl	-1.53	0.86
aware	-1.53	1.94
understood	-1.52	1.98
assumed	-1.52	2.03
thinks	-1.52	2.25
potentially	-1.52	0.99
fond	-1.51	1.88
stinks	-1.51	1.25
control	-1.51	0.88
dying	-1.51	1.50
head	-1.50	0.85
yell	-1.50	1.51
says	-1.50	2.25
flavored	-1.50	0.78
cheating	-1.49	0.77
major	-1.49	0.96
stuck	-1.49	1.33
birds	-1.49	1.10
ill	-1.48	2.02
noises	-1.48	1.18
pumped	-1.48	2.29
stronger	-1.48	1.18
gluten	-1.48	0.73
similar	-1.47	1.26
sudden	-1.46	0.88
leading	-1.46	0.90
nicer	-1.46	1.15
broke	-1.46	0.86
knows	-1.46	2.16
shit	-1.46	1.23
drugs	-1.45	0.86
risk	-1.45	0.77
uses	-1.43	1.97
smells	-1.43	0.90
auto	-1.43	2.22
alcohol	-1.43	0.90
bone	-1.43	0.81
touching	-1.43	1.05
relief	-1.42	1.05
signs	-1.42	0.76
killed	-1.42	0.71
trapped	-1.41	1.41
intrigued	-1.41	2.05
clean	-1.41	0.79
wrist	-1.41	0.90
having	-1.41	1.35
scent	-1.41	0.66
than	-1.40	1.17
nonsense	-1.40	0.90
cries	-1.40	1.36
excitement	-1.40	1.27
employee	-1.38	0.78
kicking	-1.38	0.84
reaction	-1.38	0.78
expected	-1.38	1.18
medical	-1.37	0.84
tear	-1.37	1.14
avoiding	-1.37	0.95
snake	-1.37	0.88
harder	-1.37	1.21
closer	-1.36	1.15
frustrating	-1.36	1.80
complete	-1.35	0.90
hole	-1.35	0.87
decent	-1.35	1.03
tbh	-1.35	1.41
fart	-1.34	0.94
butt	-1.34	1.00
drug	-1.34	0.84
partial	-1.34	1.27
hard	-1.34	1.92
waste	-1.33	0.84
easier	-1.33	1.28
guessing	-1.33	1.64
dropped	-1.33	0.70
toe	-1.33	0.88
atm	-1.33	1.64
surprising	-1.32	1.45
knocked	-1.32	0.84
candle	-1.32	0.66
thunder	-1.32	1.06
needs	-1.32	2.20
yelling	-1.32	1.04
liking	-1.32	1.45
messing	-1.32	0.90
laughing	-1.31	1.34
mode	-1.31	0.77
dairy	-1.31	0.75
whiskey	-1.31	0.88
surprised	-1.30	2.28
poorly	-1.30	0.98
x_x	-1.30	1.06
hip	-1.29	0.83
curious	-1.29	1.90
painful	-1.29	1.55
pleased	-1.29	2.37
busted	-1.29	0.77
weirdest	-1.29	1.73
biggest	-1.29	1.94
rough	-1.28	1.25
felt	-1.28	1.86
outta	-1.28	1.21
candles	-1.27	0.66
shaking	-1.27	1.15
laughed	-1.27	1.58
sink	-1.27	0.79
fruits	-1.27	0.60
burns	-1.26	0.95
ghosts	-1.26	0.93
longer	-1.26	1.12
unemployed	-1.25	1.56
slap	-1.24	0.92
laughs	-1.24	1.11
bites	-1.24	0.85
shoulders	-1.24	0.90
usual	-1.24	1.03
thankfully	-1.24	0.74
blood	-1.23	0.84
zombies	-1.22	0.86
failing	-1.22	1.22
gum	-1.22	0.77
enjoys	-1.22	2.18
everytime	-1.21	1.14
aside	-1.21	0.82
dishes	-1.21	0.80
cancer	-1.20	0.75
inappropriate	-1.20	1.28
harsh	-1.20	1.13
empty	-1.20	1.15
dies	-1.20	1.04
desire	-1.20	0.90
lies	-1.19	0.83
failure	-1.19	0.89
wine	-1.18	0.90
minus	-1.18	0.78
stab	-1.18	0.98
loud	-1.18	1.27
stretch	-1.18	0.88
flavors	-1.18	0.79
financially	-1.18	1.48
bc	-1.18	1.29
feelings	-1.18	1.23
wisdom	-1.17	0.70
judging	-1.17	1.09
wash	-1.17	0.78
combination	-1.17	0.95
tequila	-1.17	0.83
cuz	-1.17	1.19
burn	-1.17	0.86
confident	-1.17	2.12
sake	-1.17	0.95
normal	-1.16	0.95
bigger	-1.16	1.03
whoops	-1.16	2.42
cell	-1.16	0.78
complain	-1.16	0.99
act	-1.16	0.92
iv	-1.16	0.84
cycle	-1.15	0.89
waffle	-1.15	0.66
crap	-1.15	1.34
surgery	-1.14	0.83
burst	-1.14	1.19
darker	-1.14	1.10
unable	-1.13	1.34
cracked	-1.13	0.82
dreaming	-1.13	1.00
phase	-1.13	0.87
affect	-1.13	0.88
shot	-1.12	0.75
fortunately	-1.12	0.89
sometimes	-1.12	1.17
knock	-1.12	0.88
washing	-1.12	0.78
potential	-1.12	0.83
blame	-1.12	0.90
telling	-1.11	1.14
accident	-1.11	0.72
silence	-1.11	0.99
bones	-1.11	0.87
creepy	-1.11	1.16
drank	-1.10	0.85
screaming	-1.10	1.12
needless	-1.10	0.53
trash	-1.10	0.75
violent	-1.10	1.05
total	-1.10	0.91
same	-1.09	1.41
booze	-1.09	0.87
without	-1.09	1.25
wasting	-1.09	1.00
washed	-1.09	0.78
calls	-1.09	1.57
vodka	-1.09	0.78
musical	-1.09	0.64
admit	-1.08	1.77
endless	-1.08	0.94
cooler	-1.08	0.97
coworkers	-1.08	0.75
lack	-1.08	0.83
beating	-1.08	0.77
cleaner	-1.07	0.73
soap	-1.07	0.68
reminds	-1.07	1.66
connected	-1.07	0.78
bite	-1.07	0.82
explained	-1.07	1.09
dentist	-1.07	0.92
argh	-1.06	1.21
chaos	-1.06	0.81
slow	-1.06	1.48
tempted	-1.05	1.88
shock	-1.05	1.35
jar	-1.05	0.72
flavor	-1.05	0.87
poison	-1.05	0.74
evil	-1.04	0.87
miracle	-1.04	1.00
wasted	-1.04	0.92
drinks	-1.04	0.85
fool	-1.03	0.90
apples	-1.03	0.48
financial	-1.03	0.84
treating	-1.03	0.75
air	-1.03	0.76
ginger	-1.03	0.75
foot	-1.02	0.81
beer	-1.02	0.84
focusing	-1.02	0.99
sharp	-1.02	0.95
lotion	-1.02	0.87
thumb	-1.00	0.81
beers	-1.00	0.90
annoy	-1.00	0.89
bathroom	-1.00	0.72
strawberries	-1.00	0.67
cracks	-1.00	0.85
bananas	-1.00	0.59
remembered	-0.99	1.48
rub	-0.99	0.89
comfortable	-0.99	1.69
handed	-0.99	0.87
drink	-0.99	0.79
rocky	-0.99	0.72
wifi	-0.99	0.79
supposedly	-0.99	0.69
fighting	-0.98	0.75
towels	-0.98	0.77
drinking	-0.98	0.86
opens	-0.98	0.92
overall	-0.98	1.44
spoiled	-0.98	1.54
pointed	-0.98	1.11
social	-0.98	0.82
current	-0.98	0.77
killer	-0.98	0.84
hands	-0.97	0.85
cuts	-0.97	0.83
balls	-0.97	1.27
sexual	-0.97	1.14
laundry	-0.97	0.76
backwards	-0.97	2.36
finds	-0.97	1.67
excuses	-0.97	0.83
tongue	-0.97	0.81
lower	-0.97	0.82
clue	-0.97	2.13
lying	-0.96	0.81
cleaned	-0.96	0.73
toilet	-0.96	0.73
relate	-0.96	0.88
mention	-0.96	2.20
mixed	-0.96	0.72
liked	-0.96	1.90
dew	-0.95	0.73
disaster	-0.95	0.87
realizing	-0.95	1.07
repair	-0.95	0.75
poke	-0.95	0.84
rum	-0.95	0.78
doc	-0.95	0.78
stable	-0.95	1.31
hardest	-0.95	1.79
core	-0.95	1.07
caught	-0.95	0.75
nuts	-0.94	0.78
breast	-0.94	0.72
responsible	-0.94	1.32
joy	-0.94	1.22
worthy	-0.94	1.06
fixing	-0.93	1.15
spice	-0.93	0.72
told	-0.93	1.35
lemonade	-0.93	0.73
drawn	-0.93	1.26
left	-0.93	0.90
addiction	-0.93	0.93
clothes	-0.92	0.74
zombie	-0.92	0.81
bottle	-0.92	0.77
replace	-0.92	0.75
constantly	-0.92	0.89
fails	-0.92	0.91
literally	-0.91	1.02
dreams	-0.91	0.85
beat	-0.91	1.02
blow	-0.91	0.73
popping	-0.91	0.87
easily	-0.90	1.61
invisible	-0.90	0.86
insane	-0.90	1.36
asked	-0.90	1.24
scary	-0.90	1.14
runs	-0.90	1.30
belly	-0.90	0.90
fish	-0.90	0.80
relationships	-0.90	1.05
led	-0.90	0.67
heads	-0.90	0.74
prior	-0.90	0.77
shell	-0.90	0.68
world	-0.89	2.07
recall	-0.89	1.28
huge	-0.89	1.00
warning	-0.89	0.90
grass	-0.89	0.65
yard	-0.89	0.74
habit	-0.89	1.10
rainbow	-0.88	0.75
death	-0.88	0.90
lied	-0.88	0.80
sorta	-0.88	1.41
ol	-0.88	0.89
keeps	-0.88	0.85
plain	-0.88	0.95
glitter	-0.88	0.81
cold	-0.87	0.98
laughter	-0.87	1.26
exhausting	-0.87	1.42
talks	-0.87	2.05
replacement	-0.87	0.86
horribly	-0.86	1.71
replaced	-0.86	0.76
stressful	-0.86	1.57
smiling	-0.86	1.33
sits	-0.86	1.22
brain	-0.86	0.85
drivers	-0.86	0.61
leaves	-0.85	0.61
healthier	-0.85	1.11
quiet	-0.85	1.75
holes	-0.85	0.79
error	-0.85	2.59
calling	-0.84	0.86
noise	-0.84	1.00
soundtrack	-0.84	0.60
ghost	-0.84	0.86
vacuum	-0.84	0.72
toes	-0.84	0.85
bottles	-0.84	0.77
watches	-0.84	2.10
stoked	-0.84	2.49
greatest	-0.84	2.07
previous	-0.83	0.67
puts	-0.83	1.50
curse	-0.83	0.99
hits	-0.83	0.70
hand	-0.83	0.82
term	-0.83	0.90
terms	-0.82	1.05
unusual	-0.82	1.16
aliens	-0.82	0.75
murder	-0.82	0.71
amusing	-0.82	1.47
forgotten	-0.82	1.05
talking	-0.82	0.89
realistic	-0.82	1.21
helps	-0.82	0.89
burrito	-0.81	1.30
naughty	-0.81	0.99
picks	-0.81	1.31
intended	-0.81	0.91
innocent	-0.81	0.87
physical	-0.81	0.79
mood	-0.81	1.41
easiest	-0.81	1.78
fat	-0.81	0.99
pure	-0.81	0.87
covered	-0.80	0.72
dry	-0.80	0.76
self	-0.80	0.85
teeth	-0.80	0.73
desperately	-0.80	0.91
derp	-0.80	2.52
feet	-0.79	0.80
faster	-0.79	1.20
unexpected	-0.79	1.19
boss	-0.79	0.67
sprinkles	-0.79	0.79
finger	-0.79	0.78
dream	-0.79	0.90
junk	-0.79	0.80
username	-0.78	2.59
shakes	-0.78	0.86
fail	-0.78	0.81
crack	-0.78	0.91
funniest	-0.78	1.92
floors	-0.78	0.71
cube	-0.78	1.01
stealing	-0.78	0.67
biting	-0.78	0.85
butts	-0.78	0.94
root	-0.77	0.70
cider	-0.77	0.75
ever	-0.77	2.04
walks	-0.77	1.46
figuring	-0.77	0.94
garbage	-0.77	0.71
vegetables	-0.77	0.63
veggies	-0.76	0.64
combined	-0.76	0.86
appears	-0.76	0.84
thrown	-0.76	0.74
instantly	-0.76	1.15
pump	-0.76	0.87
chin	-0.76	0.88
juice	-0.76	0.74
dropping	-0.76	0.87
absolute	-0.76	1.81
carrots	-0.76	0.59
blowing	-0.76	0.74
cops	-0.76	0.76
strength	-0.76	0.77
vent	-0.76	1.26
soda	-0.75	0.75
dammit	-0.75	1.29
busy	-0.75	1.80
common	-0.75	0.90
coconut	-0.75	0.70
spoke	-0.75	1.05
stop	-0.75	1.09
glass	-0.75	0.78
slightly	-0.75	1.51
internet	-0.75	0.78
coolest	-0.74	2.04
couldnt	-0.74	1.04
fake	-0.74	0.76
comes	-0.74	1.43
levels	-0.74	0.80
weed	-0.74	0.71
forced	-0.74	1.11
intense	-0.73	1.15
tends	-0.73	1.23
testing	-0.73	0.67
harm	-0.73	0.82
flag	-0.73	0.75
ridiculous	-0.73	1.35
less	-0.73	1.42
died	-0.73	0.91
forgot	-0.72	2.57
diapers	-0.72	0.79
failed	-0.72	0.84
shorter	-0.72	1.01
proud	-0.72	2.46
realized	-0.72	1.39
patch	-0.72	0.68
threw	-0.72	0.75
filter	-0.72	0.68
shots	-0.72	0.79
typed	-0.72	2.67
pizza	-0.72	1.27
ran	-0.71	0.96
significant	-0.71	0.80
smith	-0.71	1.78
tacos	-0.71	1.35
booty	-0.71	0.93
em	-0.71	1.03
stolen	-0.71	0.67
thankful	-0.71	2.17
taking	-0.71	0.78
monster	-0.71	0.88
correctly	-0.70	2.63
shape	-0.70	0.92
thoroughly	-0.70	1.51
shampoo	-0.70	0.72
height	-0.70	0.78
witch	-0.69	0.64
ate	-0.69	1.11
spelling	-0.69	2.67
inner	-0.69	0.70
leftover	-0.69	1.36
bears	-0.69	0.87
criminal	-0.69	1.10
peppermint	-0.69	0.72
haunted	-0.69	0.85
lift	-0.68	0.86
crab	-0.68	0.81
sorry	-0.68	1.51
fresh	-0.68	0.72
judge	-0.68	0.87
sticks	-0.68	0.70
tale	-0.68	0.68
wondered	-0.68	1.20
glue	-0.68	0.68
stands	-0.68	0.93
stepped	-0.68	0.70
dorm	-0.67	0.97
eaten	-0.67	0.76
needing	-0.67	0.85
meat	-0.67	0.65
increase	-0.67	0.86
rare	-0.67	0.90
survived	-0.67	0.83
eating	-0.67	0.80
circumstances	-0.66	1.03
larger	-0.66	0.92
fired	-0.66	0.74
shrimp	-0.66	0.73
danger	-0.66	0.87
addicted	-0.66	1.47
spelled	-0.66	2.59
typical	-0.66	0.74
shower	-0.66	0.73
focused	-0.66	1.25
reads	-0.65	1.15
fixed	-0.65	1.59
behavior	-0.65	1.01
smaller	-0.65	0.96
protein	-0.65	0.73
occasional	-0.65	0.61
explains	-0.65	0.80
staring	-0.65	1.00
landed	-0.65	0.71
shake	-0.65	0.85
throwing	-0.65	0.77
natural	-0.65	0.92
hitting	-0.65	0.74
hence	-0.64	0.93
knowledge	-0.64	0.77
bam	-0.64	0.77
mint	-0.64	0.77
part	-0.64	1.98
kept	-0.64	0.92
driving	-0.64	0.66
digging	-0.64	0.77
personal	-0.64	0.81
low	-0.63	0.84
advantage	-0.63	0.70
stick	-0.63	0.83
further	-0.63	0.97
expecting	-0.63	1.51
jokes	-0.63	0.91
torture	-0.63	0.73
being	-0.63	1.19
bust	-0.62	0.75
laugh	-0.62	1.29
asking	-0.62	0.80
remove	-0.62	0.72
fist	-0.62	0.95
pineapple	-0.62	0.65
carbs	-0.62	0.74
lifetime	-0.62	0.83
jumped	-0.61	0.84
throws	-0.61	1.03
word	-0.61	2.68
fire	-0.61	0.63
giggle	-0.61	1.22
difficult	-0.61	1.38
edit	-0.61	2.69
iced	-0.61	0.73
occasionally	-0.61	0.73
improve	-0.61	1.06
doctors	-0.60	0.76
therapy	-0.60	0.74
off	-0.60	0.78
unhealthy	-0.60	1.11
explaining	-0.60	1.27
amounts	-0.60	0.71
kitchen	-0.60	0.70
lick	-0.60	0.85
rainy	-0.60	0.86
memory	-0.60	0.91
changed	-0.60	0.94
performance	-0.60	1.10
relationship	-0.59	1.00
spoilers	-0.59	0.86
full	-0.59	0.76
lean	-0.59	0.99
weirdo	-0.59	0.89
general	-0.59	0.72
cutting	-0.59	0.72
catching	-0.59	0.76
skip	-0.59	0.89
drop	-0.59	0.68
spoiler	-0.59	0.90
drive	-0.58	0.60
wasnt	-0.58	1.03
essential	-0.58	0.80
heavily	-0.58	0.98
skills	-0.58	1.25
texted	-0.58	0.95
wondering	-0.58	1.69
knife	-0.58	0.98
lunch	-0.58	1.24
basement	-0.58	0.68
granted	-0.58	0.92
manager	-0.58	0.65
violence	-0.57	0.81
impossible	-0.57	1.14
cheat	-0.57	0.90
sincerely	-0.57	0.82
vinegar	-0.57	0.70
salmon	-0.57	0.71
focus	-0.57	0.82
therapist	-0.57	0.69
rip	-0.57	0.84
dangerous	-0.57	1.26
foods	-0.57	0.73
ears	-0.57	0.76
grey	-0.57	0.97
fruit	-0.57	0.59
protect	-0.57	0.78
exact	-0.57	1.92
trap	-0.57	0.77
adds	-0.56	0.69
goddamn	-0.56	1.15
ac	-0.56	0.65
thinking	-0.56	1.41
oil	-0.56	0.71
guessed	-0.56	2.23
raining	-0.56	0.89
lip	-0.56	0.80
darkness	-0.56	0.73
sticking	-0.56	0.84
called	-0.56	0.90
coffee	-0.56	0.73
pushing	-0.56	0.79
cares	-0.56	1.61
flow	-0.56	1.05
drove	-0.56	0.61
massage	-0.56	0.84
higher	-0.56	0.88
t_t	-0.56	1.31
neighbors	-0.55	0.82
changes	-0.55	0.81
pushed	-0.55	0.78
depending	-0.55	0.82
environment	-0.55	1.20
stood	-0.55	0.99
boo	-0.55	1.15
suddenly	-0.55	0.89
dish	-0.55	0.70
ruin	-0.55	0.83
bath	-0.55	0.74
complicated	-0.55	1.42
face	-0.55	0.86
peach	-0.55	0.72
open	-0.55	0.72
lime	-0.54	0.72
experiment	-0.54	0.79
about	-0.54	1.49
said	-0.54	1.01
grabbed	-0.54	0.91
hit	-0.54	0.69
fold	-0.54	0.71
practical	-0.54	1.15
tape	-0.53	0.71
limit	-0.53	0.83
cherry	-0.53	0.72
spell	-0.53	2.51
gave	-0.53	0.77
suggested	-0.53	0.99
apple	-0.53	0.69
department	-0.53	0.64
machine	-0.53	0.69
responded	-0.53	1.12
coke	-0.52	0.71
courage	-0.52	0.80
psychology	-0.52	0.81
spicy	-0.52	0.78
knives	-0.52	0.99
walked	-0.52	0.87
sandwiches	-0.52	0.74
oz	-0.52	0.68
skull	-0.52	0.73
brings	-0.52	0.81
turns	-0.51	1.17
strawberry	-0.51	0.69
gets	-0.51	1.05
hint	-0.51	0.68
treated	-0.51	0.64
disagree	-0.51	0.78
relaxed	-0.51	1.55
flowers	-0.51	0.59
drain	-0.51	0.66
diet	-0.51	0.77
attitude	-0.51	0.93
pickle	-0.51	0.67
water	-0.51	0.71
brush	-0.50	0.71
large	-0.50	0.79
purpose	-0.50	1.16
prison	-0.50	0.77
small	-0.50	0.85
lighter	-0.50	0.89
forgive	-0.50	1.33
rate	-0.50	0.82
saying	-0.50	0.83
ready	-0.50	1.66
vegetarian	-0.49	0.71
instead	-0.49	1.04
express	-0.49	1.15
driver	-0.49	0.67
flew	-0.49	0.68
wide	-0.49	0.72
returned	-0.49	0.89
towel	-0.49	0.69
cans	-0.49	0.68
jail	-0.49	0.73
attempt	-0.49	0.94
strongly	-0.49	0.71
bucket	-0.49	0.77
begin	-0.49	0.88
island	-0.49	1.25
realised	-0.49	1.20
brew	-0.49	0.72
popped	-0.49	0.80
products	-0.49	0.88
changing	-0.49	0.72
accidentally	-0.49	1.36
stopped	-0.49	0.90
raspberry	-0.49	0.71
door	-0.49	0.65
happiness	-0.48	1.08
car	-0.48	0.61
litter	-0.48	0.81
alternatively	-0.48	1.19
doors	-0.48	0.62
workout	-0.48	0.79
teas	-0.48	0.70
thing	-0.48	1.91
stove	-0.48	0.67
vegetable	-0.48	0.67
challenging	-0.47	1.45
plants	-0.47	0.67
process	-0.47	1.16
drama	-0.47	0.81
bit	-0.47	1.34
permanent	-0.47	0.80
hell	-0.47	1.25
lawn	-0.47	0.62
supervisor	-0.47	0.63
keto	-0.47	0.75
against	-0.47	0.67
tire	-0.47	0.61
with	-0.47	0.75
fly	-0.47	0.76
mice	-0.47	0.95
needle	-0.47	0.78
expensive	-0.47	1.36
floor	-0.47	0.70
motivated	-0.46	1.30
ms	-0.46	0.65
madness	-0.46	0.72
piercings	-0.46	0.69
complex	-0.46	0.80
fridge	-0.46	0.70
hear	-0.46	1.19
satisfying	-0.46	1.46
skin	-0.46	0.96
studies	-0.46	0.72
gain	-0.46	0.82
range	-0.45	0.74
decisions	-0.45	0.83
deal	-0.45	1.05
snapped	-0.45	0.76
pulled	-0.45	0.72
load	-0.45	0.63
locked	-0.45	0.63
pale	-0.45	0.99
pricey	-0.45	1.49
hobby	-0.45	0.67
pregnancy	-0.45	0.85
convenient	-0.45	1.40
banana	-0.44	0.63
downstairs	-0.44	0.67
communication	-0.44	0.87
started	-0.44	0.95
alive	-0.44	1.65
call	-0.44	0.79
obvious	-0.44	0.87
feeding	-0.44	0.83
goat	-0.44	0.67
oops	-0.44	2.40
filled	-0.44	0.81
service	-0.44	0.62
googled	-0.44	1.08
fell	-0.44	0.88
teen	-0.44	0.76
alas	-0.44	0.95
shout	-0.44	0.88
slip	-0.44	0.83
ceiling	-0.44	0.64
grows	-0.44	0.75
cleaning	-0.43	0.78
wee	-0.43	1.19
forgetting	-0.43	0.94
chilly	-0.43	0.91
showed	-0.43	0.98
wizard	-0.43	0.58
bare	-0.43	0.76
vehicle	-0.43	0.59
overly	-0.43	1.60
gives	-0.43	0.79
plates	-0.43	0.69
driven	-0.43	0.68
container	-0.43	0.72
ground	-0.43	0.68
deer	-0.43	0.80
light	-0.43	0.74
previously	-0.43	0.88
brains	-0.43	0.82
dump	-0.43	0.66
wonders	-0.42	0.65
barely	-0.42	0.85
solve	-0.42	0.84
upstairs	-0.42	0.66
interests	-0.42	0.74
snowing	-0.42	0.85
sort	-0.42	0.90
pepper	-0.42	0.69
craving	-0.42	1.26
secretly	-0.42	1.38
unit	-0.42	0.66
maker	-0.42	0.73
fork	-0.42	0.72
favourite	-0.42	1.85
ball	-0.42	0.68
sat	-0.41	0.98
through	-0.41	0.87
debating	-0.41	1.18
horror	-0.41	0.73
retail	-0.41	0.73
tea	-0.41	0.72
falling	-0.41	0.77
disappeared	-0.41	1.10
began	-0.41	0.89
begging	-0.41	0.88
sight	-0.41	0.81
bedroom	-0.41	0.66
plastic	-0.41	0.69
lemon	-0.41	0.72
walls	-0.41	0.65
slide	-0.41	0.75
al	-0.41	0.78
interested	-0.41	1.71
cop	-0.41	0.63
tube	-0.40	0.71
negative	-0.40	0.91
effective	-0.40	1.26
liquid	-0.40	0.69
rain	-0.40	0.80
eat	-0.40	0.81
melt	-0.40	0.70
dust	-0.40	0.63
involve	-0.40	0.54
average	-0.40	0.80
horses	-0.40	0.82
ended	-0.40	0.92
wave	-0.40	0.78
bags	-0.40	0.65
expectations	-0.40	0.80
bubbles	-0.40	0.73
starbucks	-0.40	0.70
van	-0.40	0.66
speed	-0.40	0.82
counter	-0.40	0.70
prepare	-0.40	1.06
simple	-0.40	1.23
closet	-0.39	0.67
counting	-0.39	0.68
favorite	-0.39	1.86
tap	-0.39	0.67
cage	-0.39	0.65
leftovers	-0.39	1.23
childhood	-0.39	0.79
tattoos	-0.39	0.74
sized	-0.39	0.74
losing	-0.39	0.83
growing	-0.39	0.57
lock	-0.39	0.61
crushed	-0.39	0.69
giant	-0.39	0.75
pulling	-0.39	0.79
lit	-0.39	0.72
limited	-0.39	0.99
dancing	-0.39	1.08
everyday	-0.39	0.78
steal	-0.39	0.74
made	-0.38	1.09
cars	-0.38	0.60
chai	-0.38	0.72
roads	-0.38	0.67
lost	-0.38	0.73
veggie	-0.38	0.66
requires	-0.38	0.72
orange	-0.38	0.74
amount	-0.38	0.72
lesson	-0.38	0.88
cant	-0.38	1.16
properly	-0.38	1.19
portion	-0.38	0.79
destroy	-0.37	0.73
storms	-0.37	0.77
employees	-0.37	0.64
company	-0.37	0.63
vegan	-0.37	0.69
distract	-0.37	1.02
roommate	-0.37	0.70
size	-0.37	0.78
big	-0.37	1.00
dryer	-0.37	0.65
memories	-0.37	0.70
piece	-0.37	0.68
truck	-0.37	0.57
bang	-0.37	0.86
beats	-0.37	0.55
whip	-0.37	0.70
connection	-0.37	0.81
nails	-0.36	0.76
moments	-0.36	1.03
cheaper	-0.36	1.05
vet	-0.36	0.69
method	-0.36	0.92
carrying	-0.36	0.71
pad	-0.36	0.71
stars	-0.36	0.61
twist	-0.36	0.82
windows	-0.36	0.63
starts	-0.36	0.81
temperature	-0.36	0.78
mixing	-0.36	0.67
use	-0.36	0.65
pops	-0.36	0.62
prefer	-0.36	0.59
based	-0.36	0.71
bodies	-0.36	0.71
scenes	-0.36	0.80
promised	-0.36	0.91
experiences	-0.36	0.78
basically	-0.36	0.99
inspiration	-0.36	0.72
room	-0.35	0.66
regarding	-0.35	0.70
security	-0.35	0.65
continued	-0.35	0.78
roller	-0.35	0.89
meals	-0.35	0.75
pepsi	-0.35	0.68
situation	-0.35	1.26
smoking	-0.35	0.92
plate	-0.35	0.66
considering	-0.35	1.35
speech	-0.35	0.96
machines	-0.35	0.67
broccoli	-0.35	0.66
attached	-0.35	0.89
edge	-0.35	0.72
roof	-0.35	0.66
popular	-0.35	0.95
essentially	-0.35	0.66
smoked	-0.35	0.73
jelly	-0.35	0.69
kinda	-0.35	1.56
guns	-0.35	0.65
sand	-0.34	0.71
loss	-0.34	0.96
tattoo	-0.34	0.71
skinny	-0.34	0.80
grateful	-0.34	1.83
circle	-0.34	0.71
hardly	-0.34	0.87
management	-0.34	0.64
turtles	-0.34	0.69
awesomeness	-0.34	0.92
confidence	-0.34	0.76
weight	-0.34	0.80
side	-0.34	0.68
source	-0.34	0.78
cinnamon	-0.34	0.69
yogurt	-0.34	0.62
organized	-0.34	0.84
furniture	-0.34	0.66
dr	-0.34	0.67
jumping	-0.34	0.75
scene	-0.34	0.76
vision	-0.34	0.78
moves	-0.34	0.78
tomatoes	-0.34	0.62
heal	-0.34	1.00
maintenance	-0.34	0.67
owner	-0.34	0.61
avocado	-0.33	0.67
packed	-0.33	0.72
attempting	-0.33	0.97
office	-0.33	0.63
syrup	-0.33	0.71
wallet	-0.33	0.64
nostalgia	-0.33	0.81
convince	-0.33	1.08
bag	-0.33	0.68
vanilla	-0.33	0.70
instance	-0.33	0.75
wind	-0.33	0.80
ai	-0.33	1.06
meant	-0.32	2.37
stairs	-0.32	0.69
does	-0.32	1.12
talked	-0.32	0.57
engineering	-0.32	0.70
itself	-0.32	0.83
mustard	-0.32	0.67
nurse	-0.32	0.70
bubble	-0.32	0.68
pig	-0.32	0.69
replied	-0.32	0.97
storm	-0.32	0.76
answered	-0.32	0.93
catch	-0.32	0.83
grill	-0.32	0.71
more	-0.32	1.25
tub	-0.32	0.75
including	-0.32	0.54
safety	-0.32	0.83
tech	-0.32	0.68
wooden	-0.32	0.69
scale	-0.32	0.75
degree	-0.32	0.71
computers	-0.32	0.65
garage	-0.31	0.65
regardless	-0.31	0.86
garlic	-0.31	0.67
supply	-0.31	0.72
finding	-0.31	0.72
stopping	-0.31	0.84
disappear	-0.31	0.71
films	-0.31	0.70
gained	-0.31	0.75
lightning	-0.31	0.75
milk	-0.31	0.69
touched	-0.31	0.85
plot	-0.31	0.83
gummy	-0.31	0.69
bottom	-0.30	0.68
pretending	-0.30	0.90
dare	-0.30	0.99
food	-0.30	0.79
cow	-0.30	0.85
letting	-0.30	0.83
officer	-0.30	0.72
better	-0.30	1.12
hall	-0.30	0.63
aeropress	-0.30	0.67
periods	-0.30	0.69
acting	-0.30	0.90
humidity	-0.30	0.80
bits	-0.30	0.72
reality	-0.30	0.89
boxes	-0.30	0.66
balance	-0.30	0.75
like	-0.30	1.37
traffic	-0.30	0.61
sword	-0.30	0.69
preferably	-0.30	0.60
reached	-0.29	0.74
sushi	-0.29	0.84
slowly	-0.29	0.93
opened	-0.29	0.65
forward	-0.29	1.56
ii	-0.29	0.61
terrifying	-0.29	1.40
temporary	-0.29	0.78
hearing	-0.29	0.84
alien	-0.29	0.65
creating	-0.29	0.69
dried	-0.29	0.59
woke	-0.29	1.61
humans	-0.29	0.74
healthy	-0.29	0.90
squirrel	-0.29	0.73
onion	-0.29	0.68
according	-0.29	0.83
isnt	-0.29	0.88
space	-0.29	0.68
exercise	-0.29	0.77
bar	-0.29	0.81
rooms	-0.29	0.64
down	-0.29	0.84
aid	-0.28	0.71
tip	-0.28	0.82
feed	-0.28	0.83
ramen	-0.28	0.74
spaghetti	-0.28	0.86
background	-0.28	0.98
reasonable	-0.28	0.88
front	-0.28	0.73
gas	-0.28	0.76
data	-0.28	0.93
lose	-0.28	0.83
apart	-0.28	0.83
seeds	-0.28	0.57
solo	-0.28	0.91
motion	-0.28	0.62
window	-0.28	0.67
illegal	-0.28	0.84
noodle	-0.28	0.72
olive	-0.28	0.68
boil	-0.28	0.66
storage	-0.28	0.69
temp	-0.28	0.75
refuse	-0.28	0.94
exists	-0.28	0.69
apartment	-0.28	0.66
pot	-0.27	0.68
almond	-0.27	0.65
tuna	-0.27	0.71
directly	-0.27	0.69
produce	-0.27	0.66
master	-0.27	0.72
thai	-0.27	0.76
melted	-0.27	0.71
freeze	-0.27	0.73
habits	-0.27	0.82
pile	-0.27	0.67
worker	-0.27	0.76
snack	-0.27	0.68
freezer	-0.27	0.70
medium	-0.27	0.70
accurate	-0.27	1.34
sleep	-0.27	1.58
hooked	-0.27	1.12
mars	-0.27	0.57
situations	-0.27	0.89
caramel	-0.27	0.74
kettle	-0.27	0.66
involves	-0.27	0.92
tend	-0.27	0.95
beans	-0.27	0.69
humanity	-0.26	0.63
naturally	-0.26	0.83
offered	-0.26	0.74
mushrooms	-0.26	0.69
bullet	-0.26	0.79
pasta	-0.26	0.75
running	-0.26	0.71
hospital	-0.26	0.69
productive	-0.26	1.45
behind	-0.26	0.82
salt	-0.26	0.67
bell	-0.26	0.79
rewarding	-0.26	1.35
talk	-0.26	1.09
pickles	-0.26	0.66
sides	-0.26	0.71
rolled	-0.26	0.67
ability	-0.26	0.79
onions	-0.25	0.66
spinach	-0.25	0.62
mentioned	-0.25	0.55
whipped	-0.25	0.68
maintain	-0.25	0.91
quality	-0.25	0.84
regret	-0.25	0.94
sugar	-0.25	0.67
mr	-0.25	0.99
<SPECIAL>	-0.25	0.69
<URL>	-0.25	0.69
noodles	-0.25	0.69
nobody	-0.25	1.28
rush	-0.25	0.73
chili	-0.25	0.77
snacks	-0.25	0.69
combo	-0.25	0.96
mug	-0.25	0.67
parking	-0.25	0.62
regular	-0.25	0.72
currently	-0.25	1.06
yoga	-0.24	0.71
lane	-0.24	0.66
emergency	-0.24	0.66
fight	-0.24	0.65
function	-0.24	1.01
plant	-0.24	0.62
opposed	-0.24	0.79
spoon	-0.24	0.71
managed	-0.24	0.87
slices	-0.24	0.67
heels	-0.24	0.80
purple	-0.24	0.76
chickens	-0.24	0.82
sex	-0.24	0.97
zone	-0.24	0.75
flash	-0.24	0.55
beef	-0.24	0.74
minds	-0.24	1.13
talents	-0.24	0.97
blueberry	-0.24	0.69
rolling	-0.24	0.71
keys	-0.23	0.66
own	-0.23	0.68
chipotle	-0.23	0.93
rule	-0.23	0.75
wan	-0.23	1.23
thru	-0.23	0.68
geek	-0.23	1.07
whilst	-0.23	1.04
tank	-0.23	0.75
contact	-0.23	0.70
waffles	-0.23	0.64
ketchup	-0.23	0.70
policy	-0.23	0.64
trees	-0.23	0.61
rice	-0.23	0.70
sooner	-0.23	1.03
distance	-0.23	0.73
excuse	-0.23	1.00
created	-0.23	0.81
confirmed	-0.23	0.66
actions	-0.23	0.81
cut	-0.23	0.70
fill	-0.23	0.67
neighborhood	-0.23	0.80
helped	-0.23	0.51
cases	-0.23	0.73
entertaining	-0.23	1.24
drawer	-0.23	0.69
shelves	-0.23	0.66
sewing	-0.23	0.73
healing	-0.23	0.85
mayo	-0.23	0.69
pattern	-0.23	0.78
calories	-0.22	0.73
ice	-0.22	0.71
sweets	-0.22	0.69
wtf	-0.22	1.12
farm	-0.22	0.65
monsters	-0.22	0.80
notes	-0.22	0.63
hunter	-0.22	0.62
meal	-0.22	0.76
stare	-0.22	1.01
typing	-0.22	2.29
horse	-0.22	0.64
business	-0.22	0.62
becomes	-0.22	1.14
police	-0.22	0.62
sizes	-0.22	0.71
escape	-0.22	0.79
motivation	-0.22	0.83
slice	-0.22	0.67
admire	-0.22	0.78
monitor	-0.22	0.65
latte	-0.22	0.79
breakfast	-0.22	0.70
queen	-0.22	0.69
quit	-0.22	0.75
sew	-0.22	0.72
warmer	-0.22	0.88
enjoyable	-0.22	1.40
impact	-0.21	0.91
fabric	-0.21	0.71
penis	-0.21	0.83
pink	-0.21	0.72
factory	-0.21	0.77
permission	-0.21	0.97
mouse	-0.21	0.65
cable	-0.21	0.63
clicked	-0.21	1.70
above	-0.21	0.72
chopped	-0.21	0.63
parts	-0.21	0.76
addict	-0.21	0.87
battery	-0.21	0.64
sounded	-0.21	1.29
curry	-0.21	0.71
god	-0.21	1.45
holding	-0.21	0.83
movies	-0.21	0.74
pour	-0.21	0.66
careful	-0.21	1.38
cereal	-0.20	0.72
singing	-0.20	0.74
chunk	-0.20	0.68
survival	-0.20	0.72
didnt	-0.20	1.01
block	-0.20	0.67
popcorn	-0.20	0.71
particular	-0.20	0.62
awake	-0.20	1.56
standard	-0.20	0.73
sun	-0.20	0.72
peace	-0.20	0.87
benefits	-0.20	0.76
lbs	-0.20	0.72
masters	-0.20	0.71
scratch	-0.20	0.77
below	-0.20	0.66
powers	-0.20	0.65
track	-0.20	0.81
doctor	-0.20	0.63
imagination	-0.20	0.76
borrow	-0.19	0.74
crunch	-0.19	0.65
unlike	-0.19	0.63
patterns	-0.19	0.72
chances	-0.19	0.92
level	-0.19	0.81
answering	-0.19	0.80
had	-0.19	0.81
heat	-0.19	0.68
crust	-0.19	0.70
butter	-0.19	0.67
shoe	-0.19	0.65
inches	-0.19	0.71
crazy	-0.19	1.32
british	-0.19	0.77
chicken	-0.19	0.75
crocheting	-0.19	0.74
knitting	-0.19	0.74
peanut	-0.19	0.66
colors	-0.19	0.75
marshmallows	-0.19	0.65
weigh	-0.19	0.73
fix	-0.19	0.79
hot	-0.19	0.77
responsibility	-0.19	0.73
hes	-0.19	1.02
certain	-0.19	0.72
rubber	-0.19	0.66
potatoes	-0.19	0.70
pancakes	-0.19	0.65
length	-0.19	0.74
lettuce	-0.19	0.65
chinese	-0.18	0.79
planet	-0.18	1.41
justice	-0.18	0.64
bowl	-0.18	0.66
frequently	-0.18	0.83
corner	-0.18	0.76
degrees	-0.18	0.75
waking	-0.18	1.54
tricky	-0.18	1.18
shooting	-0.18	0.61
cap	-0.18	0.56
ride	-0.18	0.60
jealous	-0.18	2.18
oreos	-0.18	0.67
mirror	-0.18	0.71
road	-0.18	0.60
cream	-0.18	0.72
perspective	-0.18	0.76
missing	-0.18	1.23
roast	-0.18	0.68
bow	-0.18	0.71
goats	-0.18	0.72
throughout	-0.18	0.67
screen	-0.18	0.64
shaped	-0.18	0.77
sky	-0.18	0.65
assistant	-0.18	0.62
hardcore	-0.18	0.64
stitch	-0.17	0.71
pepperoni	-0.17	0.69
slept	-0.17	1.54
75	-0.17	0.75
homeless	-0.17	0.95
minimum	-0.17	0.72
onto	-0.17	0.72
oatmeal	-0.17	0.68
legal	-0.17	0.75
gray	-0.17	0.75
measure	-0.17	0.73
computer	-0.17	0.63
bread	-0.17	0.67
cheese	-0.17	0.72
rack	-0.17	0.65
soup	-0.17	0.72
cook	-0.17	0.68
defense	-0.17	0.75
serving	-0.17	0.66
allowed	-0.17	1.06
spoken	-0.17	0.89
icing	-0.17	0.68
weapon	-0.17	0.70
charger	-0.17	0.62
pan	-0.17	0.66
plays	-0.17	1.71
desk	-0.17	0.75
arrow	-0.17	0.66
rich	-0.17	1.38
deciding	-0.16	0.95
tad	-0.16	1.44
phone	-0.16	0.63
substitute	-0.16	0.62
gun	-0.16	0.68
sandwich	-0.16	0.70
cheesy	-0.16	0.92
maple	-0.16	0.76
peppers	-0.16	0.64
blend	-0.16	0.68
possibility	-0.16	0.85
non	-0.16	0.73
songs	-0.16	0.62
deep	-0.16	0.80
laptop	-0.16	0.62
recommended	-0.16	0.64
stage	-0.16	0.66
moment	-0.16	1.00
microwave	-0.16	0.69
crackers	-0.16	0.68
pack	-0.16	0.74
period	-0.16	0.66
tomato	-0.16	0.66
speaking	-0.16	1.36
fence	-0.16	0.63
buttons	-0.16	0.68
freezing	-0.16	0.87
energy	-0.16	0.76
pieces	-0.16	0.69
dip	-0.16	0.71
freedom	-0.15	0.76
yellow	-0.15	0.79
spread	-0.15	0.72
cheddar	-0.15	0.69
heaven	-0.15	0.83
challenge	-0.15	0.91
cooked	-0.15	0.69
thingy	-0.15	0.69
appear	-0.15	0.90
bout	-0.15	1.00
wall	-0.15	0.66
buried	-0.15	0.72
hired	-0.15	0.62
robot	-0.15	0.60
frosting	-0.15	0.69
bars	-0.15	0.68
technology	-0.15	0.67
path	-0.15	0.67
faces	-0.15	0.88
teenage	-0.15	0.58
street	-0.15	0.66
touch	-0.15	0.86
bus	-0.15	0.60
nerd	-0.15	0.94
waiting	-0.15	1.08
assuming	-0.15	1.16
grilled	-0.15	0.72
needed	-0.15	0.91
lot	-0.14	0.94
using	-0.14	0.65
public	-0.14	0.63
crock	-0.14	0.72
compare	-0.14	0.74
theyre	-0.14	1.23
blue	-0.14	0.78
and/or	-0.14	0.72
colored	-0.14	0.67
chill	-0.14	0.84
hunting	-0.14	0.62
switched	-0.14	0.67
across	-0.14	0.71
organize	-0.14	0.72
field	-0.14	0.70
asian	-0.14	0.67
hr	-0.14	0.60
loads	-0.14	0.63
wake	-0.14	1.53
gah	-0.14	1.28
floating	-0.14	0.69
heavy	-0.14	0.66
toss	-0.14	0.68
toast	-0.14	0.64
removed	-0.14	0.99
immediately	-0.14	0.86
phones	-0.14	0.63
plane	-0.14	0.65
cabin	-0.14	0.75
recognize	-0.14	0.85
specific	-0.14	0.68
survive	-0.14	0.86
typically	-0.14	0.70
closing	-0.14	0.62
garden	-0.13	0.56
headphones	-0.13	0.74
build	-0.13	0.62
zero	-0.13	0.72
attention	-0.13	0.96
necessary	-0.13	0.91
fireworks	-0.13	0.90
industry	-0.13	0.65
bright	-0.13	0.74
snow	-0.13	0.81
green	-0.13	0.74
chores	-0.13	0.98
paste	-0.13	1.42
walking	-0.13	0.59
corn	-0.13	0.66
shelf	-0.13	0.63
follow	-0.13	0.55
puzzle	-0.13	0.82
license	-0.13	0.62
dye	-0.13	0.80
dead	-0.13	0.64
seat	-0.13	0.69
repeat	-0.13	0.69
rarely	-0.13	0.78
took	-0.12	0.67
menu	-0.12	0.76
unlimited	-0.12	0.64
actual	-0.12	0.63
chocolate	-0.12	0.67
overnight	-0.12	0.71
souls	-0.12	0.60
joke	-0.12	0.99
table	-0.12	0.71
blender	-0.12	0.65
cup	-0.12	0.66
ive	-0.12	0.89
salsa	-0.12	0.80
interest	-0.12	0.82
languages	-0.12	1.36
nerdy	-0.12	1.10
shoot	-0.12	0.62
urge	-0.12	0.97
equal	-0.12	0.66
successful	-0.12	1.24
grammar	-0.12	2.18
hidden	-0.12	0.71
companies	-0.12	0.65
spanish	-0.12	1.34
staff	-0.12	0.63
inch	-0.12	0.67
dice	-0.12	0.62
opposite	-0.11	0.91
tone	-0.11	0.78
wheel	-0.11	0.53
buffalo	-0.11	0.76
puzzles	-0.11	0.79
stock	-0.11	0.67
court	-0.11	0.64
pounds	-0.11	0.69
access	-0.11	0.63
autumn	-0.11	0.74
hiding	-0.11	0.71
sausage	-0.11	0.72
paint	-0.11	0.63
tool	-0.11	0.75
network	-0.11	0.60
commercial	-0.11	0.67
nom	-0.11	1.26
muffins	-0.11	0.69
painted	-0.11	0.61
sauce	-0.11	0.75
shave	-0.11	0.78
salad	-0.11	0.73
wherever	-0.11	1.00
calm	-0.11	1.06
events	-0.11	0.72
fry	-0.11	0.63
steel	-0.11	0.64
station	-0.11	0.69
pork	-0.10	0.70
bother	-0.10	1.01
blank	-0.10	0.86
ninja	-0.10	0.64
practically	-0.10	0.82
mid	-0.10	0.91
yarn	-0.10	0.75
passing	-0.10	0.67
white	-0.10	0.71
boob	-0.10	0.95
getting	-0.10	0.86
blues	-0.10	0.63
bike	-0.10	0.62
outside	-0.10	0.84
spin	-0.10	0.71
dates	-0.10	0.68
playlist	-0.10	0.65
hire	-0.10	0.62
ipod	-0.10	0.61
biology	-0.10	0.70
layer	-0.10	0.66
roasted	-0.10	0.72
skill	-0.10	1.02
rides	-0.10	0.56
invest	-0.10	0.72
fudge	-0.10	0.68
twice	-0.10	0.63
adult	-0.10	0.68
eye	-0.10	0.75
forth	-0.10	0.79
firm	-0.09	0.69
havent	-0.09	0.87
noooo	-0.09	1.36
sober	-0.09	1.08
black	-0.09	0.74
cupcake	-0.09	0.64
electronics	-0.09	0.64
cheap	-0.09	0.97
science	-0.09	0.78
fights	-0.09	0.68
held	-0.09	0.73
pace	-0.09	0.92
batch	-0.09	0.74
fed	-0.09	0.78
strict	-0.09	0.70
progress	-0.09	0.84
chips	-0.09	0.66
contract	-0.09	0.61
cooking	-0.09	0.66
heard	-0.09	0.96
carry	-0.09	0.71
yo	-0.09	1.00
press	-0.09	0.61
crochet	-0.09	0.73
french	-0.09	0.89
accomplish	-0.09	0.85
variety	-0.09	0.72
added	-0.09	1.55
color	-0.08	0.79
speak	-0.08	1.35
blonde	-0.08	0.82
grown	-0.08	0.66
mashed	-0.08	0.72
seats	-0.08	0.65
falls	-0.08	0.64
metal	-0.08	0.61
holder	-0.08	0.64
purse	-0.08	0.68
iphone	-0.08	0.62
graphics	-0.08	0.62
cheesecake	-0.08	0.80
pin	-0.08	0.67
example	-0.08	0.92
references	-0.08	0.69
red	-0.08	0.75
grab	-0.08	0.76
theory	-0.08	0.65
labor	-0.08	0.77
sheep	-0.08	0.71
friendships	-0.08	0.88
following	-0.08	0.55
cents	-0.08	0.78
chip	-0.08	0.70
voice	-0.08	0.87
steak	-0.08	0.82
taco	-0.07	0.85
med	-0.07	0.77
who	-0.07	1.27
clock	-0.07	1.03
whatnot	-0.07	0.61
tied	-0.07	0.70
song	-0.07	0.61
gear	-0.07	0.64
long	-0.07	0.76
inside	-0.07	0.75
volume	-0.07	0.73
international	-0.07	0.58
train	-0.07	0.62
key	-0.07	0.82
hook	-0.07	0.64
studying	-0.07	0.71
desert	-0.07	0.94
steps	-0.07	0.78
packs	-0.07	0.59
income	-0.07	0.78
race	-0.07	0.67
into	-0.07	0.76
basis	-0.07	0.75
organizing	-0.07	0.68
er	-0.07	0.80
thus	-0.07	0.77
designed	-0.07	0.56
cookie	-0.07	0.68
gamer	-0.07	1.05
gym	-0.07	0.71
clear	-0.07	0.99
porch	-0.07	0.68
start	-0.07	0.90
herself	-0.07	0.87
dough	-0.06	0.68
recent	-0.06	0.78
frame	-0.06	0.60
brown	-0.06	0.78
professor	-0.06	0.64
marry	-0.06	0.61
passes	-0.06	0.69
sour	-0.06	0.77
walk	-0.06	0.64
listening	-0.06	0.63
bean	-0.06	0.73
clip	-0.06	0.66
passed	-0.06	0.71
standing	-0.06	0.82
jam	-0.06	0.65
nicest	-0.06	1.66
turtle	-0.06	0.64
worlds	-0.06	0.89
career	-0.06	0.74
compared	-0.06	1.18
psych	-0.06	0.62
towards	-0.06	0.81
sing	-0.06	0.65
russian	-0.06	0.94
happiest	-0.06	1.74
possibly	-0.05	0.94
thin	-0.05	0.72
string	-0.05	0.60
pound	-0.05	0.67
duck	-0.05	0.63
leaf	-0.05	0.59
cups	-0.05	0.64
majority	-0.05	0.55
characters	-0.05	0.71
land	-0.05	0.65
english	-0.05	1.35
oven	-0.05	0.65
contribute	-0.05	1.03
position	-0.05	0.64
device	-0.05	0.59
detail	-0.05	0.72
forever	-0.05	1.07
came	-0.05	0.76
language	-0.05	1.36
1/2	-0.05	0.63
fallen	-0.05	0.56
software	-0.05	0.62
entertainment	-0.05	0.70
boot	-0.05	0.70
reach	-0.05	0.77
android	-0.05	0.60
ordering	-0.05	0.77
breaks	-0.05	0.61
bbq	-0.05	0.80
ipad	-0.05	0.62
property	-0.04	0.67
serve	-0.04	0.71
ranch	-0.04	0.71
existence	-0.04	1.24
parent	-0.04	0.68
brands	-0.04	0.72
desktop	-0.04	0.61
lobster	-0.04	0.77
punk	-0.04	0.58
theatre	-0.04	0.63
adults	-0.04	0.64
worn	-0.04	0.76
keyboard	-0.04	0.71
alot	-0.04	0.68
streets	-0.04	0.65
wouldnt	-0.04	0.92
frog	-0.04	0.64
upgrade	-0.04	0.60
among	-0.04	0.75
record	-0.04	0.79
italian	-0.04	0.89
bull	-0.04	0.71
cloud	-0.04	0.57
flat	-0.04	0.71
korean	-0.04	0.84
sequel	-0.04	0.68
cause	-0.04	1.17
map	-0.04	0.69
mutual	-0.04	0.67
stir	-0.04	0.66
biscuits	-0.04	0.70
ingredients	-0.04	0.66
box	-0.04	0.62
server	-0.03	0.87
short	-0.03	0.62
bacon	-0.03	0.72
vs	-0.03	0.61
rock	-0.03	0.58
imo	-0.03	1.11
quitting	-0.03	0.92
buying	-0.03	0.80
underwear	-0.03	0.76
context	-0.03	1.68
mostly	-0.03	0.68
adding	-0.03	0.71
ideal	-0.03	0.77
japanese	-0.03	0.86
newer	-0.03	0.62
owned	-0.03	0.64
battle	-0.03	0.71
concerns	-0.03	0.80
tablet	-0.03	0.62
delete	-0.03	1.24
important	-0.03	1.21
quote	-0.03	0.70
household	-0.03	0.62
qualify	-0.03	0.68
listen	-0.03	0.58
change	-0.02	0.72
file	-0.02	0.85
talent	-0.02	0.88
learning	-0.02	0.87
whenever	-0.02	0.93
kit	-0.02	0.69
continue	-0.02	0.91
lolol	-0.02	0.93
nearly	-0.02	0.79
learn	-0.02	0.77
universe	-0.02	0.97
va	-0.02	0.68
jazz	-0.02	0.59
impression	-0.02	0.76
indie	-0.02	0.61
connect	-0.02	0.67
building	-0.02	0.57
rawr	-0.02	1.06
gim	-0.02	0.91
gravy	-0.02	0.70
deck	-0.02	0.56
beyond	-0.02	1.46
taken	-0.02	0.69
packing	-0.02	0.83
instrument	-0.02	0.63
starter	-0.02	0.58
wild	-0.02	0.66
government	-0.02	0.65
wont	-0.02	0.95
board	-0.02	0.62
applied	-0.02	0.72
hide	-0.01	0.71
putting	-0.01	0.81
leaving	-0.01	0.97
require	-0.01	0.67
jobs	-0.01	0.72
occasion	-0.01	0.66
shark	-0.01	0.65
bound	-0.01	0.62
loose	-0.01	0.70
put	-0.01	0.70
stone	-0.01	0.67
alternative	-0.01	0.59
loaded	-0.01	0.73
knit	-0.01	0.72
ink	-0.01	0.64
gotten	-0.01	0.83
mexican	-0.01	0.78
price	-0.01	0.74
longest	-0.01	1.67
magic	-0.01	0.72
equipment	-0.01	0.70
different	-0.01	0.74
instructions	-0.01	0.56
picking	-0.01	0.71
underneath	-0.01	0.71
coworker	-0.01	0.71
production	-0.01	0.63
stand	-0.01	1.04
relevant	-0.01	1.01
knowing	-0.00	1.22
recipe	-0.00	0.82
wood	-0.00	0.73
nail	-0.00	0.71
whole	-0.00	1.08
patience	-0.00	0.78
nursing	-0.00	0.71
opportunities	-0.00	0.83
advanced	-0.00	0.72
various	-0.00	0.70
paws	0.00	0.83
anime	0.00	0.54
necessarily	0.00	0.78
job	0.00	0.69
sitting	0.00	0.83
earth	0.00	1.18
phrase	0.00	1.87
native	0.00	0.91
polish	0.00	0.72
bake	0.00	0.69
education	0.00	0.65
pirate	0.00	0.59
cookies	0.00	0.71
infinite	0.00	0.56
completed	0.00	0.70
pop	0.00	0.59
artists	0.00	0.57
paper	0.00	0.56
double	0.00	0.78
instant	0.00	0.60
cart	0.00	0.58
shoes	0.00	0.77
apparently	0.01	0.93
difference	0.01	0.88
around	0.01	1.10
hop	0.01	0.60
ways	0.01	0.84
location	0.01	0.67
nsfw	0.01	0.78
camera	0.01	0.66
chemistry	0.01	0.68
highest	0.01	0.68
quotes	0.01	0.58
dated	0.01	0.60
square	0.01	0.60
upside	0.01	0.79
quilt	0.01	0.70
bond	0.01	0.61
somebody	0.01	0.95
prices	0.01	0.79
insurance	0.01	0.70
report	0.01	0.61
pudding	0.01	0.73
listened	0.01	0.56
close	0.01	1.56
treasure	0.01	0.60
professional	0.01	0.71
muffin	0.01	0.66
else	0.01	1.20
electric	0.01	0.62
finish	0.01	0.68
wire	0.01	0.56
wreck	0.01	0.62
letters	0.02	1.61
useful	0.02	1.22
includes	0.02	0.62
practice	0.02	0.72
bridge	0.02	0.61
caps	0.02	0.58
supernatural	0.02	0.59
instruments	0.02	0.62
portal	0.02	0.50
becoming	0.02	1.06
effort	0.02	0.79
stickers	0.02	0.54
cast	0.02	0.65
designs	0.02	0.67
da	0.02	0.91
meaning	0.02	1.17
raise	0.02	0.71
allows	0.02	0.70
boom	0.02	0.77
folk	0.02	0.57
german	0.02	0.87
chew	0.02	1.35
single	0.02	1.14
practicing	0.02	0.68
pull	0.02	0.74
cupcakes	0.02	0.73
while	0.03	1.01
terribly	0.03	1.44
seemed	0.03	1.26
run	0.03	0.70
ask	0.03	0.98
saw	0.03	0.56
over	0.03	0.69
director	0.03	0.63
making	0.03	0.82
theirs	0.03	0.63
real	0.03	0.91
automatically	0.03	0.82
mini	0.03	0.59
existed	0.03	0.83
potato	0.03	0.74
dawn	0.03	0.57
music	0.03	0.57
war	0.03	0.65
bump	0.03	0.93
grow	0.03	0.62
neighbor	0.03	0.71
solid	0.03	0.76
resist	0.03	0.90
flour	0.03	0.63
clay	0.03	0.62
product	0.03	0.66
angel	0.03	0.58
greek	0.03	0.69
insert	0.03	1.02
closed	0.03	0.72
sheets	0.04	0.69
aspect	0.04	0.91
effect	0.04	0.61
giggles	0.04	0.93
greatly	0.04	1.04
basket	0.04	0.59
normally	0.04	0.71
advance	0.04	0.67
backyard	0.04	0.59
set	0.04	0.63
decision	0.04	0.86
pants	0.04	0.70
seen	0.04	0.74
sells	0.04	0.68
crime	0.04	0.69
drew	0.04	0.64
brought	0.04	1.36
introduced	0.04	0.93
crafting	0.04	0.68
craft	0.04	0.66
landlord	0.04	0.60
carried	0.04	0.70
trained	0.04	0.71
turned	0.04	0.63
usually	0.04	0.64
funds	0.04	0.80
snowman	0.04	0.76
80s	0.04	0.56
toward	0.04	0.76
system	0.05	0.61
spots	0.05	0.70
exams	0.05	0.72
button	0.05	0.84
dark	0.05	0.69
built	0.05	0.58
setting	0.05	0.69
90s	0.05	0.57
wrestling	0.05	0.52
bloody	0.05	1.04
mrs	0.05	0.65
status	0.05	0.64
leather	0.05	0.66
watching	0.05	0.57
rabbit	0.05	0.65
training	0.05	0.65
ex	0.05	0.82
max	0.05	0.73
become	0.05	1.11
ultimate	0.05	0.75
flip	0.05	0.77
90	0.05	0.60
fries	0.05	0.71
student	0.05	0.77
arrested	0.05	0.55
sales	0.05	0.65
direct	0.05	0.65
die	0.06	0.96
reader	0.06	0.89
became	0.06	1.17
powder	0.06	0.68
ours	0.06	0.87
divorce	0.06	0.64
filling	0.06	0.64
himself	0.06	0.73
racing	0.06	0.59
beside	0.06	0.79
k	0.06	0.86
easy	0.06	1.23
donut	0.06	0.67
story	0.06	0.78
ikea	0.06	0.64
cd	0.06	0.53
dragons	0.06	0.56
themselves	0.06	0.77
note	0.06	0.60
brand	0.06	0.80
irish	0.06	0.87
house	0.06	0.63
pocket	0.06	0.69
crafts	0.06	0.66
brownies	0.06	0.75
donuts	0.06	0.74
piano	0.06	0.62
route	0.06	0.70
bass	0.06	0.60
remind	0.06	0.66
rise	0.06	0.62
ducks	0.06	0.68
trail	0.06	0.54
arts	0.07	0.63
theater	0.07	0.59
reference	0.07	0.57
tests	0.07	0.66
trying	0.07	1.10
swedish	0.07	0.81
vampire	0.07	0.61
tall	0.07	0.77
swing	0.07	0.68
push	0.07	0.77
thick	0.07	0.76
glasses	0.07	0.77
guitar	0.07	0.62
pun	0.07	0.91
mmmmmm	0.07	1.27
sherlock	0.07	0.55
sorts	0.07	0.70
been	0.07	0.79
48	0.07	0.70
modern	0.07	0.57
dig	0.07	0.76
geez	0.07	1.25
romantic	0.07	0.69
manga	0.07	0.53
weather	0.07	0.85
classroom	0.07	0.63
working	0.07	0.97
learned	0.07	0.75
task	0.07	0.94
coloring	0.07	0.65
somewhat	0.07	1.33
pro	0.07	0.59
dolls	0.07	0.70
fall	0.07	0.71
nicely	0.08	0.95
recipes	0.08	0.73
pregnant	0.08	0.79
creatures	0.08	0.71
binge	0.08	0.57
restaurant	0.08	0.77
thrones	0.08	0.55
potty	0.08	1.37
television	0.08	0.56
charge	0.08	0.67
princess	0.08	0.68
hoped	0.08	0.80
swear	0.08	1.05
base	0.08	0.63
tags	0.08	1.05
devil	0.08	0.82
film	0.08	0.60
laws	0.08	0.61
kik	0.08	0.99
records	0.08	0.53
obsession	0.08	0.69
res	0.08	0.99
pen	0.08	0.64
audio	0.08	0.56
drawing	0.08	0.70
loans	0.08	0.70
title	0.08	2.21
reminding	0.08	0.75
porn	0.08	0.73
savings	0.09	0.65
selling	0.09	0.71
sit	0.09	0.80
argument	0.09	0.79
paperwork	0.09	0.66
format	0.09	0.70
goods	0.09	0.66
texting	0.09	0.68
mah	0.09	0.75
cover	0.09	0.66
raffle	0.09	1.73
game	0.09	0.59
library	0.09	0.53
creature	0.09	0.73
basic	0.09	0.85
gay	0.09	0.75
tools	0.09	0.77
graduate	0.09	0.68
fools	0.09	0.86
anyone	0.09	1.01
snapchat	0.09	0.99
shows	0.09	0.57
knew	0.09	0.83
1	0.09	0.60
lines	0.09	0.67
gender	0.09	0.69
study	0.10	0.68
project	0.10	0.62
tried	0.10	0.72
continues	0.10	0.80
boat	0.10	0.63
sentence	0.10	2.18
description	0.10	1.17
99	0.10	0.70
laid	0.10	0.79
conversation	0.10	0.77
high	0.10	0.63
approach	0.10	0.86
little	0.10	1.15
mommy	0.10	1.07
clothing	0.10	0.64
almost	0.10	0.85
flight	0.10	0.65
foreign	0.10	0.79
wrap	0.11	0.64
drag	0.11	0.76
chair	0.11	0.79
streaming	0.11	0.55
history	0.11	0.74
ring	0.11	0.58
backpack	0.11	0.63
band	0.11	0.55
was	0.11	1.06
image	0.11	1.04
myself	0.11	1.00
somehow	0.11	0.89
goodbye	0.11	0.80
pair	0.11	0.77
sleeve	0.11	0.66
dragon	0.11	0.63
80	0.11	0.62
mobile	0.11	0.82
blocks	0.11	0.58
chase	0.11	1.31
projects	0.11	0.66
accomplished	0.11	1.07
albums	0.11	0.53
soccer	0.11	0.53
subway	0.11	0.70
boots	0.11	0.70
faith	0.11	0.76
pumpkin	0.11	0.83
campus	0.11	0.63
relax	0.11	0.87
stream	0.11	0.55
dating	0.11	0.58
sneak	0.12	0.78
sold	0.12	0.68
famous	0.12	0.93
buffy	0.12	0.52
album	0.12	0.54
bank	0.12	0.74
completely	0.12	1.25
fashion	0.12	0.76
lyrics	0.12	0.67
silent	0.12	0.68
cross	0.12	0.70
often	0.12	0.97
passionate	0.12	0.97
sell	0.12	0.67
supplies	0.12	0.66
asap	0.12	0.92
brick	0.12	0.68
dat	0.12	0.98
systems	0.12	0.58
thrift	0.12	0.62
noticed	0.12	0.77
baking	0.12	0.64
hanging	0.12	0.71
na	0.12	1.19
combat	0.12	0.65
app	0.12	0.63
wolf	0.12	0.59
cakes	0.12	0.66
sheet	0.12	0.65
kid	0.12	0.65
tune	0.12	0.57
breaking	0.13	0.54
solution	0.13	0.82
respond	0.13	0.78
archer	0.13	0.54
smiles	0.13	0.89
deleted	0.13	1.36
trial	0.13	0.79
70	0.13	0.64
friggin	0.13	1.21
gaming	0.13	0.66
bra	0.13	0.72
36	0.13	0.82
deals	0.13	0.65
line	0.13	0.73
keeping	0.13	0.97
fried	0.13	0.77
done	0.13	0.75
photographer	0.13	0.65
fitting	0.13	0.81
doing	0.13	1.09
unique	0.13	0.99
35	0.13	0.85
minute	0.13	0.71
pens	0.14	0.66
finishing	0.14	0.64
numbers	0.14	1.55
sucker	0.14	0.61
discover	0.14	0.77
main	0.14	0.62
custom	0.14	0.60
claim	0.14	0.68
ve	0.14	0.87
downloaded	0.14	0.57
rolls	0.14	0.79
action	0.14	0.59
bill	0.14	0.68
painting	0.14	0.61
crafty	0.14	0.68
buy	0.14	0.77
uni	0.14	0.69
pie	0.14	0.85
taxes	0.14	0.68
cost	0.14	0.86
pays	0.14	0.68
plug	0.14	0.62
bride	0.14	0.62
district	0.14	0.56
watched	0.15	0.57
commute	0.15	0.59
applications	0.15	0.69
throw	0.15	0.70
religion	0.15	0.70
texts	0.15	0.63
baseball	0.15	0.54
types	0.15	0.59
mission	0.15	0.79
shown	0.15	0.59
basketball	0.15	0.53
justify	0.15	0.79
allow	0.15	0.77
enjoyed	0.15	1.44
blocked	0.15	0.70
mile	0.15	0.60
draw	0.15	0.66
content	0.15	0.58
living	0.15	0.64
pub	0.15	0.75
alarm	0.15	1.14
handful	0.15	0.54
firefly	0.15	0.53
worked	0.15	0.63
animated	0.15	0.67
tie	0.15	0.65
sport	0.15	0.53
notice	0.15	0.90
programs	0.15	0.64
spring	0.15	0.66
34	0.15	0.82
gods	0.15	0.58
sale	0.16	0.66
mmm	0.16	1.30
sets	0.16	0.51
sea	0.16	0.60
tales	0.16	0.61
rights	0.16	0.65
latest	0.16	0.66
humor	0.16	0.80
football	0.16	0.53
takes	0.16	0.64
mmmm	0.16	1.28
navy	0.16	0.66
program	0.16	0.65
development	0.16	0.51
make	0.16	1.13
number	0.16	1.05
applying	0.16	0.70
superhero	0.16	0.65
loan	0.16	0.69
taylor	0.16	0.64
episode	0.16	0.51
wears	0.16	0.68
by	0.16	0.98
homework	0.16	0.75
during	0.16	0.68
style	0.16	0.64
model	0.16	0.59
accent	0.16	0.91
bah	0.16	0.94
classic	0.16	0.55
de	0.16	0.68
manage	0.17	0.88
golf	0.17	0.57
dexter	0.17	0.53
favor	0.17	0.91
ad	0.17	0.63
shirts	0.17	0.67
parks	0.17	0.53
resume	0.17	0.64
v	0.17	0.66
link	0.17	1.36
5k	0.17	0.65
goals	0.17	0.82
marriage	0.17	0.62
bat	0.17	0.65
mysterious	0.17	0.67
remain	0.17	1.06
winter	0.17	0.78
airport	0.17	0.63
entirely	0.17	1.01
recently	0.17	0.77
pencil	0.17	0.64
sweetest	0.17	1.56
profile	0.17	1.16
debt	0.17	0.70
rope	0.18	0.58
download	0.18	0.57
fits	0.18	0.72
claimed	0.18	0.70
ebay	0.18	0.67
frozen	0.18	0.59
simpsons	0.18	0.51
burgers	0.18	0.79
op	0.18	1.47
dessert	0.18	0.79
university	0.18	0.66
rat	0.18	0.72
college	0.18	0.65
design	0.18	0.65
tops	0.18	0.65
fit	0.18	0.74
skirt	0.18	0.68
donate	0.18	0.83
apps	0.18	0.62
rent	0.18	0.69
bills	0.18	0.69
math	0.18	0.65
sounding	0.19	1.14
discount	0.19	0.67
genre	0.19	0.55
shirt	0.19	0.66
tv	0.19	0.51
words	0.19	1.98
watch	0.19	0.54
transfer	0.19	0.64
concert	0.19	0.55
include	0.19	1.19
considered	0.19	0.90
partner	0.19	0.76
willing	0.19	0.95
decade	0.19	0.61
thousands	0.19	0.60
robin	0.19	0.72
between	0.19	0.58
baked	0.19	0.79
switch	0.19	0.59
comfort	0.19	0.86
friendship	0.19	1.00
sleeping	0.19	1.13
sports	0.19	0.53
tax	0.19	0.68
enjoying	0.19	1.09
pc	0.19	0.57
magazine	0.19	0.61
grand	0.19	0.53
brilliant	0.19	1.30
costs	0.19	0.81
label	0.19	0.59
editing	0.19	1.07
naked	0.19	1.04
print	0.19	0.58
lessons	0.19	0.57
shorts	0.19	0.69
pay	0.19	0.70
application	0.20	0.68
casual	0.20	0.76
cards	0.20	0.65
american	0.20	0.69
culture	0.20	0.68
known	0.20	0.71
mainly	0.20	0.58
event	0.20	0.75
selfie	0.20	1.08
classes	0.20	0.66
heroes	0.20	0.56
store	0.20	0.64
miles	0.20	0.61
meantime	0.20	0.78
ties	0.20	0.70
walmart	0.20	0.64
begins	0.20	0.66
roughly	0.20	0.63
sci-fi	0.20	0.59
middle	0.20	0.66
bought	0.20	0.62
served	0.20	0.72
knight	0.20	0.59
score	0.20	0.75
trek	0.20	0.54
related	0.20	0.64
bands	0.20	0.52
spare	0.20	0.61
wanting	0.20	0.87
forget	0.20	1.25
stores	0.20	0.65
reasons	0.20	0.75
paying	0.21	0.70
gathering	0.21	0.60
payment	0.21	0.67
netflix	0.21	0.50
grocery	0.21	0.62
episodes	0.21	0.51
guest	0.21	0.61
chick	0.21	0.83
edited	0.21	2.08
web	0.21	0.62
printed	0.21	0.60
met	0.21	0.76
yourself	0.21	1.00
finals	0.21	1.04
along	0.21	0.72
coupons	0.21	0.62
generally	0.21	0.96
opportunity	0.21	0.75
sailor	0.21	0.57
power	0.21	0.69
semester	0.21	0.69
fan	0.21	0.62
rpg	0.21	0.55
wings	0.21	0.64
market	0.21	0.62
president	0.21	0.57
facts	0.21	0.75
comedy	0.21	0.64
kindle	0.21	0.52
colour	0.21	0.76
digital	0.21	0.54
galaxy	0.21	0.54
charity	0.22	0.79
diablo	0.22	0.49
found	0.22	0.60
neither	0.22	0.78
paid	0.22	0.69
la	0.22	0.73
approved	0.22	0.69
center	0.22	0.57
wear	0.22	0.68
roommates	0.22	0.62
cocoa	0.22	0.70
depends	0.22	0.84
snap	0.22	0.92
ancient	0.22	0.63
craigslist	0.22	0.61
grades	0.22	0.68
directions	0.22	0.60
anybody	0.22	0.90
league	0.22	0.52
shop	0.22	0.62
links	0.22	1.30
art	0.22	0.66
describe	0.22	1.04
player	0.22	0.52
chef	0.22	0.75
steam	0.22	0.52
material	0.22	0.59
ticket	0.22	0.60
wanted	0.22	0.95
phoenix	0.22	0.60
former	0.22	0.61
reply	0.23	1.15
prove	0.23	0.88
photoshop	0.23	0.68
tag	0.23	1.10
egg	0.23	0.64
beast	0.23	0.61
addicting	0.23	1.47
waited	0.23	0.69
forms	0.23	0.67
ppl	0.23	0.80
letter	0.23	1.30
opening	0.23	0.59
hockey	0.23	0.52
turkey	0.23	0.72
awhile	0.23	0.71
goal	0.23	0.80
empire	0.23	0.53
moon	0.23	0.58
dance	0.23	0.63
irl	0.23	0.63
kings	0.23	0.57
disney	0.23	0.66
lights	0.23	0.75
fast	0.23	1.04
quest	0.23	0.61
value	0.24	0.77
particularly	0.24	1.16
jeans	0.24	0.68
godzilla	0.24	0.56
wrote	0.24	1.01
final	0.24	0.63
play	0.24	0.54
sunny	0.24	0.80
gone	0.24	0.73
files	0.24	0.53
keep	0.24	0.87
stories	0.24	0.51
ham	0.24	0.68
required	0.24	0.85
sticker	0.24	0.56
legends	0.24	0.51
favourites	0.24	0.96
proper	0.24	1.66
gon	0.24	1.19
videos	0.24	0.64
saving	0.24	0.67
quick	0.24	1.05
controller	0.24	0.57
wore	0.24	0.67
seeing	0.24	0.73
sock	0.24	0.74
destiny	0.24	0.58
opinions	0.24	0.70
wearing	0.24	0.68
holds	0.24	0.69
ahem	0.24	0.82
discuss	0.24	0.67
turn	0.24	0.64
mountain	0.24	0.60
fully	0.24	1.01
hung	0.24	0.59
up	0.24	0.98
writer	0.24	0.62
exist	0.24	0.75
crash	0.25	0.68
strike	0.25	0.55
tiny	0.25	0.75
owe	0.25	0.68
show	0.25	0.53
smooth	0.25	0.83
unicorn	0.25	0.67
nickname	0.25	1.19
dollar	0.25	0.64
treat	0.25	0.59
etsy	0.25	0.61
groceries	0.25	0.65
dean	0.25	0.68
dont	0.25	1.14
courses	0.25	0.69
chain	0.25	0.60
montreal	0.25	0.62
3d	0.25	0.56
cartoons	0.25	0.55
cash	0.25	0.62
picked	0.25	0.49
straight	0.25	0.81
heating	0.25	0.67
away	0.25	0.73
climb	0.25	0.62
benefit	0.26	0.76
class	0.26	0.64
papers	0.26	0.60
mins	0.26	0.62
announced	0.26	0.91
crawl	0.26	0.77
45	0.26	0.59
teams	0.26	0.54
jewelry	0.26	0.60
nor	0.26	0.71
playing	0.26	0.51
season	0.26	0.49
legit	0.26	0.71
showing	0.26	0.64
foundation	0.26	0.66
click	0.26	1.02
independent	0.26	1.18
expansion	0.26	0.47
dc	0.26	0.57
60	0.26	0.60
object	0.26	0.57
appropriate	0.26	1.29
halo	0.26	0.49
jacket	0.26	0.66
etc	0.26	0.59
shortly	0.26	0.70
flair	0.26	1.15
offers	0.26	0.61
disneyland	0.27	0.61
name	0.27	1.84
eggs	0.27	0.64
routine	0.27	0.69
min	0.27	0.62
bumps	0.27	0.85
totes	0.27	0.82
research	0.27	0.64
seasons	0.27	0.51
handle	0.27	0.75
ebook	0.27	0.52
reminded	0.27	1.02
t-shirt	0.27	0.67
f	0.27	0.95
hulu	0.27	0.52
regularly	0.27	0.65
shops	0.27	0.63
150	0.27	0.62
hotel	0.27	0.66
engaged	0.27	0.67
per	0.27	0.70
hill	0.27	0.50
happens	0.27	0.87
coupon	0.27	0.61
afford	0.27	0.83
dinosaurs	0.28	0.57
text	0.28	0.68
mary	0.28	0.75
tail	0.28	0.75
pairs	0.28	0.67
fee	0.28	0.68
therefore	0.28	0.60
rather	0.28	1.17
never	0.28	0.87
played	0.28	0.50
200	0.28	0.63
vinyl	0.28	0.53
fiction	0.28	0.55
bringing	0.28	0.62
minecraft	0.28	0.48
update	0.28	0.92
online	0.28	0.54
eyes	0.28	0.81
happened	0.28	0.90
coat	0.28	0.64
photography	0.28	0.58
dinner	0.28	0.86
home	0.28	1.17
has	0.28	1.36
lion	0.28	0.60
plenty	0.28	0.61
priority	0.28	0.67
additional	0.28	0.65
x.x	0.28	1.18
sims	0.29	0.47
mmmmm	0.29	1.01
duty	0.29	0.62
400	0.29	0.61
provide	0.29	0.70
fyi	0.29	0.74
50	0.29	0.60
local	0.29	0.63
dinosaur	0.29	0.63
suits	0.29	0.68
adventures	0.29	0.54
ourselves	0.29	0.71
tons	0.29	0.61
human	0.29	0.73
shining	0.29	0.64
version	0.29	0.51
within	0.29	0.60
fortune	0.29	0.60
youtube	0.29	0.64
restaurants	0.29	0.65
belt	0.29	0.67
thought	0.29	0.99
teach	0.29	0.60
randomly	0.29	0.72
updates	0.29	0.67
budget	0.29	0.70
smile	0.29	1.04
boobs	0.29	0.92
iron	0.29	0.64
fairy	0.29	0.54
character	0.29	0.70
asleep	0.29	1.13
journey	0.29	0.70
emails	0.29	0.68
names	0.29	1.02
100	0.30	0.60
staying	0.30	1.03
ton	0.30	0.60
jim	0.30	0.66
response	0.30	1.03
life	0.30	1.29
alice	0.30	1.05
type	0.30	0.73
linking	0.30	1.14
area	0.30	0.62
le	0.30	0.70
top	0.30	0.61
services	0.30	0.59
he	0.30	0.91
kinds	0.30	0.62
grad	0.30	0.67
roll	0.30	0.69
information	0.30	0.70
pool	0.30	0.65
refund	0.30	0.64
console	0.30	0.56
hat	0.30	0.62
default	0.30	0.80
mp3	0.30	0.56
decided	0.31	0.79
cheapest	0.31	0.66
journal	0.31	0.65
choosing	0.31	0.75
included	0.31	0.67
marathon	0.31	0.54
gloves	0.31	0.66
z	0.31	0.90
dvd	0.31	0.49
500	0.31	0.62
games	0.31	0.52
submit	0.31	1.06
guarantee	0.31	0.88
test	0.31	0.76
bedtime	0.31	1.22
naps	0.31	0.86
charm	0.31	0.65
fans	0.31	0.55
star	0.31	0.55
subject	0.31	0.78
nearby	0.31	0.61
grandpa	0.31	0.80
commercials	0.31	0.53
girlfriend	0.31	0.84
target	0.31	0.61
form	0.32	0.65
google	0.32	0.73
apply	0.32	0.65
borderlands	0.32	0.46
junior	0.32	0.59
johnny	0.32	0.53
copies	0.32	0.48
starting	0.32	0.82
cake	0.32	0.63
sunshine	0.32	0.70
nap	0.32	1.11
alert	0.32	0.71
wand	0.32	0.69
homemade	0.32	0.92
looked	0.32	0.93
id	0.32	0.76
taught	0.32	0.58
fingers	0.32	0.90
kiss	0.32	0.75
stays	0.32	0.84
pirateroisin	0.32	0.73
tricks	0.32	0.71
roisiny	0.32	0.73
release	0.32	0.49
guard	0.32	0.61
ish	0.32	0.93
viber	0.32	0.74
telegram	0.32	0.74
his	0.32	0.79
outfit	0.32	0.62
tour	0.32	0.55
woods	0.32	0.60
odds	0.32	0.78
trailer	0.32	0.54
grandmother	0.32	0.80
theme	0.33	0.49
law	0.33	0.73
teaching	0.33	0.57
reminder	0.33	1.00
copy	0.33	0.47
detroit	0.33	0.56
conversations	0.33	0.74
boyfriend	0.33	0.84
available	0.33	0.62
40	0.33	0.57
beauty	0.33	0.60
raising	0.33	0.71
wise	0.33	0.80
shes	0.33	0.88
sonic	0.33	0.58
updated	0.33	1.03
twitter	0.33	0.73
senior	0.33	0.64
extended	0.33	0.52
xbox	0.33	0.54
magical	0.33	0.69
fitness	0.33	0.70
lasts	0.33	0.64
versions	0.33	0.51
feature	0.33	0.54
mermaid	0.33	0.61
mattress	0.33	0.74
e	0.33	0.95
multiple	0.33	0.58
skyrim	0.33	0.47
ebooks	0.34	0.53
orlando	0.34	0.62
museum	0.34	0.57
cah	0.34	0.65
strip	0.34	0.64
quarter	0.34	0.62
marvel	0.34	0.54
wander	0.34	0.65
essay	0.34	0.58
whatsapp	0.34	0.73
stuff	0.34	0.77
write	0.34	0.73
inspired	0.34	0.79
marks	0.34	0.57
tiger	0.34	0.64
paycheck	0.35	0.63
bring	0.35	0.73
dresses	0.35	0.61
given	0.35	0.60
welp	0.35	1.05
comic	0.35	0.56
writing	0.35	0.60
trivia	0.35	0.68
monthly	0.35	0.65
supposed	0.35	0.81
hilarious	0.35	1.29
add	0.35	0.74
seconds	0.35	0.67
riding	0.35	0.58
facebook	0.35	0.76
300	0.35	0.62
avengers	0.35	0.57
radio	0.35	0.58
celebrity	0.35	0.79
united	0.35	0.53
team	0.35	0.54
adventure	0.35	0.54
poem	0.35	1.01
platforms	0.35	0.62
pride	0.36	0.91
earlier	0.36	0.71
lists	0.36	0.71
money	0.36	0.64
credits	0.36	0.62
credit	0.36	0.62
split	0.36	0.59
country	0.36	0.56
tickets	0.36	0.62
legend	0.36	0.52
force	0.36	0.66
hundreds	0.36	0.56
tim	0.36	0.58
duh	0.36	1.13
accounts	0.36	0.72
school	0.36	0.60
forest	0.36	0.57
mall	0.36	0.59
spoil	0.36	0.84
time	0.36	0.83
photo	0.36	0.71
town	0.36	0.75
rings	0.36	0.52
first	0.36	0.88
urban	0.36	0.62
hood	0.37	0.57
seattle	0.37	0.57
wishlists	0.37	0.79
sends	0.37	0.65
schools	0.37	0.57
minutes	0.37	0.67
graphic	0.37	0.53
pic	0.37	1.00
genres	0.37	0.51
funny	0.37	0.97
upon	0.37	0.61
cotton	0.37	0.68
list	0.37	0.75
graduated	0.37	0.62
pokemon	0.37	0.52
personality	0.37	0.83
tumblr	0.37	0.74
internship	0.37	0.68
hold	0.37	0.80
figures	0.37	0.59
exam	0.37	0.65
silver	0.37	0.60
burger	0.37	0.82
ps3	0.37	0.52
snaps	0.37	0.69
interaction	0.37	0.68
session	0.37	0.63
stalk	0.37	0.72
dvds	0.37	0.46
purchase	0.37	0.64
traveling	0.37	0.60
fb	0.37	0.80
honest	0.37	1.13
r	0.37	0.93
bioshock	0.38	0.49
elephant	0.38	0.62
fallout	0.38	0.49
gladly	0.38	0.74
38	0.38	0.57
singer	0.38	0.60
accepted	0.38	0.63
wishlist	0.38	0.78
hangouts	0.38	0.72
wee-pixie	0.38	0.73
honey	0.38	0.85
any	0.38	0.73
checked	0.38	0.82
candy	0.38	0.55
strangers	0.38	0.87
trade	0.38	0.70
explore	0.38	0.56
cheer	0.38	0.73
lasted	0.38	0.63
1000	0.39	0.60
pm	0.39	0.71
hail	0.39	0.69
written	0.39	0.73
concern	0.39	0.83
media	0.39	0.58
upload	0.39	0.74
extremely	0.39	1.22
tardis	0.39	0.54
visual	0.39	0.67
extra	0.39	0.59
39	0.39	0.56
zelda	0.39	0.52
commented	0.39	0.84
swim	0.39	0.63
post	0.39	1.16
houses	0.39	0.64
saved	0.39	0.61
ups	0.39	0.61
ps4	0.39	0.52
quickly	0.39	0.84
meh	0.39	1.27
step	0.39	0.70
guardians	0.40	0.55
penny	0.40	0.62
female	0.40	0.71
someone	0.40	0.88
lucky	0.40	1.91
nine	0.40	0.54
aka	0.40	0.60
moose	0.40	0.59
ta	0.40	0.90
bob	0.40	0.58
whom	0.40	0.72
pit	0.40	0.61
comment	0.40	1.19
l	0.40	0.70
e-mail	0.40	0.58
30	0.40	0.57
pages	0.40	0.52
section	0.40	0.61
website	0.40	0.61
lions	0.40	0.58
got	0.40	0.67
chosen	0.40	0.89
father	0.40	0.81
students	0.40	0.55
half	0.40	0.58
million	0.40	0.55
uncle	0.41	0.81
wl	0.41	0.76
membership	0.41	0.61
jersey	0.41	0.54
kong	0.41	0.54
37	0.41	0.59
aunt	0.41	0.81
linked	0.41	1.07
comics	0.41	0.50
imgur	0.41	0.82
purchased	0.41	0.60
jack	0.41	0.63
prep	0.41	0.73
mac	0.41	0.65
lips	0.41	0.79
stayed	0.41	1.15
mass	0.41	0.53
password	0.41	1.74
hundred	0.41	0.54
shared	0.41	0.54
items	0.41	0.66
submitted	0.41	0.80
swimming	0.41	0.58
false	0.42	0.76
collecting	0.42	0.62
peoples	0.42	0.56
shifts	0.42	0.86
park	0.42	0.56
pinterest	0.42	0.64
cartoon	0.42	0.55
create	0.42	0.62
christian	0.42	0.72
works	0.42	0.91
downtown	0.42	0.58
newest	0.42	0.51
account	0.42	0.73
teachers	0.42	0.52
settled	0.42	0.73
thousand	0.42	0.53
3ds	0.42	0.54
thirty	0.42	0.55
artist	0.42	0.69
studio	0.43	0.53
superman	0.43	0.57
players	0.43	0.50
chuck	0.43	0.54
expert	0.43	0.71
ages	0.43	0.65
billion	0.43	0.53
20	0.43	0.53
dress	0.43	0.60
t	0.43	0.77
interviews	0.43	0.83
j	0.43	0.75
toys	0.43	1.27
grandfather	0.43	0.71
b	0.43	0.98
mario	0.43	0.59
case	0.43	0.71
able	0.43	0.91
classics	0.43	0.56
covers	0.43	0.72
several	0.43	0.57
placed	0.43	0.64
austin	0.43	0.56
ends	0.43	0.81
relatively	0.43	1.14
page	0.43	0.79
grandma	0.43	0.81
mum	0.43	0.82
2	0.43	0.51
listed	0.43	0.66
bunch	0.43	0.59
pass	0.43	0.70
sites	0.43	0.60
confirm	0.43	0.63
ma	0.43	0.75
laying	0.43	0.81
returns	0.44	0.56
clearly	0.44	1.31
grew	0.44	0.55
bros	0.44	0.60
collect	0.44	0.50
u/pyroglass	0.44	0.85
already	0.44	0.75
checking	0.44	0.65
give	0.44	0.70
elsewhere	0.44	0.62
results	0.44	0.68
kart	0.44	0.59
dallas	0.44	0.55
state	0.44	0.56
hero	0.44	0.63
25	0.44	0.55
novel	0.44	0.47
dozen	0.44	0.53
titles	0.44	0.52
ny	0.44	0.57
batman	0.44	0.59
photos	0.44	0.68
friend	0.44	0.77
gf	0.44	0.90
finished	0.44	0.54
bucks	0.44	0.62
lets	0.44	0.84
kingdom	0.44	0.49
moved	0.44	0.54
once	0.44	0.71
older	0.44	0.72
moving	0.44	0.66
amp	0.44	0.75
romance	0.44	0.58
surely	0.44	0.78
360	0.44	0.49
details	0.44	0.60
visited	0.44	0.49
argue	0.44	0.81
summer	0.44	0.61
hour	0.45	0.62
search	0.45	0.76
browse	0.45	0.66
review	0.45	0.53
yet	0.45	0.87
southern	0.45	0.53
p.s	0.45	1.37
elementary	0.45	0.52
individually	0.45	0.67
our	0.45	0.53
materials	0.45	0.58
matters	0.45	0.84
sweater	0.45	0.69
bf	0.45	0.85
via	0.45	0.65
dollars	0.45	0.61
bay	0.45	0.60
smash	0.45	0.59
fiance	0.45	0.83
site	0.45	0.67
ordered	0.45	0.64
bed	0.45	0.97
u	0.45	0.78
third	0.45	0.99
pt	0.45	0.73
crossing	0.45	0.56
ten	0.45	0.52
ds	0.45	0.51
addresses	0.45	0.72
lego	0.45	0.47
searching	0.46	0.60
x	0.46	0.63
official	0.46	0.70
teacher	0.46	0.56
free	0.46	0.64
worth	0.46	0.70
hubby	0.46	0.89
hours	0.46	0.63
twenty	0.46	0.52
boston	0.46	0.54
male	0.46	0.69
giraffe	0.46	0.60
hometown	0.46	0.58
ones	0.46	0.85
lots	0.46	0.54
monkey	0.46	0.64
10	0.46	0.51
presentation	0.46	0.62
actors	0.46	0.65
nintendo	0.46	0.52
fishing	0.46	0.56
five	0.46	0.52
vegas	0.46	0.52
role	0.46	0.54
religious	0.46	0.56
near	0.46	0.71
honesty	0.47	0.75
seven	0.47	0.52
helping	0.47	0.67
19	0.47	0.50
nj	0.47	0.58
dad	0.47	0.81
three	0.47	0.51
2.5	0.47	0.51
wars	0.47	0.58
images	0.47	0.74
toy	0.47	1.25
movie	0.47	1.19
connections	0.47	0.71
hers	0.47	0.72
after	0.47	0.70
break	0.47	0.64
4	0.47	0.50
six	0.47	0.51
him	0.47	0.69
survey	0.47	0.73
county	0.47	0.58
headed	0.47	0.60
raised	0.47	0.56
pa	0.47	0.57
none	0.47	0.69
15	0.47	0.51
historical	0.47	0.58
owners	0.47	0.60
four	0.47	0.52
5	0.48	0.50
6	0.48	0.51
x-men	0.48	0.57
17	0.48	0.51
climbing	0.48	0.57
24	0.48	0.54
eight	0.48	0.52
statement	0.48	0.99
3-4	0.48	0.51
portland	0.48	0.55
states	0.48	0.54
mischief	0.48	0.73
mystery	0.48	0.75
deny	0.48	0.80
22	0.48	0.54
originally	0.48	0.55
55	0.48	0.67
8	0.48	0.51
society	0.48	0.66
mother	0.48	0.82
wrapped	0.48	0.63
fiancee	0.48	0.88
9	0.48	0.50
cities	0.48	0.60
settle	0.49	0.80
fox	0.49	0.56
32	0.49	0.58
hoodie	0.49	0.68
21	0.49	0.48
shipping	0.49	0.63
pal	0.49	0.63
organization	0.49	0.75
villain	0.49	0.58
york	0.49	0.54
couple	0.49	0.51
sleeps	0.49	0.84
or	0.49	0.69
edition	0.49	0.46
acceptable	0.49	1.19
highschool	0.49	0.58
26	0.49	0.54
ago	0.49	0.60
messages	0.49	0.64
new	0.49	0.70
everybody	0.49	0.98
shenanigans	0.49	0.58
prime	0.50	0.59
child	0.50	0.73
abroad	0.50	0.57
orders	0.50	0.58
dressing	0.50	0.58
neil	0.50	0.54
collection	0.50	0.46
located	0.50	0.55
twilight	0.50	0.68
funko	0.50	0.55
success	0.50	0.89
save	0.50	0.64
skype	0.50	0.70
12	0.50	0.50
her	0.50	0.84
18	0.50	0.51
san	0.50	0.56
under	0.50	0.63
care	0.50	0.77
lay	0.50	0.78
nowhere	0.50	0.59
poetry	0.51	0.48
young	0.51	0.62
times	0.51	0.59
wo	0.51	0.87
grandparents	0.51	0.78
outdoor	0.51	0.56
mom	0.51	0.81
central	0.51	0.55
years	0.51	0.60
blind	0.51	1.17
gaiman	0.51	0.55
selection	0.51	0.54
16	0.51	0.50
upvote	0.51	0.76
wii	0.51	0.52
live	0.51	0.56
rocks	0.51	0.75
city	0.51	0.57
north	0.51	0.55
back	0.51	0.74
georgia	0.51	0.57
channel	0.51	0.52
few	0.51	0.50
mask	0.51	0.54
other	0.51	0.65
hair	0.52	0.77
stay	0.52	0.90
private	0.52	0.61
omfg	0.52	1.11
pet	0.52	0.65
voted	0.52	0.62
crystal	0.52	0.52
novels	0.52	0.54
discovered	0.52	0.65
somewhere	0.52	0.99
before	0.52	0.65
texas	0.52	0.54
tell	0.52	0.86
michigan	0.52	0.54
months	0.52	0.60
scarf	0.52	0.71
indiana	0.52	0.54
14	0.52	0.50
lived	0.52	0.55
address	0.52	0.71
ohio	0.52	0.54
23	0.52	0.52
hobbies	0.53	0.58
mix	0.53	0.55
7	0.53	0.50
from	0.53	0.55
washington	0.53	0.54
exploring	0.53	0.55
11	0.53	0.50
verify	0.53	0.69
oregon	0.53	0.54
chicago	0.53	0.56
jump	0.53	0.68
wife	0.53	0.93
category	0.53	0.69
tower	0.53	0.55
weeks	0.53	0.60
south	0.53	0.54
nyc	0.53	0.55
mate	0.53	0.70
w	0.53	0.76
explanation	0.53	0.90
husband	0.53	0.93
13	0.53	0.50
northern	0.53	0.53
amazon	0.53	0.65
nod	0.53	0.92
separate	0.53	0.54
go-to	0.53	1.26
minnesota	0.54	0.54
shade	0.54	0.77
last	0.54	0.60
carolina	0.54	0.54
china	0.54	0.52
pics	0.54	0.68
opinion	0.54	0.74
dads	0.54	0.79
california	0.54	0.54
parents	0.54	0.80
fairly	0.54	1.14
replies	0.54	0.82
coast	0.54	0.55
later	0.54	0.61
arizona	0.54	0.53
assume	0.54	1.06
yokuo	0.54	0.73
travel	0.54	0.56
florida	0.54	0.54
toddler	0.54	0.87
nc	0.54	0.57
at	0.54	1.11
fl	0.54	0.59
many	0.54	0.66
2-3	0.54	0.50
ahead	0.54	0.83
crush	0.54	0.57
marked	0.54	0.58
east	0.55	0.55
crew	0.55	0.63
areas	0.55	0.63
husbands	0.55	0.81
email	0.55	0.64
cousin	0.55	0.88
past	0.55	0.58
usa	0.55	0.52
31	0.55	0.57
river	0.55	0.56
explain	0.55	0.82
downvotes	0.55	0.69
log	0.55	0.61
military	0.55	0.59
topic	0.55	0.66
birth	0.55	0.66
west	0.55	0.56
inbox	0.55	0.67
special	0.55	0.53
seems	0.55	1.07
y	0.55	0.79
27	0.56	0.55
realize	0.56	0.94
shadow	0.56	0.57
card	0.56	0.55
summons	0.56	1.03
browsing	0.56	0.58
aim	0.56	0.72
respect	0.56	0.65
u/cheesey_cakes	0.56	0.61
ca	0.56	0.87
dedicated	0.56	0.67
mighty	0.56	0.74
future	0.56	0.68
funeral	0.56	0.67
released	0.56	0.46
code	0.56	0.62
lil	0.56	1.08
countries	0.56	0.52
age	0.57	0.50
lover	0.57	0.73
chatting	0.57	0.66
concept	0.57	0.93
guy	0.57	0.62
tracking	0.57	0.55
moms	0.57	0.81
help	0.57	0.85
choose	0.57	0.74
perfect	0.57	1.11
pick	0.57	0.73
lives	0.57	0.58
tips	0.57	0.70
epic	0.57	0.95
used	0.58	0.78
conference	0.58	0.59
beard	0.58	0.93
illinois	0.58	0.55
wisconsin	0.58	0.56
paris	0.58	0.53
two	0.58	0.49
chance	0.58	0.77
29	0.58	0.55
row	0.58	0.61
proof	0.58	0.70
earn	0.58	0.59
g	0.58	0.81
days	0.58	0.60
user	0.58	1.01
late	0.58	1.08
options	0.58	0.65
atlanta	0.58	0.56
halfway	0.58	0.50
need	0.58	0.85
questions	0.58	0.67
oddly	0.58	1.08
xp	0.58	1.05
traveled	0.58	0.53
castle	0.58	0.60
downvote	0.58	0.71
their	0.58	0.56
eek	0.58	1.10
ray	0.59	0.55
still	0.59	1.31
golden	0.59	0.71
take	0.59	0.68
bot	0.59	0.74
cruise	0.59	0.54
brother	0.59	0.95
giving	0.59	0.55
finland	0.59	0.51
canada	0.59	0.53
u/scandalousblanche	0.59	0.68
encourage	0.59	0.69
eventually	0.59	0.79
some	0.59	0.59
ireland	0.59	0.52
norway	0.59	0.52
pfft	0.59	0.97
youth	0.59	0.58
hearts	0.59	0.56
korea	0.59	0.52
determined	0.59	1.05
army	0.59	0.63
fifth	0.59	0.94
europe	0.59	0.54
france	0.60	0.52
bonus	0.60	0.76
germany	0.60	0.52
border	0.60	0.53
remember	0.60	0.87
round	0.60	0.51
personally	0.60	0.86
let	0.60	0.85
accept	0.60	0.65
australia	0.60	0.52
girl	0.60	0.65
schedule	0.60	0.87
uk	0.60	0.53
sister	0.60	0.95
officially	0.60	0.67
sorted	0.60	0.82
nephew	0.60	1.53
posted	0.60	0.75
whether	0.60	0.85
0	0.60	0.60
want	0.61	0.89
out	0.61	0.77
display	0.61	0.56
authors	0.61	0.51
kindness	0.61	0.93
logic	0.61	0.77
cared	0.61	0.93
louis	0.61	0.53
anymore	0.61	0.88
mustache	0.61	0.63
volunteer	0.61	0.59
animals	0.61	0.61
wins	0.61	0.70
unfortunately	0.61	0.91
order	0.61	0.61
stuffed	0.61	0.67
item	0.61	0.72
japan	0.61	0.52
addition	0.61	0.62
deliver	0.62	0.63
u/njbilbo	0.62	0.83
surrounded	0.62	0.68
clever	0.62	0.88
married	0.62	0.56
whose	0.62	0.69
penguin	0.62	0.57
looking	0.62	0.90
add-on	0.62	0.72
mind	0.62	0.82
42	0.62	0.63
italy	0.62	0.52
hurry	0.62	0.73
calendar	0.62	0.54
n	0.62	0.79
women	0.62	0.75
bundle	0.62	0.58
couch	0.62	0.79
preferred	0.62	0.88
strong	0.62	0.98
when	0.62	0.72
try	0.63	0.87
fort	0.63	0.69
only	0.63	0.80
nights	0.63	0.82
idk	0.63	1.20
soul	0.63	0.74
pls	0.63	0.96
2000	0.63	0.54
chapter	0.63	0.46
men	0.63	0.73
tagged	0.63	0.88
camp	0.63	0.53
unless	0.63	0.85
c	0.63	0.79
jesus	0.64	1.17
ocean	0.64	0.62
chat	0.64	0.69
secrets	0.64	0.68
england	0.64	0.53
64	0.64	0.59
anything	0.64	0.85
beach	0.64	0.64
actor	0.64	0.64
she	0.64	0.72
expect	0.64	0.87
sweden	0.64	0.52
matching	0.64	0.51
comments	0.64	0.79
check	0.64	0.71
daughter	0.64	1.45
hunt	0.64	0.55
article	0.64	0.55
anywhere	0.64	0.82
u/flyingfresian	0.65	0.56
treats	0.65	1.16
initial	0.65	1.24
fantasy	0.65	0.52
if	0.65	0.84
rules	0.65	0.63
graduating	0.65	0.71
interesting	0.65	1.02
return	0.65	0.61
ouch	0.65	1.19
spam	0.66	0.74
bothered	0.66	0.75
request	0.66	0.64
seem	0.66	1.00
competition	0.66	0.72
wonder	0.66	0.89
consider	0.66	0.84
wat	0.66	1.00
socks	0.66	0.70
blog	0.66	0.55
stalking	0.66	0.65
incredibly	0.66	1.08
scotland	0.66	0.53
leave	0.66	0.77
visiting	0.66	0.55
guide	0.66	0.60
delivery	0.66	0.66
cousins	0.66	0.84
named	0.66	0.50
posting	0.66	0.81
jon	0.66	0.59
hobbit	0.66	0.75
option	0.66	0.73
whatever	0.66	0.79
sisters	0.66	0.83
approve	0.66	0.89
perfectly	0.67	0.84
mornings	0.67	0.91
handy	0.67	0.82
lab	0.67	0.51
midnight	0.67	1.12
responses	0.67	0.72
younger	0.67	0.81
please	0.67	0.70
children	0.67	0.57
colorado	0.67	0.52
year	0.67	0.58
poster	0.67	0.58
closest	0.67	1.24
john	0.68	0.56
shelter	0.68	0.62
send	0.68	0.55
figure	0.68	0.82
alaska	0.68	0.51
captain	0.68	0.57
prince	0.68	0.54
genius	0.68	0.78
read	0.68	0.61
suit	0.68	0.62
video	0.68	0.45
fourth	0.68	0.95
brothers	0.68	0.73
understandable	0.68	1.20
provided	0.68	1.31
visit	0.69	0.51
capable	0.69	0.94
zoo	0.69	0.52
murphy	0.69	0.80
hang	0.69	0.71
leader	0.69	0.67
mexico	0.69	0.52
siblings	0.69	0.85
find	0.69	0.79
con	0.69	0.52
cancel	0.70	0.63
places	0.70	0.66
suspect	0.70	1.23
insanely	0.70	1.11
experience	0.70	0.76
move	0.70	0.66
technically	0.70	0.80
happily	0.70	0.64
going	0.70	0.97
shift	0.70	0.99
ship	0.70	0.53
sometime	0.70	0.75
introduce	0.70	0.72
america	0.70	0.54
born	0.71	0.52
tony	0.71	0.62
surprisingly	0.71	1.11
finally	0.71	0.66
harry	0.71	0.64
rescue	0.71	0.58
niece	0.71	0.90
homes	0.71	0.57
mega	0.71	1.20
likely	0.71	0.89
second	0.71	1.33
youngest	0.71	0.81
can	0.71	0.85
traditional	0.71	0.59
whoever	0.71	0.56
houston	0.72	0.54
upvotes	0.72	0.73
go	0.72	0.76
did	0.72	0.83
london	0.72	0.53
old	0.72	0.66
hawaii	0.72	0.52
brave	0.72	0.72
author	0.72	0.51
son	0.72	0.83
since	0.72	0.60
lotr	0.72	0.74
then	0.72	0.73
beginning	0.72	0.91
flipping	0.72	1.02
kids	0.73	0.65
posts	0.73	0.76
pretend	0.73	0.90
u/kittenanne	0.73	0.66
come	0.73	0.79
its	0.73	1.10
ll	0.73	0.83
them	0.73	0.82
highly	0.73	0.92
safely	0.73	0.66
plan	0.73	0.77
hedgehog	0.73	0.65
message	0.73	0.63
potter	0.73	0.64
powerful	0.73	0.86
decide	0.74	0.81
could	0.74	0.84
peter	0.74	0.56
entered	0.74	1.00
equally	0.74	1.05
gal	0.74	0.85
faq	0.74	0.59
cats	0.74	0.70
recovery	0.75	0.74
hmmmm	0.75	0.80
commenting	0.75	0.75
lem	0.75	0.92
see	0.75	0.82
someday	0.75	0.78
ummm	0.75	0.91
chose	0.75	1.36
get	0.75	0.81
yr	0.75	0.72
appointment	0.75	0.74
kiddos	0.75	0.68
goodies	0.75	0.49
support	0.76	0.74
fave	0.76	1.20
sign	0.76	0.52
karaoke	0.76	0.62
lord	0.76	0.68
summon	0.76	0.63
fact	0.76	0.85
animal	0.76	0.51
gc	0.76	0.65
u/fredwampy	0.76	0.64
nature	0.76	0.59
spot	0.76	0.74
weekly	0.76	0.56
offer	0.76	0.57
each	0.76	0.48
coming	0.76	0.65
goofy	0.76	0.75
cosplay	0.76	0.48
festival	0.76	0.59
planning	0.77	0.86
u/p0rtable_panda	0.77	0.59
however	0.77	0.93
thread	0.77	0.75
really	0.77	1.14
again	0.77	0.82
night	0.77	1.04
summoned	0.77	0.66
reviews	0.77	0.48
obsessed	0.77	1.13
sons	0.77	0.55
end	0.77	0.72
oldest	0.77	0.78
enter	0.77	1.06
voting	0.77	0.77
sneaky	0.77	0.99
wish	0.77	0.65
went	0.77	0.62
otherwise	0.78	0.88
lake	0.78	0.57
lipstick	0.78	0.66
lottery	0.78	0.80
goes	0.78	0.74
reading	0.78	0.58
convention	0.78	0.62
entry	0.78	1.60
month	0.78	0.62
rose	0.78	0.95
picture	0.79	0.63
books	0.79	0.63
those	0.79	0.56
eyebrows	0.79	0.90
scout	0.79	0.56
winner	0.79	0.92
worry	0.79	0.89
something	0.79	0.83
stephen	0.79	0.55
receive	0.80	0.54
highlight	0.80	0.55
hopes	0.80	0.64
earned	0.80	0.58
momma	0.80	0.68
pleasant	0.80	0.88
together	0.80	0.61
george	0.80	0.49
earrings	0.80	0.53
matter	0.80	0.78
trust	0.80	0.74
know	0.80	0.87
attractive	0.80	1.03
vote	0.80	0.74
reward	0.81	0.70
dressed	0.81	0.57
recommendations	0.81	0.46
nightly	0.81	0.69
shame	0.81	1.06
hunger	0.81	1.16
alley	0.81	0.72
newbie	0.81	0.55
understand	0.81	0.93
noon	0.81	1.07
until	0.81	1.01
pony	0.81	0.98
bye	0.81	0.64
panda	0.81	0.74
lap	0.81	0.76
share	0.81	0.53
yummy	0.82	0.97
u/pizzapizzapocket	0.82	0.62
tasty	0.82	1.01
u/tragopanic	0.82	0.63
sense	0.83	1.00
demand	0.83	0.61
resources	0.83	0.67
discussion	0.83	0.68
u/wee-pixie	0.83	0.58
bunnies	0.83	0.63
another	0.83	0.59
offering	0.83	0.58
nothing	0.83	0.83
book	0.83	0.58
original	0.83	0.95
rocking	0.83	0.71
classy	0.83	0.85
david	0.83	0.58
wait	0.83	0.72
trips	0.83	0.52
curl	0.83	0.76
tho	0.84	1.13
will	0.84	0.82
suggest	0.84	0.57
robert	0.84	0.55
generation	0.84	0.47
least	0.84	0.64
intro	0.84	0.81
u/drusual	0.84	0.60
info	0.84	0.52
won	0.85	0.82
dogs	0.85	0.60
shopping	0.85	0.71
companion	0.85	0.90
ideas	0.85	0.54
flower	0.85	0.55
matt	0.85	0.72
church	0.85	0.55
ps	0.85	0.87
very	0.86	1.01
hp	0.86	0.50
interact	0.86	0.65
every	0.86	0.56
arrived	0.86	0.52
til	0.86	1.00
because	0.86	0.91
geocaching	0.86	0.48
buddies	0.86	0.56
simply	0.87	0.78
where	0.87	0.75
choices	0.87	0.65
girls	0.87	0.56
believe	0.87	0.83
theres	0.87	0.83
answers	0.87	1.31
tough	0.87	0.96
u/buster_boo	0.87	0.64
lease	0.87	0.69
invite	0.87	0.52
matches	0.87	0.49
spent	0.87	0.62
would	0.87	0.83
happen	0.87	0.83
foster	0.87	0.56
delivered	0.87	0.51
super	0.87	1.14
makeup	0.87	0.57
series	0.88	1.11
others	0.88	0.64
runner	0.88	1.04
meow	0.88	1.04
club	0.88	0.57
valid	0.88	1.18
mail	0.88	0.52
imagine	0.88	0.90
crowd	0.88	0.59
one	0.88	1.29
packages	0.88	0.58
yum	0.88	0.98
should	0.88	0.84
drool	0.88	0.90
hats	0.88	0.59
honeymoon	0.88	0.63
promise	0.89	0.83
u/re_mix	0.89	0.61
encouragement	0.89	0.65
favorites	0.89	0.85
your	0.89	1.09
bear	0.89	0.66
hm	0.89	0.92
fancy	0.89	0.83
victory	0.90	0.63
honor	0.90	0.50
twin	0.90	0.62
psa	0.90	0.68
fascinating	0.90	0.97
adopt	0.90	0.57
canadian	0.90	0.60
u/cats_and_vibrators	0.90	0.61
ridiculously	0.90	1.14
pajamas	0.90	0.69
genuinely	0.90	0.76
damnit	0.90	0.87
quite	0.90	1.02
win	0.90	0.84
bgo	0.91	0.60
till	0.91	1.01
guests	0.91	0.68
daddy	0.91	1.17
say	0.91	0.86
receiving	0.91	0.53
bro	0.91	0.76
heading	0.91	0.59
def	0.91	0.84
suggestions	0.91	0.51
u/186394	0.91	0.61
costume	0.92	0.52
trip	0.92	0.61
st	0.92	0.52
even	0.92	0.85
ed	0.92	0.63
daily	0.92	0.68
outdoors	0.92	0.55
linky	0.92	0.75
families	0.92	0.44
points	0.92	0.63
deserved	0.92	0.85
adopted	0.92	0.55
hiking	0.93	0.48
fur	0.93	0.65
nashville	0.93	0.62
u/fmradiochick	0.93	0.59
creative	0.93	0.73
features	0.93	0.60
weekends	0.93	0.85
winning	0.93	0.83
u/rarelyserious	0.93	0.61
now	0.93	1.13
entries	0.93	0.82
u/yokuo	0.93	0.60
kindergarten	0.93	0.53
advice	0.93	0.56
pillows	0.93	0.71
early	0.93	1.01
u/allergictoapples	0.93	0.62
sent	0.93	0.49
28	0.94	0.53
breed	0.94	0.55
anyhow	0.94	0.81
helpful	0.94	0.80
sadly	0.94	0.85
camping	0.94	0.47
soon	0.94	0.76
u/akeleie	0.95	0.63
deserves	0.95	0.62
perhaps	0.95	0.80
cat	0.95	0.98
gasp	0.95	0.87
although	0.95	1.01
patrick	0.95	0.49
problem	0.96	0.89
justin	0.96	0.99
comfy	0.96	0.73
random	0.96	0.53
spirit	0.96	0.54
pillow	0.96	0.71
reason	0.96	0.81
trilogy	0.96	1.04
much	0.96	1.01
hopefully	0.96	0.72
dog	0.97	0.57
figured	0.97	0.85
king	0.97	0.92
relaxing	0.97	1.08
ben	0.97	0.58
next	0.97	0.69
karma	0.97	0.69
bunny	0.97	0.47
soft	0.97	0.61
owl	0.97	0.48
invited	0.97	0.66
lie	0.97	0.97
attend	0.97	0.58
shall	0.97	0.80
direction	0.97	1.08
u/mewfasa	0.98	0.61
nods	0.98	0.78
gif	0.98	0.79
hike	0.98	0.52
recommendation	0.98	0.54
scheduled	0.99	0.74
obviously	0.99	0.90
stumbled	0.99	0.64
tom	0.99	0.61
divergent	0.99	1.00
count	0.99	0.81
doubt	0.99	0.82
necklace	1.00	0.48
think	1.00	0.85
weddings	1.00	0.69
either	1.00	0.85
u/tandem7	1.00	0.61
u/chronos42	1.00	0.61
happening	1.00	0.88
frank	1.00	0.64
they	1.00	0.78
just	1.00	0.89
yesterday	1.00	0.71
understanding	1.00	0.79
daughters	1.00	0.77
positive	1.00	0.76
gifs	1.00	0.57
rest	1.01	0.60
gifted	1.01	0.66
spending	1.01	0.76
u/zoobles88	1.01	0.62
errands	1.01	0.78
payday	1.01	0.59
adore	1.01	0.70
whew	1.01	0.88
parties	1.01	0.76
u/sp3cia1k	1.01	0.60
witty	1.01	0.72
dude	1.01	0.99
pictures	1.02	0.56
groups	1.02	0.59
enough	1.02	0.91
acts	1.02	0.60
hoping	1.03	0.81
americans	1.03	0.46
boys	1.03	0.51
u/morthy	1.03	0.61
missed	1.03	0.71
point	1.03	0.75
smoothly	1.03	0.79
mark	1.03	0.55
blanket	1.04	0.69
turning	1.04	0.67
kiddo	1.04	1.04
badass	1.05	0.98
yikes	1.05	1.00
holy	1.05	1.04
these	1.05	0.45
gentle	1.05	0.72
grade	1.06	0.66
sexy	1.06	0.77
u/bunnysoup	1.06	0.61
specifically	1.06	0.71
banned	1.06	0.69
u/pinalope4real	1.06	0.53
way	1.06	0.80
always	1.06	0.77
honestly	1.06	0.84
maybe	1.06	0.80
spend	1.07	0.55
week	1.07	0.60
ikr	1.07	0.95
everything	1.07	0.64
scott	1.07	0.48
which	1.07	0.67
costumes	1.07	0.54
tree	1.07	0.84
how	1.07	0.79
family	1.08	0.61
subs	1.08	0.64
package	1.08	0.52
not	1.08	0.88
sound	1.08	0.98
might	1.08	0.79
woman	1.08	0.64
pets	1.08	0.54
prize	1.08	0.77
question	1.08	0.66
reddit	1.08	0.61
shipped	1.09	0.49
as	1.09	0.79
threads	1.09	0.66
booked	1.09	0.69
received	1.09	0.46
wished	1.09	0.96
sending	1.09	0.48
miss	1.09	0.72
why	1.09	0.80
edinburgh	1.09	0.57
cancelled	1.09	0.64
blankets	1.10	0.67
involved	1.10	0.67
joe	1.10	0.72
things	1.10	0.58
people	1.11	0.48
probably	1.11	0.77
faqs	1.11	0.62
boy	1.11	0.58
summoning	1.11	0.59
patient	1.12	0.77
actually	1.12	0.84
bomb	1.12	0.76
jk	1.12	0.75
gold	1.13	0.53
activity	1.13	0.63
delicious	1.13	1.10
tonight	1.13	0.87
cutest	1.13	0.95
dances	1.14	0.68
signed	1.14	0.45
work	1.14	0.81
winners	1.15	0.78
belong	1.15	0.60
trick	1.15	0.50
r/raoanonymous	1.15	0.70
nooo	1.15	1.04
person	1.16	0.70
penguins	1.16	0.48
activities	1.16	0.63
mean	1.16	0.80
intelligent	1.16	0.74
host	1.16	0.48
tinychat	1.16	0.71
far	1.16	0.79
refreshing	1.16	0.98
users	1.17	0.64
themed	1.17	0.58
sure	1.17	0.85
eh	1.17	1.02
mod	1.17	0.62
sir	1.17	0.73
mine	1.18	0.79
shiny	1.18	0.74
most	1.18	0.86
member	1.18	0.66
match	1.18	0.48
no	1.18	0.86
kim	1.18	0.54
thoughts	1.18	0.63
cuddling	1.19	0.69
contest	1.19	0.92
impressive	1.19	1.03
place	1.19	0.97
anytime	1.20	0.85
surprise	1.20	0.66
daniel	1.20	0.68
smileypuff	1.20	0.64
jeez	1.20	0.97
tc	1.20	0.64
timing	1.20	0.89
james	1.20	0.64
redditor	1.21	0.55
phew	1.21	0.94
view	1.21	0.62
squee	1.21	0.82
freaking	1.21	1.08
psh	1.22	0.77
u/cheeseburger_humper	1.22	0.53
subreddits	1.22	0.62
u/purebredginger	1.22	0.52
subreddit	1.22	0.65
discussions	1.22	0.62
vacation	1.23	0.67
charlie	1.23	0.60
us	1.23	0.63
an	1.23	0.83
ladies	1.23	0.60
upcoming	1.24	0.69
secret	1.24	0.44
were	1.24	0.41
kindleclaw	1.24	0.63
supportive	1.25	0.71
pup	1.25	0.48
national	1.25	0.58
we	1.25	0.63
answer	1.25	1.06
u/lalocachristina	1.26	0.71
contests	1.26	0.65
friends	1.26	0.44
snuggle	1.26	0.66
incredible	1.26	1.01
meetup	1.26	0.53
today	1.27	0.92
youre	1.27	0.91
certainly	1.27	0.73
twins	1.27	0.42
compliments	1.27	0.47
mountains	1.27	0.56
puppy	1.27	0.49
wedding	1.27	0.75
nick	1.28	0.70
anonymous	1.28	0.49
lurking	1.28	0.62
interview	1.29	0.62
damn	1.29	0.97
cuddle	1.29	0.85
irc	1.30	0.65
squeeze	1.30	0.74
furry	1.31	0.53
tomorrow	1.31	0.77
pokeball	1.32	0.81
mods	1.32	0.65
plus	1.33	0.63
exchanges	1.33	0.47
travels	1.33	0.51
morning	1.33	0.75
kittens	1.33	0.51
buddy	1.33	0.55
warm	1.34	0.89
decorating	1.34	0.79
kisses	1.35	0.69
33	1.35	0.73
participate	1.35	0.61
wrapping	1.35	0.74
gifter	1.35	0.45
arrive	1.35	0.68
giftee	1.35	0.49
especially	1.36	0.56
elf	1.36	0.53
tight	1.36	0.85
btw	1.36	0.88
kitten	1.36	0.53
saturday	1.36	0.78
choice	1.36	0.68
u/wmichaelis	1.37	0.63
soooooo	1.37	0.95
safe	1.37	0.62
snuggles	1.37	0.61
party	1.37	0.82
hahahahah	1.37	0.86
loving	1.37	0.65
anyways	1.37	0.87
possible	1.37	0.85
poor	1.37	0.70
suggestion	1.37	0.64
course	1.37	0.86
counts	1.38	0.77
must	1.38	0.85
hehehehe	1.38	0.86
kind	1.38	0.60
redditgifts	1.38	0.48
blush	1.38	0.70
cuteness	1.38	0.67
bahaha	1.39	0.90
truth	1.39	0.86
individual	1.39	0.55
exchange	1.39	0.48
primeryn	1.39	0.61
heck	1.39	0.94
haircut	1.40	0.57
baby	1.40	0.49
fuzzy	1.40	0.54
recommend	1.40	0.69
yessss	1.40	0.94
crossed	1.41	0.64
meeting	1.41	0.56
woah	1.41	0.91
also	1.41	0.68
smart	1.41	0.65
caring	1.42	0.62
michael	1.42	0.64
friendly	1.42	0.75
doll	1.42	0.68
entering	1.42	0.73
blessed	1.42	0.80
2012	1.43	0.77
exciting	1.43	0.92
afternoon	1.43	0.67
right	1.43	0.81
decorate	1.44	0.79
doggy	1.44	0.49
appreciated	1.44	0.66
puppies	1.45	0.44
compliment	1.45	0.57
tuesday	1.46	0.57
all	1.46	0.44
sunday	1.46	0.74
kitties	1.46	0.49
o	1.47	0.81
2nd	1.47	0.74
may	1.47	0.60
planned	1.47	0.76
goodnight	1.48	0.51
kitty	1.48	0.65
babies	1.48	0.47
truly	1.48	0.72
totally	1.48	0.89
babe	1.48	0.78
gift	1.48	0.43
halloween	1.48	0.78
active	1.49	0.60
anyway	1.49	0.80
owls	1.49	0.55
thoughtful	1.49	0.59
cheers	1.49	0.62
decorations	1.49	0.77
dunno	1.50	0.83
joining	1.50	0.60
ahhhh	1.50	0.95
join	1.50	0.62
handsome	1.50	0.62
group	1.51	0.55
envy	1.51	0.80
hosting	1.51	0.61
idea	1.51	0.66
uh	1.51	0.86
mama	1.52	0.57
yesssss	1.52	0.75
hmmm	1.52	0.76
though	1.52	0.82
thursday	1.53	0.66
glorious	1.53	0.67
wonderfully	1.53	0.57
soo	1.53	0.84
2013	1.53	0.76
santa	1.53	0.52
3rd	1.54	0.76
sooo	1.54	0.86
wednesday	1.55	0.62
members	1.55	0.53
guess	1.55	0.78
cheeseburger	1.55	0.83
suppose	1.55	0.80
kindly	1.55	0.66
appreciate	1.55	0.58
cuddles	1.56	0.70
man	1.56	0.71
fav	1.56	0.82
graduation	1.56	0.58
surprises	1.56	0.59
date	1.56	0.76
both	1.56	0.60
stuffs	1.56	0.62
kevin	1.56	0.68
fluffy	1.57	0.46
look	1.57	0.68
sooooo	1.57	0.78
gifts	1.57	0.45
dear	1.57	0.74
cuddly	1.58	0.58
generous	1.58	0.65
umm	1.59	0.78
participating	1.60	0.52
2015	1.60	0.76
2014	1.60	0.75
ooooo	1.61	0.77
fair	1.61	0.80
sarah	1.61	0.65
sam	1.61	0.65
definitely	1.62	0.77
dang	1.62	0.81
presents	1.62	0.62
vibes	1.62	0.51
fine	1.63	0.79
hoo	1.63	0.56
seriously	1.63	0.85
nah	1.63	0.82
pleasure	1.63	0.89
worries	1.64	0.84
soooo	1.64	0.78
absolutely	1.64	0.71
huzzah	1.64	0.60
here	1.65	0.79
jason	1.65	0.61
ty	1.66	0.78
huh	1.66	0.78
exactly	1.67	0.74
squishy	1.67	0.59
amazingly	1.67	0.68
blast	1.67	0.66
woot	1.67	0.59
neat	1.67	0.68
awe	1.67	0.78
o_o	1.68	0.78
sigh	1.68	0.77
what	1.68	0.79
agree	1.68	0.77
community	1.68	0.48
hmm	1.68	0.76
cozy	1.69	0.76
um	1.69	0.79
peaceful	1.69	0.61
pretty	1.69	0.82
doin	1.70	0.60
whats	1.70	0.78
ok	1.70	0.81
stranger	1.70	0.44
shucks	1.70	0.79
hugs	1.71	0.69
goodness	1.71	0.76
hun	1.71	0.73
awh	1.71	0.77
squeezy	1.71	0.67
talented	1.72	0.61
mike	1.72	0.62
hon	1.72	0.71
ohhhh	1.72	0.77
sweetie	1.72	0.70
means	1.72	0.69
ditto	1.73	0.62
precious	1.74	0.55
hooray	1.74	0.67
3333	1.74	0.73
congrats	1.74	0.82
october	1.74	0.74
1st	1.74	0.78
woo	1.75	0.62
raoaers	1.75	0.36
too	1.75	0.68
aw	1.76	0.78
ma'am	1.76	0.73
gosh	1.76	0.72
5th	1.76	0.76
4th	1.76	0.76
true	1.76	0.72
friday	1.76	0.73
alright	1.76	0.75
february	1.77	0.76
september	1.77	0.75
accomplishment	1.77	0.74
darling	1.77	0.66
ooooh	1.77	0.73
january	1.77	0.75
hahahahaha	1.78	0.76
august	1.78	0.75
xmas	1.78	0.68
tradition	1.78	0.70
deserve	1.79	0.50
ryan	1.79	0.61
hai	1.79	0.62
weekend	1.79	0.79
march	1.79	0.75
waves	1.79	0.60
such	1.79	0.56
june	1.80	0.75
december	1.80	0.76
bummer	1.80	0.76
becca	1.80	0.57
july	1.80	0.75
7th	1.80	0.76
november	1.80	0.75
fellow	1.80	0.61
sweetheart	1.80	0.55
6th	1.80	0.76
8th	1.80	0.76
9th	1.80	0.76
oh	1.80	0.82
nope	1.81	0.74
10th	1.81	0.76
heh	1.81	0.74
yours	1.81	0.69
darn	1.81	0.67
april	1.82	0.76
monday	1.82	0.57
holiday	1.82	0.66
kidding	1.82	0.75
oooooh	1.83	0.68
freakin	1.83	0.75
oooo	1.83	0.71
o.o	1.84	0.71
evening	1.84	0.42
ahhh	1.84	0.73
sounds	1.84	0.75
aha	1.84	0.68
excellent	1.84	0.59
plans	1.84	0.79
peeps	1.84	0.33
yesss	1.84	0.73
thats	1.84	0.72
okay	1.84	0.69
joined	1.85	0.59
agreed	1.85	0.71
hug	1.85	0.59
333	1.86	0.69
ooo	1.86	0.69
welcoming	1.86	0.52
kelly	1.86	0.69
gotcha	1.86	0.67
ahaha	1.86	0.72
chris	1.86	0.68
ha	1.86	0.72
good	1.86	0.48
omg	1.87	0.72
lady	1.87	0.47
easter	1.87	0.77
thanks	1.87	0.75
woohoo	1.87	0.61
n_n	1.87	0.64
p	1.87	0.71
ohhh	1.88	0.71
hahahaha	1.88	0.72
hahahah	1.88	0.72
gt	1.88	0.70
stunning	1.89	0.62
hahah	1.89	0.71
yea	1.89	0.71
hah	1.89	0.71
yep	1.89	0.71
yup	1.89	0.71
folks	1.89	0.35
amber	1.89	0.60
hehehe	1.89	0.70
hehe	1.89	0.71
rad	1.89	0.52
ooh	1.90	0.67
lmao	1.90	0.70
thanksgiving	1.90	0.79
ah	1.91	0.70
present	1.91	0.61
there	1.91	0.65
ahh	1.91	0.69
ohh	1.91	0.68
holidays	1.92	0.76
cool	1.92	0.49
xd	1.92	0.68
lt	1.92	0.66
spectacular	1.92	0.57
sharing	1.92	0.38
congratulations	1.93	0.70
eve	1.93	0.75
oooh	1.93	0.66
hahaha	1.93	0.68
thank	1.94	0.70
indeed	1.94	0.65
christmas	1.94	0.74
anniversary	1.94	0.71
alex	1.95	0.67
bella	1.95	0.64
news	1.95	0.42
cutie	1.95	0.53
sub	1.96	0.62
wishing	1.96	0.43
aboard	1.97	0.59
everyone	1.97	0.41
looks	1.98	0.63
great	1.98	0.42
whoa	1.98	0.71
sweet	1.99	0.52
yay	1.99	0.64
teresa	2.00	0.64
lol	2.00	0.70
raoa	2.00	0.61
hope	2.00	0.37
yeah	2.00	0.67
celebration	2.00	0.73
valentine	2.00	0.69
aww	2.01	0.67
bet	2.01	0.69
valentines	2.02	0.70
21st	2.02	0.76
wooo	2.02	0.46
yes	2.02	0.68
celebrate	2.02	0.73
day	2.03	0.46
well	2.03	0.60
wishes	2.04	0.37
luck	2.04	0.52
meet	2.05	0.55
haha	2.06	0.64
greetings	2.06	0.56
celebrating	2.07	0.69
hump	2.07	0.45
beautiful	2.07	0.50
howdy	2.07	0.54
bday	2.08	0.70
birthday	2.08	0.71
beth	2.08	0.54
hi	2.08	0.56
birthdays	2.08	0.69
fun	2.09	0.41
swell	2.09	0.34
wow	2.09	0.59
3	2.10	0.56
y'all	2.10	0.30
d	2.10	0.59
woooo	2.10	0.40
gorgeous	2.11	0.51
cute	2.11	0.36
hiya	2.11	0.57
ya	2.12	0.57
wooooo	2.12	0.40
gifting	2.13	0.44
adorable	2.13	0.39
enjoy	2.16	0.30
fabulous	2.17	0.41
cakeday	2.18	0.50
hello	2.18	0.49
welcome	2.18	0.49
glad	2.20	0.49
hey	2.21	0.43
wonderful	2.21	0.30
merry	2.25	0.41
are	2.25	0.26
belated	2.27	0.44
re	2.29	0.39
guys	2.33	0.26
lovely	2.38	0.23
