smells	-5.26	1.33
hating	-5.20	1.54
jealous	-4.90	1.40
possibly	-4.66	1.96
suffer	-4.62	2.15
caused	-4.53	2.17
tastes	-4.46	1.90
infection	-4.38	2.50
worse	-4.35	2.36
accident	-4.31	2.24
viruses	-4.29	2.62
homework	-4.24	2.50
immune	-4.24	2.58
tasted	-4.23	2.12
smell	-4.16	1.86
bacteria	-4.13	2.71
viewed	-4.11	2.25
complaining	-4.09	1.84
extreme	-4.05	2.31
shitty	-4.05	2.19
exposure	-4.00	2.71
touching	-4.00	2.71
shock	-4.00	2.22
gays	-3.98	2.48
helped	-3.98	2.34
rid	-3.97	2.39
itt	-3.92	1.94
dirty	-3.90	2.53
jar	-3.79	2.41
liking	-3.78	2.20
convinced	-3.78	2.28
secretly	-3.77	2.36
survived	-3.76	2.46
sick	-3.70	3.01
disease	-3.62	1.58
meh	-3.58	2.40
nazis	-3.56	2.36
kevin	-3.53	2.11
mess	-3.48	2.68
complain	-3.46	2.28
taste	-3.42	2.17
improved	-3.42	2.43
dated	-3.41	2.84
weak	-3.38	2.15
shame	-3.34	2.63
painful	-3.30	2.48
diseases	-3.27	1.68
helps	-3.27	2.49
poor	-3.26	2.35
bad	-3.26	2.81
everywhere	-3.25	2.33
absolute	-3.24	2.46
lowest	-3.21	2.89
dislike	-3.21	2.34
jerk	-3.17	2.45
tom	-3.16	2.60
heck	-3.14	2.17
crappy	-3.12	2.22
kanye	-3.11	2.55
unfortunate	-3.09	2.39
drives	-3.08	2.28
cure	-3.03	1.74
screw	-3.01	2.37
steve	-3.00	2.60
ebola	-2.99	2.05
confused	-2.98	3.54
jerry	-2.97	2.69
severe	-2.96	1.74
bitter	-2.94	2.47
label	-2.92	2.64
virus	-2.91	2.09
tough	-2.85	2.34
upset	-2.84	2.97
infected	-2.83	2.23
exact	-2.81	2.84
causes	-2.81	1.64
writing	-2.80	2.59
bastards	-2.78	3.00
bug	-2.77	2.99
illness	-2.76	1.55
surprised	-2.74	3.52
alone	-2.74	3.50
suffering	-2.74	1.69
symptoms	-2.74	1.50
annoying	-2.73	2.99
depressed	-2.70	3.37
smallest	-2.68	3.29
disgusting	-2.68	2.34
hungry	-2.64	3.29
involving	-2.64	2.36
cause	-2.61	1.64
previous	-2.60	2.66
angry	-2.59	3.22
pain	-2.58	1.83
spread	-2.57	1.99
circlejerk	-2.56	2.71
cared	-2.55	2.75
cancer	-2.54	1.68
drank	-2.54	1.63
unaware	-2.54	3.02
bored	-2.53	3.20
delicious	-2.51	1.77
flesh	-2.51	1.43
toast	-2.50	1.35
annoyed	-2.50	3.25
guilt	-2.50	1.69
constantly	-2.49	1.68
accidents	-2.49	1.45
orange	-2.49	1.61
disorder	-2.49	1.58
tired	-2.48	3.37
boring	-2.48	2.83
farts	-2.46	1.75
death	-2.46	1.59
interested	-2.46	3.45
touch	-2.45	1.75
lil	-2.45	2.51
amazed	-2.44	3.40
juice	-2.44	1.80
miserable	-2.44	2.93
causing	-2.42	1.58
by	-2.42	3.58
praise	-2.42	2.53
syndrome	-2.41	1.64
mental	-2.40	1.57
deadly	-2.40	2.14
soda	-2.39	1.62
zombie	-2.37	2.08
focusing	-2.37	1.36
cum	-2.36	1.46
flavor	-2.36	1.85
anxiety	-2.36	1.66
crap	-2.35	2.71
depression	-2.34	1.66
bullshit	-2.34	2.72
crying	-2.33	3.35
damage	-2.33	1.49
breath	-2.31	1.56
nose	-2.31	1.65
lead	-2.29	1.44
stole	-2.29	2.54
patient	-2.27	1.51
affected	-2.25	1.25
curious	-2.25	3.40
peanut	-2.25	1.19
bothers	-2.24	2.21
burning	-2.24	1.37
shocked	-2.24	2.61
flush	-2.23	1.86
vomit	-2.22	1.65
offended	-2.21	3.21
scared	-2.21	3.50
selfish	-2.21	3.16
desperate	-2.21	2.74
liar	-2.21	2.42
fresh	-2.20	1.78
potentially	-2.20	1.72
arguing	-2.19	1.94
retarded	-2.19	3.37
aids	-2.18	1.85
terribly	-2.17	3.54
perfect	-2.15	2.60
disappointed	-2.13	3.50
main	-2.11	2.52
spit	-2.10	1.64
scent	-2.10	1.40
feeling	-2.09	3.53
fuckers	-2.08	3.30
felt	-2.07	3.60
hard	-2.07	3.27
pepper	-2.06	1.55
unfair	-2.06	3.17
drink	-2.06	1.52
doing	-2.05	4.26
drinks	-2.05	1.55
fart	-2.04	1.61
coke	-2.03	1.51
hardcore	-2.03	2.83
concerned	-2.02	2.55
associate	-2.02	1.43
survive	-1.99	1.43
toward	-1.99	1.27
banana	-1.97	1.65
pathetic	-1.96	2.67
chemicals	-1.96	1.60
made	-1.95	3.24
deaths	-1.95	1.31
pretending	-1.94	1.30
patients	-1.93	1.36
unless	-1.93	4.57
diarrhea	-1.93	1.60
stress	-1.92	1.54
re	-1.92	4.34
due	-1.91	1.57
clean	-1.91	1.97
psychological	-1.91	1.71
much	-1.90	2.29
pee	-1.90	1.89
hands	-1.89	1.95
makes	-1.88	3.73
condition	-1.87	1.52
genitals	-1.86	1.91
loss	-1.86	1.67
full	-1.86	1.52
blame	-1.86	1.39
mentally	-1.84	1.91
poo	-1.84	1.71
hitler	-1.84	1.32
conditions	-1.84	1.51
prevent	-1.83	1.54
easier	-1.82	2.13
suicidal	-1.82	1.69
coffee	-1.82	1.49
saying	-1.82	4.51
result	-1.82	1.52
moments	-1.81	2.28
assume	-1.81	4.45
cells	-1.80	1.79
serious	-1.80	1.89
senses	-1.80	1.61
wash	-1.79	1.95
paranoid	-1.79	2.69
problems	-1.78	1.60
knowing	-1.78	2.80
toilet	-1.77	1.83
far	-1.77	2.13
increased	-1.77	1.39
effects	-1.77	1.48
temporary	-1.76	1.60
agree	-1.76	4.42
uncomfortable	-1.76	3.41
poverty	-1.75	1.40
decrease	-1.75	1.38
nervous	-1.74	2.66
simply	-1.73	4.41
avoid	-1.72	1.65
fruit	-1.72	1.45
wondering	-1.71	3.02
and/or	-1.71	1.51
hiding	-1.71	1.14
cough	-1.71	1.60
decent	-1.71	1.71
missing	-1.71	3.98
useless	-1.71	3.16
nonsense	-1.71	1.71
feminists	-1.70	1.50
piss	-1.70	1.83
stronger	-1.69	1.64
horror	-1.69	2.77
handed	-1.69	1.38
differently	-1.68	3.89
stupid	-1.66	3.15
pissed	-1.66	2.91
organisms	-1.66	1.82
toilets	-1.65	1.76
elbow	-1.65	1.75
affect	-1.65	1.66
getting	-1.64	2.60
clearly	-1.64	4.32
rolling	-1.64	1.06
trouble	-1.63	2.03
tea	-1.63	1.69
medicine	-1.63	1.61
right	-1.62	4.35
spray	-1.62	1.77
mouth	-1.62	1.60
struggling	-1.62	1.71
completely	-1.62	3.70
stalin	-1.61	1.39
likely	-1.60	2.13
improve	-1.60	1.34
lid	-1.59	1.81
starving	-1.58	1.66
cleaning	-1.58	1.78
brush	-1.57	1.55
seat	-1.57	1.73
highest	-1.57	1.81
spreading	-1.56	2.23
increase	-1.56	1.37
intense	-1.56	2.32
pills	-1.55	1.18
bias	-1.55	1.17
horribly	-1.54	2.42
lonely	-1.54	3.40
forcing	-1.53	1.51
freaking	-1.53	3.27
towel	-1.53	1.79
impressed	-1.53	3.23
entitled	-1.53	2.23
than	-1.52	1.95
resulting	-1.52	1.48
alive	-1.51	2.38
harder	-1.51	2.06
proved	-1.49	4.08
leaving	-1.48	1.79
travelers	-1.48	1.09
ironic	-1.47	3.44
fear	-1.47	1.84
floor	-1.46	1.67
fetish	-1.46	2.47
literally	-1.46	2.03
bigger	-1.46	1.66
poop	-1.46	1.74
crash	-1.46	1.22
primarily	-1.45	1.17
ruined	-1.45	2.57
fish	-1.45	1.52
produces	-1.44	1.31
hunger	-1.44	1.40
hospital	-1.44	1.62
tongue	-1.44	1.55
lying	-1.43	2.48
permanent	-1.43	1.57
wiping	-1.43	1.80
wine	-1.43	1.65
reduced	-1.43	1.40
focused	-1.42	1.34
aware	-1.42	2.53
higher	-1.42	1.45
consequences	-1.42	1.52
slow	-1.42	1.86
awkward	-1.41	3.52
lower	-1.40	1.46
heart	-1.39	1.42
little	-1.39	3.79
quit	-1.39	2.04
massive	-1.39	1.54
addiction	-1.38	1.43
learning	-1.38	1.24
wanting	-1.38	1.87
reaction	-1.38	1.65
direct	-1.37	1.19
surgery	-1.37	1.35
high	-1.37	1.22
dead	-1.37	2.52
washing	-1.37	1.87
misunderstood	-1.37	3.67
fingers	-1.37	1.67
treat	-1.37	1.40
experienced	-1.37	1.98
dust	-1.37	1.64
inevitable	-1.36	1.57
leading	-1.35	1.44
host	-1.35	1.98
true	-1.35	3.85
driving	-1.35	1.56
butthole	-1.34	1.72
care	-1.34	1.87
panic	-1.34	1.54
effectively	-1.33	1.48
apocalypse	-1.32	1.69
bathroom	-1.32	1.63
physically	-1.32	2.24
bottle	-1.32	1.43
factors	-1.32	1.56
experiencing	-1.31	1.97
stop	-1.31	2.25
drinking	-1.30	1.46
feel	-1.30	3.11
boomers	-1.30	1.48
addicted	-1.30	1.77
elementary	-1.29	1.16
homeless	-1.29	1.68
bodies	-1.28	1.78
jews	-1.28	1.25
smoke	-1.28	1.53
fine	-1.28	4.19
torture	-1.28	1.59
caffeine	-1.28	1.34
event	-1.28	1.59
contact	-1.27	1.63
reproduce	-1.27	1.63
oddly	-1.26	3.64
greater	-1.26	1.49
silly	-1.26	3.60
goddamn	-1.26	2.70
spelled	-1.25	4.70
dealing	-1.25	1.45
seeing	-1.25	2.52
disturbing	-1.25	3.31
disaster	-1.24	1.36
detect	-1.24	1.69
vision	-1.24	1.69
being	-1.24	2.63
mildly	-1.23	3.72
vu	-1.23	2.15
fate	-1.23	1.53
legitimately	-1.23	2.14
spots	-1.23	1.24
oldest	-1.23	4.10
leads	-1.23	1.60
asshole	-1.22	2.45
hand	-1.22	1.69
failing	-1.22	1.41
circle	-1.22	1.44
tears	-1.22	1.74
major	-1.21	1.47
devil	-1.21	1.40
organism	-1.21	1.61
highschool	-1.21	1.16
rub	-1.20	1.67
alcohol	-1.20	1.34
eternity	-1.20	1.59
drunk	-1.20	2.44
smoking	-1.20	1.50
ever	-1.20	4.00
touched	-1.20	1.74
holocaust	-1.19	1.12
dying	-1.19	1.94
emotion	-1.19	2.15
helping	-1.19	1.37
anger	-1.19	1.77
fault	-1.19	1.84
lie	-1.18	3.94
lot	-1.18	2.32
riding	-1.18	1.43
car	-1.18	1.45
low	-1.18	1.78
stomach	-1.17	1.65
currently	-1.17	1.97
feels	-1.17	3.81
cursive	-1.17	1.53
ignorance	-1.17	1.59
genetics	-1.17	1.40
busy	-1.17	2.43
teach	-1.17	1.23
notes	-1.17	1.16
making	-1.17	2.62
butter	-1.17	1.22
acting	-1.16	2.29
mix	-1.16	1.39
placebo	-1.16	1.32
soap	-1.16	1.75
reactions	-1.16	1.47
feelings	-1.16	2.08
salt	-1.16	1.58
showering	-1.16	1.60
crowd	-1.16	1.07
disagree	-1.15	2.64
frankly	-1.15	3.59
drive	-1.15	1.29
emotions	-1.15	1.95
looking	-1.15	3.04
maths	-1.15	1.29
treatment	-1.14	1.32
prisoners	-1.14	1.57
flash	-1.14	1.44
better	-1.14	2.31
instead	-1.14	2.16
isnt	-1.14	3.14
biggest	-1.14	3.96
teacher	-1.13	1.16
talking	-1.13	3.53
youngest	-1.13	4.07
fully	-1.13	1.97
happening	-1.13	2.64
breathe	-1.12	1.54
zombies	-1.12	1.78
smaller	-1.12	1.61
about	-1.12	2.44
killed	-1.12	1.64
task	-1.12	1.50
cocaine	-1.11	1.34
compared	-1.11	2.07
left	-1.11	1.67
responsible	-1.11	1.33
math	-1.10	1.28
systems	-1.10	1.62
swallow	-1.09	1.85
am	-1.09	2.98
wipe	-1.09	1.68
make	-1.08	2.83
cases	-1.08	1.71
shitting	-1.08	1.57
boner	-1.08	1.82
external	-1.08	1.29
develop	-1.08	1.31
contains	-1.07	1.55
figured	-1.07	2.32
leave	-1.07	2.02
candy	-1.07	1.64
bothered	-1.07	2.23
dirt	-1.06	1.53
mixed	-1.06	1.36
trying	-1.06	2.75
remembering	-1.06	1.96
increasing	-1.05	1.38
butt	-1.05	1.66
living	-1.05	1.81
easily	-1.04	2.52
system	-1.04	1.44
normally	-1.04	1.87
arguably	-1.04	3.59
express	-1.04	2.15
risk	-1.04	1.41
eliminate	-1.04	1.65
vehicle	-1.04	1.44
weed	-1.04	1.56
surrounded	-1.04	1.37
without	-1.03	2.13
liked	-1.03	2.85
minded	-1.03	2.28
influenced	-1.03	1.63
single	-1.03	3.95
apparent	-1.03	1.80
electric	-1.03	1.31
lick	-1.03	1.67
internal	-1.03	1.50
less	-1.03	2.32
blood	-1.03	1.43
bike	-1.02	1.41
kitchen	-1.02	1.56
sink	-1.02	1.66
led	-1.02	1.53
occurred	-1.02	1.47
treating	-1.02	1.69
dreaming	-1.02	2.23
douche	-1.02	2.26
knew	-1.01	1.63
attitude	-1.01	2.11
happiness	-1.01	1.83
heroin	-1.01	1.35
bowl	-1.01	1.41
storage	-1.01	1.46
increases	-1.01	1.42
barely	-1.01	1.51
lungs	-1.00	1.46
more	-1.00	2.61
complete	-1.00	1.65
scare	-1.00	2.01
anus	-1.00	1.65
embarrassing	-1.00	2.36
working	-1.00	2.32
room	-1.00	1.64
health	-0.99	1.40
expecting	-0.99	2.22
bugs	-0.99	1.64
deeply	-0.99	1.84
advantage	-0.99	1.61
substance	-0.99	1.53
focus	-0.99	1.34
occur	-0.99	1.55
holding	-0.99	1.57
drugs	-0.99	1.37
afford	-0.98	1.57
risky	-0.98	2.13
remembered	-0.98	2.07
maximum	-0.98	1.42
throat	-0.98	1.78
nicer	-0.98	1.97
sudden	-0.98	1.67
same	-0.98	2.56
sit	-0.98	1.64
laid	-0.97	2.21
wet	-0.97	1.97
reaching	-0.97	1.59
going	-0.97	3.41
covered	-0.97	1.82
cry	-0.97	2.43
hardest	-0.97	3.80
effect	-0.96	1.56
afterwards	-0.96	1.41
rage	-0.96	1.56
sunlight	-0.96	1.47
joy	-0.96	1.89
noticed	-0.96	1.56
longest	-0.96	3.97
imagined	-0.96	1.55
pile	-0.96	1.76
colors	-0.96	1.61
carried	-0.96	1.36
rude	-0.96	2.46
pushed	-0.95	1.33
opposite	-0.95	2.23
surprising	-0.95	3.67
consider	-0.95	2.86
reduce	-0.95	1.48
start	-0.95	2.05
crack	-0.95	1.45
bother	-0.95	2.66
extinct	-0.95	1.55
supposed	-0.94	3.43
grades	-0.94	1.32
ignorant	-0.94	2.58
seem	-0.94	2.83
dropped	-0.94	1.34
sensitive	-0.94	2.02
faster	-0.94	1.69
style	-0.94	1.33
rise	-0.94	1.34
basement	-0.93	1.75
hearts	-0.93	1.45
ordinary	-0.93	1.59
screaming	-0.93	2.27
plants	-0.93	1.34
obese	-0.93	1.91
level	-0.93	1.45
cup	-0.93	1.31
condescending	-0.93	2.56
meant	-0.93	4.12
hurt	-0.93	2.54
just	-0.93	3.42
attempts	-0.93	1.64
oil	-0.92	1.29
concern	-0.92	1.47
youre	-0.92	2.76
tim	-0.92	1.09
lazy	-0.92	2.66
puns	-0.92	1.77
choice	-0.91	2.03
admit	-0.91	2.54
drug	-0.91	1.45
breathing	-0.91	1.58
cruel	-0.91	2.28
ignore	-0.90	2.10
blacks	-0.90	1.44
dangerous	-0.90	2.26
popcorn	-0.90	1.09
handle	-0.90	1.69
sticking	-0.89	1.79
yellow	-0.89	1.41
germans	-0.89	1.18
assholes	-0.89	2.61
masturbating	-0.89	1.84
gene	-0.89	1.63
loud	-0.89	2.41
finish	-0.89	1.09
genocide	-0.88	1.13
raise	-0.88	1.05
green	-0.88	1.35
dick	-0.88	1.80
drove	-0.88	1.17
cigarettes	-0.88	1.34
burn	-0.88	1.46
lighter	-0.88	1.59
reached	-0.88	1.46
developing	-0.88	1.32
paper	-0.87	1.48
rather	-0.87	2.31
otherwise	-0.87	3.08
sucks	-0.87	3.50
guessing	-0.87	2.99
someones	-0.87	1.67
environment	-0.87	1.41
likes	-0.87	3.38
wwii	-0.87	1.03
pot	-0.87	1.32
suggesting	-0.87	2.51
sight	-0.87	1.83
having	-0.87	2.22
global	-0.87	1.38
intentional	-0.87	2.25
forever	-0.87	2.20
hitting	-0.87	1.57
nightmare	-0.87	1.37
rural	-0.87	1.34
finger	-0.87	1.52
jobs	-0.87	1.24
significantly	-0.86	1.69
realizing	-0.86	1.87
cares	-0.86	3.05
dry	-0.86	1.70
worlds	-0.86	3.92
truck	-0.86	1.14
semen	-0.86	1.36
moment	-0.86	1.92
atom	-0.85	1.63
milk	-0.85	1.36
closely	-0.85	2.09
safer	-0.85	1.94
breaking	-0.85	1.39
honestly	-0.85	2.97
badly	-0.85	2.21
lack	-0.85	1.49
drain	-0.85	1.63
experience	-0.85	2.00
pointless	-0.85	2.53
marijuana	-0.85	1.34
attention	-0.85	1.86
picking	-0.84	1.98
laughing	-0.84	2.05
log	-0.84	1.62
attack	-0.84	1.26
amusing	-0.84	3.63
meth	-0.84	1.35
your	-0.84	1.50
organic	-0.84	1.59
constant	-0.84	1.42
appearance	-0.83	1.41
pump	-0.83	1.32
almost	-0.83	2.76
homosexuality	-0.83	1.31
racist	-0.83	2.40
putting	-0.83	1.95
lesser	-0.83	1.21
realized	-0.82	2.02
dense	-0.82	1.43
chocolate	-0.82	1.53
failure	-0.82	1.49
gate	-0.82	1.40
outside	-0.82	1.77
purple	-0.82	1.34
foods	-0.82	1.32
joking	-0.82	3.90
itself	-0.81	2.06
vampires	-0.81	2.05
invent	-0.81	1.53
sitting	-0.81	1.71
sense	-0.81	2.95
brake	-0.81	1.66
diet	-0.81	1.28
argue	-0.81	3.15
pretend	-0.80	2.62
what	-0.80	3.26
heavily	-0.80	1.63
ww2	-0.80	1.04
contract	-0.80	1.37
ancestors	-0.80	1.36
educated	-0.80	1.81
slightly	-0.80	2.65
levels	-0.80	1.35
fool	-0.80	2.00
exposed	-0.79	1.68
strongly	-0.79	2.06
issues	-0.79	1.60
distance	-0.79	1.42
mouse	-0.79	1.25
fold	-0.79	1.49
boston	-0.79	1.66
freak	-0.79	2.05
surely	-0.79	2.15
done	-0.79	2.59
qualify	-0.79	1.63
laughter	-0.79	2.09
thinking	-0.79	3.12
elderly	-0.79	1.47
somewhat	-0.78	2.86
eggs	-0.78	1.22
thus	-0.78	2.22
expected	-0.78	1.81
treated	-0.78	1.47
or	-0.78	3.15
doubt	-0.78	2.85
pedantic	-0.78	2.31
bleeding	-0.78	1.72
excited	-0.78	3.67
suicide	-0.78	1.44
organ	-0.78	1.42
identify	-0.78	1.47
influence	-0.78	1.44
sheet	-0.77	1.61
stopped	-0.77	1.73
challenge	-0.77	1.29
brown	-0.77	1.36
larger	-0.77	1.55
software	-0.77	1.53
imagining	-0.77	2.03
harm	-0.77	1.57
sentiment	-0.77	2.20
because	-0.77	3.19
virtually	-0.77	1.72
filling	-0.77	1.34
bright	-0.77	1.36
dump	-0.77	1.48
fed	-0.77	1.63
absence	-0.76	1.50
idiots	-0.76	2.42
doctors	-0.76	1.23
meaningless	-0.76	2.08
closing	-0.76	1.60
thinks	-0.76	3.50
terrifying	-0.76	3.16
ears	-0.76	1.58
keeping	-0.76	1.89
justice	-0.76	1.44
areas	-0.76	1.45
people	-0.76	1.86
pregnancy	-0.76	1.38
either	-0.75	3.22
standing	-0.75	1.65
settle	-0.75	1.83
colour	-0.75	1.45
only	-0.75	2.74
flow	-0.75	1.58
situations	-0.75	2.06
bite	-0.75	1.58
garbage	-0.75	1.58
rights	-0.75	1.22
sugar	-0.75	1.59
slower	-0.75	1.57
perfectly	-0.75	1.94
tests	-0.75	1.32
liquid	-0.75	1.42
nowhere	-0.75	1.45
asking	-0.74	2.80
color	-0.74	1.44
factory	-0.74	1.36
way	-0.74	2.78
finding	-0.74	2.41
sure	-0.74	3.35
ideal	-0.74	1.38
were	-0.74	2.50
zero	-0.74	1.56
distinguish	-0.74	2.11
oxygen	-0.74	1.38
unknown	-0.74	1.94
teachers	-0.74	1.09
introduce	-0.74	1.33
shoulder	-0.74	1.59
actively	-0.74	1.66
athletes	-0.74	1.09
stoned	-0.74	2.81
personality	-0.74	1.45
starting	-0.73	2.01
aggressive	-0.73	2.38
stage	-0.73	1.27
overweight	-0.73	2.00
eyes	-0.73	1.56
perhaps	-0.73	2.75
nazi	-0.73	1.19
understand	-0.73	2.95
germany	-0.73	1.06
found	-0.73	2.01
cruise	-0.73	1.24
bullet	-0.73	1.41
regret	-0.72	2.12
butts	-0.72	1.62
ate	-0.72	1.34
skin	-0.72	1.47
funnier	-0.72	2.55
masses	-0.72	1.66
texas	-0.72	1.40
fraction	-0.72	1.51
m	-0.72	3.02
maybe	-0.72	3.22
trash	-0.72	1.47
realise	-0.72	2.40
jam	-0.72	1.06
destruction	-0.72	1.37
raw	-0.71	1.19
find	-0.71	2.70
wealth	-0.71	1.34
physical	-0.71	1.46
kept	-0.71	1.67
problem	-0.71	2.17
ingredients	-0.71	1.31
mountain	-0.71	1.30
coming	-0.71	2.39
immortal	-0.71	2.02
solve	-0.70	1.88
may	-0.70	3.05
bit	-0.70	3.05
launch	-0.70	1.13
perceive	-0.70	1.93
engineers	-0.70	1.06
said	-0.70	2.44
naturally	-0.70	1.73
creates	-0.70	1.27
concrete	-0.70	1.42
consume	-0.70	1.22
hopes	-0.70	1.51
cars	-0.70	1.33
circumstances	-0.70	1.61
black	-0.69	1.44
impact	-0.69	1.50
smoked	-0.69	1.50
plastic	-0.69	1.59
occurs	-0.69	1.65
somewhere	-0.69	2.21
simultaneously	-0.69	1.74
small	-0.69	1.73
sexist	-0.69	2.36
organs	-0.69	1.44
florida	-0.69	1.40
ill	-0.69	2.66
determined	-0.69	1.70
yet	-0.69	2.56
stick	-0.69	1.57
pooping	-0.68	1.60
discussing	-0.68	2.17
statistic	-0.68	2.24
pink	-0.68	1.53
familiar	-0.68	3.02
measured	-0.68	1.43
stopping	-0.68	1.68
whatever	-0.68	3.10
confusing	-0.68	2.87
deals	-0.68	1.39
bizarre	-0.68	2.90
hydrogen	-0.68	1.36
medical	-0.68	1.23
length	-0.67	1.54
worded	-0.67	2.44
rooms	-0.67	1.41
say	-0.67	3.15
laying	-0.67	1.50
chemical	-0.67	1.42
files	-0.67	1.34
active	-0.67	2.03
lied	-0.67	1.79
manual	-0.67	1.53
somehow	-0.67	2.32
adapt	-0.67	1.50
propaganda	-0.67	1.42
fewer	-0.66	1.73
projects	-0.66	1.11
students	-0.66	1.09
sweat	-0.66	1.86
atm	-0.66	1.22
prior	-0.66	1.26
window	-0.66	1.53
tiny	-0.66	1.70
stating	-0.66	2.53
idiot	-0.66	2.82
bomb	-0.66	1.47
art	-0.66	1.01
guarantee	-0.66	2.36
vampire	-0.66	1.53
ultimately	-0.66	2.14
affects	-0.66	1.59
cutting	-0.65	1.51
farther	-0.65	1.66
fact	-0.65	3.11
probably	-0.65	2.97
rant	-0.65	2.11
joint	-0.65	1.29
neck	-0.65	1.65
silence	-0.65	1.88
always	-0.65	2.61
highly	-0.65	2.41
arm	-0.65	1.52
thumbs	-0.65	1.07
strange	-0.65	3.60
op	-0.65	3.73
radiation	-0.65	1.67
genuinely	-0.65	2.71
wasting	-0.65	1.41
happen	-0.65	2.75
one	-0.65	2.53
happened	-0.64	2.25
positive	-0.64	1.48
unit	-0.64	1.50
towards	-0.64	1.60
chest	-0.64	1.51
classes	-0.64	1.09
paint	-0.64	1.31
all	-0.64	2.90
school	-0.64	1.08
homosexual	-0.64	1.34
shape	-0.64	1.55
so	-0.64	3.22
already	-0.64	2.50
memories	-0.64	1.71
imagine	-0.64	2.97
happens	-0.64	2.61
dream	-0.64	1.92
see	-0.64	2.92
rap	-0.64	1.05
i.e	-0.63	1.35
rings	-0.63	1.28
thoroughly	-0.63	1.81
mystery	-0.63	1.58
scale	-0.63	1.44
upper	-0.63	1.32
die	-0.63	2.28
wealthy	-0.63	1.69
forces	-0.63	1.35
ants	-0.63	1.56
lies	-0.63	1.75
wondered	-0.63	2.18
insects	-0.62	1.57
view	-0.62	2.02
pill	-0.62	1.27
evolutionary	-0.62	1.40
expect	-0.62	2.68
forgotten	-0.62	2.02
senior	-0.62	1.28
effort	-0.62	1.92
thrown	-0.62	1.58
below	-0.62	1.51
printing	-0.62	1.66
figure	-0.62	2.88
comfort	-0.62	1.96
events	-0.61	1.54
realize	-0.61	2.91
assumed	-0.61	2.72
hoping	-0.61	2.38
code	-0.61	1.52
even	-0.61	3.11
flat	-0.61	1.51
minus	-0.61	1.44
ruining	-0.61	1.73
blank	-0.61	1.47
balance	-0.61	1.36
blue	-0.61	1.44
sarcastic	-0.61	2.79
muscles	-0.61	1.49
measurement	-0.61	1.49
negative	-0.60	1.53
ignoring	-0.60	2.12
ford	-0.60	1.09
gay	-0.60	1.32
primitive	-0.60	1.60
light	-0.60	1.46
generation	-0.60	1.57
natural	-0.60	1.44
door	-0.60	1.63
abuse	-0.60	1.39
plain	-0.60	1.67
exist	-0.60	2.44
west	-0.59	1.02
van	-0.59	1.12
processes	-0.59	1.48
usual	-0.59	1.50
possible	-0.59	2.26
seats	-0.59	1.46
know	-0.59	3.04
mutation	-0.59	1.39
never	-0.59	2.38
side	-0.59	1.53
process	-0.59	1.54
immediately	-0.59	1.71
claiming	-0.58	2.36
traits	-0.58	1.41
behind	-0.58	1.57
ride	-0.58	1.27
get	-0.58	2.69
consistently	-0.58	1.31
efficient	-0.58	1.76
then	-0.58	3.04
current	-0.58	1.54
interpret	-0.58	2.01
naive	-0.58	2.71
there	-0.58	2.78
lights	-0.58	1.39
selection	-0.58	1.41
tissue	-0.58	1.48
void	-0.58	1.73
any	-0.58	2.43
work	-0.58	2.78
cage	-0.58	1.54
was	-0.57	2.36
moving	-0.57	1.62
glass	-0.57	1.46
did	-0.57	2.79
trait	-0.57	1.38
factor	-0.57	1.58
empty	-0.57	1.42
input	-0.57	1.35
survival	-0.57	1.43
started	-0.57	1.72
solved	-0.57	1.78
look	-0.57	2.81
movements	-0.57	1.30
we	-0.57	2.99
buzz	-0.57	1.19
bc	-0.57	1.35
where	-0.57	2.78
racism	-0.57	1.61
safely	-0.57	1.85
expert	-0.57	2.23
normal	-0.57	2.18
matter	-0.57	2.81
class	-0.57	1.11
point	-0.57	3.02
might	-0.57	3.02
traffic	-0.57	1.35
consumption	-0.57	1.24
ignored	-0.56	1.79
kill	-0.56	1.95
teeth	-0.56	1.33
still	-0.56	3.21
cat	-0.56	1.77
buttons	-0.56	1.30
reflection	-0.56	1.64
taught	-0.56	1.10
budget	-0.55	1.18
direction	-0.55	1.45
benefit	-0.55	1.50
spiders	-0.55	1.66
come	-0.55	2.62
above	-0.55	1.59
carbon	-0.55	1.30
burden	-0.55	2.00
jokes	-0.55	2.08
tl	-0.55	2.02
course	-0.55	3.16
me	-0.55	2.24
remind	-0.55	1.57
remember	-0.55	2.53
staring	-0.55	1.68
teaching	-0.55	1.13
ass	-0.55	1.98
rated	-0.55	1.30
longer	-0.55	1.58
wheels	-0.55	1.29
poorly	-0.55	2.39
rapist	-0.55	1.59
talk	-0.54	2.53
will	-0.54	2.62
red	-0.54	1.34
stable	-0.54	1.76
impossible	-0.54	2.36
genes	-0.54	1.37
speed	-0.54	1.48
bedroom	-0.54	1.55
should	-0.54	3.01
shut	-0.54	2.28
reproduction	-0.54	1.40
evolution	-0.54	1.40
case	-0.54	3.07
open	-0.54	1.61
adding	-0.54	2.01
worthless	-0.54	2.25
act	-0.54	2.02
emotional	-0.54	1.48
threat	-0.54	1.36
drivers	-0.54	1.41
older	-0.54	1.48
white	-0.53	1.47
since	-0.53	2.37
nut	-0.53	1.22
accomplish	-0.53	2.49
things	-0.53	2.62
caught	-0.53	1.79
thumb	-0.53	1.48
equally	-0.53	2.66
piece	-0.53	1.34
ear	-0.53	1.52
reason	-0.53	2.88
wonderful	-0.53	1.85
road	-0.53	1.44
previously	-0.53	1.94
ban	-0.53	1.22
learn	-0.53	1.45
allows	-0.53	1.31
how	-0.53	2.87
kinda	-0.53	3.83
killing	-0.53	1.52
keep	-0.53	2.44
myself	-0.53	2.34
think	-0.52	3.09
also	-0.52	3.07
wonder	-0.52	2.80
papers	-0.52	1.28
prove	-0.52	2.88
moron	-0.52	2.70
inside	-0.52	1.47
justify	-0.52	2.14
strike	-0.52	1.18
starts	-0.52	1.61
ironically	-0.52	2.03
recognize	-0.52	1.97
molecules	-0.52	1.38
lane	-0.52	1.42
jew	-0.52	1.19
cheaper	-0.52	1.66
honest	-0.51	3.25
quicker	-0.51	1.81
medium	-0.51	1.10
difference	-0.51	2.22
detail	-0.51	1.80
doors	-0.51	1.57
seemed	-0.51	3.04
whilst	-0.51	1.78
would	-0.51	3.00
reflect	-0.51	1.58
try	-0.51	2.65
college	-0.51	1.09
react	-0.51	1.70
why	-0.51	3.08
pressure	-0.51	1.42
consistent	-0.51	1.66
bus	-0.51	1.33
split	-0.51	1.48
eye	-0.51	1.56
worried	-0.51	3.32
important	-0.51	2.10
roll	-0.51	1.31
cream	-0.50	1.56
printed	-0.50	1.60
help	-0.50	2.60
existed	-0.50	1.92
suddenly	-0.50	1.88
skills	-0.50	1.48
again	-0.50	2.80
escape	-0.50	1.51
deal	-0.50	2.15
hold	-0.50	1.68
seems	-0.50	3.10
pushing	-0.50	1.41
evolve	-0.50	1.51
driver	-0.50	1.43
quite	-0.50	2.87
dedicated	-0.50	1.64
something	-0.50	2.95
opposed	-0.50	1.84
married	-0.50	1.19
leg	-0.50	1.52
island	-0.50	1.75
matters	-0.49	1.75
elsewhere	-0.49	1.70
highway	-0.49	1.44
visual	-0.49	1.57
came	-0.49	1.89
looks	-0.49	2.72
contribute	-0.49	1.77
travelling	-0.49	1.71
bone	-0.49	1.42
persons	-0.49	1.55
merely	-0.49	2.32
mean	-0.49	3.08
forward	-0.49	1.51
bs	-0.49	1.97
forgetting	-0.49	2.61
roads	-0.49	1.36
offensive	-0.49	2.66
no	-0.49	2.99
ceo	-0.48	1.15
corn	-0.48	1.28
worry	-0.48	2.96
air	-0.48	1.52
lay	-0.48	1.47
sober	-0.48	2.53
extremely	-0.48	2.77
situation	-0.48	2.24
learned	-0.48	1.25
go	-0.48	2.60
difficulty	-0.48	1.58
implied	-0.48	2.73
visible	-0.48	1.49
cheating	-0.48	1.44
had	-0.48	2.17
ups	-0.48	1.26
stuff	-0.47	3.04
childhood	-0.47	1.37
write	-0.47	1.45
mac	-0.47	1.09
gone	-0.47	2.10
stops	-0.47	1.64
truth	-0.47	2.27
beating	-0.47	1.23
turn	-0.47	1.56
angle	-0.47	1.49
tons	-0.47	1.61
predict	-0.47	2.04
seed	-0.47	1.33
tell	-0.47	2.74
measure	-0.47	1.54
similarly	-0.47	1.63
microwave	-0.47	1.21
size	-0.47	1.45
walls	-0.47	1.46
met	-0.47	1.30
considering	-0.47	2.67
strong	-0.47	1.44
pole	-0.46	1.25
here	-0.46	3.25
wheel	-0.46	1.31
notice	-0.46	2.75
individuals	-0.46	1.60
mirror	-0.46	1.65
pen	-0.46	1.42
producing	-0.46	1.30
novel	-0.46	1.37
guilty	-0.46	1.56
mood	-0.46	1.60
could	-0.46	2.85
anywhere	-0.46	2.38
whether	-0.46	2.54
d	-0.46	3.01
issue	-0.46	2.02
rising	-0.46	1.40
eternal	-0.45	1.52
support	-0.45	1.76
insulting	-0.45	2.48
coins	-0.45	1.23
trolling	-0.45	2.59
corrupt	-0.45	1.86
specifically	-0.45	2.11
calculate	-0.45	1.73
feminism	-0.45	1.41
chips	-0.45	1.16
productive	-0.45	1.75
further	-0.45	1.74
slowly	-0.45	1.68
anything	-0.45	2.79
closer	-0.45	1.72
location	-0.45	1.43
punishment	-0.44	1.64
material	-0.44	1.65
adam	-0.44	1.25
calling	-0.44	2.37
choices	-0.44	1.55
average	-0.44	1.41
element	-0.44	1.61
bath	-0.44	1.58
off	-0.44	1.60
directly	-0.44	1.81
complicated	-0.44	2.78
relation	-0.44	1.56
nothing	-0.44	2.85
sized	-0.44	1.39
package	-0.44	1.31
shorter	-0.44	1.54
chemistry	-0.44	1.24
instinct	-0.44	1.50
arms	-0.44	1.47
chair	-0.44	1.48
coin	-0.44	1.33
climate	-0.44	1.35
gravitational	-0.44	1.34
shits	-0.43	1.65
died	-0.43	1.50
vegans	-0.43	1.32
roof	-0.43	1.44
plant	-0.43	1.23
really	-0.43	3.05
wo	-0.43	2.79
succeed	-0.43	1.73
buildings	-0.43	1.37
bits	-0.43	1.22
anymore	-0.43	2.95
smarter	-0.43	1.42
uncommon	-0.43	2.59
bunch	-0.43	2.42
curiosity	-0.43	1.40
brains	-0.43	1.64
inherently	-0.43	2.31
ones	-0.43	2.31
corner	-0.43	1.42
yell	-0.43	2.32
tube	-0.42	1.39
stare	-0.42	1.65
overcome	-0.42	1.09
public	-0.42	1.33
traveling	-0.42	1.59
actually	-0.42	2.67
pussy	-0.42	2.01
explain	-0.42	2.67
biology	-0.42	1.18
presence	-0.42	1.58
defend	-0.42	1.91
trolls	-0.42	1.83
hardly	-0.42	1.88
tap	-0.42	1.36
sounded	-0.42	2.98
surrounding	-0.42	1.66
vehicles	-0.42	1.28
bucket	-0.42	1.18
want	-0.42	2.82
comprehend	-0.42	2.05
lesbian	-0.42	1.36
them	-0.42	2.60
project	-0.42	1.06
vaginas	-0.41	1.46
fucker	-0.41	1.73
violence	-0.41	1.35
signs	-0.41	1.38
trucks	-0.41	1.16
mouths	-0.41	1.59
change	-0.41	2.11
speeds	-0.41	1.42
entering	-0.41	1.65
lifetime	-0.41	1.77
garage	-0.41	1.38
vagina	-0.41	1.51
floating	-0.41	1.40
albeit	-0.41	2.65
albums	-0.41	0.90
considered	-0.41	2.25
racial	-0.41	1.53
serve	-0.41	1.18
accepting	-0.41	1.34
healing	-0.41	1.41
divorced	-0.40	1.20
cell	-0.40	1.36
bones	-0.40	1.41
growing	-0.40	1.22
locked	-0.40	1.57
intentionally	-0.40	2.15
particles	-0.40	1.45
vacuum	-0.40	1.44
huge	-0.40	1.59
starbucks	-0.40	1.15
attacked	-0.40	1.35
dependent	-0.40	1.65
cent	-0.40	1.60
apartment	-0.40	1.39
end	-0.40	1.67
asleep	-0.40	1.94
hip	-0.40	0.84
covering	-0.40	1.30
martin	-0.40	1.11
front	-0.40	1.46
mass	-0.40	1.32
bag	-0.40	1.38
student	-0.40	1.07
engineering	-0.40	1.14
although	-0.40	3.17
hair	-0.40	1.42
incredibly	-0.39	2.84
largest	-0.39	2.75
balls	-0.39	1.67
hunt	-0.39	1.82
cd	-0.39	0.93
grown	-0.39	1.18
alter	-0.39	1.48
hop	-0.39	0.88
with	-0.39	2.07
produce	-0.39	1.25
correlation	-0.39	1.56
thing	-0.39	2.61
ridiculously	-0.39	2.56
enough	-0.39	2.73
chicken	-0.39	1.14
dragons	-0.39	1.44
eating	-0.38	1.23
grow	-0.38	1.23
equivalent	-0.38	1.65
proven	-0.38	2.54
catching	-0.38	1.86
duck	-0.38	1.73
move	-0.38	1.65
target	-0.38	1.23
indians	-0.38	1.16
removing	-0.38	1.56
stereotypes	-0.38	1.84
understood	-0.38	2.69
mirrors	-0.38	1.64
gray	-0.38	1.49
richard	-0.38	1.49
vegetables	-0.38	1.22
versa	-0.38	1.64
poison	-0.38	1.67
keeps	-0.38	1.69
traveled	-0.38	1.46
hope	-0.37	3.12
fill	-0.37	1.51
pitch	-0.37	1.90
sandwich	-0.37	1.13
relate	-0.37	1.96
edgy	-0.37	2.11
strangers	-0.37	1.90
heard	-0.37	2.35
aspects	-0.37	1.58
fluid	-0.37	1.28
represents	-0.37	1.24
perform	-0.37	1.57
push	-0.37	1.49
weapon	-0.37	1.46
fallacy	-0.37	2.43
body	-0.37	1.73
seemingly	-0.37	2.17
before	-0.37	2.10
emergency	-0.37	1.35
enjoying	-0.37	1.92
destroy	-0.37	1.54
jedi	-0.37	1.20
bubble	-0.37	1.63
followed	-0.37	1.51
upon	-0.37	1.69
apple	-0.36	1.11
can	-0.36	2.70
newer	-0.36	1.23
sometimes	-0.36	2.74
genetic	-0.36	1.32
travel	-0.36	1.58
score	-0.36	1.37
murica	-0.36	1.82
when	-0.36	2.34
ve	-0.36	2.43
desert	-0.36	1.26
water	-0.36	1.48
album	-0.36	0.91
lock	-0.36	1.43
linear	-0.36	1.83
dinosaur	-0.36	1.53
weird	-0.36	3.78
script	-0.36	1.21
anyone	-0.36	2.20
artist	-0.36	0.83
burst	-0.36	2.19
brain	-0.36	1.80
anytime	-0.36	1.59
atoms	-0.36	1.40
copy	-0.36	1.35
able	-0.36	2.36
grows	-0.36	1.26
fork	-0.36	1.27
very	-0.36	2.86
penis	-0.35	1.54
backwards	-0.35	2.44
elevator	-0.35	1.34
though	-0.35	3.27
nuclear	-0.35	1.32
at	-0.35	1.99
nails	-0.35	1.38
magically	-0.35	1.56
units	-0.35	1.48
passing	-0.35	1.33
ton	-0.35	1.89
redundant	-0.35	2.70
been	-0.35	2.40
salad	-0.35	1.16
seeds	-0.35	1.22
appear	-0.35	1.70
largely	-0.35	1.88
studied	-0.35	1.20
science	-0.34	1.28
telling	-0.34	2.86
onto	-0.34	1.43
dentist	-0.34	1.11
talked	-0.34	1.50
shaped	-0.34	1.58
waiting	-0.34	1.86
printer	-0.34	1.66
screens	-0.34	1.31
lab	-0.34	1.40
streets	-0.34	1.32
become	-0.34	2.28
invention	-0.34	1.24
print	-0.34	1.59
need	-0.34	2.74
house	-0.34	1.39
schools	-0.34	1.13
velocity	-0.34	1.40
attacks	-0.34	1.29
ended	-0.34	1.51
eventually	-0.34	2.12
real	-0.34	2.73
pointed	-0.34	2.02
communicate	-0.34	1.79
stand	-0.34	2.30
becomes	-0.34	2.14
hanging	-0.34	1.47
bottom	-0.34	1.39
represented	-0.34	1.87
drop	-0.34	1.51
noise	-0.34	2.08
expand	-0.34	1.46
timeline	-0.34	1.51
does	-0.34	2.78
solely	-0.34	1.65
fuel	-0.33	1.26
which	-0.33	2.94
scream	-0.33	1.92
walking	-0.33	1.61
population	-0.33	1.34
cease	-0.33	1.91
education	-0.33	1.12
weigh	-0.33	1.55
monkey	-0.33	1.51
combined	-0.33	1.19
everything	-0.33	2.53
painting	-0.33	1.30
compete	-0.33	1.26
lips	-0.33	1.55
wire	-0.33	1.32
associated	-0.33	1.48
cookie	-0.33	1.41
inaccurate	-0.33	4.08
operation	-0.33	1.35
collapse	-0.33	1.29
failed	-0.33	1.40
biological	-0.33	1.36
density	-0.33	1.32
gap	-0.33	1.30
looked	-0.33	2.03
bacon	-0.33	1.12
alternate	-0.33	1.76
yelling	-0.33	2.13
ben	-0.33	1.47
graduate	-0.32	1.15
table	-0.32	1.23
portion	-0.32	1.51
pool	-0.32	1.42
sperm	-0.32	1.28
artists	-0.32	0.87
through	-0.32	1.56
gas	-0.32	1.22
clarify	-0.32	2.59
atmosphere	-0.32	1.31
leaves	-0.32	1.27
changed	-0.32	1.74
mainstream	-0.32	1.00
mentality	-0.32	1.13
picked	-0.32	1.65
dildo	-0.32	1.51
loser	-0.32	2.04
middle	-0.32	1.18
confuse	-0.32	1.92
box	-0.32	1.43
attached	-0.32	1.45
toy	-0.32	1.19
frequent	-0.32	1.52
now	-0.31	3.37
face	-0.31	1.63
convince	-0.31	1.82
repeatedly	-0.31	1.52
has	-0.31	2.11
lift	-0.31	1.38
baked	-0.31	1.36
encounter	-0.31	1.18
studying	-0.31	1.30
capable	-0.31	1.53
healthcare	-0.31	1.25
ground	-0.31	1.40
skull	-0.31	1.43
behavior	-0.31	1.74
layer	-0.31	1.46
experiences	-0.31	1.79
meanwhile	-0.30	1.25
al	-0.30	1.84
particularly	-0.30	2.73
near	-0.30	1.60
3d	-0.30	1.64
significant	-0.30	1.51
achieve	-0.30	1.81
delivered	-0.30	1.04
contained	-0.30	1.48
away	-0.30	1.54
punish	-0.30	1.50
dinosaurs	-0.30	1.44
quickly	-0.30	1.87
manner	-0.30	2.44
mentioned	-0.30	1.71
cheese	-0.30	1.17
hole	-0.30	1.86
chances	-0.30	1.40
immediate	-0.30	1.27
signal	-0.30	1.40
root	-0.30	1.63
elements	-0.30	1.36
gravity	-0.30	1.33
insurance	-0.30	1.22
force	-0.30	1.35
spectrum	-0.30	1.54
iq	-0.29	1.31
acid	-0.29	1.25
phenomenon	-0.29	1.99
fire	-0.29	1.35
relatively	-0.29	2.56
sounding	-0.29	2.59
lesson	-0.29	1.28
evil	-0.29	1.96
produced	-0.29	1.32
hire	-0.29	1.24
taylor	-0.29	1.28
ca	-0.29	2.70
mature	-0.29	1.38
swimming	-0.29	1.40
reader	-0.29	0.86
scenarios	-0.29	1.83
put	-0.29	1.77
basically	-0.29	2.61
scenario	-0.29	1.87
promise	-0.29	1.86
overly	-0.29	2.49
crisis	-0.29	1.28
egg	-0.29	1.28
folks	-0.29	1.69
protein	-0.29	1.32
salary	-0.29	1.15
healthy	-0.29	1.49
basic	-0.29	1.54
overall	-0.28	1.45
tested	-0.28	1.85
loop	-0.28	1.52
boat	-0.28	1.46
street	-0.28	1.33
themselves	-0.28	2.27
orders	-0.28	1.28
wrist	-0.28	1.35
actors	-0.28	0.86
beneficial	-0.28	1.61
ends	-0.28	1.63
transfer	-0.28	1.43
decision	-0.28	1.87
desk	-0.28	1.32
nasa	-0.28	1.45
rich	-0.28	1.94
compare	-0.28	1.92
resolution	-0.28	1.44
home	-0.28	1.77
dominant	-0.28	1.67
bombs	-0.28	1.38
wage	-0.28	1.32
anybody	-0.28	2.05
clue	-0.28	2.93
stood	-0.28	1.45
travels	-0.27	1.42
airport	-0.27	1.51
slim	-0.27	1.37
shadow	-0.27	1.12
evolved	-0.27	1.47
redditors	-0.27	1.52
gotten	-0.27	1.76
socially	-0.27	2.20
prepare	-0.27	1.33
out	-0.27	2.05
insult	-0.27	2.36
ask	-0.27	2.58
yourself	-0.27	2.35
train	-0.27	1.27
committing	-0.27	1.45
semantics	-0.27	2.89
bond	-0.27	1.45
into	-0.27	1.64
prepared	-0.26	2.27
records	-0.26	1.34
down	-0.26	1.56
anonymous	-0.26	1.64
key	-0.26	1.38
soft	-0.26	2.02
connections	-0.26	1.39
grain	-0.26	1.23
walk	-0.26	1.58
ego	-0.26	1.60
future	-0.26	1.75
shark	-0.26	1.67
pleasure	-0.26	1.61
lived	-0.26	1.31
forest	-0.26	1.36
needing	-0.26	1.80
tank	-0.26	1.35
conspiracy	-0.26	1.79
puts	-0.26	1.52
broke	-0.26	1.78
except	-0.26	2.76
forced	-0.26	1.53
expanding	-0.26	1.55
volume	-0.26	1.30
memory	-0.26	1.70
homes	-0.26	1.29
however	-0.26	3.19
drawing	-0.25	1.34
contain	-0.25	1.48
mistaken	-0.25	3.87
arbitrary	-0.25	1.80
throw	-0.25	1.63
houses	-0.25	1.29
lake	-0.25	1.42
close	-0.25	2.23
conscious	-0.25	2.01
exception	-0.25	2.27
rates	-0.25	1.14
outer	-0.25	1.34
popularity	-0.25	1.17
production	-0.25	1.26
hell	-0.25	2.08
part	-0.25	2.09
limit	-0.25	1.42
trapped	-0.25	1.62
lifestyle	-0.25	1.37
record	-0.25	1.58
defending	-0.25	1.74
switched	-0.25	1.48
surface	-0.25	1.34
standard	-0.25	1.44
tracks	-0.25	0.94
directions	-0.25	1.56
minimum	-0.25	1.24
george	-0.25	1.41
sign	-0.25	1.49
labor	-0.24	1.34
awhile	-0.24	2.02
owners	-0.24	1.20
ashamed	-0.24	3.24
9/11	-0.24	1.35
big	-0.24	1.71
obvious	-0.24	2.39
actions	-0.24	1.56
genetically	-0.24	1.29
creator	-0.24	1.75
height	-0.24	1.37
objects	-0.24	1.38
remove	-0.24	1.71
signals	-0.24	1.42
butterfly	-0.24	2.07
percentage	-0.24	1.37
wages	-0.24	1.26
university	-0.24	1.16
dna	-0.24	1.41
luckily	-0.24	1.86
possibility	-0.24	1.91
periods	-0.24	1.28
moved	-0.24	1.36
bin	-0.24	1.33
building	-0.24	1.31
square	-0.23	1.25
oral	-0.23	1.27
continue	-0.23	1.93
depend	-0.23	1.80
theoretically	-0.23	1.67
explaining	-0.23	2.53
trend	-0.23	1.27
back	-0.23	2.03
raising	-0.23	1.23
paid	-0.23	1.12
kicked	-0.23	2.07
opinion	-0.23	2.59
muscle	-0.23	1.40
explore	-0.23	1.47
feminist	-0.23	1.40
neutral	-0.23	2.04
sample	-0.23	1.46
frank	-0.23	1.33
excuse	-0.23	2.24
writer	-0.23	1.14
generally	-0.23	2.12
reach	-0.23	1.44
grass	-0.23	1.24
economics	-0.22	1.32
energy	-0.22	1.41
growth	-0.22	1.28
species	-0.22	1.44
possibilities	-0.22	1.89
exit	-0.22	1.35
computer	-0.22	1.26
landing	-0.22	1.28
answer	-0.22	2.62
tour	-0.22	1.02
noises	-0.22	1.90
remain	-0.22	1.76
replaced	-0.22	1.58
existence	-0.22	2.15
thin	-0.22	1.45
opens	-0.22	1.47
facing	-0.22	1.55
maintain	-0.22	1.57
benefits	-0.22	1.26
quantity	-0.22	1.50
involves	-0.22	1.53
once	-0.22	2.01
wrap	-0.22	1.63
indicate	-0.21	1.56
place	-0.21	2.56
hide	-0.21	1.42
parts	-0.21	1.46
fry	-0.21	0.97
worldwide	-0.21	1.17
critical	-0.21	1.60
rolled	-0.21	1.40
stereotype	-0.21	2.16
interact	-0.21	1.69
slept	-0.21	1.29
area	-0.21	1.32
mini	-0.21	1.24
spoon	-0.21	1.26
aspect	-0.21	1.70
scientist	-0.20	1.66
kinds	-0.20	1.68
hypothetical	-0.20	1.97
utterly	-0.20	2.44
match	-0.20	1.54
neighborhood	-0.20	1.22
slaves	-0.20	1.31
went	-0.20	1.66
live	-0.20	1.31
digits	-0.20	1.57
jumping	-0.20	1.39
fucks	-0.20	2.25
intent	-0.20	2.30
meat	-0.20	1.14
rate	-0.20	1.35
management	-0.20	1.31
create	-0.20	1.58
sufficient	-0.20	1.69
artificial	-0.20	1.41
legs	-0.19	1.39
sun	-0.19	1.25
bell	-0.19	1.30
safety	-0.19	1.56
economic	-0.19	1.24
infinite	-0.19	1.72
shake	-0.19	1.50
commit	-0.19	1.45
intelligence	-0.19	1.40
crime	-0.19	1.42
infinitely	-0.19	1.71
teen	-0.19	1.12
minority	-0.19	1.30
interaction	-0.19	1.76
jump	-0.19	1.55
concept	-0.19	2.27
raped	-0.19	1.41
heavy	-0.19	1.47
violent	-0.19	1.52
obviously	-0.18	3.26
soup	-0.18	1.31
ll	-0.18	2.80
strength	-0.18	1.32
landed	-0.18	1.38
bread	-0.18	1.27
fast	-0.18	1.48
fairly	-0.18	2.58
string	-0.18	1.55
probability	-0.18	1.59
multiverse	-0.18	1.89
cab	-0.18	1.29
disappear	-0.18	1.72
charged	-0.18	1.51
victims	-0.18	1.46
afraid	-0.18	3.21
places	-0.18	1.58
humans	-0.18	1.48
flawed	-0.18	2.94
engine	-0.18	1.34
replace	-0.18	2.21
drops	-0.18	1.25
awareness	-0.18	1.29
known	-0.18	2.02
r/atheism	-0.18	1.79
definitely	-0.18	3.13
brought	-0.18	1.84
bastard	-0.17	2.62
falling	-0.17	1.43
souls	-0.17	1.59
judge	-0.17	1.69
danger	-0.17	1.56
murder	-0.17	1.46
greatly	-0.17	1.61
writers	-0.17	1.15
viable	-0.17	1.63
amounts	-0.17	1.37
boyfriend	-0.17	1.40
unlikely	-0.17	2.35
trilogy	-0.17	1.00
perception	-0.17	1.72
universe	-0.17	1.74
fired	-0.17	1.63
solar	-0.17	1.25
tape	-0.17	1.17
instantly	-0.17	1.77
moves	-0.17	1.42
unrelated	-0.17	2.18
earlier	-0.17	1.66
stealing	-0.17	1.39
acknowledge	-0.17	2.11
cloud	-0.17	1.28
function	-0.17	1.56
hear	-0.17	1.91
controlling	-0.17	1.45
bags	-0.17	1.34
gender	-0.17	1.41
ending	-0.17	0.97
jumped	-0.17	1.45
workers	-0.17	1.32
center	-0.17	1.39
halfway	-0.17	1.57
draw	-0.16	1.30
realised	-0.16	2.05
subtle	-0.16	2.73
human	-0.16	1.46
hack	-0.16	1.57
carrying	-0.16	1.44
shave	-0.16	1.43
gets	-0.16	2.26
rape	-0.16	1.54
blade	-0.16	1.34
sequel	-0.16	1.01
along	-0.16	1.59
dumb	-0.16	3.75
determine	-0.16	1.87
capacity	-0.16	1.54
incorrectly	-0.16	4.66
carry	-0.16	1.39
unidan	-0.16	1.69
animal	-0.16	1.31
retirement	-0.16	1.18
cut	-0.16	1.36
manage	-0.16	1.96
begin	-0.16	1.55
shell	-0.16	1.61
our	-0.16	1.58
pull	-0.16	1.74
correctly	-0.16	4.60
anyway	-0.16	3.13
dark	-0.16	1.77
giant	-0.16	1.38
run	-0.16	1.79
creepy	-0.15	3.81
paying	-0.15	1.27
town	-0.15	1.34
began	-0.15	1.55
teenager	-0.15	1.93
financial	-0.15	1.30
electrical	-0.15	1.36
today	-0.15	2.25
object	-0.15	1.37
genders	-0.15	1.37
murdered	-0.15	1.31
psychology	-0.15	1.31
films	-0.15	1.24
mainly	-0.15	1.67
across	-0.15	1.43
parallel	-0.15	1.76
mice	-0.15	1.54
placed	-0.15	1.47
published	-0.15	1.36
sits	-0.15	1.98
signed	-0.15	1.11
assuming	-0.15	3.43
orbit	-0.15	1.25
committed	-0.14	1.43
processing	-0.14	1.44
enter	-0.14	1.48
bars	-0.14	1.30
listened	-0.14	1.03
observe	-0.14	1.69
narrow	-0.14	1.71
perceived	-0.14	1.78
birds	-0.14	1.42
screwed	-0.14	3.21
climb	-0.14	1.40
theoretical	-0.14	1.75
false	-0.14	2.87
reality	-0.14	1.83
bees	-0.14	1.48
guard	-0.14	1.38
instances	-0.14	1.53
fried	-0.14	1.10
farm	-0.14	1.23
intention	-0.14	1.98
cities	-0.14	1.27
easy	-0.13	2.43
absurd	-0.13	2.63
bridge	-0.13	1.41
accused	-0.13	1.55
development	-0.13	1.17
punished	-0.13	1.53
observed	-0.13	1.66
infinity	-0.13	1.58
boxes	-0.13	1.23
elaborate	-0.13	1.69
slavery	-0.13	1.29
e.g	-0.13	1.37
functions	-0.13	1.55
lion	-0.13	1.65
cow	-0.13	1.30
arrest	-0.13	1.38
psychic	-0.13	1.60
saving	-0.13	1.69
nearly	-0.13	2.04
slave	-0.13	1.28
irony	-0.13	2.40
therefore	-0.13	2.44
planes	-0.13	1.22
standards	-0.13	1.72
sexually	-0.13	1.48
upside	-0.13	1.77
awake	-0.13	2.11
aside	-0.12	2.16
proud	-0.12	3.61
peoples	-0.12	1.47
removed	-0.12	1.71
criminals	-0.12	1.43
grasp	-0.12	1.87
exactly	-0.12	3.01
despite	-0.12	1.94
decisions	-0.12	1.65
engineer	-0.12	1.31
including	-0.12	1.64
creature	-0.12	1.44
<URL>	-0.12	1.27
<SPECIAL>	-0.12	1.27
bay	-0.12	1.76
kick	-0.12	1.62
pi	-0.12	1.55
exists	-0.12	1.95
responsibility	-0.12	1.36
worker	-0.12	1.33
discover	-0.12	1.54
understanding	-0.12	1.78
purely	-0.12	1.71
update	-0.12	1.32
sort	-0.12	2.82
criminal	-0.12	1.39
turns	-0.12	1.88
combinations	-0.12	1.60
someday	-0.12	1.69
soon	-0.12	2.16
apes	-0.12	1.47
read	-0.12	1.34
attend	-0.12	1.22
mike	-0.12	1.38
step	-0.11	1.39
regular	-0.11	1.26
stays	-0.11	1.45
terrorists	-0.11	1.22
adult	-0.11	1.25
punch	-0.11	1.68
babies	-0.11	1.92
taken	-0.11	2.00
equality	-0.11	1.30
supporting	-0.11	2.03
charlie	-0.11	0.97
ability	-0.11	1.83
fortune	-0.11	1.11
regardless	-0.11	1.59
sets	-0.11	1.44
nuts	-0.11	1.95
exclusive	-0.11	1.07
exciting	-0.11	2.65
against	-0.11	1.50
stone	-0.11	1.28
monitor	-0.11	1.19
properties	-0.11	1.41
solution	-0.11	1.88
victim	-0.11	1.44
marriage	-0.11	1.21
breeding	-0.11	1.38
breast	-0.10	1.46
binary	-0.10	1.64
nyc	-0.10	1.25
instance	-0.10	2.01
soldiers	-0.10	1.15
reasons	-0.10	2.02
hidden	-0.10	1.55
shoot	-0.10	1.64
gross	-0.10	3.39
degree	-0.10	1.21
matrix	-0.10	1.69
trigger	-0.10	1.59
while	-0.10	1.79
laser	-0.10	1.42
losing	-0.10	1.60
walked	-0.10	1.35
reminded	-0.10	3.56
pie	-0.10	1.36
fries	-0.10	1.07
operating	-0.10	1.42
edge	-0.10	1.33
penalty	-0.10	1.44
line	-0.10	1.40
sole	-0.10	1.47
caring	-0.10	1.35
tuition	-0.10	1.14
irrelevant	-0.10	2.36
eat	-0.10	1.13
test	-0.10	1.43
wood	-0.10	1.33
galaxy	-0.10	1.30
bound	-0.10	1.43
respond	-0.10	2.31
button	-0.10	1.40
powered	-0.10	1.49
listen	-0.10	1.03
total	-0.10	1.29
became	-0.10	1.90
following	-0.10	1.45
head	-0.09	1.81
girlfriend	-0.09	1.39
trips	-0.09	1.37
exercise	-0.09	1.35
jail	-0.09	1.52
daily	-0.09	1.32
necessarily	-0.09	3.19
scratch	-0.09	1.34
relative	-0.09	1.44
stairs	-0.09	1.41
lessons	-0.09	1.46
kills	-0.09	2.09
instant	-0.09	1.82
throwing	-0.09	1.65
limited	-0.09	1.59
sequence	-0.09	1.48
visited	-0.09	1.44
display	-0.09	1.42
industry	-0.09	1.21
accept	-0.09	2.12
sand	-0.09	1.40
net	-0.09	1.16
parking	-0.09	1.27
connect	-0.08	1.57
moon	-0.08	1.28
logically	-0.08	2.81
blind	-0.08	1.51
loans	-0.08	1.11
dreams	-0.08	2.16
warming	-0.08	1.30
space	-0.08	1.30
passed	-0.08	1.27
stream	-0.08	1.15
storm	-0.08	1.27
surprisingly	-0.08	2.93
dropping	-0.08	1.87
authority	-0.08	1.20
ships	-0.08	1.22
planning	-0.08	1.60
galaxies	-0.08	1.30
finally	-0.08	1.98
innocent	-0.08	1.45
outcome	-0.08	1.59
closed	-0.08	1.55
effective	-0.08	1.84
chickens	-0.08	1.32
difficult	-0.08	2.33
filled	-0.07	1.82
turning	-0.07	1.37
age	-0.07	1.47
fields	-0.07	1.36
nature	-0.07	1.70
proof	-0.07	2.56
held	-0.07	1.42
allowed	-0.07	2.11
initial	-0.07	2.38
sake	-0.07	1.86
distribution	-0.07	1.42
fallen	-0.07	1.48
plug	-0.07	1.36
rotation	-0.07	1.30
universes	-0.07	1.83
crimes	-0.07	1.51
tower	-0.07	1.29
habit	-0.07	1.68
fair	-0.07	3.73
tattoos	-0.07	1.31
chose	-0.07	1.77
pointing	-0.07	2.49
bend	-0.07	1.54
cooked	-0.07	1.10
adults	-0.07	1.21
mere	-0.07	1.50
keyboard	-0.07	1.31
cuz	-0.07	2.73
sides	-0.07	1.47
market	-0.07	1.18
under	-0.07	1.43
instructions	-0.07	1.72
screen	-0.07	1.33
practically	-0.07	1.97
numbers	-0.07	1.61
caesar	-0.07	1.39
written	-0.06	1.31
together	-0.06	1.58
review	-0.06	1.23
extent	-0.06	1.71
biased	-0.06	2.13
physics	-0.06	1.46
intended	-0.06	2.40
paradox	-0.06	1.59
views	-0.06	1.72
apart	-0.06	1.34
breaks	-0.06	1.19
entirely	-0.06	2.51
core	-0.06	1.50
cover	-0.06	0.92
ex	-0.06	1.42
taking	-0.06	2.22
free	-0.06	1.17
actor	-0.06	1.09
motion	-0.06	1.42
hit	-0.06	1.61
drama	-0.06	1.30
illegal	-0.06	1.50
prostitution	-0.06	1.34
spider	-0.06	1.31
pop	-0.06	0.73
demand	-0.06	1.25
ourselves	-0.06	1.93
wiped	-0.06	1.77
grab	-0.05	1.79
city	-0.05	1.24
paul	-0.05	1.22
fall	-0.05	1.49
profit	-0.05	1.20
works	-0.05	3.10
bring	-0.05	1.91
fans	-0.05	0.81
capitalism	-0.05	1.38
recommend	-0.05	1.11
assumption	-0.05	3.05
precisely	-0.05	1.91
sooner	-0.05	1.69
delivery	-0.05	1.12
beef	-0.05	1.17
arrested	-0.05	1.43
metric	-0.05	1.30
scientists	-0.05	1.38
speech	-0.05	1.56
career	-0.05	1.36
additional	-0.05	1.41
well	-0.05	2.99
cameras	-0.05	1.33
digit	-0.05	1.56
ruin	-0.05	1.75
roommate	-0.05	1.40
model	-0.05	1.34
visit	-0.05	1.37
argument	-0.04	2.64
mechanism	-0.04	1.76
begins	-0.04	1.44
cancel	-0.04	1.40
calories	-0.04	1.26
sexuality	-0.04	1.27
controlled	-0.04	1.54
discovered	-0.04	1.58
individual	-0.04	1.71
research	-0.04	1.48
motivation	-0.04	1.27
whose	-0.04	1.14
fat	-0.04	2.09
covers	-0.04	1.12
industrial	-0.04	1.21
musical	-0.04	1.15
adjust	-0.04	1.39
decided	-0.04	2.26
becoming	-0.04	1.86
repeating	-0.04	1.53
endless	-0.04	1.48
nor	-0.04	2.39
sandwiches	-0.04	1.08
literature	-0.04	1.24
interest	-0.04	1.17
realm	-0.04	1.67
fist	-0.04	1.33
se	-0.03	1.30
materials	-0.03	1.39
qualified	-0.03	1.82
dish	-0.03	1.16
collection	-0.03	1.46
legitimate	-0.03	2.00
couch	-0.03	1.43
ways	-0.03	2.07
peace	-0.03	1.01
sword	-0.03	1.38
quantum	-0.03	1.66
villain	-0.03	1.19
worked	-0.03	1.49
too	-0.03	3.08
regards	-0.03	1.48
buried	-0.03	1.89
charges	-0.03	1.29
irrational	-0.03	1.78
sins	-0.03	1.66
life	-0.03	1.53
international	-0.03	1.35
0	-0.03	1.54
connected	-0.03	1.44
models	-0.03	1.30
sky	-0.03	1.27
animals	-0.03	1.41
jack	-0.03	1.28
pig	-0.03	1.41
hill	-0.03	1.13
rare	-0.03	2.56
trap	-0.03	1.55
plot	-0.03	1.18
sauce	-0.03	1.36
bar	-0.03	1.30
habits	-0.03	1.26
claimed	-0.03	1.80
expansion	-0.03	1.48
employees	-0.03	1.30
taco	-0.03	1.21
path	-0.03	1.36
preference	-0.02	1.69
refuse	-0.02	2.26
original	-0.02	1.94
feeding	-0.02	1.48
yay	-0.02	1.67
evidence	-0.02	2.51
number	-0.02	1.58
plane	-0.02	1.25
fictional	-0.02	1.33
allowing	-0.02	1.20
facebook	-0.02	1.48
cycle	-0.02	1.31
pulling	-0.02	1.72
symbols	-0.02	1.55
caps	-0.02	1.57
subjective	-0.02	1.94
attracted	-0.02	1.49
press	-0.02	1.29
tried	-0.02	1.95
inception	-0.02	2.18
character	-0.02	1.11
tools	-0.02	1.43
couples	-0.01	1.17
naming	-0.01	1.16
running	-0.01	1.93
books	-0.01	1.23
roles	-0.01	1.38
included	-0.01	1.71
baby	-0.01	1.87
ghosts	-0.01	2.01
status	-0.01	1.29
unlike	-0.01	1.68
certainly	-0.01	2.92
hes	-0.01	2.15
camera	-0.01	1.31
font	-0.01	1.67
airplane	-0.01	1.25
teenagers	-0.01	1.45
foot	-0.01	1.33
vastly	-0.01	1.46
audience	-0.01	1.66
invisible	-0.01	1.43
isis	-0.01	1.28
dicks	-0.01	1.63
break	-0.01	1.51
conflict	-0.01	1.09
equals	-0.01	1.42
guns	-0.01	1.38
letters	-0.01	2.58
threw	-0.01	1.44
impression	-0.01	1.90
equation	-0.00	1.55
pound	-0.00	1.32
sucked	-0.00	2.00
performance	-0.00	1.49
complex	-0.00	1.86
answering	-0.00	2.59
crossing	-0.00	1.36
star	-0.00	1.02
identity	-0.00	1.33
ripped	-0.00	1.42
grew	-0.00	1.14
iraq	0.00	1.03
cook	0.00	1.05
book	0.00	1.14
electricity	0.00	1.25
counting	0.00	1.48
purpose	0.00	1.82
pick	0.00	1.95
author	0.00	1.17
occasionally	0.00	1.74
fit	0.00	1.58
statistics	0.00	1.75
cuts	0.00	1.30
gun	0.00	1.39
developed	0.00	1.31
lbs	0.00	1.48
unusual	0.00	2.67
incorrect	0.00	4.40
horses	0.00	1.74
who	0.00	2.18
combine	0.00	1.52
younger	0.01	1.39
question	0.01	2.40
stars	0.01	1.19
witch	0.01	1.80
mission	0.01	1.40
his/her	0.01	1.64
entertaining	0.01	2.97
acts	0.01	1.53
seen	0.01	2.10
bull	0.01	1.27
perspective	0.01	1.84
knives	0.01	1.45
aliens	0.01	1.51
cock	0.01	1.64
built	0.01	1.37
services	0.01	1.18
attempted	0.01	1.42
youth	0.01	1.16
men	0.01	1.46
as	0.01	2.85
actual	0.01	1.81
york	0.01	1.22
idk	0.01	2.99
creatures	0.01	1.86
follows	0.01	1.09
income	0.01	1.16
slice	0.01	1.24
remotely	0.01	2.36
explosion	0.01	1.46
flip	0.01	1.43
destroyed	0.01	1.85
properly	0.01	3.01
battery	0.01	1.16
teens	0.01	1.21
clicked	0.01	1.90
swim	0.01	1.55
knock	0.01	1.69
studies	0.01	1.56
apples	0.01	1.45
heroes	0.01	1.22
prostitutes	0.01	1.32
feed	0.01	1.33
ii	0.02	1.13
straight	0.02	1.84
avatar	0.02	1.21
cops	0.02	1.44
experiment	0.02	2.13
scary	0.02	3.82
implying	0.02	3.21
opportunities	0.02	1.42
california	0.02	1.20
plus	0.02	1.41
charge	0.02	1.25
rarely	0.02	1.87
power	0.02	1.26
forget	0.02	3.04
sci-fi	0.02	1.37
sharp	0.02	1.52
bare	0.02	1.54
finished	0.02	1.06
knowledge	0.02	1.53
metal	0.02	1.44
mammals	0.02	1.38
flight	0.02	1.22
theft	0.02	1.40
races	0.02	1.45
least	0.02	2.43
vary	0.02	1.67
simple	0.02	2.20
reveal	0.02	1.23
messed	0.02	2.75
office	0.02	1.30
circles	0.02	1.34
plausible	0.02	2.45
illusion	0.02	1.41
washington	0.02	1.15
listening	0.03	1.00
groups	0.03	1.25
applies	0.03	1.83
programs	0.03	1.24
remains	0.03	1.89
ensure	0.03	1.41
technical	0.03	1.69
weather	0.03	1.50
beyond	0.03	1.78
wanted	0.03	2.34
depends	0.03	2.29
continued	0.03	1.45
rent	0.03	1.16
unnecessary	0.03	2.25
branch	0.03	1.25
reasonably	0.03	2.00
consent	0.03	1.28
lord	0.03	1.50
cost	0.03	1.25
anti	0.03	1.34
rick	0.03	1.12
formed	0.03	1.33
chicago	0.03	1.20
beings	0.03	1.54
choosing	0.03	1.65
brief	0.03	1.63
percent	0.03	1.21
coast	0.03	1.20
base	0.03	1.33
throughout	0.03	1.29
exploration	0.03	1.25
hint	0.03	1.46
role	0.03	1.23
private	0.03	1.18
testicles	0.04	1.45
mechanics	0.04	1.76
especially	0.04	2.58
recognition	0.04	1.36
planets	0.04	1.25
mars	0.04	1.31
shelter	0.04	1.41
successfully	0.04	1.93
questioning	0.04	2.29
household	0.04	1.34
facial	0.04	1.66
belly	0.04	1.36
quarter	0.04	1.20
entire	0.04	1.84
millions	0.04	1.37
group	0.04	1.38
fucked	0.04	3.72
steel	0.04	1.63
construction	0.04	1.44
interpreted	0.04	2.91
range	0.04	1.46
cop	0.04	1.39
convenient	0.04	2.04
burger	0.04	1.09
graduated	0.04	1.07
desire	0.04	1.62
debate	0.04	2.05
eaten	0.04	1.14
program	0.05	1.24
abstract	0.05	1.89
twin	0.05	1.29
99	0.05	1.29
politics	0.05	1.46
wasnt	0.05	1.75
knife	0.05	1.36
accidentally	0.05	1.69
picture	0.05	1.73
personal	0.05	1.56
tattoo	0.05	1.22
apparently	0.05	2.55
quiet	0.05	2.18
advanced	0.05	1.34
resistance	0.05	1.34
define	0.05	2.10
job	0.05	1.56
plans	0.05	1.28
supply	0.05	1.35
flag	0.05	1.22
randomly	0.05	1.72
recording	0.05	1.08
created	0.05	1.54
locations	0.05	1.62
service	0.05	1.29
order	0.05	1.94
waste	0.05	1.35
parent	0.05	0.96
tends	0.06	1.52
privilege	0.06	1.59
connection	0.06	1.43
vegan	0.06	1.28
economy	0.06	1.29
inch	0.06	1.28
gym	0.06	1.25
activities	0.06	1.82
sucking	0.06	1.68
civil	0.06	1.04
precise	0.06	1.73
photons	0.06	1.41
tech	0.06	1.36
giving	0.06	2.04
nobody	0.06	2.27
cereal	0.06	1.15
ted	0.06	1.12
female	0.06	1.38
court	0.06	1.35
up	0.06	2.13
slide	0.06	1.39
weight	0.06	1.32
first	0.06	1.90
else	0.06	2.46
text	0.06	1.35
allow	0.06	1.77
inflation	0.06	1.20
besides	0.06	1.40
regularly	0.07	1.65
obscure	0.07	1.74
track	0.07	1.46
debt	0.07	1.10
mcdonalds	0.07	1.14
meeting	0.07	1.27
batteries	0.07	1.27
sorts	0.07	1.92
safe	0.07	1.86
divide	0.07	1.46
supernatural	0.07	1.49
long	0.07	1.62
gang	0.07	1.53
grey	0.07	1.57
steps	0.07	1.34
electronics	0.07	1.26
metaphor	0.07	1.79
updates	0.07	1.49
adds	0.07	1.54
everyone	0.07	2.39
time	0.07	1.73
him	0.07	1.91
music	0.07	0.73
tail	0.07	1.39
extra	0.07	1.61
bills	0.07	1.06
bullets	0.07	1.44
kid	0.07	1.40
decide	0.07	2.51
everytime	0.07	1.93
trade	0.07	1.26
inches	0.07	1.29
barber	0.07	1.29
alternative	0.07	1.67
methods	0.07	1.49
funny	0.07	3.77
pounds	0.07	1.43
flying	0.07	1.37
pan	0.08	1.14
spiritual	0.08	1.52
plan	0.08	1.67
divorce	0.08	1.10
chosen	0.08	1.63
spaghetti	0.08	1.29
steak	0.08	1.09
aid	0.08	1.30
angel	0.08	1.50
rolls	0.08	1.41
load	0.08	1.44
basis	0.08	1.83
horse	0.08	1.28
ship	0.08	1.26
wolves	0.08	1.45
amount	0.08	1.58
arguments	0.08	2.40
someone	0.08	2.12
murderers	0.08	1.42
audio	0.08	1.09
quality	0.08	1.29
fail	0.08	1.54
price	0.08	1.23
satan	0.08	1.48
smart	0.08	2.60
teenage	0.08	1.27
existing	0.09	1.90
steal	0.09	1.35
others	0.09	1.78
stock	0.09	1.19
ice	0.09	1.41
serving	0.09	1.13
hearing	0.09	1.41
expectations	0.09	1.33
advocate	0.09	1.37
bringing	0.09	1.82
via	0.09	1.34
wont	0.09	2.41
cooking	0.09	1.13
vocal	0.09	1.62
cultural	0.09	1.45
notion	0.09	2.30
jet	0.09	1.23
frequently	0.09	1.50
fees	0.09	1.11
film	0.09	1.35
stay	0.09	1.80
offspring	0.09	1.50
cast	0.09	1.27
young	0.09	1.31
tall	0.09	1.49
tooth	0.09	1.31
crossed	0.09	1.39
song	0.09	1.01
thousands	0.09	1.46
costs	0.09	1.15
file	0.09	1.28
resources	0.09	1.45
ran	0.09	1.36
irl	0.10	1.19
responding	0.10	2.70
depressing	0.10	3.36
waves	0.10	1.43
lots	0.10	1.90
cheap	0.10	1.47
fell	0.10	1.40
products	0.10	1.19
statistically	0.10	1.97
traveler	0.10	1.49
importantly	0.10	1.59
rational	0.10	1.91
corporations	0.10	1.36
reported	0.11	1.54
weapons	0.11	1.35
tied	0.11	1.33
patterns	0.11	1.45
choose	0.11	2.10
self	0.11	1.94
earn	0.11	1.09
most	0.11	2.30
hm	0.11	2.02
rock	0.11	0.77
study	0.11	1.42
machine	0.11	1.48
image	0.11	1.52
random	0.11	1.78
large	0.11	1.58
women	0.11	1.47
opportunity	0.11	1.76
bands	0.11	0.74
organization	0.11	1.23
pay	0.11	1.07
require	0.11	1.59
regard	0.11	1.48
philosophy	0.11	1.49
divided	0.11	1.39
digital	0.11	1.20
separated	0.11	1.37
bet	0.11	3.08
save	0.11	1.62
incentive	0.11	1.71
forum	0.12	1.69
thought	0.12	2.37
abilities	0.12	1.49
shakespeare	0.12	1.34
alphabet	0.12	2.63
laptop	0.12	1.18
somebody	0.12	2.11
ages	0.12	1.13
distant	0.12	1.45
taxes	0.12	1.08
often	0.12	2.28
conclusion	0.12	2.52
junk	0.12	1.25
cracked	0.12	1.46
contrary	0.12	2.04
hardware	0.12	1.23
generated	0.12	1.42
represent	0.12	1.45
mod	0.12	1.39
morality	0.12	1.72
deaf	0.12	1.53
clouds	0.12	1.37
invasion	0.12	1.08
call	0.13	2.45
setting	0.13	1.53
orgasm	0.13	1.57
ours	0.13	1.55
he	0.13	2.07
reward	0.13	1.37
electronic	0.13	1.02
threats	0.13	1.28
submit	0.13	1.59
points	0.13	1.76
grade	0.13	1.04
powerful	0.13	1.51
pack	0.13	1.39
options	0.13	1.65
installed	0.13	1.35
fly	0.13	1.40
male	0.14	1.37
limits	0.14	1.57
information	0.14	1.67
sat	0.14	1.26
police	0.14	1.30
billy	0.14	1.05
wrote	0.14	1.19
achieved	0.14	1.22
communication	0.14	1.49
pizzas	0.14	1.27
linux	0.14	1.21
ordered	0.14	1.11
afterlife	0.14	1.61
theories	0.14	1.81
london	0.14	1.23
cookies	0.14	1.55
whatsoever	0.14	1.65
between	0.14	1.43
frame	0.14	1.49
asians	0.14	1.33
referred	0.15	2.10
loan	0.15	1.11
established	0.15	1.39
stretch	0.15	2.00
witness	0.15	1.37
hunting	0.15	1.55
changing	0.15	2.15
skill	0.15	1.55
subway	0.15	1.08
pronounced	0.15	2.82
attract	0.15	1.64
fund	0.15	1.15
americans	0.15	1.42
mad	0.15	3.22
guaranteed	0.15	1.44
community	0.15	1.18
finite	0.15	1.66
organized	0.15	1.43
concepts	0.15	1.86
pigs	0.15	1.39
sending	0.15	1.51
generations	0.15	1.22
bear	0.15	2.10
testing	0.15	1.77
consciousness	0.15	1.86
claim	0.15	2.34
ratio	0.15	1.47
showing	0.15	1.48
wind	0.15	1.54
burrito	0.15	1.10
fix	0.15	2.34
assumptions	0.15	2.85
boom	0.15	1.73
universal	0.15	1.71
tone	0.15	2.13
essentially	0.15	2.42
entertainment	0.16	1.23
heaven	0.16	1.51
angels	0.16	1.48
entity	0.16	1.66
crazy	0.16	3.71
property	0.16	1.19
fetus	0.16	1.20
mcdonald	0.16	1.16
astronauts	0.16	1.26
gain	0.16	1.25
historically	0.16	2.04
doctor	0.16	1.23
grave	0.16	1.77
stolen	0.16	1.33
restaurant	0.16	1.12
machines	0.16	1.50
category	0.16	1.21
whom	0.16	1.21
michael	0.16	1.01
keys	0.16	1.27
lawyer	0.16	1.15
trek	0.16	1.03
let	0.16	2.67
degrees	0.17	1.23
hundreds	0.17	1.46
sex	0.17	1.28
ghost	0.17	1.89
ray	0.17	1.04
reverse	0.17	1.82
creating	0.17	1.72
hypothesis	0.17	2.33
wherever	0.17	1.82
imaginary	0.17	1.31
sheep	0.17	1.35
deeper	0.17	1.88
monkeys	0.17	1.53
tumblr	0.17	1.40
clone	0.17	1.11
deliver	0.17	1.56
horn	0.17	2.01
funding	0.17	1.09
banks	0.17	1.12
james	0.17	1.18
position	0.17	1.81
intelligent	0.17	1.57
staff	0.17	1.08
policy	0.17	1.20
fridge	0.17	1.54
crust	0.17	1.38
confidence	0.17	1.27
representation	0.17	1.50
behave	0.17	1.57
soul	0.18	1.51
san	0.18	1.21
reading	0.18	1.62
1/2	0.18	1.31
generate	0.18	1.33
blocks	0.18	1.24
types	0.18	1.68
damned	0.18	1.86
half	0.18	1.23
dozens	0.18	1.62
extended	0.18	1.17
2020	0.18	1.67
womb	0.18	1.32
fake	0.18	1.30
statements	0.18	2.37
holes	0.18	1.53
ring	0.18	1.44
monster	0.18	2.10
convert	0.18	1.44
friend	0.18	1.31
movie	0.18	1.37
ocean	0.18	1.78
recall	0.18	1.84
incest	0.18	1.30
theater	0.18	1.03
asses	0.18	1.54
positions	0.18	1.29
recently	0.19	1.63
exclusively	0.19	1.75
frequency	0.19	1.61
sleeping	0.19	1.72
rocks	0.19	1.37
stored	0.19	1.24
taxi	0.19	1.16
insert	0.19	1.49
southern	0.19	1.20
region	0.19	1.11
forth	0.19	1.54
myth	0.19	1.60
camp	0.19	1.19
theres	0.19	1.75
attractive	0.19	2.03
numerous	0.19	1.62
pays	0.19	2.21
settings	0.19	1.36
dating	0.19	1.19
shops	0.19	1.20
scientific	0.19	1.91
pulls	0.19	1.39
parents	0.19	1.08
unable	0.19	2.04
ny	0.19	1.20
history	0.19	1.27
fee	0.19	1.08
fits	0.19	1.51
billions	0.19	1.34
goods	0.19	1.27
itunes	0.20	0.92
movement	0.20	1.21
stated	0.20	2.15
hopefully	0.20	2.19
selling	0.20	1.22
heads	0.20	1.75
sea	0.20	1.82
prostitute	0.20	1.24
particular	0.20	1.63
monsters	0.20	2.18
manager	0.20	1.26
background	0.20	1.30
inner	0.20	1.56
involve	0.20	1.74
changes	0.20	1.76
officer	0.20	1.32
restaurants	0.20	1.12
stephen	0.20	1.12
scientifically	0.20	2.89
server	0.20	1.31
glad	0.20	3.00
asked	0.20	1.84
span	0.20	1.25
dimensions	0.21	1.50
told	0.21	2.15
state	0.21	1.15
person	0.21	1.89
until	0.21	1.86
security	0.21	1.28
deciding	0.21	1.59
wifi	0.21	1.21
general	0.21	1.63
apply	0.21	1.72
useful	0.21	2.17
handful	0.21	1.84
mechanical	0.21	1.28
investment	0.21	1.15
etc	0.21	1.51
aged	0.21	1.21
servers	0.21	1.29
historical	0.21	1.54
meet	0.21	1.90
control	0.21	1.45
facts	0.21	2.28
construct	0.21	1.73
relativity	0.21	1.53
reasoning	0.21	2.41
pets	0.21	1.45
earth	0.21	1.39
from	0.21	2.00
woods	0.21	1.38
presented	0.21	2.22
alot	0.21	1.78
stuck	0.22	1.96
dancing	0.22	1.23
unrealistic	0.22	2.19
explicitly	0.22	1.99
opened	0.22	1.89
usually	0.22	2.44
discuss	0.22	1.91
technology	0.22	1.22
add	0.22	1.85
bank	0.22	1.21
movies	0.22	1.36
underground	0.22	1.71
encourage	0.22	1.47
us	0.22	1.84
tens	0.22	1.38
parody	0.22	1.59
valid	0.22	2.46
nail	0.22	1.53
assumes	0.22	2.19
rely	0.22	1.35
trip	0.22	1.23
professor	0.22	1.36
operate	0.22	1.60
downvote	0.22	1.80
idea	0.22	2.56
tagged	0.22	1.76
alarm	0.22	1.54
adopt	0.22	1.36
item	0.22	1.25
destination	0.22	1.33
pattern	0.22	1.32
companies	0.22	1.19
millionaire	0.23	1.30
attempting	0.23	1.88
described	0.23	1.63
release	0.23	0.97
example	0.23	2.52
sentient	0.23	1.53
grandparents	0.23	1.05
garden	0.23	1.09
potato	0.23	0.87
proves	0.23	2.70
bought	0.23	1.19
arent	0.23	1.78
immigrants	0.23	1.22
civilizations	0.23	1.30
suppose	0.23	3.22
border	0.23	1.21
agreement	0.23	1.58
bears	0.23	1.58
among	0.23	1.72
bush	0.24	1.10
headphones	0.24	1.45
theory	0.24	1.80
comfortable	0.24	2.34
device	0.24	1.31
moral	0.24	1.73
license	0.24	1.35
similar	0.24	2.63
cows	0.24	1.37
breakfast	0.24	1.12
penny	0.24	1.16
welfare	0.24	1.19
objective	0.24	1.92
include	0.24	1.71
tool	0.24	1.57
tend	0.24	1.72
95	0.25	1.31
valuable	0.25	1.95
countless	0.25	1.54
sticks	0.25	1.29
jersey	0.25	1.09
mine	0.25	1.93
dunno	0.25	3.73
added	0.25	1.61
double	0.25	1.84
bonus	0.25	1.39
password	0.25	1.46
os	0.25	1.22
presumably	0.25	1.31
expensive	0.25	1.76
wolverine	0.25	1.13
released	0.25	0.95
based	0.25	1.67
wars	0.25	0.95
computers	0.25	1.56
means	0.25	2.96
mathematics	0.25	1.52
shown	0.25	1.45
tear	0.25	1.51
abortion	0.25	1.28
pictures	0.26	1.68
analysis	0.26	1.76
luke	0.26	1.39
revenue	0.26	1.10
brand	0.26	1.07
voice	0.26	1.86
hotel	0.26	1.27
mathematical	0.26	1.86
library	0.26	1.02
morgan	0.26	1.56
replying	0.26	2.70
reports	0.26	1.58
value	0.26	1.38
remote	0.26	1.22
stayed	0.26	1.50
chaos	0.26	1.38
independent	0.26	1.42
menu	0.26	1.14
clocks	0.26	1.19
approximately	0.26	1.24
condoms	0.26	1.36
chasing	0.26	1.58
suggest	0.26	1.86
law	0.26	1.28
planet	0.26	1.41
marry	0.26	1.20
typically	0.26	1.91
counter	0.26	1.42
gives	0.26	2.10
logic	0.26	2.64
returns	0.27	1.21
verify	0.27	1.95
india	0.27	1.05
clock	0.27	1.32
humanity	0.27	1.48
employee	0.27	1.28
board	0.27	1.30
serves	0.27	1.13
sound	0.27	2.46
fiction	0.27	1.21
planned	0.27	1.21
lives	0.27	1.36
money	0.27	1.15
citizen	0.27	1.44
over	0.27	1.54
goes	0.27	1.95
give	0.27	2.18
answered	0.27	1.98
grant	0.27	1.48
chat	0.27	1.40
beauty	0.27	1.80
911	0.27	1.61
many	0.27	1.83
adopted	0.27	1.12
logical	0.27	2.57
devices	0.27	1.25
robots	0.27	1.56
comparison	0.27	2.59
shall	0.28	1.64
take	0.28	1.75
oven	0.28	1.28
prices	0.28	1.23
convenience	0.28	1.23
currency	0.28	1.32
pizza	0.28	1.16
bald	0.28	1.57
destroying	0.28	1.66
visiting	0.28	1.20
majority	0.28	1.37
exceptions	0.28	1.84
collect	0.28	1.69
darkness	0.28	1.66
mexican	0.28	1.12
owned	0.29	1.10
report	0.29	1.44
versions	0.29	1.12
potter	0.29	0.92
norm	0.29	1.54
access	0.29	1.32
request	0.29	1.60
boss	0.29	1.27
gps	0.29	1.25
70s	0.29	1.11
dollar	0.29	1.10
children	0.29	1.10
willing	0.29	2.31
crew	0.29	1.24
subject	0.29	2.08
child	0.29	1.19
practical	0.29	1.80
logo	0.29	1.09
around	0.29	1.38
homo	0.29	1.65
pieces	0.29	1.28
unoriginal	0.29	2.10
chuck	0.29	1.59
buying	0.29	1.19
inspired	0.29	1.65
non	0.29	1.47
questions	0.29	2.06
granted	0.30	1.77
sisters	0.30	1.08
his	0.30	1.23
creation	0.30	1.32
strict	0.30	1.33
east	0.30	1.05
nsa	0.30	1.43
alien	0.30	1.42
fundamental	0.30	1.88
design	0.30	1.48
ugh	0.30	2.38
windows	0.30	1.22
carries	0.30	1.35
legally	0.30	1.53
didnt	0.30	2.49
believed	0.30	1.68
beginning	0.30	1.15
mom	0.30	1.28
details	0.30	2.03
friends	0.30	1.21
discussion	0.30	2.12
siblings	0.30	1.07
sorta	0.31	2.22
applied	0.31	1.71
introduced	0.31	1.38
african	0.31	1.42
immortality	0.31	1.40
dumbass	0.31	2.38
folk	0.31	1.13
businesses	0.31	1.20
message	0.31	1.65
sister	0.31	1.17
broken	0.31	1.84
guitar	0.31	0.94
goal	0.31	1.27
modern	0.31	1.20
competition	0.31	1.21
theaters	0.31	0.98
served	0.31	1.16
turned	0.31	1.41
results	0.31	1.60
replied	0.31	2.27
syllables	0.32	2.30
row	0.32	1.16
coincidence	0.32	2.70
routine	0.32	1.23
sarcasm	0.32	2.71
atleast	0.32	1.51
mankind	0.32	1.31
max	0.32	1.40
consumer	0.32	1.28
approach	0.32	1.84
capital	0.32	1.96
personally	0.32	2.14
slip	0.32	1.43
sell	0.32	1.17
asian	0.32	1.21
social	0.32	1.35
beliefs	0.32	1.71
gods	0.32	1.49
own	0.32	1.65
replacement	0.32	1.58
success	0.32	1.47
south	0.32	1.07
attempt	0.32	1.82
informed	0.32	1.76
urban	0.32	1.45
data	0.32	1.64
flies	0.32	1.35
microsoft	0.32	1.22
checking	0.33	1.59
directed	0.33	1.46
their	0.33	1.30
buy	0.33	1.21
nk	0.33	1.20
repeat	0.33	1.55
department	0.33	1.21
israel	0.33	1.13
pandora	0.33	0.72
hits	0.33	1.07
build	0.33	1.24
robot	0.33	1.58
depth	0.33	1.69
wallet	0.33	1.27
smartphone	0.33	1.25
trained	0.33	1.35
continent	0.33	1.12
twins	0.33	1.08
genre	0.33	0.84
donate	0.33	1.12
examples	0.33	2.05
programming	0.33	1.56
loads	0.33	1.55
prison	0.34	1.75
carefully	0.34	2.12
brothers	0.34	1.12
canadian	0.34	2.08
rabbit	0.34	1.52
automatic	0.34	1.25
tonight	0.34	2.14
broad	0.34	1.82
guide	0.34	1.29
images	0.34	1.54
defense	0.34	1.24
hung	0.34	1.79
tax	0.34	1.06
combination	0.34	1.57
recorded	0.34	1.09
bam	0.34	1.54
mothers	0.34	1.16
spin	0.34	1.39
pc	0.34	1.09
typing	0.34	1.80
yesterday	0.34	1.72
its	0.35	2.92
source	0.35	2.02
honey	0.35	1.48
cold	0.35	1.82
aunt	0.35	1.13
wouldnt	0.35	1.88
whats	0.35	2.47
lose	0.35	1.37
savings	0.35	1.19
david	0.35	1.08
phones	0.35	1.29
wolf	0.35	1.44
tree	0.35	1.29
laws	0.35	1.42
address	0.35	1.54
cousins	0.35	1.06
my	0.35	1.17
twist	0.35	1.32
card	0.35	1.25
songs	0.35	0.88
africa	0.35	1.08
advances	0.35	1.14
bill	0.36	0.96
exchange	0.36	1.39
shared	0.36	1.58
dragon	0.36	1.37
pronounce	0.36	2.69
peter	0.36	1.15
guess	0.36	3.22
troll	0.36	1.90
showers	0.36	2.23
dozen	0.36	1.48
estimate	0.36	1.90
principle	0.36	1.85
husband	0.36	1.16
return	0.36	1.38
spell	0.36	3.06
raised	0.36	1.17
jackson	0.36	1.28
grandma	0.36	1.18
customer	0.36	1.29
vague	0.36	2.41
local	0.36	1.16
enemies	0.37	1.25
cats	0.37	1.75
voices	0.37	1.86
spot	0.37	1.34
some	0.37	2.60
equal	0.37	1.28
sum	0.37	1.81
opinions	0.37	1.73
answers	0.37	2.01
corporate	0.37	1.28
shots	0.37	1.41
photo	0.37	1.45
cents	0.37	1.22
saw	0.37	1.57
muslims	0.37	1.23
latest	0.37	0.89
cant	0.37	2.44
beans	0.37	1.63
gained	0.37	1.21
common	0.37	2.16
an	0.37	1.98
interstellar	0.37	1.21
ticket	0.37	1.17
brother	0.37	1.09
clam	0.37	1.29
judgement	0.37	1.47
recent	0.37	1.63
iphone	0.37	1.26
land	0.37	1.73
imagination	0.37	1.82
war	0.38	1.04
pride	0.38	1.96
relatives	0.38	1.13
professional	0.38	1.04
favor	0.38	1.50
penises	0.38	1.61
provide	0.38	1.66
theirs	0.38	0.99
controls	0.38	1.69
her	0.38	1.30
owns	0.38	2.14
purchase	0.38	1.12
depending	0.38	1.70
worship	0.38	1.19
20s	0.38	1.14
follow	0.38	1.44
credit	0.38	1.17
users	0.38	1.37
magic	0.38	1.34
company	0.38	1.11
males	0.38	1.56
killer	0.38	2.10
dogs	0.38	1.72
drag	0.38	1.38
atheism	0.38	1.68
females	0.39	1.40
mostly	0.39	2.33
pages	0.39	1.30
unfortunately	0.39	2.59
union	0.39	1.08
spy	0.39	1.82
cards	0.39	1.27
wall	0.39	1.32
bloody	0.39	1.98
freedom	0.39	1.17
lightning	0.39	1.41
he/she	0.39	2.19
atheists	0.39	1.54
vast	0.39	1.34
cousin	0.39	1.14
banned	0.39	1.53
slap	0.39	1.46
celebrities	0.40	1.28
waking	0.40	1.73
society	0.40	1.41
mentioning	0.40	1.64
provided	0.40	1.72
runs	0.40	1.66
75	0.40	1.34
stats	0.40	1.24
successful	0.40	1.65
food	0.40	1.10
customers	0.40	1.19
typical	0.40	1.33
england	0.40	1.18
faces	0.40	1.63
automatically	0.40	1.27
feet	0.40	1.70
chain	0.40	1.27
stations	0.40	0.78
identical	0.40	1.37
honor	0.40	1.42
shop	0.40	1.19
business	0.40	1.18
anime	0.40	0.86
method	0.41	1.61
click	0.41	1.33
distinct	0.41	1.85
presidents	0.41	1.24
regarding	0.41	1.87
eastern	0.41	1.06
mario	0.41	1.83
required	0.41	1.63
sleep	0.41	1.73
indian	0.41	1.16
agreed	0.41	2.93
genuine	0.41	1.81
handy	0.41	2.22
flaw	0.41	2.34
sue	0.41	1.32
final	0.41	1.03
members	0.41	1.16
whoever	0.42	1.59
maps	0.42	1.26
multiple	0.42	1.74
poster	0.42	2.08
grandpa	0.42	1.15
bottles	0.42	1.32
grandmother	0.42	1.14
era	0.42	1.07
rain	0.42	1.35
repeated	0.42	1.51
field	0.42	1.15
burned	0.42	1.56
top	0.42	1.60
potential	0.42	1.24
got	0.42	2.31
nearby	0.42	1.23
reasonable	0.42	2.19
neighbor	0.42	1.32
sells	0.42	1.03
temperature	0.42	1.48
widely	0.42	1.73
laugh	0.42	2.67
magnetic	0.42	1.24
bang	0.43	1.40
nowadays	0.43	1.72
bob	0.43	1.27
queen	0.43	1.08
plenty	0.43	1.84
android	0.43	1.19
wishes	0.43	1.63
charity	0.43	1.12
bed	0.43	1.62
army	0.43	1.18
member	0.43	1.11
beard	0.43	1.61
yard	0.43	1.28
uncle	0.43	1.06
obama	0.43	1.24
collective	0.43	1.75
trust	0.43	2.91
wisdom	0.43	1.41
catch	0.43	1.77
calculator	0.43	1.23
chase	0.43	1.46
phase	0.44	1.34
russia	0.44	0.99
tickets	0.44	1.17
irish	0.44	1.48
note	0.44	2.10
condom	0.44	1.38
command	0.44	1.36
invest	0.44	1.13
cultures	0.44	1.26
maintenance	0.44	1.56
equipment	0.44	1.42
symbol	0.44	1.37
applying	0.44	1.57
dig	0.44	1.76
daughter	0.44	1.17
sold	0.44	1.12
scroll	0.44	1.33
providing	0.44	1.84
product	0.44	1.17
asia	0.44	1.05
spoke	0.44	1.71
terrorist	0.44	1.13
several	0.44	1.62
register	0.44	1.34
suggested	0.44	1.30
falls	0.44	1.29
opening	0.44	1.14
masturbate	0.44	1.25
letter	0.44	2.36
linked	0.44	1.48
norway	0.45	1.02
culture	0.45	1.20
furniture	0.45	1.21
government	0.45	1.20
harry	0.45	0.99
tune	0.45	1.20
proving	0.45	2.27
orientation	0.45	1.23
boys	0.45	1.49
80s	0.45	0.92
jones	0.45	1.34
ancient	0.45	1.27
gave	0.45	1.64
differences	0.45	1.78
clubs	0.45	1.20
provides	0.45	1.53
different	0.45	1.99
powers	0.45	1.16
like	0.45	3.57
defined	0.45	1.76
purposes	0.45	1.50
uk	0.46	1.25
winning	0.46	1.27
literal	0.46	2.52
canada	0.46	1.27
unlimited	0.46	1.35
legal	0.46	1.54
z	0.46	2.29
duty	0.46	1.47
western	0.46	1.10
topic	0.46	2.22
name	0.46	1.07
holds	0.46	1.52
block	0.46	1.22
volunteer	0.46	1.22
glasses	0.46	1.81
commercial	0.46	0.97
amen	0.46	1.64
golden	0.46	1.55
she	0.46	1.49
princess	0.46	0.99
designed	0.46	1.75
lyrics	0.46	0.97
plate	0.46	1.24
lee	0.46	0.86
whenever	0.46	2.10
involved	0.46	1.57
60s	0.46	1.15
topics	0.46	2.11
download	0.46	1.18
comedian	0.47	1.69
w	0.47	2.31
girl	0.47	1.64
brb	0.47	2.11
conversations	0.47	1.60
rule	0.47	1.90
territory	0.47	1.76
lame	0.47	2.55
select	0.47	1.42
90s	0.47	1.00
blink	0.47	1.32
warning	0.47	1.45
heat	0.47	1.41
ahead	0.47	1.58
neighbors	0.47	1.29
gates	0.47	1.09
300	0.47	1.25
x	0.47	1.84
believe	0.47	2.12
conversation	0.47	2.09
g	0.47	2.32
j	0.47	2.32
staying	0.47	1.69
10,000	0.47	1.24
commented	0.47	1.93
beer	0.48	1.29
l	0.48	2.32
pray	0.48	1.55
r	0.48	2.32
letting	0.48	1.76
implies	0.48	2.77
fighting	0.48	1.22
military	0.48	1.23
civilization	0.48	1.29
invented	0.48	1.73
o	0.48	2.33
entry	0.48	1.37
pet	0.48	1.63
amp	0.48	2.33
station	0.48	0.82
ideas	0.48	1.89
downvoting	0.48	2.04
suspect	0.48	1.56
certain	0.48	1.85
lawn	0.48	1.59
zealand	0.48	1.20
progress	0.48	1.31
meaningful	0.48	2.01
moms	0.48	1.31
both	0.48	1.85
vs	0.48	1.07
requires	0.48	1.57
commonly	0.48	2.63
these	0.49	1.91
northern	0.49	1.09
pirate	0.49	1.68
forms	0.49	1.82
downvoted	0.49	2.26
grocery	0.49	1.29
filter	0.49	1.48
h	0.49	2.34
ridiculous	0.49	3.34
disney	0.49	0.82
c	0.49	2.34
e	0.49	2.34
q	0.49	2.34
distinction	0.49	2.42
appears	0.49	1.69
occasional	0.49	1.48
action	0.49	1.22
dc	0.49	1.13
f	0.49	2.29
those	0.49	1.94
features	0.49	1.30
preferred	0.49	1.32
vice	0.49	1.12
specific	0.49	1.72
wings	0.50	1.39
odd	0.50	2.93
deadpool	0.50	1.00
solid	0.50	1.94
names	0.50	1.30
japan	0.50	1.00
odds	0.50	1.45
k	0.50	2.30
quick	0.50	1.92
v	0.50	2.21
route	0.50	1.47
ops	0.50	2.37
realization	0.50	1.80
empire	0.50	1.07
sacrifice	0.50	1.65
sexual	0.50	1.24
combat	0.50	1.27
btw	0.50	2.22
gear	0.50	1.32
father	0.50	1.08
fought	0.50	0.94
woke	0.50	1.94
t	0.50	2.30
sources	0.50	1.65
blow	0.50	2.48
comic	0.50	1.01
values	0.50	1.42
tag	0.50	1.42
china	0.51	1.02
online	0.51	1.11
thick	0.51	1.48
id	0.51	1.43
fantasy	0.51	1.06
park	0.51	1.01
ancestor	0.51	1.70
cave	0.51	1.77
legend	0.51	1.01
creative	0.51	2.23
terms	0.51	2.23
browser	0.51	1.31
dimension	0.51	1.38
65	0.52	1.35
dad	0.52	1.16
y	0.52	2.01
count	0.52	2.14
humor	0.52	2.48
primary	0.52	1.11
b	0.52	2.29
p	0.52	2.34
type	0.52	2.01
canon	0.52	0.85
daddy	0.52	1.34
related	0.52	1.96
400	0.52	1.26
europe	0.52	1.03
relationship	0.52	1.23
accepted	0.52	1.85
wife	0.52	1.30
bake	0.52	1.15
passes	0.52	1.36
chris	0.52	1.30
other	0.52	1.88
silver	0.52	1.69
roughly	0.52	1.28
typed	0.53	2.00
n	0.53	2.25
marvel	0.53	0.87
breasts	0.53	1.46
install	0.53	1.55
internet	0.53	1.26
usa	0.53	1.09
mods	0.53	1.71
comparing	0.53	1.55
tragedy	0.53	1.58
hammer	0.53	1.21
map	0.53	1.45
expression	0.53	2.24
breed	0.53	1.40
mail	0.53	1.21
johnson	0.53	1.17
versus	0.53	1.19
radio	0.53	0.75
doesnt	0.54	2.14
observation	0.54	2.25
bird	0.54	1.39
named	0.54	1.06
mexico	0.54	1.05
ball	0.54	1.18
motherfucker	0.54	2.91
walks	0.54	2.26
offense	0.54	2.34
robert	0.54	1.03
congress	0.54	1.24
italy	0.54	1.02
rocket	0.54	1.38
blows	0.54	2.36
ireland	0.54	1.05
girls	0.54	1.67
differ	0.54	1.66
race	0.54	1.36
buys	0.54	1.92
relationships	0.54	1.27
harsh	0.55	1.56
agent	0.55	1.33
amazon	0.55	1.13
societies	0.55	1.25
winner	0.55	1.18
republic	0.55	1.02
explained	0.55	1.75
america	0.55	1.08
sometime	0.55	1.36
email	0.55	1.42
ms	0.55	1.41
states	0.55	1.17
interpretation	0.55	1.99
1	0.55	1.40
media	0.55	1.13
france	0.55	1.05
comes	0.55	2.09
worth	0.55	1.08
rome	0.55	1.16
cross	0.55	1.64
mother	0.55	1.14
accounts	0.55	1.51
shit	0.56	3.21
activity	0.56	1.55
yes	0.56	3.22
appeared	0.56	1.47
attraction	0.56	1.26
returned	0.56	1.35
dies	0.56	2.50
citizens	0.56	1.14
shot	0.56	1.56
mum	0.56	1.60
centuries	0.56	1.26
anal	0.56	1.30
lets	0.56	2.21
followers	0.56	1.32
occasion	0.56	2.20
searching	0.56	1.67
makeup	0.56	1.56
lt	0.56	2.15
version	0.57	1.14
fb	0.57	1.38
150	0.57	1.25
sweden	0.57	1.12
showed	0.57	1.28
sent	0.57	1.46
clicking	0.57	1.38
offer	0.57	1.56
saved	0.57	1.09
sweet	0.57	2.80
goals	0.57	1.20
rice	0.57	1.11
whole	0.57	1.61
cash	0.57	1.24
none	0.57	2.31
chrome	0.57	1.27
pocket	0.58	1.21
kingdom	0.58	1.22
mode	0.58	1.40
kids	0.58	1.20
billion	0.58	1.21
separate	0.58	1.64
democracy	0.58	1.17
miles	0.58	1.26
extension	0.58	1.45
bold	0.58	2.58
pregnant	0.58	1.25
stories	0.58	1.24
hockey	0.58	1.19
lottery	0.58	1.15
gaming	0.58	1.15
ron	0.58	1.11
200	0.58	1.26
various	0.58	1.78
australia	0.58	1.05
decade	0.58	1.31
reliable	0.59	1.76
delete	0.59	1.63
originally	0.59	1.94
trial	0.59	1.84
analogy	0.59	2.23
promote	0.59	1.20
technological	0.59	1.19
cute	0.59	3.41
rules	0.59	1.72
mention	0.59	2.56
70	0.59	1.20
account	0.59	1.50
advice	0.60	1.57
fitting	0.60	2.12
translation	0.60	2.07
90	0.60	1.24
secure	0.60	1.59
skinny	0.60	1.74
offered	0.60	1.52
trillion	0.60	1.15
plays	0.60	0.95
browsing	0.60	1.28
himself	0.60	1.74
claims	0.60	2.01
trees	0.60	1.47
singing	0.60	1.03
pokemon	0.60	1.33
definitions	0.60	2.14
meme	0.60	1.66
constitution	0.60	1.37
deny	0.60	2.02
profile	0.60	1.39
pass	0.61	1.35
european	0.61	1.23
bout	0.61	2.78
dudes	0.61	1.94
subscribe	0.61	1.69
curse	0.61	1.58
governments	0.61	1.25
dare	0.61	1.76
receiving	0.61	1.45
million	0.61	1.21
golf	0.61	1.06
europeans	0.61	1.11
iron	0.61	1.42
round	0.61	1.58
shooting	0.61	1.70
god	0.62	1.68
hired	0.62	1.28
snake	0.62	1.29
store	0.62	1.25
two	0.62	1.48
slight	0.62	2.19
advertising	0.62	1.17
beast	0.62	1.41
partners	0.62	1.19
protect	0.62	1.46
american	0.62	1.46
figures	0.62	1.51
translated	0.62	2.25
owner	0.62	1.39
alpha	0.62	1.36
suck	0.62	2.70
forgive	0.62	2.44
listed	0.62	1.33
lines	0.62	1.34
network	0.62	1.04
religions	0.62	1.44
50	0.63	1.24
minor	0.63	2.51
virtual	0.63	1.17
apps	0.63	1.27
chance	0.63	1.59
premise	0.63	1.82
et	0.63	1.34
played	0.63	0.96
drawn	0.63	1.39
translates	0.63	1.99
iirc	0.63	2.13
pin	0.63	1.59
mythology	0.63	1.05
mile	0.63	1.13
4chan	0.63	1.57
loving	0.64	2.38
gta	0.64	1.18
dollars	0.64	1.15
roots	0.64	1.62
masturbation	0.64	1.30
christians	0.64	1.34
comparable	0.64	1.56
foreign	0.64	1.33
belief	0.64	1.76
australian	0.64	1.73
revolution	0.64	0.95
cap	0.64	1.35
default	0.64	1.49
phone	0.64	1.21
teams	0.64	1.11
practice	0.64	1.57
swing	0.64	0.99
comcast	0.64	1.46
latter	0.64	3.23
variety	0.64	1.73
meals	0.64	1.26
italian	0.64	1.54
conservative	0.64	1.58
sony	0.64	1.07
sports	0.64	1.08
er	0.64	1.73
hilarious	0.65	3.70
herself	0.65	1.39
sooo	0.65	2.44
posts	0.65	1.73
japanese	0.65	1.46
describe	0.65	2.32
res	0.65	1.38
twitter	0.65	1.45
politicians	0.65	1.25
hundred	0.65	1.29
river	0.65	1.70
hug	0.65	1.94
permission	0.65	1.73
agnostic	0.65	1.78
legit	0.65	3.58
meal	0.65	1.30
ugly	0.65	2.36
responses	0.66	2.02
supposedly	0.66	1.56
dont	0.66	2.87
fathers	0.66	1.20
lady	0.66	1.80
80	0.66	1.20
o.o	0.66	1.90
fascinating	0.66	2.94
u.s	0.66	1.11
hang	0.66	2.33
ie	0.66	1.41
web	0.66	1.26
lasts	0.66	1.52
accurately	0.67	2.27
r/theydidthemath	0.67	2.08
brave	0.67	1.53
trailer	0.67	1.06
wins	0.67	1.85
fight	0.67	1.24
williams	0.67	1.09
turkey	0.67	1.20
discussed	0.67	1.44
spirit	0.67	1.67
includes	0.67	1.85
send	0.67	1.50
prince	0.67	0.99
45	0.67	1.29
pretty	0.67	3.13
boy	0.67	2.13
buzzfeed	0.68	1.51
cable	0.68	0.98
twenty	0.68	1.25
observations	0.68	2.05
items	0.68	1.15
central	0.68	1.13
superman	0.68	1.00
united	0.68	1.08
explanation	0.68	2.19
secret	0.68	1.59
club	0.68	1.03
monopoly	0.68	1.33
website	0.68	1.23
nfl	0.68	1.08
speaker	0.68	1.77
per	0.69	1.22
thousand	0.69	1.28
apologize	0.69	3.08
partner	0.69	1.26
dictionary	0.69	2.92
set	0.69	1.50
subs	0.69	1.66
short	0.69	1.26
former	0.69	1.37
story	0.69	1.30
few	0.69	1.30
wild	0.69	1.54
100	0.69	1.30
auto	0.69	2.09
34	0.69	1.33
political	0.69	1.45
amongst	0.69	1.28
necessary	0.70	1.56
websites	0.70	1.12
browse	0.70	1.54
robin	0.70	1.15
burns	0.70	1.09
gif	0.70	1.61
discount	0.70	1.22
ur	0.70	2.73
imgur	0.70	1.47
subreddits	0.70	1.68
casual	0.70	1.59
1000	0.70	1.28
hook	0.70	1.95
simpsons	0.70	1.10
threads	0.70	1.76
adblock	0.70	1.20
countries	0.70	1.23
elected	0.70	1.22
characters	0.70	1.13
belongs	0.70	1.94
frozen	0.71	1.13
pic	0.71	1.56
switch	0.71	1.44
lunch	0.71	1.33
discovery	0.71	0.97
feature	0.71	1.25
campaign	0.71	1.16
remaining	0.71	1.42
fap	0.71	1.99
nsfw	0.71	1.41
absolutely	0.71	3.23
times	0.71	1.33
marks	0.71	2.91
2	0.71	1.27
romans	0.72	1.21
believing	0.72	1.70
list	0.72	1.67
viewing	0.72	1.17
tits	0.72	1.72
sites	0.72	1.13
st	0.72	1.46
post	0.72	1.95
twice	0.72	1.62
pilot	0.72	1.03
takes	0.72	1.29
nation	0.72	1.21
dr	0.72	1.62
managed	0.72	1.89
candidate	0.72	1.21
articles	0.73	1.25
brings	0.73	1.60
eli5	0.73	2.06
series	0.73	1.15
judging	0.73	1.42
porn	0.73	1.08
tasty	0.73	2.79
response	0.73	2.26
pun	0.73	2.49
texts	0.73	1.29
referring	0.74	3.76
says	0.74	2.21
four	0.74	1.41
application	0.74	1.77
steam	0.74	1.20
faith	0.74	1.72
british	0.74	1.50
500	0.74	1.29
rob	0.74	1.15
league	0.74	1.04
chicks	0.74	1.71
greek	0.74	1.92
33	0.74	1.33
pulled	0.74	1.42
words	0.74	3.26
pops	0.74	1.40
three	0.74	1.36
religious	0.74	1.44
scott	0.75	0.94
republicans	0.75	1.20
reddit	0.75	1.64
site	0.75	1.21
ad	0.75	0.97
lovely	0.75	2.07
speak	0.75	1.82
took	0.75	1.38
hmm	0.75	3.04
reposts	0.75	1.77
explode	0.75	1.51
careful	0.76	2.13
atheist	0.76	1.59
past	0.76	1.54
content	0.76	1.54
scheme	0.76	1.94
speakers	0.76	1.72
country	0.76	1.24
smith	0.76	1.41
messages	0.76	1.45
good	0.76	2.75
originated	0.76	1.93
strip	0.76	1.59
official	0.76	1.40
deleted	0.76	1.79
journey	0.76	1.33
thrones	0.76	1.12
loose	0.76	1.70
pause	0.76	1.22
old	0.77	1.22
35	0.77	1.27
olds	0.77	1.24
glorious	0.77	1.39
privacy	0.77	1.41
north	0.77	1.09
importance	0.77	1.81
swedish	0.77	1.78
pro	0.77	1.28
nine	0.77	1.37
murderer	0.77	1.61
counts	0.77	1.67
sounds	0.78	3.68
deer	0.78	1.68
fashion	0.78	1.41
play	0.78	0.98
3	0.78	1.27
sin	0.78	1.59
seven	0.78	1.33
speaking	0.78	2.01
aim	0.78	1.27
kind	0.78	3.65
received	0.78	1.59
nations	0.79	1.24
german	0.79	1.82
spoken	0.79	2.10
jimmy	0.79	1.15
hence	0.79	1.69
traditional	0.79	1.18
muslim	0.79	1.31
language	0.79	2.07
showerthoughts	0.79	1.82
translate	0.79	2.04
subreddit	0.79	1.82
la	0.79	1.25
boobs	0.79	1.54
chinese	0.79	1.56
ready	0.79	2.08
baseball	0.79	1.07
buffalo	0.79	2.18
games	0.79	0.99
after	0.80	1.52
couple	0.80	1.31
five	0.80	1.37
lately	0.80	1.88
sub	0.80	1.82
needed	0.80	1.89
thirty	0.80	1.31
word	0.80	3.35
comics	0.80	0.79
decades	0.80	1.34
basketball	0.80	1.22
liberal	0.80	1.27
protection	0.80	1.35
tip	0.81	1.43
formula	0.81	1.43
reincarnation	0.81	1.55
boob	0.81	1.40
soccer	0.81	1.34
dutch	0.81	1.86
wake	0.81	1.80
serial	0.81	1.47
interests	0.82	1.28
latin	0.82	2.36
russian	0.82	1.59
philosophical	0.82	2.12
sends	0.82	1.63
within	0.82	1.26
woman	0.82	1.69
joe	0.82	1.29
animated	0.82	1.04
naked	0.82	1.86
present	0.82	1.95
six	0.82	1.32
earned	0.83	1.19
needs	0.83	2.17
pics	0.83	1.72
r/showerthoughts	0.83	1.83
families	0.83	1.12
consideration	0.83	1.39
won	0.83	1.01
republican	0.84	1.16
ultimate	0.84	0.95
sheer	0.84	1.59
page	0.84	1.49
silent	0.84	2.46
eight	0.84	1.30
scenes	0.84	1.01
testament	0.84	1.31
each	0.84	1.47
freeze	0.84	1.22
illuminati	0.84	2.27
congratulations	0.85	1.52
user	0.85	1.44
photos	0.85	1.52
islam	0.85	1.36
training	0.85	1.35
spending	0.85	1.17
definition	0.85	2.78
cartoon	0.85	0.96
derived	0.85	2.36
voted	0.85	1.37
60	0.85	1.25
xbox	0.85	1.34
20	0.85	1.25
spanish	0.86	1.82
ten	0.86	1.29
wide	0.86	1.42
nude	0.86	1.54
sport	0.86	1.21
president	0.86	1.23
mentions	0.86	1.56
40	0.86	1.25
rest	0.87	1.30
religion	0.87	1.56
native	0.87	1.41
phrase	0.87	3.05
french	0.87	2.07
confusion	0.87	1.92
beach	0.87	1.38
fifth	0.87	1.24
guy	0.87	1.80
wizard	0.88	1.31
join	0.88	1.48
popped	0.88	2.12
king	0.88	1.10
search	0.88	1.47
magical	0.88	1.31
emphasis	0.88	3.17
app	0.89	1.22
insight	0.89	1.79
must	0.89	2.48
5	0.89	1.26
thor	0.89	1.04
initially	0.89	1.48
players	0.89	1.20
reposted	0.89	1.79
years	0.89	1.28
prize	0.89	1.35
replies	0.89	1.97
mall	0.89	1.36
later	0.90	1.38
christ	0.90	1.58
minds	0.90	2.17
hollywood	0.90	0.88
googled	0.90	1.99
comments	0.90	1.86
christianity	0.90	1.36
mid	0.90	1.22
18	0.90	1.24
32	0.90	1.30
pronunciation	0.90	2.83
matches	0.90	1.05
tyson	0.91	1.52
team	0.91	1.24
refer	0.91	2.46
seriously	0.91	3.31
links	0.91	1.35
origins	0.91	1.64
context	0.91	2.91
bible	0.91	1.41
football	0.91	1.26
aka	0.91	1.37
minute	0.91	1.25
askreddit	0.91	1.89
player	0.91	1.22
referencing	0.91	1.26
furthermore	0.91	1.64
format	0.91	1.89
happily	0.91	1.12
posted	0.91	1.75
continues	0.92	1.30
strictly	0.92	1.44
10	0.92	1.26
classic	0.92	0.96
quote	0.92	1.07
snap	0.92	1.53
sentences	0.92	2.64
ninja	0.92	1.20
bucks	0.92	1.19
super	0.92	2.35
funeral	0.93	1.14
hmmm	0.93	2.08
understands	0.93	2.87
alert	0.94	1.52
u	0.94	2.43
vote	0.94	1.22
award	0.94	1.30
deserves	0.94	1.45
saves	0.94	1.16
brian	0.94	1.72
meaning	0.94	2.80
arrive	0.94	1.51
appeal	0.94	1.17
description	0.94	2.08
upvoted	0.95	1.79
neil	0.95	1.38
knows	0.95	2.96
beat	0.95	1.64
describing	0.95	2.55
google	0.95	1.47
news	0.95	0.97
de	0.95	1.43
interesting	0.95	3.27
popular	0.96	0.97
wikipedia	0.96	1.36
son	0.96	1.46
fox	0.96	0.92
shoe	0.96	1.38
everyday	0.96	1.41
clear	0.96	3.10
accent	0.96	1.84
celebrity	0.96	1.18
karma	0.96	1.66
use	0.97	2.39
dvd	0.97	1.02
swear	0.97	2.39
6	0.97	1.26
slang	0.97	2.62
21	0.97	1.28
einstein	0.98	1.53
15	0.98	1.27
guys	0.98	2.56
rekt	0.98	2.44
win	0.98	1.07
ads	0.98	0.91
repost	0.98	1.83
25	0.98	1.27
bitch	0.98	2.43
thoughts	0.98	2.08
section	0.98	1.29
structure	0.98	2.19
27	0.98	1.32
thread	0.98	1.80
korea	0.98	1.18
scene	0.98	1.16
jesus	0.98	1.53
seconds	0.99	1.30
whatnot	0.99	1.43
leader	0.99	1.27
blowing	0.99	2.42
grand	0.99	1.21
origin	0.99	2.50
roman	0.99	1.17
tale	1.00	1.13
please	1.00	2.41
rush	1.00	1.50
8	1.00	1.27
wing	1.00	1.19
worthy	1.00	1.64
wants	1.00	2.96
wording	1.00	2.68
everybody	1.00	2.84
ama	1.00	1.75
cooler	1.01	1.89
patrick	1.01	1.02
struggle	1.01	2.20
game	1.01	1.12
wise	1.01	1.32
mark	1.01	1.83
16	1.02	1.28
tries	1.02	2.76
4	1.02	1.27
armor	1.02	1.34
fourth	1.02	1.17
famous	1.02	1.03
spoiler	1.02	1.60
waited	1.02	1.29
rhyme	1.03	1.93
deserve	1.03	1.29
greatest	1.03	2.90
footage	1.03	0.99
available	1.03	1.55
yours	1.03	2.08
reads	1.04	1.83
30	1.04	1.29
languages	1.04	2.26
leaders	1.04	1.18
intellectual	1.04	1.53
sees	1.04	2.84
fan	1.04	0.85
korean	1.04	1.08
master	1.05	1.31
26	1.05	1.33
wasted	1.05	1.28
ive	1.05	3.15
parties	1.05	1.57
23	1.05	1.32
commenting	1.06	2.00
walmart	1.06	1.49
posting	1.06	1.84
century	1.06	1.35
jr	1.06	1.39
receive	1.06	1.40
family	1.06	1.03
votes	1.06	1.37
decides	1.06	2.83
john	1.06	0.96
checks	1.07	1.40
eve	1.07	1.66
fixing	1.07	2.40
second	1.07	1.55
hipster	1.07	1.16
stores	1.07	1.43
7	1.07	1.29
appropriate	1.07	2.20
english	1.07	2.24
im	1.07	3.19
sayin	1.07	2.16
comment	1.08	2.18
late	1.08	1.41
commercials	1.08	0.84
hail	1.08	1.44
9	1.08	1.29
22	1.08	1.33
17	1.09	1.31
dance	1.09	1.25
prime	1.09	1.20
credits	1.09	0.99
happier	1.10	2.99
references	1.10	1.16
period	1.10	1.36
minutes	1.10	1.32
snow	1.10	1.47
easiest	1.11	3.00
ago	1.11	1.31
asks	1.11	2.88
meanings	1.11	2.82
term	1.11	3.02
partially	1.11	3.43
fuck	1.11	3.35
christian	1.12	1.40
11	1.12	1.31
fyi	1.12	1.96
early	1.13	1.31
fancy	1.13	1.18
pure	1.13	1.54
joke	1.13	2.29
refers	1.13	2.36
gon	1.13	3.00
sales	1.13	1.30
trick	1.13	1.28
19	1.13	1.33
statement	1.13	3.64
12	1.14	1.30
sadly	1.14	2.17
wan	1.14	2.76
fights	1.14	1.07
addition	1.15	2.23
cartoons	1.16	1.04
imo	1.16	2.45
pls	1.16	1.86
mary	1.17	1.42
church	1.17	1.43
loses	1.17	1.52
beautiful	1.17	3.10
28	1.17	1.36
mitch	1.17	1.92
14	1.17	1.34
2001	1.18	1.51
wat	1.18	2.71
totally	1.18	3.18
skip	1.18	0.93
upvotes	1.18	1.75
tells	1.18	2.82
24	1.18	1.32
mobile	1.19	1.70
retail	1.19	1.60
playing	1.19	0.84
band	1.19	0.75
season	1.19	1.07
na	1.20	2.99
hero	1.20	1.34
virgin	1.20	1.32
called	1.20	1.64
dinner	1.20	1.65
speaks	1.21	2.01
spoilers	1.21	1.16
downvotes	1.21	1.84
cheat	1.21	2.99
video	1.21	0.99
hot	1.22	1.87
videos	1.22	1.02
tv	1.22	1.07
watch	1.22	1.11
wait	1.23	2.81
world	1.23	2.99
fairy	1.23	1.07
interview	1.23	1.02
sale	1.23	1.42
gt	1.23	2.25
clap	1.23	1.83
television	1.23	1.02
13	1.23	1.37
le	1.23	1.78
reply	1.24	2.24
dog	1.24	2.37
acceptable	1.24	3.02
sorry	1.24	2.92
reviews	1.24	1.26
episodes	1.24	1.08
mandatory	1.25	1.32
channels	1.25	1.00
calls	1.25	2.66
profound	1.25	2.46
lmao	1.25	2.51
fedora	1.26	1.56
weeks	1.26	1.30
imply	1.26	3.59
documentary	1.26	1.04
shows	1.26	1.08
rip	1.27	1.49
stranger	1.27	1.72
captain	1.27	1.26
fucking	1.27	3.47
batman	1.27	0.87
2012	1.28	1.58
r/shittyaskscience	1.28	2.11
suggestion	1.28	1.94
according	1.28	1.39
pockets	1.28	1.52
u/changetip	1.28	1.98
banging	1.29	1.30
info	1.29	1.69
phrases	1.29	2.77
adventure	1.29	1.06
another	1.30	3.06
redditor	1.30	1.82
shift	1.30	1.63
finds	1.31	2.63
hedberg	1.31	1.77
bud	1.31	2.45
voting	1.31	1.33
suggests	1.31	1.72
netflix	1.32	1.03
till	1.32	1.72
catholic	1.32	1.38
crush	1.32	1.06
seasons	1.32	1.02
politically	1.32	3.22
form	1.33	2.52
belong	1.33	1.85
superior	1.33	1.25
eats	1.33	2.56
vsauce	1.33	1.74
adjective	1.33	2.94
episode	1.33	1.18
bat	1.33	1.27
describes	1.34	1.68
r/outside	1.34	1.94
shower	1.34	2.83
duh	1.34	2.46
youtube	1.34	0.97
ladies	1.35	1.88
share	1.35	1.50
months	1.35	1.38
whereas	1.35	1.21
clarity	1.36	2.32
third	1.36	1.32
confirmed	1.36	1.68
jewish	1.36	1.28
usage	1.37	3.16
hah	1.37	2.29
tips	1.37	1.44
channel	1.37	1.02
next	1.38	1.54
during	1.38	1.68
misunderstanding	1.39	3.25
meta	1.39	2.76
using	1.39	3.59
mistakes	1.40	2.77
show	1.40	1.20
verb	1.40	3.07
intro	1.40	1.05
spent	1.40	1.15
laughed	1.40	2.20
lucky	1.40	3.23
chick	1.41	1.81
recognized	1.42	1.54
ta	1.42	2.87
hurts	1.42	2.46
omg	1.42	2.97
new	1.42	1.10
bless	1.42	1.65
check	1.43	1.93
article	1.43	1.38
lego	1.43	1.74
y'all	1.43	2.74
futurama	1.43	1.12
reference	1.43	1.76
ol	1.44	2.00
okay	1.44	3.03
midnight	1.44	1.99
noun	1.45	2.99
night	1.45	2.05
officially	1.48	1.42
alike	1.49	1.28
coal	1.49	1.43
tbh	1.49	2.42
spongebob	1.49	0.83
dammit	1.49	2.47
gf	1.49	2.45
talks	1.49	2.50
last	1.49	1.52
accurate	1.50	2.81
em	1.50	2.57
schedule	1.50	1.62
indeed	1.50	2.42
watches	1.51	1.14
sentence	1.51	3.83
ai	1.51	2.67
showerthought	1.51	2.08
heh	1.52	2.33
seek	1.52	2.40
helpful	1.52	2.54
prefer	1.52	1.87
federal	1.53	1.45
wut	1.54	2.81
talent	1.54	1.46
m8	1.54	2.64
fun	1.54	3.11
battle	1.54	1.08
clip	1.55	1.01
underwear	1.56	1.79
uhh	1.56	2.73
birth	1.56	1.73
grandfather	1.56	0.90
watching	1.57	1.06
quotes	1.57	1.36
comma	1.57	3.57
um	1.58	2.81
closest	1.58	2.91
election	1.58	1.42
grammar	1.59	3.45
hehe	1.60	2.64
beats	1.61	2.12
dressed	1.61	1.33
confirm	1.61	2.20
yo	1.61	2.74
da	1.61	2.46
checked	1.61	2.12
technically	1.62	3.59
fuckin	1.62	2.55
marketing	1.62	1.80
mr	1.63	1.60
hour	1.63	1.46
believes	1.64	2.53
nights	1.64	2.03
zone	1.64	1.42
excellent	1.64	2.17
vacation	1.64	1.56
every	1.65	1.53
yeah	1.65	3.44
special	1.66	1.33
given	1.66	2.81
hours	1.66	1.50
5th	1.66	1.67
uh	1.66	2.91
morning	1.67	1.90
plural	1.67	3.60
spend	1.68	1.10
shorts	1.68	1.69
jaden	1.68	2.01
enemy	1.68	2.68
spelling	1.69	3.64
dear	1.69	1.71
clever	1.69	3.09
national	1.69	1.43
fails	1.69	1.74
pm	1.69	1.94
belt	1.70	1.58
conceived	1.70	1.67
date	1.70	1.59
ok	1.70	3.36
used	1.70	3.41
chill	1.70	2.51
bot	1.70	2.08
clothes	1.70	1.69
realistic	1.71	2.15
pleasant	1.71	2.41
year	1.71	1.62
party	1.72	1.54
ps	1.73	2.80
britain	1.73	1.00
hey	1.73	2.94
worries	1.74	2.59
29	1.74	1.74
truly	1.74	2.37
impressive	1.74	2.78
dates	1.75	1.24
appreciate	1.75	1.94
thats	1.75	3.46
punctuation	1.75	3.46
yea	1.75	3.08
days	1.75	1.59
mind	1.75	3.10
damn	1.76	3.42
tense	1.76	3.44
evening	1.76	1.98
nah	1.76	3.04
option	1.77	2.51
hat	1.77	1.49
insane	1.77	2.78
gift	1.78	1.60
edited	1.78	2.73
apologies	1.79	2.59
santa	1.79	1.59
xkcd	1.79	2.02
2000	1.79	1.82
pair	1.79	1.71
r/nocontext	1.80	1.89
tho	1.80	2.73
enjoyable	1.80	2.40
formal	1.80	2.88
tomorrow	1.80	1.62
link	1.80	1.65
eh	1.81	2.70
buddy	1.81	2.86
31	1.81	1.78
corrected	1.81	3.25
nipples	1.81	2.14
boots	1.81	1.76
umm	1.81	2.58
rough	1.81	2.13
born	1.82	1.83
holy	1.82	3.12
kidding	1.82	3.35
proper	1.83	3.44
leap	1.83	1.84
ftfy	1.84	1.99
shoes	1.84	1.69
huh	1.84	2.94
week	1.85	1.65
ya	1.85	2.92
neither	1.85	3.25
theme	1.85	0.79
blown	1.85	3.16
congrats	1.86	2.30
missed	1.86	2.28
deep	1.87	3.15
2013	1.87	1.93
socks	1.88	1.73
pants	1.89	1.80
spring	1.89	1.97
cake	1.89	2.83
wtf	1.90	2.97
spare	1.90	1.26
tie	1.90	1.68
dude	1.90	3.35
gifts	1.90	1.93
nope	1.90	3.39
gold	1.91	1.74
man	1.91	2.78
confident	1.92	2.60
wave	1.92	2.52
damnit	1.92	2.62
hello	1.93	1.95
afternoon	1.93	2.11
protected	1.93	2.40
alright	1.93	2.88
nicely	1.93	2.52
uses	1.94	2.86
oops	1.94	2.62
forgot	1.94	2.76
jeans	1.94	1.76
wiki	1.95	1.26
mate	1.95	2.63
dang	1.95	2.71
shirt	1.96	1.75
blew	1.96	3.27
2nd	1.97	1.57
xd	1.97	2.56
bro	1.97	2.93
mask	1.97	1.09
aww	1.98	2.78
clothing	1.98	1.73
worn	1.98	1.75
shopping	1.98	1.99
ahh	1.98	2.49
21st	1.99	1.85
error	1.99	3.12
such	1.99	2.23
wore	2.00	1.67
typo	2.00	2.50
hahaha	2.00	3.21
singular	2.00	3.06
polite	2.01	2.42
sharing	2.02	2.79
shirts	2.02	1.75
upvote	2.02	2.01
20th	2.02	1.93
haha	2.03	3.22
wayne	2.04	1.72
sigh	2.04	2.46
fellow	2.04	1.84
strategy	2.04	2.61
suits	2.05	1.59
whoa	2.05	2.88
conception	2.05	1.70
unique	2.05	2.25
wear	2.06	1.73
wearing	2.06	1.73
driven	2.08	2.04
2015	2.08	2.09
kim	2.08	2.05
lol	2.10	3.20
toys	2.10	0.80
hi	2.10	1.81
surprise	2.10	2.27
oh	2.10	2.75
smooth	2.10	2.45
nevermind	2.10	2.58
saturday	2.11	2.06
cheers	2.11	2.50
mistake	2.12	3.09
april	2.12	2.10
reminds	2.12	1.63
wears	2.13	1.41
obligatory	2.13	1.89
monday	2.13	2.17
september	2.14	2.09
summer	2.15	2.03
3rd	2.15	1.27
aw	2.15	2.66
1st	2.15	1.94
march	2.16	2.11
jim	2.16	1.82
ah	2.17	2.69
columbus	2.17	2.15
4th	2.18	1.95
sing	2.18	2.46
august	2.19	2.15
lost	2.19	2.03
title	2.20	2.75
2014	2.20	2.11
january	2.20	2.08
february	2.22	2.12
october	2.22	2.11
comedy	2.23	1.61
sir	2.23	2.14
wedding	2.23	1.61
woah	2.23	3.10
badass	2.25	2.33
warm	2.26	2.43
winter	2.26	2.11
tradition	2.26	1.82
december	2.26	2.15
til	2.27	2.31
month	2.28	2.04
luck	2.28	2.19
sunday	2.29	2.29
spends	2.30	2.13
thanks	2.31	2.43
sexy	2.32	2.46
november	2.33	2.21
fixed	2.33	2.83
correction	2.33	2.99
calendar	2.34	2.14
dress	2.36	1.65
cool	2.36	3.00
genius	2.36	2.81
weekend	2.37	2.32
yep	2.39	2.95
stands	2.40	2.13
friday	2.42	2.41
watched	2.43	2.05
thank	2.45	2.04
10/10	2.46	1.36
yup	2.48	2.86
foundation	2.48	1.68
july	2.48	2.40
anyways	2.50	1.81
friendly	2.50	2.63
bruce	2.50	1.49
brilliant	2.54	2.84
edit	2.57	2.86
tight	2.59	2.45
generic	2.60	1.60
respect	2.61	1.77
wow	2.62	2.85
smile	2.69	2.27
thanksgiving	2.70	2.97
un	2.73	2.01
enjoyed	2.76	1.92
neat	2.76	2.52
presents	2.76	2.74
advance	2.77	1.66
christmas	2.77	2.88
celebrate	2.78	2.95
holidays	2.79	2.91
holiday	2.79	2.89
celebrating	2.80	2.83
day	2.80	2.92
birthday	2.82	2.97
birthdays	2.83	2.98
romantic	2.85	1.73
likewise	2.85	1.46
ooh	2.89	2.15
halloween	2.89	2.69
enjoy	2.90	1.54
convincing	2.93	1.96
calm	2.93	2.32
relevant	2.96	2.33
kiss	2.98	1.68
great	3.00	1.52
dat	3.07	2.17
favourite	3.12	1.34
epic	3.12	1.60
ha	3.13	2.39
suit	3.20	2.02
wish	3.25	2.26
miss	3.31	1.66
incredible	3.32	1.58
explains	3.34	1.44
username	3.36	1.88
nerd	3.52	1.28
welcome	3.60	1.34
favorite	3.60	1.19
