shitty	-5.71	1.86
interface	-5.54	2.22
clunky	-5.45	1.74
arrogant	-5.39	1.39
deserves	-5.32	1.37
sided	-5.27	1.95
dealing	-5.16	1.71
hearing	-5.10	1.81
douche	-4.98	1.77
hatred	-4.89	2.27
ugh	-4.80	1.85
torture	-4.75	2.04
racists	-4.74	2.61
hating	-4.72	2.39
worse	-4.45	1.87
suck	-4.32	2.02
kicked	-4.27	2.63
murdering	-4.27	2.25
arent	-4.21	2.73
parent	-4.16	2.38
murderer	-3.99	2.32
slaying	-3.96	2.82
dislike	-3.90	1.99
betrayed	-3.89	2.43
suffer	-3.89	2.09
treated	-3.87	2.37
racist	-3.86	2.40
talks	-3.86	2.60
lead	-3.85	2.34
ui	-3.77	2.42
damned	-3.77	1.95
wins	-3.73	2.49
worthy	-3.72	2.14
dealt	-3.70	3.02
freaked	-3.68	2.32
despite	-3.65	2.13
elves	-3.64	2.72
vanilla	-3.62	2.27
crappy	-3.62	2.51
garbage	-3.61	1.98
believes	-3.60	2.72
painful	-3.58	2.06
kill	-3.58	2.55
attitude	-3.58	2.24
tends	-3.56	2.33
resulting	-3.54	2.38
basic	-3.53	2.35
improve	-3.52	2.56
importantly	-3.52	2.13
likes	-3.51	3.07
poor	-3.47	1.94
siding	-3.44	1.62
trash	-3.39	2.25
mainly	-3.37	2.21
spinning	-3.37	2.46
alone	-3.33	2.99
killed	-3.32	2.63
talk	-3.31	2.58
assholes	-3.30	2.49
acting	-3.29	2.35
dicks	-3.27	2.38
nightmares	-3.26	2.15
thinks	-3.20	2.93
imperials	-3.20	1.72
maven	-3.19	2.70
vs	-3.19	2.74
bard	-3.18	2.55
speaks	-3.18	2.61
annoys	-3.16	2.26
guilty	-3.15	2.36
ending	-3.15	2.99
stands	-3.14	2.63
silly	-3.10	2.24
stormcloaks	-3.10	1.69
delphine	-3.08	2.67
pathetic	-3.07	2.55
alien	-3.07	2.39
nazis	-3.06	2.39
doctor	-3.05	2.38
initially	-3.02	2.40
scenario	-2.99	2.36
stupid	-2.97	2.22
single	-2.96	2.75
killing	-2.95	1.64
swear	-2.94	2.39
notes	-2.89	3.32
doom	-2.89	2.51
tiny	-2.88	3.09
terms	-2.88	2.42
blame	-2.87	2.27
wants	-2.84	3.22
knows	-2.83	3.14
racism	-2.80	1.87
murder	-2.80	1.30
surprise	-2.80	2.67
menus	-2.79	1.60
unplayable	-2.79	2.28
sound	-2.77	2.04
wasnt	-2.76	2.53
legitimately	-2.74	2.51
e.g	-2.73	2.57
winning	-2.73	1.38
stormcloak	-2.70	1.71
mudcrab	-2.69	3.34
angry	-2.69	2.61
ignorant	-2.68	1.79
hence	-2.65	2.20
complain	-2.63	2.92
struck	-2.63	2.88
jerk	-2.62	1.82
worthless	-2.61	2.08
explode	-2.61	2.21
awkward	-2.60	2.41
piss	-2.59	2.57
felt	-2.59	2.45
side	-2.58	1.71
won	-2.56	1.52
joining	-2.54	1.75
bastards	-2.53	2.64
dumb	-2.52	2.44
ideal	-2.51	2.34
supports	-2.50	2.48
nords	-2.49	2.02
helping	-2.49	3.01
therefore	-2.45	2.33
tells	-2.43	2.21
prove	-2.42	3.56
assumed	-2.42	2.67
scare	-2.41	2.73
hints	-2.41	3.28
joined	-2.38	1.65
join	-2.37	1.68
fucks	-2.36	2.72
innocent	-2.35	1.16
nightmare	-2.32	2.24
rebellion	-2.30	1.68
everybody	-2.30	3.03
plays	-2.30	3.28
justify	-2.30	1.78
controls	-2.29	1.58
bad	-2.29	2.53
slaughter	-2.28	1.50
confusing	-2.28	2.32
beating	-2.27	1.69
freak	-2.25	2.52
victory	-2.25	1.41
cares	-2.24	2.35
win	-2.23	1.57
annoyed	-2.22	2.22
boys	-2.21	3.13
screwed	-2.20	3.38
sick	-2.19	2.17
solely	-2.18	1.31
rebels	-2.18	1.69
wonder	-2.16	3.16
thalmor	-2.16	1.76
asshole	-2.16	1.84
possibly	-2.15	2.45
except	-2.15	2.74
meet	-2.14	1.97
fucked	-2.13	2.66
murdered	-2.13	1.40
fought	-2.12	1.75
genuinely	-2.09	2.95
execute	-2.09	1.57
war	-2.08	1.60
asks	-2.05	2.19
fighting	-2.05	1.63
letting	-2.00	1.70
ulfric	-1.98	1.84
hungry	-1.98	1.59
kills	-1.97	1.86
sides	-1.97	1.73
poorly	-1.97	2.22
friendly	-1.95	2.67
orcs	-1.95	2.02
wipe	-1.95	1.63
act	-1.94	1.49
nobody	-1.92	2.40
genocide	-1.92	1.78
who	-1.91	2.26
talking	-1.91	3.83
yelling	-1.91	1.93
legion	-1.91	1.60
bothers	-1.91	3.24
calling	-1.90	1.90
ugly	-1.90	2.00
coolest	-1.89	2.37
altmer	-1.89	2.00
slay	-1.88	1.68
attacking	-1.88	2.09
forgetting	-1.87	3.87
says	-1.86	2.10
dunmer	-1.86	1.73
hud	-1.86	1.53
civil	-1.86	1.79
ihud	-1.85	1.58
independence	-1.85	1.67
humanity	-1.85	1.22
supporting	-1.82	1.54
mood	-1.82	2.62
skyui	-1.81	1.57
decides	-1.80	1.90
legate	-1.80	1.71
bitch	-1.80	2.78
towards	-1.78	1.65
rescue	-1.77	1.89
rikke	-1.77	1.72
tullius	-1.75	1.68
mercer	-1.75	1.96
argonians	-1.75	1.99
assassinate	-1.75	1.86
wiped	-1.74	1.77
savage	-1.74	1.68
support	-1.73	1.54
nazi	-1.73	1.70
clearly	-1.73	3.76
mcm	-1.73	1.60
revenge	-1.72	1.46
rude	-1.72	1.70
idiot	-1.72	1.73
dick	-1.71	1.99
ancano	-1.70	1.56
dies	-1.70	1.95
arguing	-1.69	4.20
defeating	-1.69	1.58
aside	-1.69	1.61
menu	-1.69	1.50
army	-1.69	1.49
spawned	-1.69	1.67
arrest	-1.69	1.54
tries	-1.69	2.17
galmar	-1.68	1.79
acts	-1.68	1.46
absolute	-1.68	2.45
captain	-1.67	1.43
creepy	-1.67	2.38
imperial	-1.66	1.62
talked	-1.66	2.16
proud	-1.66	1.66
esbern	-1.64	1.72
told	-1.64	2.42
attacked	-1.63	1.87
raped	-1.63	1.48
pride	-1.62	1.38
repetitive	-1.62	1.39
better	-1.62	1.60
sees	-1.61	2.97
faction	-1.60	1.85
doing	-1.59	4.37
forces	-1.59	1.48
deserve	-1.59	1.35
mentions	-1.58	1.97
annoying	-1.58	2.22
boring	-1.58	1.47
prisoners	-1.58	1.46
seek	-1.56	1.33
noble	-1.56	1.38
desire	-1.56	1.64
humans	-1.54	1.94
remind	-1.54	2.61
empire	-1.53	1.45
destroy	-1.53	1.56
ralof	-1.53	1.66
old	-1.53	1.42
chose	-1.53	1.92
beat	-1.52	2.22
convince	-1.52	2.25
victims	-1.52	1.48
useless	-1.52	1.48
models	-1.51	1.40
crime	-1.51	1.40
confused	-1.51	2.90
refugees	-1.51	1.90
hadvar	-1.51	1.60
counter	-1.51	1.42
owned	-1.51	1.32
executed	-1.51	1.59
treat	-1.50	1.52
complicated	-1.50	2.61
defeat	-1.50	1.78
orsimer	-1.49	1.88
thinking	-1.49	3.92
calls	-1.49	1.82
attack	-1.49	1.81
pointless	-1.49	1.61
rumors	-1.48	1.68
fat	-1.48	1.30
bare	-1.48	1.18
unnecessary	-1.48	1.42
saying	-1.47	4.50
longest	-1.47	3.16
contact	-1.47	1.45
designed	-1.47	1.39
dat	-1.46	2.40
redguards	-1.46	1.87
missing	-1.46	4.36
improves	-1.45	1.57
about	-1.45	4.43
ridiculous	-1.45	1.97
mer	-1.45	1.90
presumably	-1.45	1.64
execution	-1.45	1.43
model	-1.44	1.35
actively	-1.44	1.75
themselves	-1.43	2.17
rebel	-1.43	1.72
encounter	-1.43	1.84
scum	-1.43	1.80
suspect	-1.42	3.59
fight	-1.42	1.73
gameplay	-1.41	1.59
species	-1.41	1.59
aid	-1.40	1.73
being	-1.40	2.53
biggest	-1.40	3.11
races	-1.40	1.94
leaves	-1.40	1.23
typical	-1.40	1.29
outdated	-1.39	1.28
chased	-1.39	1.71
shits	-1.39	1.33
strikes	-1.39	1.41
outright	-1.39	1.98
lying	-1.38	1.59
quarter	-1.38	1.53
meeting	-1.38	1.67
fights	-1.37	1.31
animations	-1.37	1.28
obsessed	-1.37	1.59
paarthunax	-1.37	1.71
slaves	-1.36	1.55
farengar	-1.36	1.61
configuration	-1.35	1.55
race	-1.35	1.88
everyone	-1.35	2.59
slaughtered	-1.34	1.51
stealing	-1.34	1.83
spy	-1.33	1.49
system	-1.33	1.42
spoke	-1.33	1.89
going	-1.33	4.48
united	-1.32	1.33
m'aiq	-1.32	1.31
stabbed	-1.32	1.52
karliah	-1.32	1.85
lie	-1.31	2.02
met	-1.31	2.11
telling	-1.31	3.18
necromancers	-1.31	1.51
black-briar	-1.31	1.97
noise	-1.31	1.40
destroyed	-1.31	1.63
dull	-1.31	1.46
gone	-1.30	4.12
stress	-1.30	1.39
self	-1.30	1.65
sacrament	-1.30	1.44
knowing	-1.30	2.80
aggro	-1.30	2.12
upset	-1.30	2.97
compare	-1.30	1.55
dying	-1.29	1.88
bretons	-1.29	1.83
scary	-1.29	2.50
soldier	-1.28	1.56
re	-1.28	4.48
troops	-1.28	1.49
bee	-1.27	1.31
prisoner	-1.27	1.56
investigate	-1.27	1.64
broken	-1.26	1.57
soldiers	-1.26	1.67
aldmeri	-1.25	1.43
student	-1.25	1.45
astrid	-1.25	1.88
military	-1.25	1.31
chase	-1.24	1.76
eaten	-1.24	1.29
leaders	-1.23	1.64
finishing	-1.22	2.42
tendency	-1.22	1.52
caravans	-1.21	1.34
held	-1.20	1.28
supposed	-1.20	4.51
claimed	-1.20	1.85
crimes	-1.20	1.52
strongest	-1.20	3.15
protect	-1.20	1.97
bosmer	-1.20	1.78
delvin	-1.20	1.87
forcing	-1.19	1.84
college	-1.19	1.59
elf	-1.19	1.80
immersed	-1.18	2.49
else	-1.18	2.90
hides	-1.18	1.35
sarcastic	-1.18	2.29
weakened	-1.18	1.42
alliance	-1.18	1.52
mysterious	-1.17	1.46
members	-1.17	1.66
zoom	-1.16	1.29
forsworn	-1.16	1.60
jarl	-1.15	1.84
peasant	-1.15	1.63
eats	-1.15	1.23
braith	-1.15	1.82
complaining	-1.15	2.71
faced	-1.15	1.78
defend	-1.15	2.04
owns	-1.14	2.91
has	-1.14	2.44
horribly	-1.14	1.56
insult	-1.13	1.96
comparing	-1.13	2.20
hide	-1.13	1.39
greatly	-1.12	1.50
nothing	-1.12	4.39
hear	-1.12	1.60
sucked	-1.12	1.51
yell	-1.12	2.36
speak	-1.12	2.01
leading	-1.11	1.37
theives	-1.11	1.79
balgruuf	-1.11	1.75
compass	-1.11	1.47
risk	-1.10	2.14
blind	-1.10	1.60
prefers	-1.10	1.26
chief	-1.10	1.44
arrested	-1.10	1.66
live	-1.09	1.93
beliefs	-1.09	1.58
criminal	-1.09	1.72
chasing	-1.09	1.78
missions	-1.08	2.35
anybody	-1.08	2.88
sends	-1.08	1.66
titus	-1.08	1.38
strike	-1.08	1.36
corruption	-1.07	1.43
bag	-1.07	1.48
against	-1.07	1.64
burning	-1.07	1.48
leader	-1.06	1.70
claim	-1.06	1.94
sure	-1.06	4.49
defeated	-1.06	1.62
dominion	-1.06	1.39
rob	-1.06	1.61
wood	-1.06	1.75
cursed	-1.06	1.72
heimskr	-1.06	1.77
traps	-1.05	1.45
punishment	-1.05	1.48
ear	-1.05	1.29
assassination	-1.05	1.31
factions	-1.05	1.73
lonely	-1.04	2.74
supported	-1.04	1.70
racial	-1.04	1.68
farmer	-1.04	1.35
slain	-1.04	1.62
puts	-1.04	1.17
guild	-1.04	1.89
helm	-1.03	1.65
tell	-1.03	3.27
conflict	-1.03	2.17
cried	-1.03	1.50
paarthurnax	-1.03	1.89
secretly	-1.02	1.58
brynjolf	-1.02	1.78
uses	-1.02	1.85
member	-1.02	1.66
pretend	-1.02	2.47
stood	-1.02	1.75
attempting	-1.02	2.39
basics	-1.02	1.68
frustrated	-1.02	2.11
drug	-1.02	1.32
bastard	-1.02	1.79
ambush	-1.01	1.63
survived	-1.01	1.66
scream	-1.01	1.68
quests	-1.01	2.34
spawn	-1.01	1.86
alive	-1.01	2.09
horn	-1.00	1.99
patrol	-1.00	1.61
kid	-1.00	1.45
superior	-1.00	1.38
latter	-1.00	1.49
ysgramor	-1.00	1.32
failed	-0.99	1.48
what	-0.99	4.52
bards	-0.99	1.28
radiant	-0.99	2.34
tears	-0.99	1.47
by	-0.99	1.95
ex	-0.98	1.18
berserker	-0.98	1.50
brotherhood	-0.98	1.80
law	-0.98	1.59
breathing	-0.98	1.53
asset	-0.98	1.80
justice	-0.98	1.46
listen	-0.98	1.24
destroying	-0.98	1.56
besides	-0.97	1.63
speaking	-0.97	1.69
armies	-0.97	1.43
smoother	-0.97	1.59
khajiits	-0.97	1.71
storyline	-0.97	2.38
bullshit	-0.97	1.67
kicking	-0.97	1.69
stand	-0.97	2.77
jurgen	-0.96	2.01
passive	-0.96	1.55
hitler	-0.96	1.69
group	-0.96	1.69
him/her	-0.96	1.98
flip	-0.96	1.71
thieves	-0.96	2.00
cultists	-0.96	1.60
dead	-0.95	1.67
killer	-0.95	1.32
mede	-0.95	1.37
attempts	-0.94	1.71
overhauls	-0.94	1.57
fog	-0.94	1.32
truth	-0.94	1.71
messing	-0.94	2.46
escape	-0.94	1.61
leave	-0.94	2.38
sits	-0.94	1.98
tm	-0.94	1.43
scales	-0.94	1.54
strongly	-0.94	1.68
tired	-0.94	2.11
happening	-0.93	3.36
smell	-0.93	1.48
buggy	-0.93	1.55
ingame	-0.93	1.81
defending	-0.93	1.87
sight	-0.93	1.75
hostile	-0.93	1.73
feed	-0.92	1.79
track	-0.92	1.59
tolfdir	-0.92	1.89
general	-0.92	1.52
one-shot	-0.92	1.69
slow	-0.92	1.34
finish	-0.92	2.45
folk	-0.92	1.40
khajiit	-0.92	1.59
inferior	-0.92	1.50
skeevers	-0.91	1.58
unrealistic	-0.91	1.44
redguard	-0.91	1.58
puppet	-0.91	1.42
apparent	-0.91	1.85
chamber	-0.91	1.42
grelod	-0.91	1.63
sticking	-0.91	1.48
singing	-0.91	1.16
hunt	-0.90	1.59
and/or	-0.90	1.45
pissed	-0.90	2.14
concordat	-0.90	1.29
dark	-0.90	1.77
survive	-0.90	2.05
claiming	-0.90	2.29
ratway	-0.90	1.57
standing	-0.90	2.04
grown	-0.89	1.38
judging	-0.89	1.62
path	-0.89	1.46
nazeem	-0.89	2.02
commit	-0.89	1.52
underneath	-0.89	1.79
spawning	-0.89	1.78
belongs	-0.89	1.89
questline	-0.89	2.07
coming	-0.89	2.94
differently	-0.88	1.80
trying	-0.88	3.48
ambushed	-0.88	1.72
guilds	-0.88	1.87
having	-0.88	3.01
y'know	-0.88	1.45
beast	-0.88	1.76
recipes	-0.88	1.65
fuckers	-0.87	1.97
bodies	-0.87	1.43
completing	-0.87	2.43
escaped	-0.87	1.59
disappeared	-0.87	1.70
linear	-0.87	1.33
questlines	-0.87	2.03
care	-0.87	3.26
due	-0.87	1.55
earned	-0.86	1.47
die	-0.86	2.91
bars	-0.86	1.48
shouting	-0.86	2.15
treaty	-0.86	1.33
racemenu	-0.86	1.48
hardest	-0.86	3.02
loud	-0.86	1.57
spriggans	-0.86	1.71
religious	-0.86	1.62
argue	-0.86	2.47
breaking	-0.86	1.90
heard	-0.86	2.43
pull	-0.86	1.75
motherfucker	-0.86	1.69
wishes	-0.85	2.05
supposedly	-0.85	1.58
fighters	-0.85	1.66
absorbed	-0.85	1.58
escaping	-0.85	1.58
actions	-0.85	1.59
apply	-0.85	1.72
ranks	-0.85	1.71
caught	-0.85	1.65
navigate	-0.85	1.71
service	-0.84	1.28
white-gold	-0.84	1.30
stumble	-0.84	1.86
voices	-0.84	1.34
vex	-0.84	1.83
punching	-0.84	1.41
hiding	-0.84	1.60
tales	-0.84	1.38
skeletons	-0.83	1.48
falmer	-0.83	1.67
end	-0.83	2.07
giants	-0.83	1.48
focusing	-0.83	1.47
damage	-0.83	1.55
flee	-0.83	1.77
leaving	-0.83	1.77
thieve	-0.82	2.05
citizens	-0.82	1.69
disappointed	-0.82	2.72
imho	-0.82	2.17
distracted	-0.82	1.64
db	-0.82	1.99
he	-0.82	2.70
right	-0.82	4.35
attempt	-0.81	1.78
serves	-0.81	1.55
dwarves	-0.81	1.61
centuries	-0.81	1.58
promise	-0.81	1.58
sticks	-0.81	1.32
regards	-0.81	1.23
needless	-0.80	1.83
willing	-0.80	3.03
companions	-0.80	1.78
surrounded	-0.80	1.54
complete	-0.80	2.50
driving	-0.80	1.64
hurt	-0.80	2.93
corrupt	-0.80	2.01
stuck	-0.79	1.62
significantly	-0.79	1.53
british	-0.79	1.53
torn	-0.79	1.61
refuse	-0.79	2.16
car	-0.79	1.14
beggar	-0.79	1.37
assault	-0.79	1.54
abandoned	-0.79	1.37
someone	-0.79	2.71
slave	-0.79	1.48
khajit	-0.78	1.59
refused	-0.78	1.78
anyone	-0.78	3.24
animation	-0.78	1.49
knocked	-0.78	1.79
blow	-0.78	1.64
finished	-0.78	2.60
living	-0.78	1.21
careful	-0.78	1.88
either	-0.78	3.35
main	-0.78	2.40
resurrect	-0.77	1.71
spawns	-0.77	1.61
tie	-0.77	1.55
government	-0.77	1.45
surprised	-0.77	2.96
whenever	-0.77	2.50
running	-0.77	3.03
replaces	-0.77	1.41
quest	-0.77	2.37
lies	-0.77	1.67
youre	-0.77	2.24
skooma	-0.76	1.42
whichever	-0.76	1.73
lighthouse	-0.76	1.51
getting	-0.76	3.25
promptly	-0.76	1.77
bandits	-0.76	1.58
guards	-0.76	2.02
now	-0.76	4.33
tend	-0.75	2.32
captured	-0.75	1.64
screw	-0.75	2.00
raising	-0.75	1.71
eater	-0.75	1.35
extreme	-0.75	1.40
fish	-0.74	1.26
landing	-0.74	1.53
allowing	-0.74	2.21
bucket	-0.74	1.53
claims	-0.74	1.75
screaming	-0.74	1.74
moonlight	-0.74	1.53
kick	-0.74	1.97
signed	-0.74	1.33
follows	-0.73	1.45
jagged	-0.73	1.37
slit	-0.73	1.71
witch	-0.73	1.53
user	-0.73	1.48
using	-0.73	3.28
himself	-0.73	2.06
responsible	-0.73	1.57
mean	-0.73	4.37
resurrected	-0.73	1.67
realizing	-0.73	1.88
hrothgar	-0.72	1.65
blades	-0.72	1.76
returned	-0.72	1.75
embassy	-0.72	1.54
weird	-0.72	2.61
finds	-0.72	1.70
magically	-0.72	2.04
interact	-0.72	1.98
jarls	-0.72	1.62
retarded	-0.72	2.42
accent	-0.72	1.42
contract	-0.72	1.58
state	-0.71	1.44
named	-0.71	1.63
instance	-0.71	1.57
favor	-0.71	1.22
event	-0.71	1.77
treasure	-0.71	1.55
somebody	-0.71	2.39
quality	-0.71	1.36
throws	-0.71	1.76
contracts	-0.71	1.70
looted	-0.71	1.78
worried	-0.71	2.59
mission	-0.70	2.12
equivalent	-0.70	1.56
let	-0.70	2.99
bite	-0.70	1.63
resort	-0.70	1.57
lets	-0.70	2.44
upgrading	-0.69	1.71
draugr	-0.69	1.51
sitting	-0.69	1.85
whoever	-0.69	1.80
completed	-0.69	2.40
wasting	-0.69	2.93
access	-0.69	1.56
regular	-0.69	1.46
whose	-0.69	1.31
charge	-0.69	1.54
trust	-0.69	2.55
thankfully	-0.69	1.99
tone	-0.69	1.57
sent	-0.69	1.71
showed	-0.69	2.20
exactly	-0.68	4.32
said	-0.68	3.29
died	-0.68	2.03
wanted	-0.68	3.10
argonian	-0.68	1.59
vendor	-0.68	1.47
couldnt	-0.67	2.78
contain	-0.67	1.64
border	-0.67	1.54
victim	-0.67	1.68
stopping	-0.67	1.86
identical	-0.67	1.62
judge	-0.67	2.72
engage	-0.67	1.91
refers	-0.67	1.95
charged	-0.67	1.66
inclined	-0.67	3.00
violent	-0.67	1.73
secret	-0.67	1.37
spider	-0.67	1.55
glitchy	-0.67	1.68
courier	-0.67	1.74
clan	-0.67	1.56
masters	-0.66	1.98
campaign	-0.66	1.65
practical	-0.66	1.26
heading	-0.66	2.23
rise	-0.66	1.70
transform	-0.66	1.78
bored	-0.66	2.10
potentially	-0.66	1.53
rolled	-0.66	1.59
specifically	-0.66	1.76
reputation	-0.66	1.60
affect	-0.66	2.12
pirate	-0.65	1.32
visit	-0.65	1.94
pick	-0.65	2.23
occasional	-0.65	1.62
applies	-0.65	1.59
line	-0.65	2.05
than	-0.65	1.80
piles	-0.65	1.49
broke	-0.65	1.65
lack	-0.65	1.62
questing	-0.65	2.03
focused	-0.64	1.42
skyrims	-0.64	1.17
non	-0.64	1.72
approached	-0.64	1.72
rape	-0.64	1.32
led	-0.64	1.56
breton	-0.64	1.61
tale	-0.64	1.37
struggle	-0.64	1.39
appeared	-0.63	1.70
mudcrabs	-0.63	1.50
jon	-0.63	1.58
redundant	-0.63	1.64
atleast	-0.63	1.62
joking	-0.63	3.49
starting	-0.63	2.78
woke	-0.63	1.49
discuss	-0.63	2.63
direct	-0.63	1.41
record	-0.63	1.39
hid	-0.63	2.10
ruined	-0.63	1.46
smith	-0.63	1.57
ball	-0.62	1.73
leads	-0.62	1.38
wheel	-0.62	1.33
picking	-0.62	2.01
sells	-0.62	1.62
hammerfell	-0.62	1.31
concerned	-0.62	2.39
lazy	-0.62	1.81
hitting	-0.62	2.20
punch	-0.62	1.71
rid	-0.62	1.57
lines	-0.62	1.49
scared	-0.62	2.41
typically	-0.62	2.03
from	-0.62	2.07
windhelm	-0.62	1.62
spike	-0.62	1.40
received	-0.62	1.79
ultimately	-0.62	1.64
throne	-0.62	1.65
naked	-0.62	1.39
den	-0.62	1.87
belong	-0.62	1.83
physically	-0.61	1.61
orc	-0.61	1.62
constantly	-0.61	1.86
turns	-0.61	1.73
hp	-0.61	1.52
sometimes	-0.61	2.36
swinging	-0.61	1.78
forced	-0.61	2.64
become	-0.61	1.56
asleep	-0.61	1.48
hotkeys	-0.61	1.32
counting	-0.61	1.75
cow	-0.61	1.60
drinker	-0.60	1.76
hit	-0.60	1.80
deals	-0.60	1.33
mages	-0.60	1.61
proceeded	-0.60	2.02
longer	-0.60	1.81
losing	-0.60	1.98
officer	-0.60	1.47
threat	-0.59	1.35
chicken	-0.59	1.64
social	-0.59	1.61
pit	-0.59	1.41
actors	-0.59	1.44
hideout	-0.59	1.65
hunting	-0.59	1.44
central	-0.59	1.54
primarily	-0.59	1.42
facing	-0.59	2.02
snow	-0.59	1.46
hist	-0.59	1.48
harm	-0.59	2.34
agents	-0.59	1.62
further	-0.59	1.55
recognize	-0.58	2.96
mostly	-0.58	1.68
headed	-0.58	2.14
kodlak	-0.58	1.52
completion	-0.58	2.14
fails	-0.58	1.93
alternatively	-0.58	1.75
homeland	-0.58	1.53
rely	-0.58	1.43
whilst	-0.58	1.86
preserve	-0.58	1.43
reduce	-0.58	1.51
ignoring	-0.57	1.80
mannequin	-0.57	1.49
violence	-0.57	1.42
ally	-0.57	1.46
wondering	-0.57	3.17
fuck	-0.57	2.84
break	-0.57	2.43
carriage	-0.57	1.48
mass	-0.57	1.19
preferably	-0.57	1.33
nation	-0.57	1.58
ordered	-0.57	1.68
maintain	-0.57	1.51
follow	-0.57	1.71
gray	-0.57	1.41
unable	-0.57	2.95
purposes	-0.57	1.18
inn	-0.56	1.39
upgrade	-0.56	1.76
freedom	-0.56	1.39
sounded	-0.56	1.44
america	-0.56	1.37
extender	-0.56	1.65
impression	-0.56	1.86
attempted	-0.56	1.94
intentionally	-0.56	1.50
committed	-0.56	1.47
filling	-0.56	1.64
hunter	-0.56	1.51
arrived	-0.56	1.78
continues	-0.56	1.49
usually	-0.56	3.26
conversation	-0.56	1.77
nerd	-0.56	1.48
thugs	-0.56	1.78
frequently	-0.56	2.00
doubt	-0.55	2.50
happens	-0.55	2.63
adventurer	-0.55	1.45
growing	-0.55	1.37
walks	-0.55	1.49
travelling	-0.55	1.57
lizards	-0.55	1.66
gather	-0.55	1.72
successfully	-0.55	1.71
atmora	-0.55	1.58
dropping	-0.55	1.75
him	-0.55	2.59
wanting	-0.55	2.35
conditions	-0.55	1.54
toward	-0.55	2.03
explain	-0.55	3.22
inheritance	-0.55	1.91
exception	-0.55	1.76
elven	-0.55	1.64
encountered	-0.54	2.35
carries	-0.54	1.57
freeze	-0.54	1.57
hidden	-0.54	1.73
pity	-0.54	1.25
attached	-0.54	1.65
flagon	-0.54	1.73
notice	-0.54	3.20
were	-0.54	2.47
standard	-0.54	1.34
between	-0.54	1.76
corpses	-0.54	1.53
4000	-0.53	1.48
fetch	-0.53	1.79
feelings	-0.53	1.59
lair	-0.53	1.82
territory	-0.53	1.72
lizard	-0.53	1.57
return	-0.53	1.85
outcome	-0.53	1.83
bothered	-0.53	2.66
clock	-0.53	1.48
improving	-0.53	1.58
scripted	-0.53	1.53
presence	-0.53	1.62
huntsman	-0.53	1.43
origin	-0.53	1.94
affected	-0.52	1.82
suggests	-0.52	1.92
boost	-0.52	1.51
planet	-0.52	1.41
sky	-0.52	1.37
stance	-0.52	1.45
media	-0.52	1.58
ends	-0.52	1.44
walking	-0.52	2.26
receive	-0.52	1.84
flat	-0.52	1.41
noob	-0.52	2.79
gathering	-0.52	1.53
generic	-0.52	1.48
edges	-0.51	1.34
wolves	-0.51	1.46
spare	-0.51	1.88
crossing	-0.51	1.60
nirnroot	-0.51	1.41
jokes	-0.51	1.52
belethor	-0.51	1.61
cunt	-0.51	1.84
orders	-0.51	1.59
arch	-0.51	1.57
symbol	-0.51	1.66
server	-0.51	1.69
refuses	-0.51	2.04
charging	-0.51	1.61
dragons	-0.51	1.48
choose	-0.51	2.34
jail	-0.51	1.60
tavern	-0.51	1.26
yourself	-0.51	3.30
decided	-0.51	2.87
prepare	-0.50	1.57
palace	-0.50	1.58
accidentally	-0.50	1.87
bloody	-0.50	1.71
elisif	-0.50	1.65
matters	-0.50	2.12
backwards	-0.50	1.68
we	-0.50	3.72
process	-0.50	1.84
rebuild	-0.50	1.55
corpse	-0.50	1.56
both	-0.50	1.97
labyrinthian	-0.50	1.50
camps	-0.50	1.52
laptop	-0.50	1.50
why	-0.50	3.81
archmage	-0.50	1.64
can	-0.49	3.52
butterflies	-0.49	1.63
front	-0.49	2.13
platform	-0.49	1.77
glitched	-0.49	2.20
progress	-0.49	2.01
people	-0.49	3.20
winterhold	-0.49	1.65
rarely	-0.49	2.13
harbinger	-0.49	1.60
battlemage	-0.49	1.58
tall	-0.48	1.50
tradition	-0.48	1.54
shorter	-0.48	1.77
adopted	-0.48	1.59
hunters	-0.48	1.57
foxes	-0.48	1.50
casual	-0.48	1.47
whether	-0.48	3.29
sanctuary	-0.48	1.60
miscellaneous	-0.48	2.27
urge	-0.48	2.38
stab	-0.47	1.73
mage	-0.47	1.58
kinds	-0.47	1.70
alvor	-0.47	1.78
child	-0.47	1.42
prepared	-0.47	3.23
sing	-0.47	1.24
situations	-0.47	1.63
tedious	-0.47	1.64
retrieve	-0.47	1.90
confirmed	-0.47	1.58
becoming	-0.47	1.74
among	-0.47	1.50
caused	-0.47	2.02
leap	-0.47	1.49
addicted	-0.46	1.81
surface	-0.46	1.64
humanoid	-0.46	1.57
allow	-0.46	2.62
rabbit	-0.46	1.59
cursor	-0.46	1.56
amusing	-0.46	2.54
unless	-0.46	3.79
differences	-0.46	1.56
alduin	-0.46	1.63
in-game	-0.46	1.75
helgen	-0.46	1.47
an	-0.46	1.64
battle	-0.46	1.44
deathlords	-0.46	1.51
pause	-0.46	1.37
beasts	-0.46	1.53
improved	-0.45	1.38
everywhere	-0.45	1.88
gamers	-0.45	1.69
burn	-0.45	1.62
ignore	-0.45	1.79
enemy	-0.45	1.57
success	-0.45	1.53
dawnguard	-0.45	1.62
physical	-0.45	1.51
vampires	-0.45	1.56
filthy	-0.45	1.83
cry	-0.45	1.39
conclusion	-0.45	2.23
avoiding	-0.45	2.04
physics	-0.45	1.56
irl	-0.45	1.56
guarantee	-0.45	2.90
result	-0.45	1.62
afraid	-0.45	2.99
docks	-0.45	1.63
emperor	-0.44	1.38
trolls	-0.44	1.48
cheat	-0.44	2.55
death	-0.44	1.54
implying	-0.44	2.54
downside	-0.44	1.73
thieving	-0.44	1.54
stronger	-0.44	1.48
peasants	-0.44	2.06
stops	-0.44	2.00
odahviing	-0.44	1.59
decide	-0.43	2.86
thief	-0.43	1.59
beds	-0.43	1.37
necromancer	-0.43	1.54
court	-0.43	1.58
left	-0.43	2.38
keeping	-0.43	1.94
bugged	-0.43	1.76
solid	-0.43	1.46
assassin	-0.43	1.57
arch-mage	-0.43	1.54
bears	-0.43	1.49
pointing	-0.43	4.00
watchtower	-0.43	1.59
carried	-0.43	1.51
ask	-0.43	2.86
fall	-0.43	1.79
split	-0.42	1.53
spoken	-0.42	1.98
alik'r	-0.42	1.56
involves	-0.42	1.93
begin	-0.42	1.80
unstable	-0.42	1.53
inventory	-0.42	1.41
know	-0.42	3.79
script	-0.42	1.98
ai	-0.42	1.49
finger	-0.42	1.65
decision	-0.42	2.07
along	-0.42	1.66
went	-0.42	2.59
foreign	-0.42	1.72
gain	-0.42	1.95
brothers	-0.42	1.31
mess	-0.42	2.27
approach	-0.42	1.72
dragged	-0.41	1.57
sat	-0.41	1.58
mammoths	-0.41	1.48
technical	-0.41	1.74
wagon	-0.41	1.52
strength	-0.41	1.46
spellsword	-0.41	1.63
flow	-0.41	1.59
ranger	-0.41	1.56
returning	-0.41	1.76
saving	-0.41	2.33
warrior	-0.41	1.55
priests	-0.41	1.49
exist	-0.41	3.09
beaten	-0.41	2.58
cart	-0.41	1.49
animals	-0.41	1.39
continued	-0.41	1.57
dare	-0.41	1.86
listener	-0.41	1.67
call	-0.41	2.14
bannered	-0.41	1.38
hotkey	-0.41	1.38
protected	-0.41	1.67
nonsense	-0.41	1.58
knock	-0.41	1.66
generated	-0.41	1.22
letters	-0.41	1.64
deal	-0.41	1.91
address	-0.41	1.70
bother	-0.41	3.26
ragnar	-0.40	1.23
draugrs	-0.40	1.44
armed	-0.40	1.53
possibility	-0.40	1.79
pulled	-0.40	1.69
walked	-0.40	1.81
frustrating	-0.40	1.45
spiders	-0.40	1.58
exploring	-0.40	1.99
bandit	-0.40	1.56
m	-0.40	3.53
reduces	-0.40	1.47
believe	-0.40	3.81
catch	-0.40	1.72
dump	-0.40	1.72
halfway	-0.40	1.95
start	-0.40	2.92
paths	-0.40	1.40
count	-0.40	2.69
constant	-0.40	1.85
wandering	-0.40	1.54
raise	-0.40	1.55
allowed	-0.40	2.11
altogether	-0.40	1.68
dragonsreach	-0.39	1.62
birds	-0.39	1.33
99	-0.39	1.66
anything	-0.39	3.68
underground	-0.39	1.43
greybeards	-0.39	1.88
following	-0.39	1.51
ability	-0.39	2.09
drunk	-0.39	1.67
touch	-0.39	2.59
corner	-0.39	2.05
able	-0.39	3.35
prison	-0.39	1.51
conjurer	-0.38	1.61
anymore	-0.38	3.52
go	-0.38	3.23
nowhere	-0.38	1.82
starts	-0.38	2.00
usual	-0.38	1.77
archer	-0.38	1.58
perform	-0.38	1.56
known	-0.38	2.15
goes	-0.38	2.10
wherever	-0.38	2.30
aspects	-0.38	1.61
caravan	-0.38	1.50
harvest	-0.38	1.46
regard	-0.37	1.54
drunken	-0.37	1.48
correctly	-0.37	4.16
pussy	-0.37	1.79
former	-0.37	1.61
organization	-0.37	1.57
quit	-0.37	2.00
player	-0.37	1.57
regularly	-0.37	1.55
recover	-0.37	1.90
human	-0.37	1.58
short	-0.36	1.66
fell	-0.36	1.70
assassins	-0.36	1.53
serve	-0.36	1.68
matter	-0.36	3.40
say	-0.36	3.83
mill	-0.36	1.44
big	-0.36	1.44
ca	-0.36	3.48
planning	-0.36	2.83
werewolves	-0.36	1.56
goats	-0.36	1.54
asked	-0.36	2.53
how	-0.36	3.76
smart	-0.36	1.75
torygg	-0.36	1.93
laughing	-0.36	1.86
hired	-0.36	1.46
obtain	-0.36	1.71
arguments	-0.36	2.55
undead	-0.36	1.50
causes	-0.36	1.94
plans	-0.36	1.73
science	-0.36	1.61
am	-0.36	3.13
assume	-0.35	3.81
news	-0.35	1.64
falling	-0.35	1.58
enjoyed	-0.35	2.71
relationship	-0.35	1.50
playable	-0.35	1.54
threw	-0.35	1.67
trial	-0.35	1.81
appear	-0.35	2.13
sized	-0.35	1.46
tombs	-0.35	1.57
upper	-0.35	2.00
traveled	-0.35	1.86
independent	-0.35	1.39
counts	-0.35	1.75
freely	-0.35	1.85
managed	-0.34	2.55
remains	-0.34	1.59
per	-0.34	1.89
mistaken	-0.34	3.81
states	-0.34	1.63
want	-0.34	3.60
grow	-0.34	1.36
debate	-0.34	1.95
landed	-0.34	1.69
dah	-0.34	1.96
buried	-0.34	1.53
randomly	-0.34	1.90
deeper	-0.34	1.54
pact	-0.34	1.54
limitations	-0.34	1.64
rogue	-0.34	1.57
increased	-0.34	1.47
increase	-0.34	1.57
behind	-0.34	1.63
trader	-0.34	1.53
management	-0.34	1.53
grey	-0.34	1.55
purely	-0.33	1.57
wildlife	-0.33	1.53
apart	-0.33	1.69
rates	-0.33	1.38
amongst	-0.33	1.65
did	-0.33	3.71
evidence	-0.33	2.22
limited	-0.33	1.44
street	-0.33	1.52
chair	-0.33	1.93
spriggan	-0.33	1.54
involved	-0.33	1.76
kept	-0.33	2.60
sabre	-0.33	1.50
them	-0.33	3.23
flies	-0.33	1.65
teach	-0.33	1.85
showracemenu	-0.33	1.61
experience	-0.33	1.39
stayed	-0.33	1.75
circle	-0.33	1.63
agent	-0.33	1.53
breaks	-0.33	1.67
twist	-0.33	1.61
tomb	-0.32	1.50
dirt	-0.32	1.47
situation	-0.32	2.17
journals	-0.32	1.61
thick	-0.32	1.77
suddenly	-0.32	1.96
bigger	-0.32	1.37
they	-0.32	3.63
sneaky	-0.32	1.58
whiterun	-0.32	1.62
raid	-0.32	1.60
ears	-0.32	1.61
currently	-0.32	2.76
imagine	-0.32	2.94
whatsoever	-0.32	2.56
cave	-0.32	1.58
miraak	-0.32	1.53
reached	-0.32	2.20
lame	-0.31	1.68
mentioning	-0.31	2.87
whatever	-0.31	3.46
decent	-0.31	1.50
pelts	-0.31	1.42
barbarian	-0.31	1.52
dragon	-0.31	1.50
entrance	-0.31	1.59
buttons	-0.31	1.38
spamming	-0.31	1.75
goat	-0.31	1.51
then	-0.31	2.84
me	-0.31	3.14
write	-0.31	1.63
served	-0.31	1.53
letter	-0.31	1.69
burnt	-0.31	1.42
markers	-0.31	1.67
volkihar	-0.30	1.59
circumstances	-0.30	1.92
weaker	-0.30	1.44
toggle	-0.30	1.41
nord	-0.30	1.53
bounties	-0.30	1.88
noticeable	-0.30	1.54
simultaneously	-0.30	1.74
runs	-0.30	1.65
trigger	-0.30	2.02
hagraven	-0.30	1.59
driver	-0.30	1.70
something	-0.30	3.67
ll	-0.30	3.51
liar	-0.30	1.88
fort	-0.30	1.59
their	-0.30	1.50
irrelevant	-0.30	1.68
staring	-0.30	1.77
hint	-0.30	1.97
streets	-0.30	1.49
lacking	-0.30	1.52
session	-0.29	1.90
crypt	-0.29	1.52
nearly	-0.29	2.06
wild	-0.29	1.48
jumped	-0.29	1.77
he/she	-0.29	2.00
sprinting	-0.29	1.79
sap	-0.29	1.54
repeatedly	-0.29	1.77
sooner	-0.29	2.27
request	-0.29	1.78
spoiler	-0.29	1.86
arrive	-0.29	1.96
fucker	-0.29	2.05
deciding	-0.29	2.16
skip	-0.29	2.24
serious	-0.29	1.74
bosses	-0.28	1.42
birth	-0.28	1.44
generally	-0.28	1.99
continue	-0.28	1.68
choosing	-0.28	2.00
minus	-0.28	1.71
crush	-0.28	1.45
see	-0.28	3.68
wo	-0.28	3.48
misc	-0.28	1.57
woman	-0.28	1.55
sudden	-0.28	1.63
bear	-0.28	1.48
obvious	-0.28	1.86
american	-0.27	1.38
deer	-0.27	1.42
beyond	-0.27	1.59
giving	-0.27	2.60
message	-0.27	1.89
revert	-0.27	2.27
aggressive	-0.27	1.53
needing	-0.27	2.04
mercenaries	-0.27	1.60
merchant	-0.27	1.56
exit	-0.27	1.62
figure	-0.27	3.37
walk	-0.27	2.00
wizards	-0.27	1.46
remember	-0.27	3.58
basis	-0.27	1.70
native	-0.27	1.55
entire	-0.27	1.68
icon	-0.27	2.03
ale	-0.27	1.41
fists	-0.27	1.44
surely	-0.27	1.33
nor	-0.27	2.52
cross	-0.27	1.65
laws	-0.27	1.70
users	-0.27	1.66
thin	-0.26	1.62
guy	-0.26	2.62
chill	-0.26	1.80
rage	-0.26	1.72
werewolf	-0.26	1.57
control	-0.26	1.76
map	-0.26	1.54
adventuring	-0.26	1.71
improvements	-0.26	1.51
does	-0.26	3.54
opposite	-0.26	2.42
because	-0.26	3.74
bugs	-0.26	1.95
mechanics	-0.26	1.46
breathe	-0.26	1.56
need	-0.26	3.68
barrow	-0.26	1.67
upon	-0.26	1.55
fail	-0.26	1.79
na	-0.26	3.22
odds	-0.25	1.61
removes	-0.25	1.53
respect	-0.25	1.56
king	-0.25	1.68
dont	-0.25	3.44
prevent	-0.25	2.11
occur	-0.25	2.29
vigilants	-0.25	1.60
wouldnt	-0.25	2.90
consequences	-0.25	2.15
wizard	-0.25	1.50
country	-0.25	1.40
greater	-0.25	1.52
organized	-0.25	1.40
vengeance	-0.25	1.48
mom	-0.25	1.65
moot	-0.25	1.80
back	-0.25	2.75
blacksmith	-0.25	1.57
ninja	-0.25	1.60
coffin	-0.25	1.46
admittedly	-0.25	1.80
loss	-0.25	1.75
deliver	-0.25	1.81
proceed	-0.24	1.77
unsure	-0.24	3.37
intend	-0.24	2.77
otherwise	-0.24	3.10
pass	-0.24	1.74
loose	-0.24	1.65
rank	-0.24	1.72
asking	-0.24	3.03
attacks	-0.24	1.55
camp	-0.24	1.57
out	-0.24	2.91
sending	-0.24	1.57
energy	-0.24	1.65
discovered	-0.24	2.58
meh	-0.24	1.47
master	-0.24	1.56
zombie	-0.24	1.60
arms	-0.24	1.74
alternate	-0.24	1.75
chunk	-0.24	1.39
disappear	-0.24	2.29
she	-0.24	1.81
unfortunate	-0.24	1.80
somewhere	-0.24	2.02
crying	-0.24	1.77
slowly	-0.24	1.88
pile	-0.24	1.59
views	-0.24	1.67
often	-0.24	2.24
fool	-0.24	1.55
fence	-0.24	1.78
deaths	-0.23	1.80
beards	-0.23	1.42
owner	-0.23	1.41
clue	-0.23	3.17
lesser	-0.23	1.54
political	-0.23	1.56
hanging	-0.23	1.51
controlled	-0.23	1.43
morokei	-0.23	1.52
farm	-0.23	1.43
orphanage	-0.23	1.46
fled	-0.23	1.61
making	-0.23	2.61
immersion	-0.23	1.42
cage	-0.23	1.57
invade	-0.23	1.41
planned	-0.23	1.78
forever	-0.23	2.45
dungeon	-0.23	1.58
again	-0.23	3.29
unarmed	-0.23	1.43
road	-0.23	1.62
demanding	-0.23	1.41
immune	-0.23	1.52
cant	-0.23	3.09
under	-0.23	1.68
citizen	-0.23	1.63
milk	-0.23	1.60
bed	-0.23	1.69
thane	-0.22	1.56
wasted	-0.22	2.16
understand	-0.22	3.61
outside	-0.22	1.66
believed	-0.22	2.09
crown	-0.22	1.56
trade	-0.22	1.60
eventually	-0.22	2.52
direction	-0.22	2.13
gave	-0.22	2.23
immediate	-0.22	1.42
eliminate	-0.22	1.81
hole	-0.22	1.58
unlocked	-0.22	1.74
happen	-0.22	3.53
plants	-0.22	1.38
down	-0.22	2.06
overall	-0.22	1.44
ruin	-0.22	1.61
ritual	-0.22	1.58
sneaking	-0.21	1.60
tricky	-0.21	1.80
detected	-0.21	1.76
tong	-0.21	1.42
will	-0.21	3.36
plan	-0.21	2.58
spoil	-0.21	3.22
ran	-0.21	1.98
amounts	-0.21	1.53
generation	-0.21	1.38
giant	-0.21	1.51
playing	-0.21	2.88
sapphire	-0.21	1.65
ghost	-0.21	1.43
knew	-0.21	3.06
cult	-0.21	1.50
liking	-0.21	1.84
experienced	-0.21	2.32
plot	-0.21	1.84
total	-0.21	1.82
chillrend	-0.21	1.47
whom	-0.21	1.55
marks	-0.21	1.58
flowers	-0.21	1.51
large	-0.21	1.40
exists	-0.21	2.20
anywhere	-0.21	3.04
progression	-0.21	1.41
upvotes	-0.21	1.88
chop	-0.21	1.65
off	-0.20	2.07
case	-0.20	2.97
aswell	-0.20	1.87
ground	-0.20	1.61
wooden	-0.20	1.49
riften	-0.20	1.67
expect	-0.20	2.89
immediately	-0.20	2.18
drag	-0.20	1.94
moon	-0.20	1.45
knight	-0.20	1.49
freezing	-0.20	1.92
cat	-0.20	1.50
trainer	-0.20	1.63
options	-0.20	1.63
clearing	-0.20	1.71
precious	-0.20	1.72
onto	-0.20	1.57
collecting	-0.20	1.73
darkness	-0.20	1.58
into	-0.20	1.94
grabbed	-0.20	1.77
storm	-0.20	1.57
expand	-0.20	1.85
command	-0.20	1.64
where	-0.20	3.67
markarth	-0.20	1.60
children	-0.20	1.44
commands	-0.20	1.73
wont	-0.20	3.09
jack	-0.20	1.65
blacksmiths	-0.20	1.56
son	-0.20	1.54
when	-0.19	2.92
trading	-0.19	1.54
holding	-0.19	1.61
button	-0.19	1.56
lag	-0.19	1.99
butterfly	-0.19	1.51
supplies	-0.19	1.73
store	-0.19	1.59
lastly	-0.19	1.25
spread	-0.19	1.70
console	-0.19	1.63
wilds	-0.19	1.46
brand	-0.19	1.63
shrouded	-0.19	1.54
rush	-0.19	1.86
offers	-0.19	1.64
likely	-0.19	2.63
table	-0.19	1.67
company	-0.19	1.44
zombies	-0.19	1.49
messed	-0.19	1.97
type	-0.19	1.65
magnus	-0.19	1.51
knees	-0.19	1.71
mobs	-0.18	1.53
ignored	-0.18	1.69
placed	-0.18	1.80
bar	-0.18	1.51
feeding	-0.18	1.86
grinding	-0.18	1.62
impressed	-0.18	2.16
peace	-0.18	1.38
heal	-0.18	1.88
cook	-0.18	1.26
wreck	-0.18	1.54
age	-0.18	1.62
even	-0.18	3.62
travel	-0.18	2.03
think	-0.18	3.77
objective	-0.18	2.17
shoot	-0.18	1.63
teeth	-0.18	1.50
roof	-0.18	1.59
random	-0.18	1.89
eggs	-0.18	1.49
waiting	-0.17	2.28
straight	-0.17	1.93
jumping	-0.17	1.74
flawless	-0.17	1.37
ease	-0.17	1.42
find	-0.17	3.27
songs	-0.17	1.16
handle	-0.17	1.90
tables	-0.17	1.60
brought	-0.17	1.73
hunterborn	-0.17	1.40
staying	-0.17	1.81
purpose	-0.17	1.96
honorable	-0.17	1.76
adrianne	-0.17	1.57
rule	-0.17	1.87
lately	-0.17	2.28
or	-0.17	3.51
key	-0.17	1.41
every	-0.17	2.17
chest	-0.17	1.56
get	-0.17	3.32
stopped	-0.17	2.32
flying	-0.17	1.59
secrets	-0.17	1.60
falls	-0.17	1.71
status	-0.17	1.53
biased	-0.17	1.56
slower	-0.17	1.69
cause	-0.17	2.27
increases	-0.17	1.56
appearance	-0.17	1.53
shop	-0.17	1.49
boethiah	-0.16	1.51
elements	-0.16	1.37
tied	-0.16	1.63
consuming	-0.16	1.69
stables	-0.16	1.59
could	-0.16	3.53
pickpocketing	-0.16	1.73
sleeping	-0.16	1.52
fact	-0.16	3.22
typing	-0.16	1.58
come	-0.16	3.19
fixing	-0.16	2.32
wander	-0.16	1.72
mare	-0.16	1.41
boosts	-0.16	1.55
hall	-0.16	1.52
trapped	-0.16	1.47
successful	-0.16	1.52
alchemist	-0.16	1.52
opening	-0.16	1.44
limits	-0.16	1.58
hang	-0.16	1.97
stairs	-0.16	1.77
quotes	-0.15	1.57
worry	-0.15	3.13
discovering	-0.15	1.91
laid	-0.15	1.27
brave	-0.15	1.45
size	-0.15	1.47
ii	-0.15	1.16
regardless	-0.15	1.89
lose	-0.15	2.57
visited	-0.15	2.28
ghosts	-0.15	1.48
chickens	-0.15	1.43
abuse	-0.15	1.46
graphics	-0.15	1.41
entered	-0.15	1.83
goods	-0.15	1.62
empty	-0.15	1.46
stay	-0.15	2.44
choices	-0.15	1.71
spirit	-0.15	1.49
3d	-0.15	1.26
guard	-0.15	1.78
father	-0.15	1.58
butt	-0.15	1.94
throat	-0.15	1.65
mount	-0.15	1.62
enter	-0.15	1.59
merchants	-0.15	1.55
malacath	-0.15	1.44
esp	-0.15	2.28
prevents	-0.15	2.14
rain	-0.15	1.51
accepted	-0.15	1.77
should	-0.14	3.60
away	-0.14	2.14
swamp	-0.14	1.54
shelf	-0.14	1.65
send	-0.14	1.90
moth	-0.14	1.49
beside	-0.14	1.70
frostbite	-0.14	1.58
sold	-0.14	1.62
minor	-0.14	1.62
tech	-0.14	1.84
backstab	-0.14	1.52
while	-0.14	2.69
facts	-0.14	2.46
centurion	-0.14	1.50
plugins	-0.14	2.27
offered	-0.14	1.80
crossbows	-0.14	1.43
describe	-0.14	2.01
reproccer	-0.14	1.85
city	-0.14	1.56
adventurers	-0.14	1.65
warriors	-0.14	1.51
normally	-0.14	2.96
mushrooms	-0.14	1.49
push	-0.14	1.67
thrall	-0.14	1.55
solitude	-0.14	1.56
mercenary	-0.14	1.40
avoid	-0.14	2.19
sunlight	-0.14	1.48
achieve	-0.14	2.12
troll	-0.14	1.68
afford	-0.14	1.94
borders	-0.14	1.39
whole	-0.14	2.02
skeleton	-0.14	1.45
smash	-0.14	1.54
traveling	-0.14	1.74
selling	-0.14	1.69
reaction	-0.14	1.52
waste	-0.14	2.04
<SPECIAL>	-0.14	1.41
<URL>	-0.14	1.41
tgm	-0.14	1.63
shouted	-0.13	1.77
market	-0.13	1.53
wolf	-0.13	1.46
abilities	-0.13	1.60
locations	-0.13	1.87
men	-0.13	1.79
instantly	-0.13	1.96
plant	-0.13	1.57
male	-0.13	1.46
disease	-0.13	1.69
consoles	-0.13	1.51
provinces	-0.13	1.30
marker	-0.13	2.17
taught	-0.13	1.66
crouch	-0.13	1.55
pressing	-0.13	1.46
opposed	-0.13	1.91
drop	-0.13	1.86
spelled	-0.13	4.03
ragged	-0.13	1.72
ie	-0.13	1.62
aetherium	-0.13	1.30
press	-0.13	1.46
ended	-0.13	2.42
fed	-0.13	1.47
around	-0.13	2.05
officially	-0.13	1.44
raised	-0.13	1.44
resistance	-0.13	1.53
parts	-0.13	1.65
conflicting	-0.12	2.78
tcl	-0.12	1.65
moral	-0.12	1.67
clipping	-0.12	1.76
vendors	-0.12	1.61
slight	-0.12	1.67
bitches	-0.12	2.57
pose	-0.12	1.38
influence	-0.12	1.65
react	-0.12	1.69
forms	-0.12	1.44
dreams	-0.12	1.42
helmets	-0.12	1.48
door	-0.12	1.52
through	-0.12	2.14
chat	-0.12	1.65
setstage	-0.12	1.60
power	-0.12	1.65
touched	-0.12	2.86
bringing	-0.12	1.84
putting	-0.12	2.33
motion	-0.12	1.32
center	-0.12	2.17
experiment	-0.12	1.92
edge	-0.12	1.63
up	-0.12	2.57
french	-0.12	1.67
opens	-0.12	1.46
alongside	-0.12	1.66
souls	-0.12	1.45
barely	-0.12	2.17
crack	-0.12	1.48
em	-0.12	2.31
neither	-0.12	1.68
imagined	-0.12	2.29
soft	-0.12	1.46
ass	-0.11	2.20
mixing	-0.11	1.63
mad	-0.11	1.96
uncapper	-0.11	1.52
warzones	-0.11	1.75
dust	-0.11	1.49
society	-0.11	1.56
tight	-0.11	1.62
crafting	-0.11	1.64
feature	-0.11	1.42
young	-0.11	1.48
trap	-0.11	1.49
walls	-0.11	1.59
enhance	-0.11	1.39
double	-0.11	1.66
earth	-0.11	2.19
cats	-0.11	1.66
sugar	-0.11	1.45
books	-0.11	1.58
followed	-0.11	1.64
ages	-0.11	1.92
killable	-0.11	1.37
strange	-0.11	1.81
2h	-0.11	1.52
leather	-0.11	1.47
towers	-0.11	1.51
regen	-0.11	1.54
inside	-0.11	1.65
expert	-0.11	1.53
dawngaurd	-0.11	1.83
long	-0.11	3.04
existence	-0.11	1.69
entering	-0.11	1.75
allies	-0.10	1.47
required	-0.10	2.19
guardian	-0.10	1.59
tower	-0.10	1.52
cleared	-0.10	1.92
bonuses	-0.10	1.63
restore	-0.10	1.62
wilderness	-0.10	1.62
searching	-0.10	2.31
etc	-0.10	1.71
lord	-0.10	1.57
enemies	-0.10	1.60
fur	-0.10	1.57
accept	-0.10	1.70
cut	-0.10	1.60
girls	-0.10	1.47
mouth	-0.10	1.77
band	-0.10	1.42
junk	-0.10	1.59
lycanthropy	-0.10	1.53
health	-0.10	1.54
ancient	-0.10	1.51
laying	-0.10	1.47
trained	-0.10	1.56
property	-0.10	1.45
until	-0.10	2.73
absorb	-0.10	1.51
buildings	-0.10	1.45
faster	-0.09	1.69
ambient	-0.09	1.41
chests	-0.09	1.59
unlimited	-0.09	1.54
picks	-0.09	1.77
animal	-0.09	1.35
swing	-0.09	1.56
burial	-0.09	1.53
vivec	-0.09	1.62
acceptable	-0.09	2.58
town	-0.09	1.65
myself	-0.09	3.14
needed	-0.09	2.62
changing	-0.09	1.66
swim	-0.09	1.70
ledge	-0.09	1.64
sell	-0.09	1.68
determine	-0.09	1.80
vikings	-0.09	1.68
fighter	-0.09	1.56
heroes	-0.09	1.43
herself	-0.09	1.79
parents	-0.09	1.49
garden	-0.09	1.50
keeps	-0.09	2.26
thralls	-0.09	1.54
shadowmere	-0.09	1.50
cooking	-0.09	1.38
stealth	-0.09	1.52
fast	-0.09	1.98
behavior	-0.09	1.63
realise	-0.09	3.13
chosen	-0.09	2.06
wards	-0.09	1.61
hand	-0.09	2.19
challenges	-0.08	1.59
finding	-0.08	2.41
rorikstead	-0.08	1.57
creep	-0.08	1.50
done	-0.08	3.04
dig	-0.08	2.11
smaller	-0.08	1.62
sneak	-0.08	1.56
leveling	-0.08	1.68
popped	-0.08	1.87
underwater	-0.08	1.44
enchanter	-0.08	1.57
switching	-0.08	2.03
soon	-0.08	2.64
flames	-0.08	1.54
reality	-0.08	1.65
each	-0.08	2.09
heavy	-0.08	1.48
staff	-0.08	1.50
axes	-0.08	1.43
floor	-0.08	1.58
requires	-0.08	1.86
stack	-0.08	1.87
woe	-0.08	1.52
cases	-0.08	1.76
bashing	-0.08	1.59
processor	-0.08	1.49
largely	-0.08	1.62
unknown	-0.08	1.47
rolling	-0.08	1.68
district	-0.08	1.98
steps	-0.08	1.80
petty	-0.08	1.42
hill	-0.08	1.64
combat	-0.08	1.40
stage	-0.08	1.75
feels	-0.08	1.84
understood	-0.07	2.72
mountain	-0.07	1.58
char	-0.07	1.72
stock	-0.07	1.57
magicka	-0.07	1.54
little	-0.07	1.89
encourage	-0.07	1.51
regeneration	-0.07	1.52
vampire	-0.07	1.60
asap	-0.07	2.54
unbound	-0.07	2.13
circlet	-0.07	1.54
skulls	-0.07	1.51
started	-0.07	2.54
thus	-0.07	1.45
everything	-0.07	3.02
stranger	-0.07	1.50
mother	-0.07	1.45
local	-0.07	1.63
weakness	-0.07	1.51
logo	-0.07	1.76
bridge	-0.07	1.59
disenchant	-0.07	2.01
shock	-0.07	1.51
stamina	-0.07	1.55
clouds	-0.07	1.37
buffs	-0.07	1.58
cyrodil	-0.07	1.25
swap	-0.07	1.74
downvoted	-0.07	3.60
figuring	-0.07	2.45
castle	-0.07	1.54
orcish	-0.07	1.49
holes	-0.07	1.48
defense	-0.07	1.50
desk	-0.07	1.65
ride	-0.07	1.62
conversations	-0.07	1.68
computer	-0.07	1.43
boethia	-0.07	1.48
born	-0.07	1.47
hurts	-0.07	1.99
convinced	-0.07	2.22
air	-0.06	1.67
quarters	-0.06	1.60
mundus	-0.06	1.62
cured	-0.06	1.67
basically	-0.06	2.67
across	-0.06	1.72
realize	-0.06	3.41
throwing	-0.06	1.59
mammoth	-0.06	1.55
grew	-0.06	1.45
battles	-0.06	1.37
blizzard	-0.06	1.53
standards	-0.06	1.54
major	-0.06	1.66
night	-0.06	1.60
discover	-0.06	1.87
found	-0.06	2.55
foot	-0.06	1.76
beginning	-0.06	1.68
4gb	-0.06	1.50
toe	-0.06	1.51
properly	-0.06	2.73
lived	-0.06	1.62
entry	-0.06	1.64
destination	-0.06	1.81
monsters	-0.06	1.43
regenerate	-0.06	1.53
silver	-0.06	1.65
shaped	-0.06	1.43
west	-0.06	1.59
mine	-0.06	1.74
dudes	-0.06	2.01
cliff	-0.06	1.65
harkon	-0.06	1.55
handed	-0.06	1.48
tent	-0.06	1.58
realized	-0.06	2.69
paladin	-0.06	1.53
charges	-0.06	1.58
wan	-0.06	3.10
frost	-0.06	1.52
root	-0.06	1.49
riverwood	-0.06	1.56
spoiled	-0.06	2.67
province	-0.05	1.29
creature	-0.05	1.44
floating	-0.05	1.55
player.additem	-0.05	1.59
framerate	-0.05	1.51
wait	-0.05	2.66
created	-0.05	1.71
claw	-0.05	1.85
iron	-0.05	1.56
mana	-0.05	1.55
clear	-0.05	1.74
rising	-0.05	1.60
select	-0.05	1.74
atm	-0.05	2.90
recall	-0.05	2.60
ahead	-0.05	2.45
fill	-0.05	1.58
vampirism	-0.05	1.57
journal	-0.05	1.56
smoothly	-0.05	2.18
cure	-0.05	1.66
lock	-0.05	1.63
exclusive	-0.05	1.48
sam	-0.05	1.32
hold	-0.05	1.56
glitch	-0.05	2.51
lives	-0.05	1.49
stone	-0.05	1.63
moment	-0.05	2.26
fus	-0.05	2.03
incorrect	-0.05	3.83
sleep	-0.05	1.68
stones	-0.05	1.66
drops	-0.05	1.62
study	-0.05	1.79
lockpick	-0.05	1.64
fingers	-0.05	1.78
dawnstar	-0.04	1.55
older	-0.04	1.56
building	-0.04	1.86
audio	-0.04	1.31
skyforge	-0.04	1.45
exploration	-0.04	1.12
frankly	-0.04	1.79
shift	-0.04	1.47
lover	-0.04	1.67
finally	-0.04	2.70
honor	-0.04	1.55
pool	-0.04	1.50
no	-0.04	3.45
any	-0.04	3.32
crashes	-0.04	2.09
rate	-0.04	1.56
ruins	-0.04	1.54
hardware	-0.04	1.53
partially	-0.04	2.00
locks	-0.04	1.59
skull	-0.04	1.49
pickpocket	-0.04	1.71
coin	-0.04	1.62
settled	-0.04	1.42
resist	-0.04	1.55
southern	-0.04	1.29
book	-0.04	1.56
melee	-0.04	1.50
enable	-0.04	1.67
forge	-0.04	1.53
understanding	-0.04	2.05
western	-0.04	1.45
maid	-0.04	1.50
stealthy	-0.04	1.57
pickaxe	-0.03	1.52
crafted	-0.03	1.54
healing	-0.03	1.57
tail	-0.03	1.54
rings	-0.03	1.66
blacksmithing	-0.03	1.61
invincible	-0.03	1.48
happened	-0.03	3.08
younger	-0.03	1.41
vram	-0.03	1.50
bring	-0.03	2.34
ingot	-0.03	1.64
stumbled	-0.03	1.79
dropped	-0.03	1.77
muffle	-0.03	1.51
beings	-0.03	1.68
population	-0.03	1.45
activate	-0.03	1.75
ingredients	-0.03	1.54
zenimax	-0.03	1.45
novice	-0.03	1.50
crimson	-0.03	1.59
puzzle	-0.03	1.78
tactics	-0.03	1.48
room	-0.03	1.54
gender	-0.03	1.73
trainers	-0.03	1.65
gotten	-0.03	2.88
fnis	-0.03	1.62
molag	-0.03	1.39
half	-0.03	2.03
shooting	-0.03	1.59
benefit	-0.03	1.62
ingots	-0.03	1.59
glitches	-0.03	2.13
vamp	-0.03	1.63
deep	-0.03	1.46
location	-0.03	2.12
nature	-0.03	1.62
nearest	-0.03	1.80
tl	-0.03	1.63
jewelry	-0.03	1.74
hircine	-0.03	1.40
causing	-0.03	2.22
ore	-0.03	1.57
been	-0.03	2.91
wing	-0.02	1.51
crash	-0.02	2.21
forth	-0.02	1.79
code	-0.02	1.81
fly	-0.02	1.56
target	-0.02	1.63
sworn	-0.02	1.69
disable	-0.02	1.82
opponent	-0.02	1.64
punchcat	-0.02	1.47
sons	-0.02	1.73
ctds	-0.02	2.21
mask	-0.02	1.49
runes	-0.02	1.50
containers	-0.02	1.61
weaponry	-0.02	1.45
tome	-0.02	1.73
toes	-0.02	1.49
exclusively	-0.02	2.58
rating	-0.02	1.63
continent	-0.02	1.45
greatest	-0.02	2.81
plugin	-0.02	1.75
smithing	-0.02	1.63
ctd	-0.02	2.15
fate	-0.02	1.60
bottom	-0.02	2.04
south	-0.02	1.56
impossible	-0.02	1.74
arcane	-0.02	1.64
match	-0.02	1.60
basement	-0.02	1.53
ingredient	-0.02	1.52
turn	-0.02	1.56
instead	-0.02	2.53
barrels	-0.02	1.57
climbing	-0.02	1.59
exp	-0.02	1.69
two-handed	-0.02	1.50
family	-0.02	1.47
lockpicking	-0.02	1.60
guessing	-0.02	2.83
involve	-0.02	1.90
cloud	-0.02	2.00
rip	-0.02	1.54
honestly	-0.02	3.07
robes	-0.02	1.50
past	-0.02	2.06
none	-0.02	2.22
already	-0.02	3.05
enchantments	-0.01	1.59
rinse	-0.01	1.97
dwarven	-0.01	1.52
collect	-0.01	1.78
report	-0.01	1.84
test	-0.01	2.25
bal	-0.01	1.38
ivarstead	-0.01	1.56
function	-0.01	2.10
gpu	-0.01	1.50
open	-0.01	1.63
materials	-0.01	1.60
same	-0.01	3.25
shortly	-0.01	1.65
gets	-0.01	2.14
element	-0.01	1.43
transmute	-0.01	1.60
wings	-0.01	1.55
occasionally	-0.01	1.92
recording	-0.01	1.34
1h	-0.01	1.50
760	-0.01	1.73
whats	-0.01	2.65
middle	-0.01	1.59
lady	-0.01	1.67
maybe	-0.01	3.59
mk	-0.01	1.49
heck	-0.01	2.31
lords	-0.01	1.51
maximus	-0.01	1.68
fortify	-0.01	1.58
conflicts	-0.01	2.07
intel	-0.01	1.51
apprentice	-0.01	1.46
blade	-0.01	1.49
route	-0.01	1.96
stores	-0.01	1.61
reloading	-0.01	2.03
poison	-0.01	1.54
free	-0.01	2.05
require	-0.01	2.10
fond	-0.01	1.74
blood	-0.01	1.53
xp	-0.01	1.60
prophecy	-0.01	1.64
pushing	-0.00	1.49
head	-0.00	1.67
locked	-0.00	1.53
east	-0.00	1.56
rooms	-0.00	1.51
stat	-0.00	1.49
voice	-0.00	1.39
numidium	-0.00	1.52
spikes	-0.00	1.48
kings	-0.00	1.49
ripped	-0.00	1.53
invisible	-0.00	1.51
core	-0.00	1.49
gear	-0.00	1.89
ring	-0.00	1.55
enchant	-0.00	1.71
probably	-0.00	3.65
gopher	-0.00	1.59
teleport	0.00	2.00
practice	0.00	1.66
archery	0.00	1.57
quicker	0.00	1.80
specs	0.00	1.53
brain	0.00	2.06
limit	0.00	1.64
moved	0.00	1.75
akaviri	0.00	1.42
conquer	0.00	1.49
mouse	0.00	1.39
optional	0.00	1.59
enchantment	0.00	1.57
extent	0.00	1.63
nirn	0.00	1.65
offer	0.00	2.02
bug	0.00	2.23
imagination	0.00	1.34
implied	0.00	2.56
reach	0.00	1.92
still	0.00	3.63
rune	0.00	1.65
rnd	0.00	1.43
minions	0.01	1.51
craft	0.01	1.71
sexual	0.01	1.70
drain	0.01	1.49
skse	0.01	1.80
space	0.01	1.61
id	0.01	1.58
speed	0.01	1.49
alchemy	0.01	1.62
bit	0.01	2.13
vague	0.01	1.53
rushed	0.01	1.39
shield	0.01	1.57
crashing	0.01	2.14
amount	0.01	1.75
corrupted	0.01	1.94
spear	0.01	1.47
click	0.01	1.73
chances	0.01	1.74
false	0.01	2.06
cheating	0.01	2.50
cash	0.01	1.85
sorts	0.01	1.81
covered	0.01	1.40
blocking	0.01	1.56
one-handed	0.01	1.54
creation	0.01	1.49
determined	0.01	1.60
ineed	0.01	1.52
speechcraft	0.01	1.60
heart	0.01	1.54
riding	0.01	1.57
filled	0.01	1.40
mannequins	0.01	1.53
habit	0.01	2.23
hearts	0.01	1.49
average	0.01	1.67
feel	0.01	2.64
graphical	0.01	1.63
perkus	0.01	1.67
ward	0.01	1.62
wall	0.01	1.64
lay	0.01	1.54
potions	0.02	1.69
salt	0.02	1.42
jump	0.02	1.69
pure	0.02	1.53
flower	0.02	1.48
regarding	0.02	1.70
affects	0.02	1.65
ship	0.02	1.45
offense	0.02	1.93
dwemer	0.02	1.55
outdoors	0.02	1.72
recharge	0.02	1.50
camilla	0.02	1.59
card	0.02	1.45
enchants	0.02	1.59
pc	0.02	1.54
theory	0.02	2.05
dual	0.02	1.47
hood	0.02	1.51
problems	0.02	2.35
potion	0.02	1.60
gauntlets	0.02	1.50
capable	0.02	1.68
scroll	0.02	1.53
lit	0.02	1.59
training	0.02	1.71
shoulder	0.02	1.34
satisfying	0.02	1.38
light	0.02	1.53
slightly	0.02	1.84
flesh	0.02	1.47
crowd	0.02	1.40
barenziah	0.02	1.65
armored	0.02	1.49
stop	0.02	2.53
explored	0.02	2.28
crashed	0.02	2.09
ban	0.02	1.65
enchanting	0.02	1.61
wield	0.03	1.48
helmet	0.03	1.48
give	0.03	2.79
speech	0.03	1.61
uncle	0.03	1.35
buff	0.03	1.60
lvl	0.03	1.95
cpu	0.03	1.52
repeat	0.03	1.90
climb	0.03	1.66
move	0.03	1.92
tree	0.03	1.53
easier	0.03	1.67
recent	0.03	1.74
nvidia	0.03	1.55
1	0.03	1.56
levelling	0.03	1.65
rack	0.03	1.52
mark	0.03	1.79
reflect	0.03	1.37
pops	0.03	1.80
keys	0.03	1.42
sit	0.03	1.57
northern	0.03	1.40
began	0.03	1.77
perk	0.03	1.56
politics	0.03	1.59
develop	0.03	1.63
fallen	0.03	1.79
necessarily	0.03	2.92
afterwards	0.03	2.10
locational	0.03	1.48
invasion	0.03	1.28
excuse	0.03	1.58
shelter	0.03	1.56
summoning	0.03	1.48
lt	0.03	1.55
wielding	0.03	1.48
intro	0.03	1.38
comes	0.04	1.74
pain	0.04	1.59
glowing	0.04	1.49
cliffs	0.04	1.59
activated	0.04	1.90
cultures	0.04	1.71
interaction	0.04	1.59
capacity	0.04	1.66
skill	0.04	1.61
geforce	0.04	1.53
doors	0.04	1.52
infinite	0.04	1.54
pocket	0.04	1.73
future	0.04	1.58
perks	0.04	1.59
disagree	0.04	2.02
mod	0.04	2.18
point	0.04	3.66
talent	0.04	1.67
difficult	0.04	1.62
channel	0.04	1.58
2gb	0.04	1.53
dangerous	0.04	1.55
skills	0.04	1.58
made	0.04	2.69
dungeons	0.04	1.57
remove	0.04	1.62
barbas	0.04	1.32
soul	0.04	1.44
princes	0.04	1.59
hits	0.04	1.58
stagger	0.04	1.60
knife	0.04	1.50
note	0.04	1.66
cap	0.04	1.75
r9	0.04	1.53
temple	0.04	1.61
height	0.04	1.52
replaced	0.04	1.78
invest	0.04	1.68
strictly	0.04	1.85
vampiric	0.04	1.60
razor	0.04	1.45
dogs	0.04	1.58
armory	0.04	1.54
wondered	0.04	2.90
4e	0.04	1.51
all	0.04	3.15
got	0.04	2.73
64	0.05	1.50
silent	0.05	1.52
lab	0.05	1.57
skyrim	0.05	1.53
ago	0.05	2.58
dodge	0.05	1.52
came	0.05	2.41
amd	0.05	1.52
shrines	0.05	1.57
poisons	0.05	1.53
cloak	0.05	1.63
resources	0.05	1.90
drink	0.05	1.47
takes	0.05	2.54
gloves	0.05	1.54
95	0.05	1.76
cutting	0.05	1.35
buying	0.05	1.92
rpg	0.05	1.18
leg	0.05	1.57
slash	0.05	1.67
diseases	0.05	1.49
pacifist	0.05	1.77
simple	0.05	1.62
maces	0.05	1.49
arm	0.05	1.60
priest	0.05	1.50
chain	0.05	1.51
morthal	0.05	1.52
necklace	0.05	1.56
shops	0.05	1.51
coc	0.05	1.50
stats	0.05	1.53
kitchen	0.05	1.50
boots	0.05	1.51
chopping	0.05	1.51
carrying	0.06	1.68
spellbreaker	0.06	1.51
hoods	0.06	1.61
archers	0.06	1.49
bedroom	0.06	1.50
ghz	0.06	1.52
exposure	0.06	1.52
chaurus	0.06	1.78
safe	0.06	1.77
steed	0.06	1.60
issues	0.06	2.26
odd	0.06	2.56
boobs	0.06	1.59
huge	0.06	1.37
benefits	0.06	1.71
admit	0.06	1.74
pcs	0.06	1.49
creatures	0.06	1.35
passing	0.06	1.63
block	0.06	1.56
character	0.06	1.72
bits	0.06	1.72
tear	0.06	1.54
ladies	0.06	1.31
eight	0.06	1.67
seeing	0.06	2.68
restart	0.06	2.15
once	0.06	2.90
attributes	0.06	1.53
mercy	0.06	1.61
daughter	0.06	1.44
looting	0.06	1.80
holds	0.06	1.54
resets	0.06	1.89
had	0.06	2.95
sea	0.06	1.42
reasons	0.06	2.34
veins	0.06	1.49
permanent	0.06	1.56
morality	0.06	1.72
collected	0.06	1.62
pop	0.06	1.87
gtx	0.06	1.53
negative	0.06	1.76
graphic	0.06	1.44
earn	0.06	1.98
i5	0.06	1.53
mods	0.06	1.97
daggers	0.06	1.54
oc	0.06	1.54
fov	0.06	1.46
fastest	0.07	1.79
rig	0.07	1.60
alter	0.07	1.59
cabbages	0.07	1.57
base	0.07	1.60
weigh	0.07	2.34
music	0.07	1.07
deathbrand	0.07	1.82
metal	0.07	1.49
demon	0.07	1.49
magic	0.07	1.53
shall	0.07	1.95
relative	0.07	1.77
i7	0.07	1.54
rights	0.07	1.56
may	0.07	3.40
namira	0.07	1.39
turned	0.07	1.86
pulling	0.07	1.98
fireball	0.07	1.51
disabled	0.07	1.79
chim	0.07	1.66
clicking	0.07	1.65
respawn	0.07	1.74
freezes	0.07	1.94
prince	0.07	1.37
after	0.07	2.38
systems	0.07	1.51
trophy	0.07	1.50
proudspire	0.07	1.49
quickly	0.08	2.19
fix	0.08	2.24
degree	0.08	1.79
ensure	0.08	1.75
necromancy	0.08	1.53
780	0.08	1.57
others	0.08	2.77
remaining	0.08	1.66
didnt	0.08	2.70
category	0.08	1.49
firewood	0.08	1.62
boxes	0.08	1.58
sperg	0.08	1.57
conjuring	0.08	1.51
d	0.08	3.49
sizes	0.08	1.49
life	0.08	2.11
crossed	0.08	1.77
ram	0.08	1.54
gon	0.08	3.05
alteration	0.08	1.57
favorites	0.08	1.16
8gb	0.08	1.55
daughters	0.08	1.44
breezehome	0.08	1.50
associated	0.08	1.63
demand	0.08	1.86
oddly	0.08	1.70
ti	0.08	1.55
luckily	0.08	1.77
pair	0.08	1.56
hire	0.08	1.52
770	0.08	1.56
level	0.08	1.71
board	0.08	1.51
fire	0.08	1.49
plane	0.08	1.54
reset	0.08	1.68
stendarr	0.08	1.56
tastes	0.08	1.69
ate	0.08	1.61
weapon	0.09	1.52
chaos	0.09	1.58
ps4	0.09	1.50
buy	0.09	1.65
river	0.09	1.51
game	0.09	2.06
equipment	0.09	1.59
numbers	0.09	1.60
mere	0.09	1.51
youtube	0.09	1.58
unlike	0.09	1.51
wake	0.09	1.63
storage	0.09	1.59
worship	0.09	1.61
flight	0.09	1.44
nightingale	0.09	1.55
reduction	0.09	1.55
steal	0.09	1.96
rocks	0.09	1.46
prices	0.09	1.64
learned	0.09	2.36
caves	0.09	1.53
pockets	0.09	1.79
dad	0.09	1.27
indoors	0.09	1.68
edits	0.09	2.27
camping	0.09	1.49
banish	0.09	1.53
performance	0.09	1.47
cbbe	0.09	1.30
run	0.09	2.15
established	0.09	1.69
mind	0.09	3.17
larger	0.09	1.55
dialog	0.09	1.34
effects	0.09	1.50
maxed	0.09	1.63
shack	0.09	1.48
reason	0.09	3.47
meat	0.09	1.31
watching	0.09	1.57
invisibility	0.09	1.52
radeon	0.09	1.50
pushed	0.09	1.42
hermaeus	0.09	1.39
cloaks	0.10	1.54
scripts	0.10	1.90
tested	0.10	2.49
stream	0.10	1.54
restoration	0.10	1.56
called	0.10	2.36
strategy	0.10	1.46
shields	0.10	1.49
seen	0.10	2.77
ldb	0.10	1.60
easily	0.10	2.59
heads	0.10	1.63
familiar	0.10	1.75
knee	0.10	1.62
quiet	0.10	1.36
yet	0.10	3.10
applied	0.10	1.32
skyre	0.10	1.56
cheaper	0.10	1.60
nordic	0.10	1.49
fps	0.10	1.66
illusion	0.10	1.52
course	0.10	3.65
stable	0.10	1.79
keep	0.10	2.64
properties	0.10	1.66
mora	0.10	1.41
clever	0.10	1.42
dr	0.10	1.66
conspiracy	0.10	1.68
mix	0.10	1.76
impact	0.10	1.69
number	0.10	1.62
spam	0.10	1.59
81	0.10	1.75
sven	0.10	1.60
object	0.10	1.47
cairn	0.10	1.34
grand	0.10	1.43
accident	0.10	1.88
waterfall	0.10	1.53
bounty	0.10	1.73
goal	0.10	2.05
dagger	0.10	1.47
significant	0.11	1.55
missed	0.11	3.69
manor	0.11	1.51
oops	0.11	3.32
ice	0.11	1.53
mephala	0.11	1.41
kynareth	0.11	1.64
north	0.11	1.54
hammer	0.11	1.50
survival	0.11	1.51
scaled	0.11	1.42
telvanni	0.11	1.29
change	0.11	1.83
economy	0.11	1.33
grind	0.11	1.75
saved	0.11	1.98
flame	0.11	1.51
krosis	0.11	1.57
installing	0.11	2.10
pieces	0.11	1.65
boat	0.11	1.48
destruction	0.11	1.53
watch	0.11	1.58
gaming	0.11	1.63
nearby	0.11	1.55
gb	0.11	1.56
swimming	0.11	1.49
neck	0.11	1.54
explore	0.11	1.68
encounters	0.11	1.65
bows	0.11	1.62
things	0.11	3.13
enough	0.11	3.10
position	0.11	1.51
casting	0.11	1.53
invested	0.11	2.09
summon	0.11	1.50
statue	0.11	1.55
gem	0.11	1.42
might	0.11	3.49
stored	0.11	1.68
powers	0.11	1.58
norse	0.12	1.45
l	0.12	1.92
handful	0.12	1.78
installed	0.12	2.08
dawnbreaker	0.12	1.47
havent	0.12	2.72
atronach	0.12	1.50
24	0.12	1.96
brawl	0.12	1.48
eagle	0.12	1.43
conjuration	0.12	1.51
ranged	0.12	1.57
vigilant	0.12	1.57
points	0.12	1.75
involving	0.12	1.45
heat	0.12	1.75
falkreath	0.12	1.50
burned	0.12	1.56
slot	0.12	1.69
cleaning	0.12	1.87
world	0.12	1.43
scaling	0.12	1.54
machine	0.12	1.58
container	0.12	1.69
combo	0.12	1.39
frames	0.12	1.74
paralyze	0.12	1.56
begins	0.12	1.78
robe	0.13	1.49
sword	0.13	1.52
paralysis	0.13	1.55
void	0.13	1.49
dirty	0.13	1.77
focus	0.13	1.50
way	0.13	3.46
instant	0.13	1.72
cards	0.13	1.49
mail	0.13	1.48
horror	0.13	1.07
lakeview	0.13	1.49
creating	0.13	1.78
glow	0.13	1.46
ive	0.13	2.72
supply	0.13	1.62
much	0.13	2.80
shrine	0.13	1.51
mystery	0.13	1.78
costs	0.13	1.64
frenzy	0.13	1.55
pants	0.13	1.90
capital	0.13	1.42
aoe	0.13	1.51
asis	0.13	1.69
waterbreathing	0.13	1.54
house	0.13	1.50
became	0.13	1.76
quicksave	0.13	1.97
fireballs	0.13	1.47
female	0.13	1.38
alert	0.13	1.75
30fps	0.13	1.73
balls	0.13	1.68
frostfall	0.13	1.43
alt	0.13	1.50
lightning	0.14	1.48
worn	0.14	1.56
bruma	0.14	1.61
25	0.14	1.63
offensive	0.14	1.55
equipped	0.14	1.48
x	0.14	1.54
weight	0.14	1.64
foes	0.14	1.65
poisoned	0.14	1.50
magical	0.14	1.70
clavicus	0.14	1.37
conjured	0.14	1.45
60	0.14	1.70
areas	0.14	1.61
class	0.14	1.64
gained	0.14	1.95
other	0.14	2.31
cost	0.14	1.55
vile	0.14	1.37
gen	0.14	1.53
picked	0.14	2.25
bat	0.14	1.48
hardly	0.14	2.25
relatively	0.14	1.96
neutral	0.14	1.78
fiery	0.14	1.49
recently	0.14	2.69
unlock	0.14	1.62
cold	0.14	1.47
100	0.14	1.66
sun	0.14	1.48
depending	0.14	2.03
albeit	0.14	1.71
components	0.14	1.59
needs	0.14	1.54
stability	0.14	1.88
dream	0.14	1.56
setup	0.14	1.81
childhood	0.14	1.89
conjure	0.14	1.54
train	0.14	1.64
noticed	0.14	2.86
amulet	0.14	1.54
badly	0.15	1.97
madness	0.15	1.21
schools	0.15	1.54
listening	0.15	1.13
wears	0.15	1.45
ck	0.15	2.12
appeal	0.15	2.08
however	0.15	3.51
home	0.15	1.53
cast	0.15	1.55
spell	0.15	1.55
meridia	0.15	1.40
sanguine	0.15	1.40
co-op	0.15	1.21
moving	0.15	1.72
permanently	0.15	1.86
roman	0.15	1.43
mortals	0.15	1.58
coast	0.15	1.42
patches	0.15	1.79
18	0.15	1.67
avoided	0.15	1.97
nocturnal	0.15	1.38
atronachs	0.15	1.49
narrow	0.15	1.50
convert	0.15	1.90
profit	0.15	1.59
higher	0.15	1.62
0	0.16	1.66
azura	0.16	1.38
play-through	0.16	2.02
harsh	0.16	1.39
hypothermia	0.16	1.49
bottles	0.16	1.66
tongue	0.16	1.65
sole	0.16	1.89
winter	0.16	1.64
combine	0.16	1.62
working	0.16	3.13
legal	0.16	1.66
mace	0.16	1.46
top	0.16	2.22
consider	0.16	2.75
built	0.16	1.53
would	0.16	3.45
torch	0.16	1.58
solve	0.16	2.14
offering	0.16	1.78
realism	0.16	1.43
tab	0.16	1.63
outta	0.16	2.05
gems	0.16	1.51
expected	0.16	2.63
w	0.16	1.63
effectively	0.16	1.67
carriages	0.16	1.59
example	0.16	2.36
swords	0.17	1.49
task	0.17	1.57
introduced	0.17	1.66
results	0.17	1.79
70	0.17	1.71
critical	0.17	1.47
reloaded	0.17	1.86
without	0.17	2.28
everyday	0.17	1.46
houses	0.17	1.48
used	0.17	2.65
engine	0.17	1.40
equip	0.17	1.58
never	0.17	3.07
14	0.17	1.66
realm	0.17	1.44
twice	0.17	2.59
dremora	0.17	1.49
laughed	0.17	1.82
food	0.17	1.43
grab	0.17	2.08
modern	0.17	1.60
wet	0.17	1.57
output	0.17	1.40
before	0.17	2.72
80	0.17	1.72
duty	0.17	1.50
harder	0.17	1.70
font	0.17	1.54
sli	0.17	1.55
replace	0.17	1.54
90	0.17	1.72
smoke	0.17	1.45
trouble	0.17	2.63
ssme	0.17	1.77
players	0.17	1.63
45	0.17	1.70
da	0.17	2.15
season	0.17	1.64
since	0.17	2.76
removing	0.17	1.83
bound	0.17	1.49
ocean	0.18	1.45
display	0.18	1.59
particularly	0.18	2.14
explains	0.18	1.62
disappointing	0.18	1.55
perma	0.18	1.56
spells	0.18	1.51
default	0.18	1.53
reload	0.18	1.92
caps	0.18	1.57
cruel	0.18	1.30
ruining	0.18	1.77
rendering	0.18	1.41
essentially	0.18	1.89
water	0.18	1.42
15	0.18	1.68
build	0.18	1.64
apocrypha	0.18	1.42
daedra	0.18	1.50
feeling	0.18	1.97
unofficial	0.18	1.70
insert	0.18	1.62
intention	0.18	2.45
thrown	0.18	1.62
summoned	0.18	1.49
masks	0.18	1.54
doesnt	0.18	2.83
prior	0.18	1.91
difficulties	0.18	1.48
enchanted	0.18	1.56
form	0.18	1.76
deadric	0.18	1.45
movement	0.19	1.47
fixes	0.19	1.84
wearing	0.19	1.47
patch	0.19	1.79
redux	0.19	1.41
protection	0.19	1.50
shut	0.19	1.99
weak	0.19	1.52
plate	0.19	1.44
originally	0.19	2.14
video	0.19	1.49
cycle	0.19	1.61
tamriel	0.19	1.41
tusk	0.19	1.64
his	0.19	1.58
e	0.19	1.67
gate	0.19	1.41
travels	0.19	1.41
individual	0.19	1.75
comfort	0.19	1.53
fires	0.19	1.63
hunger	0.19	1.54
gigs	0.19	1.54
powered	0.19	1.44
integrity	0.19	1.88
leveled	0.19	1.74
later	0.19	2.51
axe	0.19	1.48
blessing	0.19	1.60
sorting	0.19	1.80
ve	0.19	2.87
feet	0.19	1.92
failing	0.19	1.96
play	0.19	1.81
bottle	0.19	1.47
beats	0.19	1.61
beta	0.19	1.73
integrated	0.19	1.62
reinstalling	0.20	2.15
signs	0.20	1.59
torches	0.20	1.50
purchase	0.20	1.63
only	0.20	3.33
realised	0.20	2.03
waited	0.20	2.13
sequence	0.20	1.49
17	0.20	1.72
dog	0.20	1.52
value	0.20	1.63
represent	0.20	1.34
interior	0.20	1.57
launcher	0.20	1.69
shows	0.20	1.67
allows	0.20	2.13
artifact	0.20	1.51
50	0.20	1.68
computers	0.20	1.60
golden	0.20	1.76
frame	0.20	1.57
bags	0.20	1.56
money	0.20	1.92
length	0.20	1.54
range	0.21	1.64
steward	0.21	1.43
land	0.21	1.49
n	0.21	1.70
till	0.21	2.19
area	0.21	1.63
tes5edit	0.21	1.88
potential	0.21	1.51
another	0.21	2.62
60fps	0.21	1.63
item	0.21	1.53
spending	0.21	2.54
exploit	0.21	1.97
plains	0.21	1.35
universe	0.21	1.57
warhammer	0.21	1.44
which	0.21	3.39
levels	0.21	1.69
weather	0.21	1.45
rewards	0.21	1.88
saw	0.21	2.29
requirement	0.21	1.23
excited	0.21	2.33
canon	0.21	1.94
software	0.21	1.47
save	0.21	1.92
legends	0.21	1.72
order	0.21	1.89
sheath	0.21	1.44
pace	0.21	1.60
suggest	0.21	2.14
pet	0.22	1.62
achieved	0.22	1.36
35	0.22	1.70
patience	0.22	2.15
requirements	0.22	1.60
manage	0.22	1.81
upgraded	0.22	1.50
covers	0.22	1.35
pray	0.22	1.61
passed	0.22	2.16
body	0.22	1.39
moons	0.22	1.57
medium	0.22	1.69
complaint	0.22	2.26
learning	0.22	2.07
newest	0.22	1.75
programs	0.22	1.71
30	0.22	1.77
yesterday	0.22	2.55
gt	0.22	1.64
remain	0.22	1.71
mara	0.22	1.55
knowledge	0.22	1.64
rose	0.22	1.57
customization	0.23	1.24
village	0.23	1.46
75	0.23	1.72
religion	0.23	1.46
objectives	0.23	1.93
sex	0.23	1.45
turning	0.23	1.66
regret	0.23	2.55
champion	0.23	1.43
homes	0.23	1.45
loot	0.23	1.82
elemental	0.23	1.60
pages	0.23	1.69
reaching	0.23	1.78
history	0.23	1.51
during	0.23	1.79
visual	0.23	1.49
bones	0.23	1.52
achievements	0.23	1.99
fork	0.23	1.37
overly	0.23	1.89
16	0.23	1.61
directions	0.23	1.77
ash	0.23	1.31
try	0.23	3.04
purple	0.23	1.49
unp	0.23	1.30
box	0.23	1.64
verify	0.24	1.80
19	0.24	1.66
decisions	0.24	1.95
zero	0.24	1.60
3000	0.24	1.68
telekinesis	0.24	1.69
bolt	0.24	1.47
learn	0.24	2.22
invaded	0.24	1.32
deadra	0.24	1.66
summerset	0.24	1.28
seem	0.24	2.53
possibilities	0.24	1.86
wide	0.24	1.39
40	0.24	1.72
latest	0.24	1.81
downloading	0.24	2.05
roads	0.24	1.53
steel	0.24	1.48
tfc	0.24	1.42
wars	0.24	1.18
perhaps	0.25	2.59
circles	0.25	1.82
1080p	0.25	1.69
savior	0.25	1.46
hour	0.25	2.28
sharp	0.25	1.44
wind	0.25	1.79
advanced	0.25	1.51
tried	0.25	2.80
brings	0.25	1.51
titles	0.25	1.61
woods	0.25	1.41
alcohol	0.25	1.46
forts	0.25	1.49
memory	0.25	1.75
beneath	0.25	1.58
knights	0.25	1.26
seconds	0.25	2.20
objects	0.25	1.46
morning	0.25	2.04
yellow	0.25	1.36
stretch	0.25	1.75
gay	0.25	1.47
launch	0.25	1.77
85	0.25	1.65
terribly	0.25	2.06
issue	0.25	2.68
daedric	0.25	1.44
tier	0.25	1.52
developed	0.25	1.67
also	0.25	3.50
f	0.25	1.58
realistic	0.25	1.45
exchange	0.25	1.58
someday	0.25	2.80
warm	0.26	1.62
wise	0.26	1.52
shot	0.26	1.65
aim	0.26	1.53
ways	0.26	2.28
sovngarde	0.26	1.35
days	0.26	2.27
bone	0.26	1.48
her	0.26	1.49
curse	0.26	1.64
stories	0.26	1.47
fear	0.26	1.65
intense	0.26	1.33
uninstalled	0.26	2.16
opponents	0.26	1.51
spend	0.26	2.56
clean	0.26	1.95
motherboard	0.26	1.67
implemented	0.26	1.62
there	0.26	3.41
beacon	0.26	1.60
less	0.26	2.05
updated	0.26	1.88
include	0.26	1.92
mines	0.26	1.41
dragonscale	0.26	1.49
sadly	0.26	2.20
compatible	0.26	1.73
hardcore	0.26	1.39
boss	0.26	1.88
ebony	0.26	1.48
ad	0.27	1.37
load	0.27	1.91
wrye	0.27	1.90
faith	0.27	1.85
touching	0.27	1.58
dibella	0.27	1.56
aka	0.27	1.55
burdens	0.27	1.80
greatsword	0.27	1.47
cache	0.27	1.93
p.s	0.27	1.56
referring	0.27	3.10
separate	0.27	1.83
create	0.27	1.91
wore	0.27	1.50
classes	0.27	1.57
surviving	0.27	1.69
really	0.27	3.09
low	0.27	1.57
r	0.27	1.66
footprints	0.27	1.36
deleting	0.27	1.93
patched	0.27	2.13
spent	0.27	2.54
within	0.27	1.93
pale	0.27	1.44
difficulty	0.28	1.49
cabbage	0.28	1.44
seemed	0.28	2.08
kyne	0.28	1.57
legs	0.28	1.56
hat	0.28	1.50
at	0.28	1.98
hands	0.28	1.60
current	0.28	1.93
skies	0.28	1.73
witcher	0.28	1.12
playthroughs	0.28	2.20
battleaxe	0.28	1.47
uninstalling	0.28	2.03
autosave	0.28	1.91
recruit	0.28	1.84
darker	0.28	1.48
logic	0.28	1.71
theres	0.28	2.11
sum	0.28	1.88
armour	0.28	1.49
peoples	0.28	1.71
newer	0.28	1.59
portion	0.28	1.58
eat	0.28	1.46
make	0.28	2.77
im	0.28	3.17
nude	0.28	1.39
too	0.28	2.79
smooth	0.28	1.69
mention	0.28	2.90
testing	0.28	2.23
dawn	0.28	1.53
snap	0.28	1.40
famous	0.28	1.62
exact	0.28	2.69
lowest	0.28	1.64
business	0.29	1.48
120	0.29	1.75
armor	0.29	1.49
20	0.29	1.74
thing	0.29	3.29
minute	0.29	2.22
drinking	0.29	1.26
throughout	0.29	1.39
massive	0.29	1.14
rather	0.29	2.07
port	0.29	1.50
valid	0.29	1.64
grass	0.29	1.35
loaded	0.29	1.89
wealth	0.29	1.49
dance	0.29	1.39
8	0.29	1.58
granted	0.29	1.83
sacrifice	0.29	1.62
roughly	0.29	2.04
adept	0.29	1.47
sister	0.29	1.39
fury	0.29	1.61
groups	0.29	1.45
girl	0.29	1.57
150	0.29	1.80
ones	0.29	2.48
reduced	0.29	1.58
eye	0.29	1.41
anytime	0.29	1.98
budget	0.29	1.74
replacement	0.29	1.39
increasing	0.29	1.52
tiber	0.29	1.54
library	0.29	1.53
years	0.29	2.16
stalhrim	0.30	1.48
package	0.30	1.74
problem	0.30	3.15
stars	0.30	1.64
250	0.30	1.82
near	0.30	1.53
author	0.30	1.90
max	0.30	1.74
checked	0.30	2.42
weekend	0.30	2.23
organizer	0.30	1.85
install	0.30	1.90
tutorial	0.30	1.58
existed	0.30	2.75
as	0.30	3.34
types	0.30	1.68
isnt	0.30	1.91
videos	0.30	1.51
gamer	0.30	1.36
dedicated	0.30	1.56
eso	0.30	1.40
song	0.30	1.14
bash	0.30	1.81
last	0.30	2.21
meant	0.30	3.88
lighter	0.30	1.62
combination	0.30	1.54
compared	0.30	1.83
meal	0.30	1.45
normal	0.31	1.95
marry	0.31	1.42
regions	0.31	1.35
searched	0.31	2.22
curious	0.31	2.59
staves	0.31	1.48
incredibly	0.31	2.08
enabled	0.31	1.65
combined	0.31	1.42
illegal	0.31	1.83
kitty	0.31	1.44
difference	0.31	2.20
uninstall	0.31	2.03
13	0.31	1.65
variety	0.31	1.60
sprint	0.31	1.73
math	0.31	2.23
reinstall	0.31	2.02
final	0.31	1.74
12	0.31	1.70
defensive	0.31	1.85
literal	0.31	1.97
places	0.31	1.79
changes	0.31	1.60
ultra	0.31	1.74
marked	0.31	1.74
drivers	0.31	1.80
800	0.31	1.80
raven	0.31	1.39
crossbow	0.31	1.45
auriel	0.31	1.49
items	0.31	1.65
ethereal	0.31	1.70
week	0.32	2.29
becomes	0.32	1.80
modding	0.32	1.75
fresh	0.32	1.86
blank	0.32	1.55
sign	0.32	1.28
s.t.e.p	0.32	1.69
sources	0.32	1.67
wear	0.32	1.47
temporary	0.32	1.39
headless	0.32	1.35
minutes	0.32	2.30
cells	0.32	1.70
maximum	0.32	1.57
stick	0.32	1.72
located	0.32	1.76
lift	0.32	1.57
aedra	0.32	1.61
dragonbone	0.32	1.47
seven	0.32	1.81
crazy	0.32	1.69
requiem	0.32	1.48
render	0.32	1.47
technically	0.32	2.66
b	0.32	1.68
installation	0.32	1.67
duh	0.32	1.99
logged	0.32	2.12
version	0.33	1.76
date	0.33	1.80
hearthfire	0.33	1.48
tomorrow	0.33	2.43
download	0.33	1.86
bonus	0.33	1.61
logical	0.33	1.92
efficient	0.33	1.63
update	0.33	1.89
loading	0.33	1.91
row	0.33	1.34
yours	0.33	1.75
warning	0.33	1.78
miss	0.33	2.03
saves	0.33	1.87
helped	0.33	1.67
read	0.33	1.70
installer	0.33	1.82
numerous	0.33	1.95
lorkhan	0.33	1.57
step	0.33	1.61
various	0.33	1.98
restrictions	0.33	1.57
fancy	0.33	1.43
technology	0.33	1.64
reading	0.34	1.65
2-3	0.34	1.97
hours	0.34	2.23
brown	0.34	1.42
blue	0.34	1.41
700	0.34	1.84
rich	0.34	1.36
solved	0.34	2.14
mountains	0.34	1.44
gives	0.34	1.90
throw	0.34	1.92
reinstalled	0.34	2.34
wife	0.34	1.43
2000	0.34	1.79
rpgs	0.34	1.29
high	0.34	1.48
deadly	0.34	1.48
septim	0.34	1.51
profiles	0.34	1.85
hes	0.34	1.94
intensive	0.34	1.52
connect	0.34	1.60
mining	0.34	1.53
iirc	0.34	2.13
easter	0.34	1.72
mo	0.34	1.84
kidding	0.34	2.30
idk	0.34	1.90
usage	0.34	2.01
times	0.35	2.23
advantage	0.35	1.62
advance	0.35	2.25
nmm	0.35	1.86
200	0.35	1.86
600	0.35	1.84
updating	0.35	1.90
cleaned	0.35	2.37
meshes	0.35	1.31
mental	0.35	1.55
percent	0.35	2.03
hassle	0.35	1.76
bleak	0.35	1.67
scale	0.35	1.47
wabbajack	0.35	1.59
rules	0.35	1.70
500	0.35	1.81
alpha	0.35	1.99
10	0.35	1.74
subject	0.35	1.83
adult	0.35	1.52
amp	0.35	1.47
divines	0.35	1.63
selection	0.35	1.28
rp	0.35	1.51
ten	0.35	1.93
hard	0.35	2.05
gates	0.35	1.31
vsync	0.36	1.61
alas	0.36	2.46
isle	0.36	1.36
keyboard	0.36	1.32
put	0.36	2.37
overwrite	0.36	1.81
playstyle	0.36	1.64
cheap	0.36	1.52
weeks	0.36	2.25
overhaul	0.36	1.41
summer	0.36	1.79
majority	0.36	1.64
evening	0.36	1.70
settings	0.36	1.56
k	0.36	1.76
comparison	0.36	1.34
gods	0.36	1.61
argument	0.36	2.19
300	0.36	1.91
os	0.36	1.47
specific	0.36	2.14
xbox	0.36	1.74
puzzles	0.36	1.74
chance	0.36	2.35
considered	0.36	1.81
fake	0.36	1.41
cot	0.36	1.43
black	0.36	1.29
resolution	0.36	1.42
manner	0.36	1.63
fist	0.36	1.48
shortcut	0.36	1.71
english	0.36	2.20
9	0.36	1.71
including	0.37	1.82
five	0.37	1.94
loop	0.37	1.73
curved	0.37	1.72
price	0.37	1.68
settle	0.37	1.66
different	0.37	2.02
stronghold	0.37	1.33
acquire	0.37	1.75
countless	0.37	2.09
hm	0.37	1.76
sets	0.37	1.61
scene	0.37	1.27
artifacts	0.37	1.56
manager	0.37	1.84
lights	0.37	1.40
animated	0.37	1.60
martin	0.37	1.34
lower	0.37	1.61
via	0.37	1.95
closed	0.37	1.43
clothing	0.37	1.42
hack	0.38	1.67
cicero	0.38	1.63
previously	0.38	2.12
googling	0.38	1.82
time	0.38	2.73
i.e	0.38	1.34
alternative	0.38	2.11
accounts	0.38	1.59
data	0.38	1.84
collection	0.38	1.33
clothes	0.38	1.44
dry	0.38	1.92
5	0.38	1.78
automatically	0.38	1.80
months	0.38	2.21
region	0.38	1.35
males	0.38	1.32
culture	0.38	1.41
eating	0.38	1.34
ps3	0.38	1.80
arvak	0.38	1.49
million	0.38	1.89
certain	0.38	2.09
multiplayer	0.38	1.24
destiny	0.38	1.72
shoes	0.38	1.69
log	0.38	1.68
400	0.38	1.86
previous	0.38	1.73
laugh	0.38	1.80
option	0.38	2.23
legitimate	0.38	1.86
dozen	0.39	1.95
thu'um	0.39	1.77
banned	0.39	1.73
3-4	0.39	1.93
hundred	0.39	1.90
far	0.39	3.09
scratch	0.39	1.90
explaining	0.39	2.55
events	0.39	1.55
bow	0.39	1.47
7	0.39	1.67
mechanic	0.39	1.57
saadia	0.39	1.53
joy	0.39	1.20
intended	0.39	2.24
females	0.39	1.32
divine	0.39	1.62
1000	0.39	1.83
horse	0.39	1.56
coins	0.39	1.82
dressed	0.39	1.54
optimization	0.39	1.43
effect	0.39	1.58
fashion	0.39	1.56
dynamic	0.39	1.34
marsh	0.39	1.21
virtual	0.39	1.74
program	0.39	1.70
interest	0.39	2.31
obviously	0.39	3.04
goals	0.39	1.63
recommend	0.40	2.15
heavily	0.40	1.45
adding	0.40	1.90
whereas	0.40	1.19
tutorials	0.40	1.63
enbs	0.40	1.51
disabling	0.40	1.81
three	0.40	1.93
tool	0.40	1.75
snowy	0.40	1.34
miles	0.40	1.48
bought	0.40	1.81
mmo	0.40	1.30
spots	0.40	1.47
six	0.40	1.83
ro	0.40	1.87
assuming	0.40	3.11
hdd	0.40	1.71
favourite	0.40	2.75
fault	0.40	2.28
styles	0.41	1.74
quote	0.41	1.77
thousands	0.41	1.95
facial	0.41	1.37
flew	0.41	1.54
effort	0.41	1.99
tough	0.41	1.52
plain	0.41	1.82
mac	0.41	1.55
mixed	0.41	1.56
thousand	0.41	1.99
manually	0.41	1.84
soup	0.41	1.31
boot	0.41	1.60
pointed	0.41	2.21
steam	0.41	1.74
couple	0.41	1.98
reminds	0.41	2.11
four	0.41	1.90
2	0.41	1.69
talos	0.42	1.62
minecraft	0.42	1.33
furry	0.42	1.38
fox	0.42	1.57
detect	0.42	1.60
always	0.42	3.23
name	0.42	2.09
sale	0.42	1.77
bunch	0.42	2.01
work	0.42	3.36
liked	0.42	2.48
maps	0.42	1.21
folders	0.42	1.84
almost	0.42	2.53
realvision	0.42	1.62
installs	0.42	1.84
outfits	0.42	1.43
minimum	0.42	1.68
suggested	0.42	1.61
teacher	0.42	1.35
updates	0.42	1.73
nine	0.42	1.57
paying	0.42	1.96
cabin	0.42	1.45
drive	0.42	1.81
pleasure	0.42	1.12
360	0.43	1.72
hybrid	0.43	1.60
rest	0.43	1.82
valenwood	0.43	1.27
redone	0.43	1.43
watched	0.43	1.66
distant	0.43	1.30
lot	0.43	2.46
safety	0.43	1.73
copies	0.43	1.56
climates	0.43	1.43
akatosh	0.43	1.58
elfx	0.43	1.55
packs	0.43	1.40
connected	0.43	1.88
y	0.43	1.64
fx	0.43	1.41
several	0.43	1.97
weapons	0.43	1.45
nights	0.43	1.50
set	0.43	1.52
naming	0.43	2.05
carry	0.43	1.66
awhile	0.44	2.56
actually	0.44	3.37
first	0.44	2.40
apocalypse	0.44	1.54
switch	0.44	1.65
playthrough	0.44	2.15
white	0.44	1.33
lick	0.44	1.44
versions	0.44	1.65
folks	0.44	2.35
similarly	0.44	1.62
inns	0.44	1.28
improvement	0.44	1.26
unrelenting	0.44	1.85
round	0.44	2.18
ysolda	0.45	1.43
dragonborn	0.45	1.60
disk	0.45	1.69
bright	0.45	1.29
instructions	0.45	1.64
machines	0.45	1.38
guides	0.45	1.58
6	0.45	1.68
pot	0.45	1.44
loyal	0.45	1.46
smim	0.45	1.32
nose	0.45	1.63
documents	0.45	1.75
ratio	0.46	1.50
akavir	0.46	1.25
ssd	0.46	1.57
produce	0.46	1.62
references	0.46	1.61
builds	0.46	1.77
files	0.46	1.83
square	0.46	1.37
skin	0.46	1.34
tundra	0.46	1.38
deleted	0.46	2.03
few	0.46	2.00
potatoes	0.46	1.40
horns	0.46	1.41
two	0.46	2.10
gold	0.46	1.72
utility	0.46	1.51
priority	0.46	1.53
gun	0.46	1.50
fourth	0.46	1.76
those	0.46	2.22
overpowered	0.46	1.49
elaborate	0.46	1.69
especially	0.46	1.92
kids	0.46	1.45
t	0.46	1.78
whatnot	0.46	1.55
many	0.46	2.13
dozens	0.46	1.96
lusty	0.46	1.59
hundreds	0.47	1.91
shout	0.47	1.84
waters	0.47	1.31
active	0.47	1.63
shor	0.47	1.55
rock	0.47	1.18
legendary	0.47	1.58
claws	0.47	1.46
delete	0.47	1.84
sometime	0.47	2.20
visiting	0.47	1.61
skeever	0.47	1.62
sithis	0.47	1.70
blocks	0.47	1.61
makes	0.47	2.25
naturally	0.47	1.71
shadow	0.47	1.54
balance	0.47	1.35
browsing	0.47	1.77
force	0.47	1.86
based	0.47	1.73
more	0.47	2.34
forgot	0.48	3.40
forest	0.48	1.33
unusual	0.48	1.52
rlo	0.48	1.59
w.a.t.e.r	0.48	1.27
silence	0.48	1.29
mentioned	0.48	2.17
32	0.48	1.57
hell	0.48	2.69
lod	0.48	1.27
mehrunes	0.48	1.24
file	0.48	1.81
sheogorath	0.48	1.24
dagon	0.48	1.24
dg	0.48	1.59
tribunal	0.48	1.35
figured	0.48	2.72
above	0.48	1.94
sorta	0.48	1.80
loads	0.48	1.87
everytime	0.48	1.92
mortal	0.48	1.54
appears	0.49	1.87
4k	0.49	1.39
consistently	0.49	1.47
selected	0.49	1.74
barrel	0.49	1.62
fyi	0.49	1.42
lore	0.49	1.59
challenge	0.49	1.68
downloaded	0.49	1.83
husband	0.49	1.31
existing	0.49	1.64
chick	0.49	1.67
civilization	0.49	1.45
clutter	0.49	1.31
phrase	0.49	2.21
replay	0.49	1.83
folder	0.49	1.80
cloth	0.49	1.40
window	0.49	1.62
thrones	0.49	1.23
tbh	0.49	1.94
period	0.49	1.94
creates	0.49	1.41
lesson	0.49	1.81
expensive	0.50	1.52
actor	0.50	1.21
aspect	0.50	1.46
lockpicks	0.50	1.85
interiors	0.50	1.43
enhancement	0.50	1.37
o.o	0.50	1.96
portal	0.50	1.24
literally	0.50	2.31
given	0.50	1.90
windows	0.50	1.50
lanterns	0.50	1.41
dialogue	0.50	1.39
nv	0.50	1.34
taverns	0.50	1.24
connection	0.50	1.78
related	0.51	1.94
action	0.51	1.46
monk	0.51	1.53
depend	0.51	1.64
egg	0.51	1.53
concern	0.51	1.71
enhanced	0.51	1.34
targets	0.51	1.52
slayer	0.51	1.42
adopt	0.51	1.47
hooked	0.51	1.54
ancestors	0.51	1.48
warfare	0.51	1.48
next	0.51	1.88
pleased	0.51	2.37
safely	0.51	1.91
plug	0.52	1.57
boy	0.52	1.88
cities	0.52	1.40
cyrodiil	0.52	1.17
least	0.52	2.92
evil	0.52	1.74
devs	0.52	1.84
sales	0.52	1.67
mode	0.52	1.47
reverse	0.52	1.64
dlcs	0.52	1.57
reward	0.52	1.64
transfer	0.52	1.83
landscapes	0.52	1.35
agreed	0.52	1.64
blackreach	0.52	1.57
desert	0.52	1.27
checking	0.52	1.97
custom	0.52	1.47
c	0.52	1.70
brutal	0.52	1.43
research	0.53	1.83
armours	0.53	1.41
workshop	0.53	1.81
tools	0.53	1.72
reasoning	0.53	2.09
whisper	0.53	1.81
nerevarine	0.53	1.41
4	0.53	1.55
daily	0.53	1.64
lighting	0.53	1.44
distance	0.53	1.60
plenty	0.53	2.09
hook	0.53	1.61
according	0.53	1.72
common	0.53	1.34
skilled	0.53	1.38
trees	0.53	1.23
cell	0.53	1.61
vision	0.53	1.62
hero	0.53	1.32
friends	0.54	1.83
recommended	0.54	1.78
wound	0.54	1.90
interests	0.54	1.66
yo	0.54	2.07
twenty	0.54	1.88
series	0.54	1.32
us	0.54	2.38
opinions	0.54	1.87
roll	0.54	1.77
enb	0.54	1.60
setting	0.54	1.54
recommendations	0.54	1.90
humor	0.54	1.80
textures	0.54	1.22
extremely	0.54	2.15
whirlwind	0.54	1.81
opened	0.54	1.36
upgrades	0.54	1.60
island	0.54	1.33
rare	0.54	1.44
11	0.54	1.73
blows	0.55	1.61
purchased	0.55	1.76
stole	0.55	2.05
unrelated	0.55	1.85
developer	0.55	1.47
bolts	0.55	1.48
funny	0.55	2.46
ur	0.55	2.15
welp	0.55	2.27
achievement	0.55	1.78
ton	0.55	1.97
mini	0.55	1.78
below	0.55	1.86
year	0.55	1.92
guide	0.55	1.68
wearable	0.55	1.48
penis	0.55	1.51
es	0.56	1.34
ridiculously	0.56	2.13
raw	0.56	1.33
incident	0.56	1.44
explained	0.56	2.07
took	0.56	2.28
lots	0.56	1.88
22	0.56	1.48
avatar	0.56	1.45
answered	0.56	2.50
estate	0.56	1.59
armors	0.56	1.36
released	0.56	1.78
mead	0.56	1.57
fantasy	0.56	1.25
rough	0.56	1.37
sweetrolls	0.56	1.60
necessary	0.56	1.84
aiming	0.56	1.67
shouts	0.56	1.90
equipping	0.56	1.37
amazon	0.56	1.62
schlongs	0.57	1.69
quick	0.57	1.82
disc	0.57	1.68
flash	0.57	1.79
aware	0.57	2.46
release	0.57	1.86
perspective	0.57	1.57
backpack	0.57	1.45
stated	0.57	2.02
month	0.57	2.15
role	0.57	1.19
spears	0.57	1.22
professional	0.57	1.42
frozen	0.57	1.41
very	0.58	2.20
description	0.58	1.71
closely	0.58	1.53
particular	0.58	1.44
copy	0.58	1.69
breath	0.58	1.76
face	0.58	1.39
edition	0.58	1.62
aura	0.58	1.72
res	0.58	1.36
green	0.58	1.35
visible	0.58	1.38
auto	0.58	1.66
personality	0.58	1.74
skimpy	0.58	1.34
enboost	0.58	1.71
replacer	0.58	1.29
utterly	0.58	1.33
preference	0.58	1.58
cuz	0.58	2.05
switched	0.59	1.64
episode	0.59	1.47
distract	0.59	1.53
directory	0.59	1.76
spouse	0.59	1.45
bend	0.59	1.79
super	0.59	2.16
blast	0.59	1.50
day	0.59	2.12
unequip	0.59	1.48
directly	0.59	1.82
second	0.59	1.85
games	0.59	1.35
inspired	0.59	1.38
replied	0.59	2.53
kind	0.59	2.11
star	0.59	1.23
valuable	0.59	1.50
lucia	0.60	1.53
values	0.60	1.59
mesh	0.60	1.24
downloads	0.60	1.76
highly	0.60	1.90
played	0.60	2.18
help	0.60	2.90
complex	0.60	1.49
arrow	0.61	1.51
pay	0.61	1.96
sigh	0.61	1.80
jobs	0.61	1.91
static	0.61	1.26
today	0.61	2.39
surrounding	0.61	1.35
stolen	0.61	1.63
wheels	0.61	1.29
confusion	0.61	2.49
3rd	0.61	1.30
aa	0.61	1.53
tweaking	0.61	1.72
fans	0.62	1.33
seasons	0.62	1.43
wine	0.62	1.52
kit	0.62	1.52
iv	0.62	1.16
closest	0.62	2.53
bloom	0.62	1.40
looking	0.62	3.09
adjust	0.62	1.53
shivering	0.63	1.19
use	0.63	1.97
fifth	0.63	1.75
official	0.63	1.47
journey	0.63	1.42
plastic	0.63	1.45
consistent	0.63	1.45
fired	0.64	1.52
equal	0.64	1.44
respond	0.64	2.22
amidianborn	0.64	1.26
piece	0.64	1.22
texture	0.64	1.27
usb	0.64	1.59
monster	0.64	1.23
bump	0.64	1.55
crisis	0.64	1.25
gift	0.65	1.53
kvatch	0.65	1.24
proof	0.65	1.80
sort	0.65	1.91
tits	0.65	1.43
lost	0.65	1.98
names	0.65	1.56
backup	0.65	1.81
pm	0.65	2.26
over	0.65	2.07
surprisingly	0.65	1.99
written	0.65	1.69
eyes	0.65	1.33
borderlands	0.65	1.19
terrain	0.65	1.29
sacrificed	0.65	1.51
butter	0.65	1.62
flora	0.65	1.21
device	0.65	1.51
profile	0.65	1.77
somewhat	0.65	2.13
tonight	0.65	2.48
public	0.66	1.45
pounds	0.66	1.90
moves	0.66	2.30
friend	0.66	1.76
somehow	0.66	2.04
german	0.66	2.47
error	0.66	2.54
popular	0.66	1.51
attractive	0.66	1.35
r/pcmasterrace	0.66	1.71
2011	0.66	1.75
beer	0.66	1.57
ups	0.66	1.46
errors	0.66	2.38
septims	0.67	1.97
3	0.67	1.49
tropical	0.67	1.25
its	0.67	2.78
creed	0.67	1.19
multiple	0.67	1.90
shadows	0.67	1.46
language	0.67	2.02
modder	0.67	1.65
trip	0.67	1.72
own	0.67	1.75
similar	0.68	1.51
full	0.68	1.38
thought	0.68	3.06
balanced	0.68	1.41
together	0.68	2.01
shirt	0.68	1.83
ps	0.68	2.01
detailed	0.68	1.37
vvardenfell	0.69	1.22
important	0.69	1.60
project	0.69	1.45
earlier	0.69	2.06
arrows	0.69	1.47
includes	0.69	1.40
check	0.69	1.92
refer	0.70	2.05
quite	0.70	2.37
praise	0.70	1.69
wandered	0.70	1.70
shared	0.70	1.69
fairly	0.70	2.11
villages	0.70	1.35
listed	0.70	1.84
damnit	0.70	1.78
brother	0.70	1.30
calm	0.70	1.64
development	0.70	1.61
depends	0.70	1.79
dollars	0.71	2.03
vi	0.71	1.52
modify	0.71	1.62
definition	0.71	1.74
practically	0.71	1.59
r/buildapc	0.71	2.17
red	0.71	1.18
manual	0.71	1.75
parties	0.71	1.77
u	0.71	2.25
forward	0.71	1.81
article	0.71	1.78
nexus	0.71	1.80
stuff	0.71	2.27
though	0.71	3.22
apparently	0.71	2.18
features	0.72	1.83
hair	0.72	1.31
question	0.72	2.69
insane	0.72	1.36
r/buildapcforme	0.72	2.13
sarcasm	0.72	2.48
developers	0.72	1.58
batman	0.72	1.56
section	0.72	1.77
club	0.72	1.46
movies	0.73	2.06
sake	0.73	1.45
tricks	0.73	1.57
capture	0.73	1.47
person	0.73	1.78
bucks	0.74	1.96
era	0.74	1.56
hd	0.74	1.25
cover	0.74	1.40
paper	0.74	1.25
some	0.74	2.45
role-playing	0.74	1.47
legend	0.74	1.32
bird	0.74	1.70
experiences	0.74	1.50
controller	0.74	1.21
extra	0.74	1.73
place	0.74	2.67
mid	0.74	1.54
sense	0.74	3.04
towns	0.74	1.36
v	0.75	1.34
party	0.75	1.31
wiki	0.75	1.68
bethesda	0.75	1.62
poop	0.75	1.51
creator	0.75	1.31
paid	0.76	1.78
contains	0.76	1.76
visuals	0.76	1.21
addition	0.76	1.45
entirely	0.76	1.91
internet	0.76	1.78
glory	0.76	1.80
material	0.76	1.75
scenes	0.76	1.27
essential	0.76	1.49
browse	0.76	1.76
seems	0.77	2.09
personally	0.77	2.55
2k	0.77	1.25
hopefully	0.77	2.31
fortress	0.77	1.32
pack	0.77	1.22
women	0.78	1.39
guns	0.78	1.35
honest	0.78	2.12
r/teslore	0.78	2.11
stays	0.78	1.67
horker	0.78	1.54
fallout	0.78	1.29
ever	0.78	3.01
arena	0.78	1.19
danger	0.78	2.18
housecarl	0.78	1.47
wat	0.78	2.12
shape	0.78	1.50
lands	0.78	1.38
climate	0.79	1.13
interested	0.79	2.33
carefully	0.79	1.68
anthology	0.79	1.36
porn	0.79	1.65
anyway	0.79	3.21
rename	0.79	1.70
battlefield	0.79	1.20
cam	0.80	1.37
cough	0.80	1.66
medieval	0.80	1.52
traditional	0.80	1.18
m8	0.80	2.07
sheer	0.80	1.07
dem	0.80	1.77
take	0.80	2.62
cheese	0.80	1.50
immortal	0.80	1.49
real	0.80	1.44
reference	0.81	1.41
guess	0.81	3.20
skyrim.ini	0.81	1.70
classic	0.81	1.20
tweak	0.81	1.70
solution	0.81	2.07
dev	0.82	1.49
removed	0.82	1.86
bam	0.82	1.62
damn	0.82	2.65
faces	0.83	1.32
1k	0.83	1.35
lists	0.83	1.76
early	0.83	1.62
downvotes	0.83	2.37
sites	0.83	1.62
downvote	0.83	2.32
spoilers	0.83	2.21
motherfucking	0.84	1.61
duel	0.84	1.47
minds	0.84	2.07
highest	0.84	2.46
elsewhere	0.84	2.05
compatibility	0.84	1.70
gta	0.84	1.19
viable	0.85	1.43
search	0.85	1.82
amazed	0.85	2.24
wedding	0.85	1.20
cinematic	0.85	1.33
suit	0.85	1.53
arts	0.85	1.54
disturbing	0.85	1.53
simply	0.86	2.16
online	0.86	1.22
relax	0.86	1.67
bread	0.86	1.41
these	0.86	1.96
scrolls	0.86	1.26
elder	0.86	1.25
viking	0.86	1.39
provided	0.86	1.94
honey	0.86	1.52
choice	0.87	2.58
elsweyr	0.87	1.16
vote	0.87	2.01
opinion	0.87	2.10
ini	0.87	1.62
zone	0.87	2.25
uesp	0.87	1.79
story	0.87	1.62
obligatory	0.87	1.67
nailed	0.88	1.56
shit	0.88	2.26
methods	0.88	1.40
dragonrend	0.89	1.69
1st	0.89	1.29
taste	0.89	1.51
close	0.89	2.19
guaranteed	0.89	2.49
completely	0.89	1.86
freaking	0.89	2.11
comprehensive	0.89	1.43
roleplay	0.90	1.50
imo	0.90	1.66
preset	0.90	1.53
hi	0.90	1.66
taking	0.90	2.41
ill	0.91	2.50
forums	0.91	1.82
provide	0.91	1.87
theme	0.91	1.11
10/10	0.91	1.48
certainly	0.91	2.50
summons	0.91	1.49
community	0.91	1.74
oil	0.91	1.46
presets	0.92	1.51
closer	0.92	1.52
means	0.92	2.99
meanwhile	0.92	1.42
sorry	0.92	3.42
although	0.93	2.73
dlc	0.93	1.40
easy	0.93	1.58
brightness	0.93	1.39
wrote	0.93	2.24
field	0.93	1.43
challenging	0.94	1.30
kinda	0.94	2.12
npc	0.94	1.35
pro	0.94	1.45
sweetroll	0.94	1.77
baby	0.94	1.68
changed	0.95	2.12
one	0.95	2.98
account	0.95	1.67
commenting	0.95	2.12
meme	0.95	1.65
part	0.95	2.47
memories	0.95	1.12
worlds	0.95	1.16
tag	0.95	1.89
color	0.96	1.33
enjoying	0.96	1.78
method	0.96	1.68
topic	0.96	2.08
depth	0.96	1.46
dynavision	0.96	1.39
tes	0.97	1.22
special	0.97	1.64
runescape	0.97	1.71
merely	0.97	2.10
minimal	0.97	1.42
zelda	0.97	1.04
enjoyable	0.98	1.27
rolls	0.98	1.52
ftw	0.98	1.08
isles	0.98	1.15
pretty	0.99	2.18
reliable	0.99	1.71
girlfriend	0.99	1.96
afaik	0.99	1.74
suits	0.99	1.37
ready	0.99	2.32
trailer	0.99	1.49
school	0.99	1.44
included	0.99	1.58
roleplaying	1.00	1.34
dammit	1.00	1.70
resource	1.00	1.58
app	1.00	1.64
ta	1.00	2.21
advise	1.00	1.69
movie	1.00	1.23
tank	1.00	1.48
boyfriend	1.00	1.93
busy	1.01	2.33
darn	1.01	1.86
boom	1.01	1.43
michael	1.01	1.54
camera	1.01	1.36
joke	1.01	2.19
details	1.01	1.89
examples	1.01	1.46
upvoted	1.02	2.11
new	1.02	1.74
fixed	1.02	2.52
realistically	1.02	1.65
ultimate	1.02	1.47
rewarding	1.02	1.39
website	1.02	1.77
hope	1.02	2.71
word	1.02	2.23
described	1.03	1.33
reasonable	1.03	2.01
shes	1.03	1.74
factor	1.03	1.48
aela	1.04	1.45
monitor	1.04	1.44
serena	1.04	1.57
meeko	1.04	1.38
extensive	1.04	1.41
saturation	1.04	1.38
yay	1.04	1.86
fuckin	1.04	1.79
ol	1.05	1.72
powerful	1.05	1.38
apple	1.05	1.42
modders	1.05	1.79
timing	1.05	1.60
outfit	1.05	1.42
comments	1.05	2.21
expansions	1.05	1.32
page	1.06	1.73
pun	1.06	1.65
unfortunately	1.06	2.32
extension	1.06	1.60
2nd	1.07	1.51
circlejerk	1.07	1.81
christmas	1.07	1.52
environment	1.07	0.93
dunno	1.07	2.24
desktop	1.07	1.50
term	1.07	2.57
embrace	1.07	1.72
vegas	1.07	1.31
anyways	1.07	2.14
convenient	1.08	1.52
2014	1.08	1.53
questions	1.08	2.25
provides	1.08	1.20
ideas	1.08	2.19
seriously	1.08	2.46
slip	1.09	1.55
o	1.09	1.87
beard	1.09	1.39
drawn	1.10	1.36
potato	1.10	1.41
clicked	1.10	1.95
hoping	1.10	2.19
google	1.10	1.72
fitting	1.10	1.28
sticky	1.10	1.92
unmodded	1.10	1.51
karma	1.11	2.03
shoots	1.12	1.20
exploits	1.12	1.65
vale	1.12	1.16
bet	1.12	2.43
wikia	1.12	1.77
hopes	1.12	1.41
sidebar	1.12	1.83
spot	1.12	1.33
source	1.12	1.70
married	1.12	1.42
equally	1.12	1.78
useful	1.12	1.49
content	1.13	1.38
dof	1.13	1.42
soooo	1.13	2.08
flair	1.13	2.01
r/skyrimmods	1.13	1.96
guys	1.13	2.25
googled	1.13	2.25
easiest	1.13	2.02
skyrimprefs.ini	1.14	1.81
discussion	1.14	2.07
4th	1.14	1.55
marriage	1.14	1.39
variation	1.14	1.78
thoughts	1.14	1.54
fit	1.14	2.00
subreddit	1.14	1.91
surprising	1.15	1.77
voiced	1.15	1.27
sub	1.15	1.93
delicious	1.15	1.42
site	1.16	1.74
lore-friendly	1.16	1.36
fine	1.16	2.57
handy	1.16	1.39
threads	1.17	2.00
exciting	1.17	1.32
enjoyment	1.17	1.01
intelligence	1.17	1.23
shiny	1.17	1.34
looked	1.18	1.95
uthgerd	1.18	1.44
extended	1.18	1.35
characters	1.18	1.59
um	1.19	1.86
tons	1.19	1.71
comment	1.20	2.35
nope	1.20	2.50
accurate	1.20	1.30
secondary	1.20	1.69
anime	1.20	1.26
tv	1.20	1.32
fair	1.20	2.31
trick	1.21	1.89
r/skyrimporn	1.21	1.82
suppose	1.21	2.64
design	1.21	1.18
product	1.21	1.50
considering	1.21	2.03
patrols	1.21	1.37
colour	1.21	1.32
reborn	1.22	1.23
nuts	1.22	1.79
thread	1.23	2.20
present	1.23	1.44
god	1.23	1.95
effective	1.23	1.39
showing	1.23	1.55
add	1.23	1.53
fucking	1.23	2.18
le	1.24	1.52
forum	1.24	1.92
list	1.24	1.93
endless	1.24	1.52
marcurio	1.24	1.41
sexy	1.24	1.18
erik	1.24	1.47
jenassa	1.24	1.43
must	1.24	2.27
nsfw	1.25	1.73
unlikely	1.25	1.50
immersive	1.25	1.31
wyrmstooth	1.25	1.00
most	1.26	2.47
whoops	1.26	2.48
backstory	1.26	1.44
third	1.26	1.42
ftfy	1.26	1.91
information	1.26	1.83
show	1.27	1.94
horses	1.27	1.61
actual	1.27	1.30
farkas	1.28	1.43
itself	1.28	1.58
fellow	1.28	1.44
faendal	1.29	1.44
dovahkiin	1.29	1.64
moments	1.29	1.82
expanded	1.29	1.30
style	1.29	1.28
pokemon	1.30	1.30
blur	1.30	1.37
links	1.30	1.76
insanely	1.30	1.80
your	1.30	2.37
meaning	1.30	2.81
lotr	1.31	1.06
sooo	1.31	1.86
words	1.31	2.68
mighty	1.32	1.47
upvote	1.32	1.97
solstheim	1.32	1.11
alot	1.32	1.89
sentence	1.33	2.79
populated	1.33	1.29
proper	1.33	2.65
available	1.33	2.35
til	1.33	1.89
statement	1.33	2.53
goddamn	1.34	1.43
hmm	1.34	2.04
uhh	1.34	1.99
eh	1.34	2.08
heh	1.35	1.77
queen	1.35	1.26
moonpath	1.35	1.13
cooler	1.35	1.48
structure	1.35	1.72
personal	1.36	1.95
gaben	1.36	1.57
r/skyrim	1.36	1.80
please	1.36	2.32
posted	1.36	1.97
our	1.36	1.53
favorite	1.37	2.06
such	1.37	1.54
comics	1.37	1.73
answers	1.37	2.00
added	1.37	1.67
fully	1.37	1.59
mjoll	1.38	1.44
positive	1.38	1.39
grammar	1.38	2.85
reminded	1.38	1.34
inconsequential	1.39	1.31
username	1.39	1.85
hail	1.39	1.59
creative	1.39	1.42
neloth	1.39	1.13
attention	1.40	1.69
reddit	1.40	1.87
carved	1.40	1.43
answer	1.40	2.33
mistakes	1.40	2.90
congratulations	1.41	1.56
assets	1.41	1.24
adventures	1.41	1.29
editing	1.41	1.58
skywind	1.41	1.51
credit	1.41	1.52
adds	1.41	1.41
apologies	1.41	2.65
responses	1.42	2.09
jesus	1.43	1.77
thoroughly	1.44	1.56
sucks	1.44	1.90
draw	1.44	1.28
possible	1.44	2.58
initial	1.44	2.25
text	1.45	1.64
varied	1.45	1.40
dovah	1.45	1.78
lydia	1.46	1.44
glass	1.46	1.42
irony	1.46	1.67
input	1.46	1.86
pls	1.46	1.66
wtf	1.47	1.79
tho	1.47	1.82
posts	1.48	1.86
relevant	1.48	1.47
loving	1.48	1.60
vast	1.49	1.12
share	1.49	1.60
uh	1.49	2.34
context	1.49	2.59
ya	1.49	2.27
comic	1.50	1.49
hot	1.50	1.66
tips	1.50	1.85
hehe	1.51	1.90
linked	1.51	1.69
explanation	1.52	1.97
adventure	1.53	0.99
spelling	1.53	2.81
hmmm	1.53	1.75
apologize	1.54	2.71
modded	1.54	1.28
worked	1.54	2.39
remembered	1.54	1.55
mr	1.55	1.74
nostalgia	1.55	1.17
mistake	1.55	2.70
kharjo	1.55	1.37
hey	1.55	2.30
fable	1.56	1.47
clarify	1.56	2.69
unique	1.57	1.46
crap	1.58	1.70
vilkas	1.59	1.39
perfectly	1.59	1.54
primary	1.60	1.41
forget	1.61	2.40
charm	1.61	1.85
dress	1.62	1.17
typo	1.62	2.44
definitely	1.62	2.78
posting	1.62	1.83
blurry	1.63	1.37
response	1.63	2.06
aw	1.64	2.00
modified	1.64	2.05
advice	1.64	2.05
link	1.64	1.79
serana	1.65	1.40
format	1.65	1.55
yea	1.65	2.23
idea	1.66	2.73
colors	1.66	1.34
hilarious	1.66	1.82
lush	1.67	0.96
dear	1.67	1.52
expecting	1.67	2.03
here	1.67	1.89
fan	1.68	1.31
lucky	1.68	1.61
expansion	1.69	1.02
p	1.69	2.46
tattoo	1.70	1.64
totally	1.70	1.95
teldryn	1.70	1.40
suggestions	1.71	1.94
mobile	1.71	2.55
suggestion	1.71	1.97
lake	1.71	1.11
edited	1.71	2.67
info	1.71	2.08
drew	1.71	1.31
rift	1.72	1.13
glad	1.72	2.03
well	1.72	2.70
yes	1.72	2.72
screen	1.73	1.40
bang	1.74	1.85
confirm	1.74	1.50
dinner	1.74	1.78
forests	1.74	1.04
small	1.75	1.62
npcs	1.75	1.18
hah	1.76	1.53
christ	1.76	1.55
huh	1.76	2.09
screens	1.77	1.52
post	1.78	1.81
worries	1.79	2.16
alright	1.79	2.27
edit	1.81	2.66
corrected	1.81	2.40
yep	1.81	2.13
ooh	1.82	2.08
curiosity	1.82	2.07
print	1.82	1.31
hello	1.82	1.34
writing	1.83	1.33
aww	1.83	1.86
helps	1.83	1.51
title	1.86	1.78
xd	1.86	1.79
ahh	1.87	2.13
thx	1.87	2.12
ok	1.87	2.26
wish	1.88	2.52
sounds	1.88	1.78
detail	1.88	1.34
retexture	1.88	0.96
clonk	1.89	1.13
companion	1.89	1.29
j'zargo	1.90	1.79
aesthetic	1.90	1.15
paint	1.90	1.26
cousin	1.91	1.29
view	1.91	1.14
feedback	1.91	1.91
repost	1.92	1.77
appreciated	1.92	1.72
jealous	1.92	1.79
cake	1.92	1.66
additional	1.92	1.24
happily	1.94	1.40
nicely	1.95	1.57
daggerfall	1.95	1.49
natural	1.96	0.99
background	1.97	1.27
subtle	1.97	1.54
dang	1.98	1.68
true	1.98	2.39
morrowind	1.98	1.52
strong	1.98	1.44
congrats	1.99	1.63
lmao	2.00	1.60
comfortable	2.00	1.31
digital	2.00	1.28
op	2.01	2.23
buddy	2.01	1.75
oblivion	2.01	1.53
late	2.01	1.69
nevermind	2.01	2.38
luck	2.02	2.07
opportunity	2.02	1.70
ah	2.03	2.21
wonders	2.03	1.47
reply	2.03	1.97
angle	2.04	1.48
nicer	2.04	1.23
entertaining	2.05	1.07
bro	2.05	1.90
appropriate	2.05	1.57
landscape	2.05	0.80
works	2.06	2.17
gif	2.08	1.51
alike	2.08	1.45
phone	2.09	1.40
omg	2.09	1.51
oh	2.09	2.11
appreciate	2.09	1.46
dude	2.11	1.97
shame	2.11	1.36
prefer	2.13	1.26
okay	2.13	2.30
modlist	2.15	1.62
yeah	2.15	2.31
cheers	2.16	1.98
mate	2.17	1.90
birthday	2.19	1.60
lol	2.19	2.15
preferred	2.20	1.35
thats	2.20	1.95
taken	2.20	1.65
concept	2.22	1.41
terrifying	2.25	1.22
beauty	2.25	0.86
man	2.26	1.92
woah	2.26	1.75
upload	2.27	1.46
shown	2.28	1.44
haha	2.29	2.14
worthwhile	2.30	1.38
badass	2.30	1.51
yup	2.31	1.70
genius	2.31	1.78
peaceful	2.32	1.15
atmosphere	2.32	0.98
filter	2.34	1.28
tip	2.35	1.58
whoa	2.36	1.56
helpful	2.36	1.25
customize	2.36	1.52
fun	2.36	1.54
nah	2.42	1.54
truly	2.42	1.17
enjoy	2.42	1.12
thanks	2.44	1.97
fits	2.44	1.15
imgur	2.46	1.39
forgive	2.47	1.34
image	2.48	1.38
welcome	2.49	1.24
smile	2.50	1.12
agree	2.50	1.85
worth	2.50	1.79
holy	2.51	1.55
images	2.52	1.34
blown	2.53	1.12
indeed	2.54	1.55
blew	2.55	0.90
sir	2.55	1.74
hahaha	2.58	1.69
good	2.61	1.77
pictures	2.62	1.36
cute	2.63	1.39
artist	2.63	1.06
forgotten	2.63	1.27
contrast	2.63	1.36
plus	2.64	1.40
photo	2.65	1.24
thank	2.66	1.78
legit	2.66	1.53
tweaks	2.67	1.38
ufo	2.68	1.29
team	2.69	1.21
original	2.70	1.38
album	2.73	1.19
photoshop	2.75	1.05
ha	2.75	1.61
inigo	2.77	1.13
neat	2.79	1.52
followers	2.79	1.27
aft	2.85	1.25
sweet	2.85	1.44
look	2.86	1.64
btw	2.91	1.36
follower	2.91	1.17
vilja	2.91	0.87
cosplay	2.92	1.01
cool	2.93	1.41
falskaar	2.95	0.91
wonderful	2.97	1.00
architecture	2.98	0.73
inspiration	3.03	1.01
shots	3.03	1.18
glorious	3.03	0.83
adorable	3.05	1.08
epic	3.11	0.77
coincidence	3.11	1.20
picture	3.15	1.22
screenshot	3.17	1.22
lovely	3.19	0.78
screenshots	3.23	1.13
soundtrack	3.27	0.62
nonetheless	3.27	1.24
pic	3.30	1.05
wow	3.32	1.23
interesting	3.34	0.99
drawing	3.36	0.90
excellent	3.38	0.69
pics	3.45	0.91
looks	3.48	1.04
painting	3.48	0.95
impressive	3.48	0.86
brilliant	3.49	0.93
compliment	3.50	0.99
art	3.57	0.59
absolutely	3.59	0.63
wallpaper	3.59	0.91
perfect	3.68	0.55
job	3.70	0.71
scenery	3.75	0.43
sharing	3.78	0.60
incredible	3.80	0.44
beautiful	3.84	0.37
stunning	3.86	0.40
great	3.86	0.56
costume	3.92	0.50
gorgeous	3.92	0.40
