suck	-8.40	1.56
garbage	-6.19	2.45
suspicious	-5.84	2.76
majority	-5.71	3.61
worse	-5.63	3.09
trash	-5.52	2.77
ignore	-5.49	3.26
sleeping	-5.37	2.70
complaining	-5.35	2.90
understood	-5.31	3.34
sloppy	-5.12	2.91
piss	-5.09	3.09
poor	-4.98	3.11
cooler	-4.87	2.86
nowadays	-4.82	3.14
rate	-4.77	3.52
retarded	-4.69	3.13
annoying	-4.65	2.79
2k	-4.60	3.63
involved	-4.57	3.17
begin	-4.51	3.35
volt	-4.44	3.14
underneath	-4.43	3.20
shitty	-4.42	3.02
turned	-4.37	3.40
included	-4.33	2.90
control	-4.33	3.05
footwear	-4.29	3.51
professional	-4.24	3.46
popularity	-4.20	2.62
crappy	-4.10	3.13
showed	-3.92	3.17
minimal	-3.90	3.26
weird	-3.87	2.99
budget	-3.80	3.24
safari	-3.77	3.84
hanging	-3.74	3.62
dirt	-3.67	3.85
rude	-3.64	3.53
cry	-3.62	3.45
off	-3.59	3.55
poster	-3.58	3.54
se	-3.58	3.35
late	-3.57	3.90
gammas	-3.56	3.52
nuts	-3.54	2.63
scales	-3.52	3.92
purpose	-3.52	2.78
smh	-3.49	3.17
ua	-3.49	3.02
xx8	-3.47	3.35
pissed	-3.47	3.08
reality	-3.47	2.97
broke	-3.45	3.15
sleep	-3.42	3.82
ignorant	-3.40	3.23
complain	-3.39	3.84
lights	-3.37	3.27
giveaway	-3.34	3.64
cringe	-3.34	3.24
wise	-3.34	2.65
dead	-3.34	3.34
sea	-3.34	3.17
spikes	-3.33	3.66
theme	-3.32	3.45
changed	-3.30	3.07
downvoting	-3.29	3.27
fake	-3.25	3.74
dislike	-3.24	3.63
hating	-3.24	3.46
downvote	-3.22	3.70
fucked	-3.21	2.51
laugh	-3.20	3.36
positive	-3.20	2.64
towards	-3.20	3.38
stunt	-3.19	3.72
agree	-3.19	3.48
futures	-3.19	2.90
boring	-3.16	3.13
couldnt	-3.15	3.56
downvotes	-3.12	3.98
upvotes	-3.12	3.96
kills	-3.11	2.74
bots	-3.11	3.95
disagree	-3.08	3.25
listen	-3.08	3.71
allowed	-3.07	3.64
hype	-3.05	3.77
respond	-3.03	3.71
connection	-3.01	3.72
missed	-3.01	3.60
differently	-3.01	3.59
heart	-3.00	3.32
fully	-2.97	3.15
resellers	-2.96	4.02
alone	-2.94	3.30
pointing	-2.92	3.25
died	-2.87	2.95
fucks	-2.86	3.09
messed	-2.86	3.31
unnecessary	-2.85	3.42
younger	-2.83	3.59
wack	-2.82	2.44
hypebeasts	-2.82	4.14
stupid	-2.81	3.05
read	-2.81	3.60
tounge	-2.78	3.65
crap	-2.78	2.85
haters	-2.75	3.79
downvoted	-2.74	3.76
stop	-2.71	3.99
different	-2.70	3.43
wallet	-2.70	2.80
girlfriend	-2.67	2.85
attempt	-2.67	3.30
subjective	-2.67	3.15
sus	-2.67	1.64
liking	-2.66	3.23
tired	-2.59	3.31
along	-2.59	3.13
draw	-2.55	3.71
meh	-2.53	2.90
prefer	-2.50	3.52
saying	-2.48	3.14
wears	-2.48	3.07
blame	-2.47	3.70
understand	-2.44	3.80
wants	-2.44	3.04
disappointing	-2.43	2.77
tough	-2.41	2.87
hyper	-2.36	3.42
supposed	-2.34	3.50
people	-2.31	3.96
suspect	-2.27	1.74
closest	-2.27	3.71
biggest	-2.20	3.62
hilarious	-2.19	2.42
realize	-2.15	3.54
expert	-2.15	3.04
suppose	-2.12	2.75
bummed	-2.08	3.22
shape	-2.07	3.54
bother	-2.05	3.88
c'mon	-2.04	2.63
ugliest	-2.02	3.39
serious	-1.99	2.87
beyond	-1.96	2.83
cheapest	-1.90	3.55
made	-1.90	2.72
hideous	-1.89	2.63
douche	-1.88	1.78
silly	-1.84	1.81
vote	-1.82	1.85
feed	-1.82	1.53
collect	-1.82	3.53
stitching	-1.72	1.74
banned	-1.71	1.43
mad	-1.69	3.14
votes	-1.69	2.33
olympic	-1.65	1.43
ever	-1.63	3.50
upset	-1.63	3.12
dumbass	-1.61	1.73
point	-1.58	3.01
totally	-1.55	2.97
completely	-1.55	3.18
funny	-1.54	2.83
reselling	-1.53	1.66
sketchy	-1.46	1.70
glue	-1.44	1.35
obvious	-1.43	1.49
liked	-1.42	3.00
greatest	-1.41	3.46
mistaken	-1.40	2.81
meant	-1.39	3.03
wtf	-1.37	3.06
leaning	-1.36	2.60
odd	-1.36	1.76
folks	-1.35	1.96
congratulations	-1.34	2.73
jumpman	-1.34	1.99
beethovens	-1.34	1.42
acting	-1.32	1.85
notch	-1.31	1.95
racist	-1.30	1.80
idiot	-1.29	1.70
cuts	-1.28	1.51
bullshit	-1.28	1.63
awkward	-1.27	1.76
dick	-1.26	1.74
cut	-1.25	1.77
stopped	-1.25	1.37
right	-1.24	3.07
iconic	-1.23	2.96
truth	-1.22	1.62
nicer	-1.22	1.52
rich	-1.22	1.53
soles	-1.22	1.44
scheme	-1.21	2.81
jams	-1.18	1.37
sticking	-1.18	1.42
carbon	-1.18	1.51
minimum	-1.17	1.49
bags	-1.17	1.16
multiple	-1.16	1.56
125	-1.16	1.51
captcha	-1.15	1.46
peak	-1.15	1.92
23	-1.14	1.84
octobers	-1.13	1.47
areas	-1.12	1.43
hurt	-1.11	1.37
yellowing	-1.11	1.38
bout	-1.10	1.46
2001	-1.10	1.22
upon	-1.09	1.40
quality	-1.09	1.79
hundreds	-1.08	1.41
argument	-1.07	1.56
market	-1.07	1.48
cares	-1.07	1.05
following	-1.06	1.41
slight	-1.06	1.43
widows	-1.06	1.64
reps	-1.05	1.51
dumb	-1.05	1.83
patent	-1.05	1.32
service	-1.04	1.49
deep	-1.04	1.34
upvoted	-1.04	1.81
higher	-1.03	1.44
young	-1.03	1.52
uses	-1.03	0.91
rsvp	-1.03	1.65
delete	-1.02	1.69
than	-1.01	1.53
agreed	-1.01	2.78
filled	-1.01	1.50
demand	-1.01	1.44
changing	-0.98	1.21
karma	-0.98	1.75
salty	-0.98	2.91
users	-0.98	1.80
icy	-0.98	1.40
surprise	-0.98	1.28
sneakerheads	-0.97	2.24
tongue	-0.97	1.66
comments	-0.96	1.72
flaw	-0.96	1.36
lighter	-0.95	1.36
terms	-0.95	1.24
non	-0.95	1.50
yellowed	-0.94	1.34
gum	-0.93	1.30
ridiculous	-0.93	2.52
jordan	-0.92	1.49
compliments	-0.92	1.38
turning	-0.92	1.41
fiber	-0.90	1.67
turn	-0.90	1.53
flights	-0.90	1.40
yellow	-0.90	1.30
advertising	-0.90	1.48
netting	-0.89	1.52
broken	-0.89	1.28
ugly	-0.89	2.39
jb	-0.88	1.37
deleted	-0.88	1.48
signs	-0.88	1.47
rules	-0.87	1.61
dig	-0.87	2.61
onto	-0.87	1.34
looks	-0.87	1.55
telling	-0.87	1.40
working	-0.87	1.44
despite	-0.86	1.47
supposedly	-0.86	1.36
tongues	-0.86	1.51
giant	-0.85	1.23
child	-0.85	1.21
appeal	-0.85	1.58
short	-0.85	1.30
youre	-0.84	1.53
lying	-0.84	1.51
favorites	-0.83	2.83
voted	-0.83	2.07
lose	-0.83	1.53
bs	-0.82	1.44
factor	-0.82	1.14
ppl	-0.81	2.02
current	-0.81	1.37
marks	-0.80	1.34
random	-0.80	1.53
construction	-0.80	1.21
elephant	-0.79	1.23
cats	-0.79	1.44
0	-0.79	1.32
mars	-0.79	1.58
r/sneakerreps	-0.78	1.58
ban	-0.78	1.44
reasons	-0.78	1.37
toebox	-0.78	1.49
holes	-0.78	1.22
switched	-0.77	1.11
dye	-0.77	1.23
compared	-0.77	1.34
making	-0.77	1.40
text	-0.77	1.55
multi	-0.76	1.34
concords	-0.76	1.33
sake	-0.76	1.62
dudes	-0.76	1.72
join	-0.76	1.43
behind	-0.76	1.45
shadows	-0.76	1.23
htm	-0.76	1.24
excuse	-0.76	1.40
load	-0.76	1.42
cheaper	-0.75	1.44
building	-0.75	1.33
prevent	-0.75	1.53
passed	-0.75	1.31
trolling	-0.75	1.27
class	-0.75	1.15
claim	-0.75	1.35
lots	-0.74	1.38
fakes	-0.74	1.41
huarache	-0.74	1.33
statement	-0.74	1.46
posting	-0.73	1.57
forget	-0.73	2.27
side	-0.73	1.53
noticeable	-0.73	1.34
using	-0.73	1.36
payed	-0.72	1.31
keeps	-0.72	1.41
r/sneakers	-0.72	1.61
argue	-0.72	1.68
kids	-0.72	1.83
replica	-0.71	1.37
negative	-0.71	1.33
posts	-0.71	1.57
profit	-0.71	1.59
heel	-0.71	1.33
boot	-0.71	1.21
calm	-0.70	1.41
middle	-0.70	1.20
28	-0.70	1.29
losing	-0.70	1.37
parents	-0.69	1.31
easier	-0.69	1.45
million	-0.69	1.26
edge	-0.68	1.28
400	-0.68	1.38
nicest	-0.68	2.98
companies	-0.68	1.35
ruins	-0.68	1.09
3k	-0.68	1.37
rape	-0.68	1.53
bunch	-0.67	1.39
unauthorized	-0.67	1.41
technically	-0.67	1.37
creasing	-0.67	1.19
pages	-0.67	1.29
types	-0.66	1.39
apart	-0.66	1.11
early	-0.66	1.39
school	-0.65	1.21
loop	-0.65	1.18
plenty	-0.65	1.35
500	-0.65	1.38
minor	-0.64	1.20
glow	-0.64	1.06
becoming	-0.64	1.19
b	-0.64	1.24
stains	-0.64	1.26
cat	-0.64	1.22
busy	-0.64	1.37
tab	-0.64	1.38
vis	-0.63	1.21
poorly	-0.63	1.58
balling	-0.63	1.14
inner	-0.63	1.25
flex	-0.62	1.49
designed	-0.62	1.02
outsole	-0.62	1.06
spam	-0.62	1.41
contrast	-0.62	1.32
killing	-0.62	1.12
swoosh	-0.62	1.34
logo	-0.62	1.41
5k	-0.61	1.34
solars	-0.61	1.29
lead	-0.61	1.30
tag	-0.61	1.31
prelude	-0.61	1.20
shiny	-0.61	1.34
brings	-0.60	1.26
unlike	-0.60	1.35
gucci	-0.60	1.30
jump	-0.60	1.28
disgusting	-0.60	1.74
flight	-0.60	1.43
goofy	-0.60	1.52
asian	-0.60	1.17
purchasing	-0.60	1.38
salt	-0.59	1.26
initial	-0.59	1.22
aside	-0.59	1.29
mods	-0.59	1.51
direction	-0.59	1.27
topic	-0.59	1.42
sole	-0.59	1.17
pictured	-0.58	1.28
discuss	-0.58	1.46
dealing	-0.58	1.45
calling	-0.58	1.49
ice	-0.58	1.08
edited	-0.58	1.35
nordstrom	-0.58	1.21
aj	-0.58	1.22
golf	-0.58	1.14
breds	-0.57	1.29
woke	-0.57	1.44
field	-0.57	1.25
rule	-0.57	1.44
scammed	-0.57	1.41
receipt	-0.57	1.14
rough	-0.57	1.35
window	-0.56	1.43
many	-0.56	1.35
square	-0.56	1.32
cherry	-0.56	1.31
fool	-0.56	1.43
lining	-0.56	1.16
context	-0.56	1.36
neither	-0.56	1.28
600	-0.56	1.34
amount	-0.55	1.42
plastic	-0.55	1.11
limit	-0.55	1.37
effect	-0.55	1.73
14s	-0.55	1.17
review	-0.55	1.31
internet	-0.55	1.71
2006	-0.55	1.22
bulky	-0.55	1.47
chrome	-0.55	1.35
jack	-0.54	1.27
rep	-0.54	1.19
65	-0.54	1.10
calls	-0.54	0.89
mainly	-0.54	1.30
royals	-0.54	1.16
niggas	-0.53	1.96
grand	-0.53	1.29
harder	-0.53	1.37
green	-0.53	1.08
xis	-0.53	1.19
prices	-0.53	1.50
branding	-0.53	1.16
foams	-0.52	1.24
struck	-0.52	1.18
mention	-0.52	1.34
became	-0.52	1.04
speaking	-0.52	1.40
dark	-0.52	1.08
sidebar	-0.52	1.47
hundred	-0.51	1.24
adds	-0.51	1.13
plain	-0.51	1.55
front	-0.51	1.30
clear	-0.51	1.16
1k	-0.51	1.37
foam	-0.51	1.17
base	-0.51	1.27
eyes	-0.51	1.16
asshole	-0.51	1.40
darker	-0.51	1.15
ruined	-0.50	1.10
neon	-0.50	1.04
barely	-0.50	1.25
spot	-0.50	1.39
charging	-0.50	1.39
hypebeast	-0.50	1.52
subreddit	-0.50	1.46
obviously	-0.50	1.52
police	-0.50	1.37
72	-0.49	1.29
toe	-0.49	1.29
west	-0.49	1.32
camping	-0.49	1.41
tickets	-0.49	1.18
bot	-0.49	1.58
offering	-0.49	1.02
trees	-0.49	1.20
2008	-0.49	1.08
dust	-0.49	1.22
cold	-0.49	1.21
prove	-0.49	1.43
resell	-0.48	1.57
sweden	-0.48	1.29
niketalk	-0.48	1.23
apply	-0.48	1.31
25	-0.48	1.23
yeezys	-0.48	1.37
laptop	-0.48	1.32
links	-0.48	1.40
30	-0.48	1.23
bottom	-0.48	1.29
swear	-0.47	1.40
feature	-0.47	1.18
20	-0.47	1.23
refuse	-0.47	1.33
face	-0.47	1.01
teal	-0.47	1.01
without	-0.47	1.61
rubber	-0.47	1.18
r/sneakermarket	-0.47	1.48
drag	-0.46	1.22
tiffs	-0.46	1.21
user	-0.46	1.24
logic	-0.46	1.42
mountain	-0.46	1.16
iirc	-0.46	1.24
mesh	-0.46	1.24
exclusivity	-0.46	1.23
death	-0.46	1.29
knock	-0.46	1.26
glows	-0.46	1.29
sub	-0.46	1.48
reseller	-0.45	1.49
production	-0.45	1.24
orange	-0.45	1.07
800	-0.45	1.34
y	-0.45	1.20
stripes	-0.45	1.19
performance	-0.45	1.20
growing	-0.45	1.24
better	-0.45	2.14
screwed	-0.45	1.39
authentics	-0.45	1.38
lc	-0.45	1.28
label	-0.45	1.16
black/white	-0.45	1.47
par	-0.45	1.21
175	-0.44	1.27
polish	-0.44	1.28
correctly	-0.44	1.29
follow	-0.44	1.34
gives	-0.44	0.87
double	-0.44	1.32
normal	-0.44	1.30
ton	-0.44	1.26
cleats	-0.44	1.09
remind	-0.44	1.41
puts	-0.44	0.95
doe	-0.44	1.63
fade	-0.43	1.14
speckles	-0.43	1.08
guarantee	-0.43	1.30
complete	-0.43	1.34
marketing	-0.43	1.23
pink	-0.42	0.99
black/red	-0.42	1.24
seems	-0.42	1.16
midsole	-0.42	1.10
named	-0.42	0.83
created	-0.42	1.25
treat	-0.42	1.44
fault	-0.42	1.32
countdown	-0.42	1.18
tabs	-0.42	1.22
clearance	-0.42	1.25
tear	-0.42	1.27
supply	-0.41	1.24
gamma	-0.41	1.22
metallic	-0.41	1.23
wearable	-0.41	1.25
clearly	-0.41	1.40
shady	-0.41	1.19
including	-0.41	1.06
regular	-0.41	1.21
teacher	-0.41	0.90
mostly	-0.41	1.26
student	-0.41	1.20
sweat	-0.41	1.34
protection	-0.41	1.22
scuffs	-0.41	1.21
giving	-0.40	1.18
replicas	-0.40	1.37
ros	-0.40	1.27
shine	-0.40	1.24
various	-0.40	1.28
camo	-0.40	1.19
slow	-0.40	1.38
sorta	-0.40	1.24
due	-0.40	1.32
maroon	-0.40	1.20
comparing	-0.40	1.11
showing	-0.40	1.05
eat	-0.40	1.33
massive	-0.40	1.24
beast	-0.40	1.34
strange	-0.40	1.57
faster	-0.40	1.19
carmines	-0.39	1.22
purple	-0.39	1.06
fitting	-0.39	1.29
1s	-0.39	1.11
closely	-0.39	1.22
discount	-0.39	1.17
melo	-0.39	1.77
according	-0.39	1.17
culture	-0.39	1.38
products	-0.38	1.24
florida	-0.38	1.21
sign	-0.38	1.31
hyperdunk	-0.38	1.10
varsity	-0.38	1.14
against	-0.38	1.35
loose	-0.38	1.17
diamond	-0.37	1.16
value	-0.37	1.33
servers	-0.37	1.27
koston	-0.37	1.15
raffles	-0.37	1.32
230	-0.37	1.12
hopes	-0.37	1.42
throwing	-0.37	1.26
royal	-0.37	1.09
sarcasm	-0.37	1.50
besides	-0.37	1.28
buyers	-0.37	1.38
y'all	-0.37	1.66
hybrid	-0.37	1.25
camos	-0.37	1.21
materials	-0.36	1.19
tall	-0.36	1.21
must	-0.36	2.35
instead	-0.36	1.49
midsoles	-0.36	1.27
<SPECIAL>	-0.36	1.11
<URL>	-0.36	1.11
tree	-0.36	1.20
blues	-0.36	1.25
space	-0.36	1.13
whites	-0.36	1.28
hence	-0.36	1.29
song	-0.36	1.20
minute	-0.35	1.10
worried	-0.35	1.54
reddit	-0.35	1.35
exchange	-0.35	1.15
lazy	-0.35	1.38
til	-0.35	1.28
office	-0.34	1.30
msrp	-0.34	1.23
college	-0.34	1.26
active	-0.34	1.28
reviews	-0.34	1.06
laneys	-0.34	1.38
profile	-0.34	1.20
throughout	-0.34	1.17
getting	-0.34	1.34
located	-0.34	1.14
450	-0.34	1.26
print	-0.34	1.12
foamposite	-0.34	1.02
ripped	-0.34	1.20
built	-0.34	1.25
compare	-0.34	1.29
peaks	-0.33	1.92
thicker	-0.33	1.20
raised	-0.33	1.19
aglets	-0.33	1.25
copping	-0.33	1.42
official	-0.33	1.17
xmas	-0.33	1.02
185	-0.33	1.19
train	-0.33	1.46
situation	-0.33	1.11
mids	-0.33	1.16
dr	-0.33	1.27
robbed	-0.33	1.20
necessary	-0.33	1.48
natural	-0.32	1.25
apparently	-0.32	1.21
names	-0.32	1.26
talk	-0.32	1.23
caught	-0.32	1.24
stole	-0.32	0.92
signed	-0.32	0.99
traction	-0.32	1.16
american	-0.32	1.13
spizikes	-0.32	1.22
track	-0.32	1.14
being	-0.32	1.34
potential	-0.32	1.13
discussion	-0.32	1.46
certainly	-0.32	1.48
fight	-0.32	1.37
rack	-0.32	1.18
three	-0.32	1.22
therefore	-0.31	1.29
fc	-0.31	1.30
strictly	-0.31	1.13
chain	-0.31	1.23
opposed	-0.31	1.18
children	-0.31	1.27
threw	-0.31	1.00
entirely	-0.31	1.32
necessarily	-0.31	1.45
set	-0.31	1.12
solely	-0.31	1.43
smart	-0.31	1.19
public	-0.31	1.29
opposite	-0.30	1.24
bred	-0.30	1.09
rain	-0.30	1.16
miles	-0.30	1.20
barons	-0.30	1.39
sides	-0.30	1.15
october	-0.30	1.20
icey	-0.30	1.33
themselves	-0.30	1.46
pocket	-0.30	1.16
separate	-0.30	1.26
theirs	-0.30	1.32
favorite	-0.30	2.72
1000	-0.29	1.23
win	-0.29	1.37
move	-0.29	1.39
tacky	-0.29	1.39
tokyo	-0.29	1.17
filter	-0.29	1.40
costs	-0.29	1.19
referring	-0.29	1.44
mixed	-0.29	1.29
damage	-0.29	1.14
6s	-0.29	1.07
won	-0.29	1.14
ids	-0.29	1.01
represent	-0.28	1.37
older	-0.28	1.32
stand	-0.28	1.39
jokes	-0.28	1.28
starts	-0.28	0.77
within	-0.28	1.20
gun	-0.28	1.10
tells	-0.28	1.12
1	-0.28	1.11
solar	-0.28	1.21
columbia	-0.28	1.10
refresh	-0.28	1.12
away	-0.28	1.28
promo	-0.28	1.19
ccs	-0.28	1.16
flag	-0.28	1.00
tags	-0.28	0.92
launch	-0.28	1.02
international	-0.27	1.09
breaking	-0.27	1.19
pricing	-0.27	1.23
valuable	-0.27	1.26
cracking	-0.27	1.10
produce	-0.27	1.13
bubble	-0.27	1.00
club	-0.27	1.20
messing	-0.27	1.38
football	-0.27	1.06
rocked	-0.27	0.90
stolen	-0.27	0.94
versions	-0.27	1.13
saving	-0.27	1.19
mentioned	-0.27	1.11
tape	-0.26	1.17
particular	-0.26	1.27
quantity	-0.26	1.22
golden	-0.26	1.16
dmp	-0.26	1.08
mother	-0.26	1.00
thousands	-0.26	1.18
date	-0.26	1.09
board	-0.26	1.13
wake	-0.26	1.41
change	-0.26	1.35
quote	-0.26	1.15
sometime	-0.25	1.21
resale	-0.25	1.46
advantage	-0.25	1.40
art	-0.25	1.14
kings	-0.25	1.11
chose	-0.25	1.13
appealing	-0.25	1.46
hanon	-0.25	1.11
wide	-0.25	1.36
bottoms	-0.25	1.11
rather	-0.25	1.29
table	-0.25	1.20
considered	-0.24	1.28
filling	-0.24	1.12
seriously	-0.24	2.54
sports	-0.24	1.11
human	-0.24	1.24
standard	-0.24	1.15
tastes	-0.24	1.29
letting	-0.24	1.28
america	-0.24	1.14
fyi	-0.24	1.17
top	-0.24	1.13
mins	-0.24	1.18
granted	-0.24	1.09
waited	-0.24	1.19
funds	-0.24	1.19
bel	-0.24	1.28
codes	-0.24	1.26
silver	-0.23	1.02
interest	-0.23	1.31
elite	-0.23	1.04
french	-0.23	1.15
wet	-0.23	1.17
issues	-0.23	1.24
hardly	-0.23	1.13
book	-0.23	1.24
canadian	-0.23	1.23
social	-0.23	1.21
sending	-0.23	1.18
wood	-0.23	1.17
1,000	-0.23	1.19
parts	-0.22	1.09
raging	-0.22	1.18
shade	-0.22	1.15
texture	-0.22	1.15
tech	-0.22	1.21
350	-0.22	1.24
700	-0.22	1.17
inside	-0.22	1.05
quantities	-0.22	1.42
visible	-0.22	1.10
lack	-0.22	1.18
iron	-0.22	1.04
member	-0.22	1.17
above	-0.21	1.16
crocs	-0.21	1.39
sticker	-0.21	1.15
leg	-0.21	1.21
concord	-0.21	1.09
pulled	-0.21	1.14
rumor	-0.21	0.99
related	-0.21	1.16
twitter	-0.21	1.19
toros	-0.21	1.24
sunday	-0.21	1.18
california	-0.21	1.04
plats	-0.21	1.28
brands	-0.20	1.14
ring	-0.20	0.95
blue	-0.20	1.07
buyer	-0.20	1.08
joking	-0.20	1.48
11s	-0.20	1.06
choose	-0.20	1.25
chinese	-0.20	1.15
baseball	-0.20	1.21
images	-0.20	1.37
cdp	-0.20	1.08
talked	-0.20	0.78
act	-0.20	1.33
2000	-0.20	1.06
gray	-0.20	1.06
edition	-0.19	1.21
suggested	-0.19	1.04
seeing	-0.19	1.28
burn	-0.19	1.17
creases	-0.19	1.09
insole	-0.19	1.05
code	-0.19	1.22
content	-0.19	1.17
increase	-0.19	1.25
greys	-0.19	1.27
bed	-0.19	1.24
rip	-0.19	1.33
lie	-0.19	1.55
cracked	-0.19	1.05
house	-0.19	1.18
ship	-0.19	1.15
step	-0.19	1.13
infared	-0.19	1.09
later	-0.19	1.20
yeezy	-0.19	1.12
2s	-0.19	1.09
state	-0.19	1.10
camp	-0.19	1.25
pattern	-0.19	1.07
newer	-0.19	1.25
est	-0.18	1.22
accounts	-0.18	1.19
knicks	-0.18	1.21
bc	-0.18	1.23
basically	-0.18	1.16
athletes	-0.18	1.25
grey	-0.18	1.07
slowly	-0.18	1.20
simply	-0.18	1.17
nikestore	-0.18	1.17
soccer	-0.18	0.96
ajko	-0.18	1.03
shows	-0.18	0.91
blow	-0.18	1.07
key	-0.18	1.20
graphic	-0.17	1.05
officially	-0.17	1.15
louis	-0.17	1.02
grew	-0.17	1.13
authentic	-0.17	1.31
weight	-0.17	1.21
confirm	-0.17	1.21
lace	-0.17	1.01
keeping	-0.17	1.24
into	-0.17	1.27
skin	-0.17	1.03
tl	-0.17	1.21
clicked	-0.17	1.03
watching	-0.17	1.14
sellers	-0.17	1.29
300	-0.17	1.22
mj	-0.17	0.98
flightclub	-0.17	1.22
given	-0.17	1.13
major	-0.17	1.05
fl	-0.17	1.14
directly	-0.17	1.10
stands	-0.17	0.99
consignment	-0.17	1.26
level	-0.17	1.16
3m	-0.16	1.05
low	-0.16	1.05
200	-0.16	1.18
system	-0.16	1.22
quit	-0.16	1.45
december	-0.16	1.16
isnt	-0.16	1.27
april	-0.16	1.13
somewhere	-0.16	1.15
60	-0.16	1.12
urban	-0.16	1.19
worry	-0.16	1.66
range	-0.16	1.22
trend	-0.16	1.29
tend	-0.16	1.14
24	-0.16	1.13
sadly	-0.16	1.15
drake	-0.16	1.15
page	-0.16	1.13
beaches	-0.16	1.15
cigars	-0.16	1.08
justify	-0.16	1.38
grapes	-0.16	1.30
2013	-0.16	0.93
fans	-0.16	1.26
275	-0.16	1.21
gets	-0.16	1.21
infrared	-0.16	1.06
oreos	-0.16	1.27
blog	-0.16	1.31
luxury	-0.16	1.17
corny	-0.15	1.43
designer	-0.15	1.07
snakeskin	-0.15	1.09
european	-0.15	1.11
cover	-0.15	1.15
surprisingly	-0.15	1.11
relevant	-0.15	1.10
remastered	-0.15	1.06
error	-0.15	1.24
priced	-0.15	1.16
40	-0.15	1.09
3rd	-0.15	1.24
push	-0.15	1.20
tops	-0.15	1.05
yeezus	-0.15	1.23
footlockers	-0.15	1.12
aj1	-0.15	1.04
title	-0.15	1.56
usa	-0.15	1.03
closed	-0.15	1.09
atc	-0.15	1.33
50	-0.15	1.11
balenciaga	-0.15	1.08
plus	-0.15	1.00
traffic	-0.15	1.25
paint	-0.15	1.11
10s	-0.15	1.04
youtube	-0.15	1.18
og	-0.14	1.05
150	-0.14	1.18
says	-0.14	0.83
tlo	-0.14	1.35
ikea	-0.14	1.07
allow	-0.14	1.38
split	-0.14	1.04
certain	-0.14	1.19
skinny	-0.14	1.05
black	-0.14	1.05
product	-0.14	1.13
brown	-0.14	1.07
support	-0.14	1.22
170	-0.14	1.19
doom	-0.14	1.03
form	-0.14	1.12
fell	-0.14	1.41
doernbecher	-0.13	1.08
zero	-0.13	1.27
price	-0.13	1.28
sun	-0.13	1.17
shadow	-0.13	1.02
chicago	-0.13	1.08
sells	-0.13	0.83
steep	-0.13	1.55
mid	-0.13	1.05
atmos	-0.13	1.03
others	-0.13	1.65
99	-0.13	1.22
pes	-0.13	1.10
thick	-0.13	1.11
computer	-0.13	1.30
notification	-0.13	1.16
acetone	-0.13	1.13
carmine	-0.13	1.04
flaws	-0.12	1.21
university	-0.12	1.07
250	-0.12	1.19
db	-0.12	1.06
retros	-0.12	1.08
june	-0.12	1.05
coupon	-0.12	1.10
expecting	-0.12	1.24
decision	-0.12	1.26
thunder	-0.12	1.08
lower	-0.12	1.23
9/10	-0.12	1.25
jam	-0.12	1.08
news	-0.12	1.11
boat	-0.12	1.27
flair	-0.12	1.14
fear	-0.12	1.21
gl3	-0.12	0.93
shopping	-0.12	1.11
high	-0.11	1.15
75	-0.11	1.28
street	-0.11	1.05
started	-0.11	1.22
volcanoes	-0.11	1.06
oregon	-0.11	1.06
china	-0.11	1.02
liner	-0.11	1.06
stick	-0.11	1.16
ride	-0.11	1.27
matches	-0.11	1.15
leather	-0.11	1.12
remove	-0.11	1.09
killed	-0.11	1.09
powder	-0.11	1.22
huaraches	-0.11	1.14
charge	-0.11	1.20
two	-0.11	1.20
12s	-0.11	1.03
fluxes	-0.11	1.13
risk	-0.10	1.31
material	-0.10	1.10
mod	-0.10	1.17
01	-0.10	0.98
button	-0.10	1.14
having	-0.10	1.12
70	-0.10	1.12
door	-0.10	1.17
earlier	-0.10	1.10
selling	-0.10	1.18
ended	-0.10	1.36
ugh	-0.10	1.15
overseas	-0.10	1.10
row	-0.10	1.21
lance	-0.10	1.09
morning	-0.10	1.20
fabric	-0.10	1.05
thus	-0.10	1.07
gone	-0.10	1.17
lighting	-0.10	1.50
putting	-0.10	1.14
threads	-0.10	1.24
except	-0.10	0.83
jumped	-0.10	1.04
elsewhere	-0.10	1.13
gave	-0.10	0.81
cross	-0.10	1.21
provided	-0.10	1.16
gross	-0.10	1.25
3s	-0.09	1.06
buys	-0.09	0.95
process	-0.09	1.16
generic	-0.09	1.14
technology	-0.09	1.08
paying	-0.09	1.21
13s	-0.09	1.02
produced	-0.09	1.18
premium	-0.09	1.11
bar	-0.09	1.13
aka	-0.09	1.09
scam	-0.09	1.13
several	-0.09	1.09
winning	-0.09	1.24
rope	-0.09	1.20
cole	-0.09	1.17
80	-0.09	1.13
ross	-0.09	1.09
aqua	-0.09	1.00
fat	-0.09	0.98
tied	-0.09	1.14
guaranteed	-0.09	1.16
grow	-0.09	1.33
weed	-0.09	1.18
scared	-0.08	1.55
die	-0.08	1.14
upper	-0.08	1.01
factory	-0.08	1.16
round	-0.08	1.02
couple	-0.08	1.08
customers	-0.08	1.25
120	-0.08	1.15
country	-0.08	1.02
dc	-0.08	1.00
few	-0.08	1.10
floating	-0.08	1.12
australia	-0.08	1.14
21	-0.08	1.01
period	-0.08	1.04
extra	-0.08	1.09
athletic	-0.08	1.09
tweet	-0.08	1.14
closer	-0.08	1.14
yourself	-0.08	1.49
accidentally	-0.08	1.12
nail	-0.08	1.05
after	-0.07	1.19
goods	-0.07	1.07
nowhere	-0.07	1.19
r/kicksmarket	-0.07	1.28
4s	-0.07	1.05
nyc	-0.07	1.08
large	-0.07	1.26
mass	-0.07	1.01
post	-0.07	1.34
crashed	-0.07	1.08
refund	-0.07	1.17
copy	-0.07	1.18
190	-0.07	1.15
t	-0.07	1.13
nikeid	-0.07	1.20
6	-0.07	1.02
ran	-0.07	0.97
ankles	-0.07	1.05
hooked	-0.07	0.77
comment	-0.07	1.50
brought	-0.06	0.81
oil	-0.06	1.16
pieces	-0.06	1.06
35	-0.06	1.08
woven	-0.06	1.07
butt	-0.06	1.16
famous	-0.06	1.14
walk	-0.06	1.23
navy	-0.06	1.05
flywire	-0.06	0.99
east	-0.06	1.05
history	-0.06	1.12
elites	-0.06	1.02
gt	-0.06	1.16
access	-0.06	1.13
center	-0.06	1.01
forum	-0.06	1.23
mountains	-0.06	1.08
baron	-0.06	1.03
states	-0.06	1.10
king	-0.06	0.87
mix	-0.06	1.09
refreshing	-0.06	1.09
gold	-0.06	0.94
notice	-0.06	1.39
45	-0.05	1.06
reading	-0.05	1.25
community	-0.05	1.25
crew	-0.05	1.12
retail	-0.05	1.21
position	-0.05	1.11
2010	-0.05	0.99
head	-0.05	1.06
played	-0.05	0.91
2	-0.05	1.05
ig	-0.05	1.13
snake	-0.05	1.17
automatically	-0.05	1.16
stated	-0.05	1.01
starting	-0.05	1.17
tweets	-0.05	1.15
dollars	-0.05	1.10
bin	-0.04	1.05
originals	-0.04	1.03
heels	-0.04	1.06
latest	-0.04	1.00
atlanta	-0.04	1.06
cases	-0.04	1.08
overpriced	-0.04	1.46
strap	-0.04	1.57
wade	-0.04	1.07
layer	-0.04	1.01
other	-0.04	1.23
report	-0.04	1.21
bucks	-0.04	1.08
buying	-0.03	1.16
straps	-0.03	0.94
16	-0.03	0.96
xi	-0.03	0.99
rarely	-0.03	1.14
raffle	-0.03	1.12
camped	-0.03	1.02
130	-0.03	1.15
till	-0.03	1.18
less	-0.03	1.20
piece	-0.03	1.21
attitude	-0.03	1.24
strike	-0.03	1.11
cleaned	-0.03	1.18
media	-0.03	1.18
insurance	-0.03	1.07
golds	-0.02	1.07
canada	-0.02	1.12
painted	-0.02	1.11
employees	-0.02	0.96
unit	-0.02	0.96
cost	-0.02	1.13
thumbnail	-0.02	1.14
ground	-0.02	1.01
provide	-0.02	1.00
4	-0.02	1.04
body	-0.02	0.92
brand	-0.02	1.16
linked	-0.02	1.26
patta	-0.02	1.10
da	-0.02	1.52
everywhere	-0.02	1.16
done	-0.02	1.24
doesnt	-0.02	1.07
torn	-0.02	1.29
conversation	-0.02	1.24
colored	-0.02	1.05
town	-0.02	1.06
section	-0.02	1.02
posite	-0.02	1.02
site	-0.02	1.10
ivs	-0.02	1.16
bay	-0.02	1.21
our	-0.02	1.17
friends	-0.02	0.98
trading	-0.02	1.08
painting	-0.02	1.09
gear	-0.01	1.24
across	-0.01	1.04
wtl	-0.01	1.01
athlete	-0.01	1.15
grabbing	-0.01	1.13
tiffany	-0.01	1.04
designs	-0.01	1.12
shelf	-0.01	1.16
between	-0.01	1.14
hurts	-0.01	1.18
zoom	-0.01	0.96
red	-0.01	1.08
essentially	-0.01	1.16
styles	-0.01	1.14
favor	-0.01	1.10
hearing	-0.01	1.18
world	-0.01	1.12
trick	-0.01	1.24
employee	-0.01	0.92
premier	-0.01	1.04
grape	-0.01	1.03
length	-0.01	1.08
reminds	-0.01	1.33
lows	-0.01	1.03
pops	-0.00	0.93
air	-0.00	1.07
corner	-0.00	1.23
safe	-0.00	1.15
thin	-0.00	1.09
march	-0.00	1.15
grs	-0.00	1.19
link	-0.00	1.17
comparison	-0.00	1.09
dollar	0.00	1.02
supremacy	0.00	1.06
180	0.00	1.13
stars	0.00	1.05
further	0.01	1.09
chipping	0.01	1.15
restocking	0.01	1.10
ahead	0.01	1.14
taking	0.01	1.14
august	0.01	1.15
main	0.01	1.09
removed	0.01	1.06
instagram	0.01	1.10
five	0.01	1.04
judge	0.01	1.21
goes	0.01	0.86
fee	0.01	1.09
family	0.01	0.82
texas	0.01	1.12
pricey	0.01	1.29
four	0.01	1.00
220	0.01	1.16
reputable	0.01	1.06
laney	0.01	1.12
5	0.01	1.05
galaxy	0.01	1.03
replace	0.01	1.19
click	0.01	1.04
mint	0.01	0.94
ive	0.01	1.40
110	0.01	1.12
jobs	0.01	1.26
bringing	0.02	1.02
practically	0.02	1.17
joke	0.02	1.48
rocking	0.02	0.97
brazil	0.02	1.00
larger	0.02	1.07
born	0.02	1.10
260	0.02	1.16
avoid	0.02	1.09
opening	0.02	1.07
snow	0.02	1.04
members	0.02	1.44
talking	0.02	1.38
definition	0.02	1.13
niketown	0.02	1.02
reflective	0.02	1.01
woman	0.02	0.77
missing	0.02	1.26
sites	0.02	1.12
meaning	0.02	0.94
foamposites	0.02	1.05
machine	0.02	1.19
tennis	0.02	1.00
leaving	0.02	1.28
originally	0.03	1.16
duck	0.03	1.01
casually	0.03	0.98
per	0.03	1.05
imagine	0.03	1.57
9	0.03	0.98
canvas	0.03	1.06
sound	0.03	1.41
doing	0.03	1.22
insoles	0.03	0.98
twice	0.03	1.10
single	0.03	1.26
bills	0.03	1.19
spending	0.03	1.10
atm	0.03	1.18
mag	0.03	1.08
highs	0.03	1.03
owning	0.03	1.15
reference	0.03	1.22
85	0.03	1.21
cutting	0.03	1.12
walked	0.03	1.08
angelus	0.03	1.11
group	0.03	1.11
15	0.03	0.95
owner	0.03	1.00
racers	0.03	1.19
items	0.03	1.10
general	0.03	1.22
back	0.03	1.26
direct	0.04	1.11
columbias	0.04	1.22
japan	0.04	1.01
unc	0.04	0.88
creased	0.04	1.11
tumbled	0.04	1.09
balances	0.04	1.12
tiff	0.04	1.02
smooth	0.04	1.19
nor	0.04	1.22
sb	0.04	1.02
research	0.04	1.12
pre	0.04	1.08
future	0.04	1.20
blaze	0.04	1.12
item	0.04	1.04
bag	0.04	0.97
nubuck	0.04	1.10
individual	0.04	1.13
sport	0.04	1.07
tax	0.04	1.12
pro	0.04	1.02
3lab5	0.04	1.08
vi	0.04	1.01
points	0.04	1.12
authenticity	0.04	1.23
imgur	0.04	1.35
lame	0.04	1.53
hunting	0.04	1.10
eh	0.04	1.20
amazon	0.05	1.15
playoff	0.05	1.06
fb	0.05	1.10
280	0.05	1.17
cushioning	0.05	1.09
team	0.05	0.92
legend	0.05	1.10
7s	0.05	0.95
shout	0.05	1.10
picking	0.05	1.14
dropped	0.05	0.88
stretch	0.05	1.11
9s	0.05	1.00
ima	0.05	1.31
la	0.05	1.03
pain	0.05	1.20
longer	0.05	1.07
aint	0.05	1.51
nba	0.05	0.97
circle	0.06	1.40
lines	0.06	1.05
11	0.06	1.00
2-3	0.06	1.01
city	0.06	1.03
before	0.06	1.17
scuff	0.06	1.06
tiny	0.06	0.92
balls	0.06	1.04
bulls	0.06	1.12
shown	0.06	0.97
photos	0.06	1.46
cash	0.06	1.11
smaller	0.06	1.09
wrap	0.06	0.91
san	0.06	0.98
carry	0.06	1.07
location	0.06	1.00
germany	0.06	1.04
laser	0.06	1.02
10	0.06	1.00
himself	0.06	0.86
240	0.06	1.13
mags	0.06	1.04
samples	0.06	1.10
wider	0.06	1.14
enter	0.06	1.18
york	0.06	0.89
stain	0.06	1.13
searched	0.06	1.13
boutique	0.06	0.96
differences	0.06	1.14
generally	0.06	1.24
force	0.06	1.05
supra	0.06	0.99
show	0.06	1.08
trades	0.06	1.06
knowledge	0.07	1.06
movie	0.07	1.14
cement	0.07	1.05
numbers	0.07	0.98
afford	0.07	1.27
pearl	0.07	1.09
competition	0.07	1.36
grown	0.07	1.00
adding	0.07	1.08
by	0.07	1.09
data	0.07	1.03
strong	0.07	1.18
shipment	0.07	1.09
connect	0.07	1.17
learned	0.07	0.84
and/or	0.07	1.31
asking	0.07	1.27
stack	0.07	1.15
am1	0.07	0.99
used	0.07	1.06
over	0.07	1.10
company	0.07	1.03
lately	0.07	1.05
fees	0.07	1.05
seconds	0.07	1.02
dunk	0.08	1.03
told	0.08	0.79
pin	0.08	1.26
handle	0.08	1.27
90	0.08	1.03
hour	0.08	1.02
become	0.08	1.03
lunarlon	0.08	1.07
offers	0.08	1.19
in-store	0.08	1.03
hair	0.08	1.14
hitting	0.08	0.99
bait	0.08	0.98
ankle	0.08	0.96
english	0.08	1.01
ago	0.08	1.03
cart	0.08	1.06
wat	0.08	1.42
playing	0.08	0.87
mints	0.08	0.97
dunno	0.08	1.21
lab	0.08	0.95
wearing	0.08	0.92
orders	0.08	1.07
six	0.08	0.87
basic	0.08	1.21
easiest	0.08	1.48
kith	0.08	1.00
etc	0.08	1.10
old	0.08	0.96
london	0.08	1.00
releasing	0.08	1.07
max	0.08	1.03
225	0.08	1.13
park	0.08	1.03
illegal	0.08	1.09
character	0.09	1.28
usd	0.09	1.13
laces	0.09	1.02
dates	0.09	1.02
tweeted	0.09	0.99
ny	0.09	1.00
sweats	0.09	1.13
listing	0.09	1.08
tons	0.09	1.05
everytime	0.09	1.11
locks	0.09	0.96
familiar	0.09	1.13
18	0.09	0.95
understanding	0.09	1.26
until	0.09	1.12
inspired	0.09	1.05
pack	0.09	0.99
packs	0.09	0.96
music	0.09	1.17
method	0.09	1.00
slightly	0.09	1.08
note	0.09	1.14
fill	0.09	1.20
opens	0.09	1.04
aware	0.09	1.37
fall	0.09	0.74
hoh	0.10	1.04
area	0.10	1.02
taxes	0.10	1.26
padding	0.10	1.06
hyperdunks	0.10	0.93
2009	0.10	0.99
uk	0.10	1.03
military	0.10	1.10
aunt	0.10	1.00
lock	0.10	1.09
create	0.10	1.11
wall	0.10	1.07
owns	0.10	1.28
rid	0.10	1.20
bigger	0.10	1.11
cancelled	0.10	1.04
l	0.10	1.15
boutiques	0.10	1.05
blacks	0.10	1.18
arenas	0.10	1.05
intended	0.10	1.12
minutes	0.10	1.02
outside	0.10	0.89
undftd	0.10	1.01
retailer	0.10	1.01
asg	0.10	0.97
trainer	0.10	1.10
midnight	0.10	1.14
iii	0.11	0.99
hyperfuse	0.11	0.96
options	0.11	1.14
iv	0.11	1.05
turns	0.11	1.22
spray	0.11	1.06
charged	0.11	1.05
games	0.11	0.94
qs	0.11	1.05
4th	0.11	1.04
chukka	0.11	1.12
8am	0.11	1.08
shops	0.11	1.05
plays	0.11	0.75
questions	0.11	1.18
peoples	0.11	1.20
ball	0.11	0.94
traded	0.11	0.92
version	0.11	1.02
taxi	0.11	1.06
grammar	0.11	1.22
angle	0.12	1.41
type	0.12	1.20
88	0.12	1.04
remember	0.12	1.29
c	0.12	0.97
status	0.12	1.13
sages	0.12	1.11
mess	0.12	1.27
cali	0.12	1.04
crimson	0.12	1.03
blogs	0.12	1.11
lets	0.12	0.96
collecting	0.12	1.03
ten	0.12	0.92
nt	0.12	1.07
learn	0.12	1.04
sample	0.12	1.06
stock	0.12	1.14
airs	0.12	1.28
announced	0.12	1.00
shipping	0.12	1.07
empty	0.12	1.11
via	0.12	1.03
lt	0.12	1.00
means	0.12	1.31
r	0.12	1.22
commented	0.12	1.19
standing	0.12	1.19
end	0.12	1.24
tiger	0.12	1.01
ends	0.12	0.91
regret	0.12	1.29
3	0.12	1.02
mobile	0.12	1.19
challenge	0.12	1.24
difference	0.13	1.23
toro	0.13	1.07
proof	0.13	1.12
places	0.13	1.23
triple	0.13	1.05
ndc	0.13	1.04
fuccboi	0.13	1.12
highest	0.13	1.09
league	0.13	0.96
setting	0.13	1.10
independence	0.13	1.03
hop	0.13	1.11
sat	0.13	1.04
tbh	0.13	1.21
calendar	0.13	1.01
casual	0.13	0.99
min	0.13	1.02
spots	0.13	1.13
140	0.13	1.16
customer	0.13	1.02
sneakerhead	0.13	1.17
exist	0.13	1.29
kobe	0.13	0.92
retailers	0.13	1.05
kixify	0.13	1.10
posted	0.13	1.00
south	0.13	0.97
bid	0.13	1.02
north	0.13	1.00
tier	0.13	0.91
open	0.13	1.12
90s	0.13	1.01
miss	0.14	1.37
sneaker	0.14	1.09
description	0.14	1.11
flat	0.14	1.15
below	0.14	1.11
food	0.14	1.06
takes	0.14	1.05
scale	0.14	1.19
added	0.14	1.11
crease	0.14	1.02
display	0.14	1.03
hours	0.14	1.01
suede	0.14	1.07
frees	0.14	1.25
oreo	0.14	1.08
seemed	0.14	1.00
checking	0.14	1.11
wolf	0.14	1.10
hassle	0.14	1.22
guide	0.14	1.24
mall	0.14	1.02
camera	0.14	1.45
jesus	0.14	1.50
returns	0.14	0.97
around	0.14	1.10
2011	0.14	0.89
asked	0.14	0.75
michael	0.14	0.88
each	0.14	1.13
visit	0.14	0.97
tighter	0.15	1.06
sneakercon	0.15	1.04
forums	0.15	1.10
shop	0.15	1.02
era	0.15	1.12
boston	0.15	1.00
contest	0.15	0.99
am1s	0.15	0.99
bitch	0.15	1.58
fence	0.15	1.30
bright	0.15	1.03
videos	0.15	1.05
accents	0.15	0.98
95	0.15	0.99
yall	0.15	1.51
age	0.15	1.00
answers	0.15	1.26
count	0.15	0.93
v	0.15	0.96
ebay	0.15	1.07
theres	0.15	1.15
8	0.15	0.96
rent	0.15	1.11
include	0.15	1.08
ad	0.16	1.03
europe	0.16	1.02
assuming	0.16	1.30
changes	0.16	1.20
havent	0.16	1.33
pe	0.16	0.99
5.0	0.16	1.13
airmax	0.16	1.03
8s	0.16	0.90
specific	0.16	1.11
ubiq	0.16	0.96
2012	0.16	0.83
experience	0.16	0.99
vs	0.16	1.07
7	0.16	0.96
kept	0.16	1.06
especially	0.16	1.20
pulling	0.16	1.12
store	0.16	0.98
infrareds	0.16	1.06
w	0.16	1.14
please	0.16	1.27
badly	0.16	1.37
although	0.16	1.34
past	0.16	1.02
5s	0.16	1.07
previous	0.16	1.07
light	0.16	1.22
h	0.16	1.13
phone	0.16	1.15
hang	0.16	0.97
solution	0.16	1.13
website	0.16	1.05
listed	0.16	0.99
ext	0.16	1.03
effort	0.16	1.18
supreme	0.16	0.92
hoops	0.16	1.02
followed	0.16	1.05
select	0.16	0.99
checkout	0.16	1.06
typically	0.16	1.11
troll	0.16	1.38
eastbay	0.16	1.03
took	0.16	1.02
lebron	0.17	0.91
boxes	0.17	0.95
chances	0.17	1.31
easter	0.17	0.98
impossible	0.17	1.19
everybody	0.17	1.37
consider	0.17	1.20
facebook	0.17	1.10
replacement	0.17	1.05
entire	0.17	0.93
feedback	0.17	1.05
total	0.17	1.02
pay	0.17	1.12
miami	0.17	1.04
toronto	0.17	1.06
notifications	0.17	1.19
horse	0.17	1.14
power	0.17	1.06
lil	0.17	1.25
auction	0.17	1.04
water	0.17	1.22
sort	0.17	1.06
heres	0.17	1.18
add	0.17	1.12
sale	0.17	1.12
bhm	0.17	0.93
tad	0.17	1.14
based	0.17	1.06
salmon	0.17	0.84
pride	0.17	1.01
skated	0.17	1.10
ticket	0.17	1.05
loss	0.17	1.19
sl	0.17	1.02
hes	0.17	1.29
bape	0.18	1.06
coves	0.18	0.95
passing	0.18	1.02
greens	0.18	1.00
beach	0.18	1.02
their	0.18	1.05
locker	0.18	0.99
boots	0.18	0.87
penny	0.18	1.07
release	0.18	0.99
outdoor	0.18	0.81
tour	0.18	1.04
jays	0.18	1.07
finished	0.18	0.95
burgundy	0.18	0.94
times	0.18	1.00
continue	0.18	1.26
under	0.18	1.07
skate	0.18	0.98
websites	0.18	0.99
am90	0.18	1.01
newest	0.18	1.04
listings	0.18	1.05
hole	0.18	0.92
lost	0.18	1.20
dropping	0.19	1.02
kanye	0.19	0.95
invoice	0.19	1.00
ii	0.19	1.09
needs	0.19	0.74
champs	0.19	1.02
nike	0.19	1.06
closet	0.19	1.03
cements	0.19	1.08
months	0.19	1.00
monday	0.19	1.06
paper	0.19	0.94
line	0.19	1.02
ordering	0.19	1.06
knowing	0.19	1.06
rose	0.19	0.93
tie	0.19	0.93
locations	0.19	1.01
popped	0.19	0.93
pure	0.19	1.03
dress	0.19	0.84
none	0.19	1.16
reds	0.19	1.04
seen	0.19	1.72
scene	0.19	1.19
perhaps	0.19	1.11
st	0.20	1.03
players	0.20	0.98
opened	0.20	1.01
spent	0.20	1.03
left	0.20	1.18
collectors	0.20	1.27
tuesday	0.20	1.06
player	0.20	0.95
finishline	0.20	1.02
rumored	0.20	0.96
arent	0.20	1.20
star	0.20	0.98
butter	0.20	1.03
jersey	0.20	1.01
days	0.20	1.00
wings	0.20	1.49
sales	0.20	0.99
check	0.20	1.16
randomly	0.20	1.04
typical	0.20	1.05
campus	0.20	1.14
additional	0.21	1.20
crack	0.21	1.11
white	0.21	1.08
eu	0.21	1.00
lavas	0.21	1.04
heavily	0.21	1.07
recent	0.21	1.03
fieg	0.21	0.90
mark	0.21	1.10
huh	0.21	1.14
cotton	0.21	1.25
atleast	0.21	1.24
weeks	0.21	1.00
hobby	0.21	1.34
wdywt	0.21	1.02
room	0.21	1.06
party	0.21	1.19
seller	0.22	1.05
trip	0.22	1.04
lot	0.22	1.06
retro	0.22	1.02
returned	0.22	0.89
ronnie	0.22	0.90
here	0.22	1.23
comfort	0.22	1.39
glv	0.22	0.85
opportunity	0.22	1.15
hits	0.22	1.18
alternative	0.22	0.99
taken	0.22	1.24
lv	0.22	0.92
view	0.22	1.39
restocked	0.22	0.93
levels	0.22	1.02
instant	0.22	1.04
paypal	0.23	1.00
checks	0.23	1.09
clue	0.23	0.81
laced	0.23	0.99
ruin	0.23	1.04
came	0.23	1.00
lyte	0.23	0.85
kd	0.23	0.93
floor	0.23	1.07
collector	0.23	1.02
years	0.23	0.99
preference	0.23	1.30
brooklyn	0.23	0.93
watch	0.23	1.06
absolute	0.24	1.10
qasa	0.24	1.02
average	0.24	1.03
trouble	0.24	1.19
near	0.24	1.00
colors	0.24	1.07
stuck	0.24	0.97
sock	0.24	1.13
watched	0.24	0.88
fixed	0.24	1.08
speed	0.24	1.12
possibly	0.24	1.11
1500	0.24	0.94
lacing	0.24	0.98
chinos	0.24	1.09
sweatpants	0.24	1.09
stores	0.24	1.01
whoa	0.24	1.28
13	0.24	0.95
season	0.24	0.86
app	0.24	1.04
hand	0.24	1.06
fix	0.24	1.12
legitimate	0.24	1.04
example	0.24	1.09
noticed	0.24	1.00
grabbed	0.24	1.03
worn	0.24	1.13
describe	0.24	1.22
local	0.24	1.02
updated	0.25	1.02
14	0.25	0.90
saturday	0.25	1.02
number	0.25	1.02
july	0.25	0.90
drops	0.25	1.01
finish	0.25	1.00
spend	0.25	1.04
feels	0.25	1.11
running	0.25	1.07
rf	0.25	0.92
adult	0.25	1.05
tan	0.25	1.11
flyknit	0.25	1.11
gel	0.25	0.84
christmas	0.25	0.91
moving	0.25	0.98
bank	0.25	1.01
said	0.25	0.69
flash	0.25	1.27
cup	0.25	0.94
option	0.25	1.04
jacked	0.25	1.04
nearly	0.25	0.98
reverse	0.25	1.01
upvote	0.25	1.51
baggy	0.25	1.09
af1	0.25	1.01
live	0.25	0.93
hit	0.25	1.01
kinds	0.26	1.11
ogs	0.26	0.98
sized	0.26	1.05
12	0.26	0.97
ds	0.26	1.18
bodega	0.26	0.98
specifically	0.26	1.04
start	0.26	1.31
play	0.26	0.78
colours	0.26	1.07
happening	0.26	1.17
google	0.26	0.97
2015	0.26	0.92
lightly	0.26	1.07
zx	0.26	0.99
stories	0.26	1.24
sneaks	0.26	1.34
currently	0.26	1.07
fact	0.26	1.25
message	0.26	1.02
restock	0.26	0.99
update	0.26	1.05
janoski	0.26	1.01
username	0.26	1.12
stayed	0.26	1.00
target	0.26	1.02
projects	0.26	0.92
flux	0.26	0.99
subs	0.26	1.12
boost	0.26	1.03
xs	0.26	0.98
contact	0.27	1.02
sitting	0.27	1.03
recommend	0.27	1.16
new	0.27	0.95
year	0.27	0.97
living	0.27	1.02
manager	0.27	0.73
footlocker	0.27	1.01
gay	0.27	1.10
slam	0.27	0.98
modern	0.27	0.96
lived	0.27	0.92
gs	0.27	0.91
kick	0.27	1.13
heard	0.27	1.10
knows	0.27	1.22
night	0.27	1.00
women	0.27	0.95
groups	0.27	1.09
thread	0.27	1.21
shelves	0.27	1.05
account	0.27	1.04
rub	0.27	1.10
money	0.27	1.06
offer	0.27	0.89
article	0.28	1.20
dirty	0.28	1.15
ur	0.28	1.19
drive	0.28	1.24
forever	0.28	1.00
daily	0.28	1.12
footaction	0.28	1.01
attention	0.28	1.07
thoughts	0.28	1.12
iiis	0.28	1.07
outlet	0.28	1.04
x	0.28	0.83
j	0.28	1.22
puma	0.28	0.95
cc	0.28	1.04
photoshop	0.28	1.08
eyelets	0.28	1.47
released	0.28	0.95
use	0.28	1.05
grip	0.28	0.96
basketball	0.28	0.83
walking	0.28	1.08
models	0.28	0.99
restocks	0.28	1.06
asics	0.28	0.82
month	0.29	0.99
men	0.29	0.93
who	0.29	0.96
truly	0.29	1.09
court	0.29	0.84
wash	0.29	1.07
lives	0.29	0.69
silhouettes	0.29	1.16
search	0.29	1.05
last	0.29	1.00
de	0.29	1.14
thru	0.29	1.05
sharp	0.29	1.25
beater	0.29	0.94
baby	0.29	0.94
collab	0.29	0.84
depending	0.29	1.07
likes	0.29	1.25
central	0.29	0.88
multicolor	0.29	1.09
mind	0.29	1.52
ways	0.29	1.12
patterns	0.29	1.05
denim	0.29	1.02
worked	0.29	0.94
through	0.29	1.01
jeremy	0.29	0.92
issue	0.29	1.13
amp	0.30	1.13
toes	0.30	0.81
kill	0.30	0.99
cuz	0.30	1.27
hi	0.30	0.98
lifestyle	0.30	0.85
100	0.30	1.10
focus	0.30	1.27
policy	0.30	1.06
n	0.30	1.05
gf	0.30	0.72
forces	0.30	1.01
expected	0.30	1.09
explain	0.30	1.31
nights	0.30	0.93
confused	0.30	1.77
everything	0.30	1.11
initially	0.30	0.98
assume	0.30	1.20
js	0.30	0.92
swapped	0.31	1.04
overall	0.31	1.19
else	0.31	0.86
never	0.31	1.18
nikes	0.31	1.06
cops	0.31	1.10
road	0.31	1.20
boosts	0.31	1.23
almost	0.31	0.97
levi	0.31	1.14
racer	0.31	0.99
actual	0.31	1.04
cleaner	0.31	1.16
shorts	0.32	1.02
ones	0.32	1.04
november	0.32	1.09
known	0.32	1.10
owned	0.32	1.53
leave	0.32	1.03
sz	0.32	0.95
1st	0.32	1.00
file	0.32	1.08
girls	0.32	0.93
sizing	0.32	1.06
height	0.32	1.29
saucony	0.32	0.92
credit	0.32	1.01
exact	0.32	1.08
opinions	0.32	1.20
save	0.32	1.04
regularly	0.32	0.88
mens	0.32	0.92
adidas	0.32	0.86
edit	0.32	1.52
winter	0.32	0.92
55	0.32	1.06
grade	0.33	1.10
smell	0.33	1.22
whenever	0.33	1.12
judging	0.33	1.05
paris	0.33	1.00
been	0.33	1.16
has	0.33	0.97
runners	0.33	0.99
words	0.33	1.28
identical	0.33	1.00
perfectly	0.33	0.93
shirt	0.33	1.04
deserve	0.33	1.13
balance	0.33	0.82
weather	0.33	0.93
accept	0.33	1.11
574	0.33	0.91
business	0.34	0.97
sit	0.34	1.04
planning	0.34	1.15
9.5	0.34	0.97
literally	0.34	1.05
bball	0.34	1.44
spelling	0.34	1.30
gym	0.34	0.79
boys	0.34	1.09
christ	0.34	1.34
opinion	0.34	1.36
instantly	0.34	1.00
success	0.34	0.98
mistake	0.35	1.20
jacket	0.35	1.00
week	0.35	0.97
settle	0.35	1.10
honest	0.35	1.12
p	0.35	1.14
releases	0.35	1.03
prints	0.35	0.98
speak	0.35	1.09
during	0.35	0.90
sold	0.35	0.95
suggest	0.35	1.16
income	0.35	1.10
friday	0.35	0.99
perspective	0.35	1.20
omg	0.35	1.29
yet	0.35	1.15
part	0.35	1.37
checked	0.35	0.93
offered	0.35	0.77
ve	0.35	1.23
yessir	0.35	1.39
10.5	0.35	0.98
dry	0.35	1.07
deadstock	0.35	1.10
complex	0.35	1.08
shirts	0.35	1.10
11.5	0.36	0.98
moment	0.36	1.02
f	0.36	1.08
wild	0.36	1.15
awhile	0.36	0.97
least	0.36	1.00
choices	0.36	1.20
suit	0.36	0.95
cncpts	0.36	0.86
hero	0.36	1.21
blazer	0.36	1.00
free	0.36	1.08
vintage	0.36	1.03
makes	0.36	1.33
every	0.36	1.02
8.5	0.36	0.99
hoop	0.36	1.43
purchased	0.36	0.83
width	0.36	1.12
coast	0.36	0.92
size	0.36	0.98
little	0.36	1.09
tee	0.36	1.03
test	0.36	1.14
foot	0.36	1.05
cards	0.36	1.10
stealth	0.37	0.97
saved	0.37	1.06
7.5	0.37	0.93
covered	0.37	1.09
case	0.37	1.09
driving	0.37	1.09
fashion	0.37	0.94
problems	0.37	0.90
feet	0.37	1.05
big	0.37	1.08
somehow	0.37	1.07
upload	0.37	1.18
disc	0.37	1.04
admit	0.37	1.16
nb	0.37	0.83
weak	0.37	1.27
streetwear	0.37	1.10
thursday	0.37	1.02
customs	0.37	1.00
original	0.37	0.84
selvedge	0.38	1.02
things	0.38	1.15
chuck	0.38	0.93
held	0.38	0.91
offense	0.38	1.13
dicks	0.38	1.20
repaint	0.38	1.01
tagged	0.38	1.12
fingers	0.38	1.12
pairs	0.38	1.01
anniversary	0.38	0.86
felt	0.38	1.04
at	0.38	0.99
o	0.38	1.25
pose	0.39	1.14
bit	0.39	1.10
normally	0.39	0.99
snug	0.39	1.07
sizes	0.39	0.95
slim	0.39	1.04
easily	0.39	1.01
anywhere	0.39	1.08
floral	0.39	0.94
plan	0.39	1.12
iphone	0.39	1.12
shoot	0.39	1.26
collabs	0.39	0.88
image	0.39	0.97
failed	0.39	1.05
final	0.39	0.88
paid	0.39	1.10
us	0.40	1.03
stance	0.40	1.28
waste	0.40	1.29
matter	0.40	1.45
copped	0.40	0.89
concepts	0.40	0.82
florals	0.40	0.88
1/2	0.40	1.01
clothing	0.40	0.99
tight	0.40	1.09
am90s	0.40	0.98
cws	0.40	1.02
cancel	0.40	1.04
result	0.40	0.92
model	0.40	1.03
shooting	0.40	1.08
160	0.40	1.13
nsfw	0.40	1.07
12.5	0.40	0.98
style	0.41	1.18
send	0.41	1.01
5th	0.41	0.90
tried	0.41	1.01
thinks	0.41	0.78
converse	0.41	0.95
careful	0.41	1.06
mvp	0.41	1.05
retailed	0.41	1.12
skating	0.41	1.04
write	0.41	1.19
most	0.41	1.50
uncomfortable	0.41	1.19
palace	0.41	0.85
blood	0.41	1.22
design	0.41	1.11
swag	0.41	1.29
realized	0.42	1.08
heads	0.42	1.54
preludes	0.42	1.09
catch	0.42	1.26
outfit	0.42	1.01
since	0.42	1.14
signature	0.42	0.87
share	0.42	1.22
stiff	0.42	1.11
appear	0.42	1.14
color	0.42	1.01
vibe	0.42	1.17
legs	0.42	0.91
however	0.42	1.13
results	0.42	1.16
sent	0.42	0.95
scott	0.42	1.00
bull	0.43	0.98
comes	0.43	0.84
match	0.43	0.98
combination	0.43	1.12
angles	0.43	1.16
roshe	0.43	1.05
we	0.43	1.28
matching	0.43	1.05
tracking	0.43	0.94
eye	0.43	1.24
upcoming	0.43	1.02
vans	0.43	0.98
weekend	0.43	0.96
girl	0.43	0.74
term	0.43	1.16
card	0.43	0.87
self	0.43	0.99
lunar	0.44	1.12
trigger	0.44	1.01
full	0.44	0.97
payment	0.44	0.97
anybody	0.44	1.22
worth	0.44	1.05
third	0.44	0.97
searching	0.44	0.92
af1s	0.44	1.00
common	0.44	1.06
online	0.44	1.02
works	0.44	0.72
cushion	0.44	1.13
helping	0.45	1.22
jeans	0.45	0.98
series	0.45	0.89
dunks	0.45	1.00
available	0.45	0.98
mr	0.45	1.05
special	0.45	0.87
alot	0.45	1.08
lmfao	0.45	1.16
depends	0.45	1.24
lunars	0.45	1.10
10/10	0.45	1.15
trust	0.45	1.32
possible	0.45	1.04
jazz	0.46	0.97
rest	0.46	0.92
drop	0.46	1.01
cleaning	0.46	1.20
address	0.46	0.99
wear	0.46	0.79
sk8	0.46	1.08
box	0.46	1.30
raw	0.46	0.97
outfits	0.46	1.04
package	0.46	1.01
delivered	0.46	0.91
everyone	0.46	1.19
tts	0.47	1.06
eraser	0.47	1.18
unique	0.47	1.17
answered	0.47	0.99
wont	0.47	1.09
sigh	0.47	1.16
cousin	0.47	0.80
outlets	0.47	1.03
him	0.47	0.98
smiths	0.47	0.98
half	0.47	1.04
kidding	0.47	1.30
clown	0.47	0.91
narrow	0.47	1.12
wednesday	0.47	0.96
r/streetwear	0.48	1.05
unless	0.48	1.13
timbs	0.48	0.84
run	0.48	1.05
sbs	0.48	0.99
2nd	0.48	1.45
immediately	0.48	0.95
smith	0.48	0.84
time	0.48	1.12
holding	0.48	1.01
marked	0.48	1.05
return	0.48	1.00
particularly	0.48	1.09
boy	0.48	1.13
stan	0.48	0.87
together	0.48	1.04
womens	0.49	0.93
break	0.49	0.95
runs	0.49	1.07
bought	0.49	0.87
usual	0.49	1.05
exclusive	0.49	1.04
roll	0.49	1.11
hahahaha	0.49	1.19
unfortunately	0.49	1.07
meet	0.49	0.97
curious	0.49	1.20
advance	0.49	1.26
heavy	0.49	1.07
next	0.49	0.94
jason	0.49	1.17
from	0.50	0.83
his	0.50	0.83
order	0.50	0.94
limited	0.50	1.18
ai	0.50	1.45
houston	0.50	1.01
guessing	0.50	1.16
stay	0.50	1.14
down	0.50	1.00
went	0.50	0.88
rumors	0.50	0.90
wondering	0.50	1.18
friend	0.50	0.79
practice	0.50	1.02
spring	0.50	0.90
life	0.50	1.08
soft	0.51	1.08
email	0.51	0.93
ye	0.51	0.96
itself	0.51	0.99
met	0.51	0.73
request	0.51	1.05
ferrari	0.51	1.02
an	0.51	1.05
loud	0.51	1.11
small	0.51	1.02
game	0.51	1.05
wore	0.51	1.10
thinking	0.52	1.09
gl	0.52	1.06
lord	0.52	1.13
long	0.52	0.96
sneakers	0.52	1.18
runner	0.52	0.98
prisms	0.52	0.93
fits	0.52	1.03
bill	0.52	0.80
fast	0.52	1.16
own	0.52	1.09
cream	0.52	0.91
shipped	0.52	1.07
colourway	0.53	1.06
ready	0.53	0.91
wondered	0.53	0.98
already	0.53	1.07
quickly	0.53	1.00
event	0.53	0.99
dying	0.53	0.91
delivery	0.53	1.00
care	0.53	1.30
action	0.54	0.97
condition	0.54	1.06
expect	0.54	1.19
inspiration	0.54	1.05
throw	0.54	1.00
mom	0.54	1.01
purchase	0.54	0.97
name	0.54	0.99
information	0.54	1.03
car	0.54	1.09
debating	0.54	1.03
personal	0.55	1.14
fit	0.55	1.06
slept	0.55	1.43
arrived	0.55	0.87
summer	0.55	0.97
corks	0.55	0.97
forgot	0.55	1.41
once	0.55	0.94
vnds	0.55	1.08
colorways	0.55	1.02
switch	0.55	1.08
chucks	0.56	0.96
any	0.56	1.05
uh	0.56	1.24
repost	0.56	1.19
second	0.56	1.44
ordered	0.56	0.84
question	0.56	1.28
why	0.56	1.43
helped	0.56	0.83
anytime	0.56	0.98
received	0.57	0.82
customize	0.57	1.03
considering	0.57	1.05
prepared	0.57	0.97
wasnt	0.57	1.12
confirmation	0.57	0.95
recently	0.57	0.94
does	0.57	0.81
keep	0.58	1.26
afraid	0.58	1.15
kid	0.58	0.84
wouldnt	0.58	0.98
impressed	0.58	1.31
forward	0.58	1.16
g	0.58	1.21
anyone	0.58	1.16
coming	0.58	0.96
confirmed	0.58	0.65
give	0.59	0.98
grail	0.59	1.02
everyday	0.59	0.94
oceans	0.59	0.88
flip	0.59	1.04
socks	0.59	1.03
shell	0.59	0.98
m8	0.59	1.13
while	0.59	0.95
gotten	0.59	1.31
screen	0.59	1.12
naw	0.59	1.24
2014	0.59	1.30
pop	0.60	1.25
colour	0.60	0.98
affordable	0.60	0.96
detailed	0.60	1.07
reebok	0.60	0.85
colourways	0.60	1.03
hold	0.60	1.04
tonight	0.60	0.98
arrive	0.61	0.86
saw	0.61	0.81
details	0.61	0.93
more	0.61	1.07
trainers	0.61	1.10
home	0.61	1.02
anymore	0.61	1.27
warm	0.61	1.07
prob	0.61	1.03
disappointed	0.61	1.70
otherwise	0.61	0.86
tomorrow	0.61	0.97
cant	0.62	1.05
decide	0.62	1.15
receive	0.62	0.89
reasonable	0.62	1.28
huge	0.62	0.95
constantly	0.62	0.89
take	0.62	1.08
didnt	0.62	0.96
kind	0.62	1.20
flyknits	0.62	1.09
somebody	0.63	0.89
pm	0.63	1.01
build	0.63	1.01
purchases	0.63	1.17
packaging	0.63	1.05
rotation	0.63	1.16
both	0.63	1.07
ca	0.63	1.10
wonder	0.63	1.09
excellent	0.63	1.78
brush	0.63	1.06
figure	0.63	1.11
wait	0.63	1.00
tell	0.63	1.29
somewhat	0.64	1.06
usually	0.64	1.00
17	0.64	1.15
patience	0.64	0.99
luckily	0.64	0.89
nobody	0.64	0.88
recognize	0.64	1.08
asap	0.64	1.01
important	0.65	1.05
joggers	0.65	1.08
hard	0.65	1.13
about	0.65	1.25
placed	0.65	0.92
call	0.65	1.02
this	0.65	1.11
pls	0.65	1.07
towel	0.65	1.04
album	0.65	1.13
hunt	0.65	0.93
simple	0.65	1.14
clothes	0.65	1.03
prolly	0.65	1.00
manage	0.66	1.15
magic	0.66	1.07
hat	0.66	1.21
likely	0.66	1.03
slip	0.66	0.84
jordans	0.66	1.05
theyre	0.66	1.13
hmm	0.67	1.13
nicely	0.67	0.99
scrub	0.67	1.08
day	0.67	0.95
kd7	0.67	0.98
put	0.67	0.92
thrift	0.68	0.98
assumed	0.68	1.07
story	0.68	1.13
ass	0.68	1.35
whole	0.68	1.27
have	0.68	1.01
found	0.68	0.83
incredible	0.68	1.68
ideas	0.69	0.99
collaboration	0.69	0.81
video	0.69	0.98
ask	0.69	1.04
id	0.69	0.98
course	0.69	1.14
flashy	0.69	1.10
cuff	0.69	1.09
looked	0.69	0.96
lens	0.70	1.16
kobes	0.70	0.92
photo	0.70	1.15
respect	0.70	1.31
998	0.70	0.88
markk	0.70	1.05
soap	0.70	1.05
bring	0.70	1.01
picture	0.70	1.12
personally	0.71	1.37
fun	0.71	1.22
project	0.71	0.70
restore	0.71	1.07
someone	0.71	1.04
roshes	0.71	1.05
struggle	0.71	1.05
sometimes	0.71	1.01
y-3	0.71	1.14
dammit	0.71	1.07
lebrons	0.71	0.97
picked	0.72	0.81
believe	0.72	1.37
whether	0.72	1.05
kds	0.72	0.94
pumas	0.72	0.96
k	0.73	1.26
fairly	0.73	1.13
gr	0.73	1.00
nothing	0.73	0.99
selection	0.73	0.94
toothbrush	0.73	1.06
see	0.73	1.22
im	0.73	1.07
waiting	0.74	0.92
soon	0.74	0.96
blazers	0.74	1.02
whoever	0.74	0.82
happens	0.74	1.17
needed	0.74	0.89
wanting	0.74	0.79
auto	0.74	0.98
make	0.74	1.13
first	0.74	1.46
out	0.74	0.94
accurate	0.74	0.94
occasionally	0.74	0.94
fine	0.75	1.20
tryna	0.75	0.98
sell	0.75	0.99
popular	0.75	1.05
wife	0.75	0.93
concerned	0.76	1.42
her	0.76	0.91
some	0.76	0.99
fair	0.76	1.30
myself	0.76	1.00
pull	0.76	1.06
do	0.76	1.24
craigslist	0.76	1.03
with	0.76	0.99
cars	0.77	1.03
durable	0.77	1.08
often	0.77	1.03
beginning	0.77	1.00
unds	0.77	0.88
beaters	0.78	0.97
legit	0.78	1.20
chukkas	0.78	1.12
soo	0.78	1.19
outta	0.78	1.21
soldier	0.78	1.03
far	0.78	1.42
reason	0.78	1.20
going	0.79	1.17
response	0.79	1.29
excited	0.79	1.74
background	0.79	1.04
called	0.79	1.24
finally	0.79	0.89
tips	0.79	1.05
easy	0.79	1.09
willing	0.80	0.95
lmao	0.80	1.45
maxes	0.80	0.97
shits	0.80	1.37
moved	0.80	1.08
knew	0.81	1.10
close	0.81	1.09
happened	0.81	0.93
straight	0.81	1.13
am	0.81	1.05
thing	0.82	1.03
quite	0.82	0.98
insane	0.82	1.80
pants	0.82	1.07
collections	0.82	1.07
when	0.82	0.91
gon	0.82	1.03
photography	0.82	1.15
50mm	0.82	1.04
taste	0.83	1.02
quick	0.83	0.96
relatively	0.83	0.99
fellow	0.84	0.95
pics	0.84	1.12
real	0.84	1.28
classics	0.84	0.90
dream	0.85	1.01
trade	0.85	0.87
pictures	0.85	1.14
same	0.85	1.06
creative	0.85	1.02
eventually	0.85	0.96
fly	0.85	1.31
know	0.85	1.27
properly	0.86	0.91
anything	0.86	1.00
kinda	0.86	1.08
hands	0.86	1.07
had	0.87	0.79
let	0.87	1.04
happen	0.87	1.08
difficult	0.87	1.03
mail	0.87	0.92
surprised	0.87	1.55
fan	0.87	1.18
cause	0.87	1.01
stuff	0.87	1.16
sexy	0.87	2.01
highly	0.88	0.99
place	0.88	0.95
she	0.88	0.92
compliment	0.88	1.18
trying	0.88	0.94
ill	0.89	0.97
one	0.89	1.36
rock	0.89	0.91
swap	0.89	1.05
locally	0.89	0.94
yesterday	0.89	0.80
hahah	0.89	1.02
again	0.89	1.01
finding	0.90	0.90
mine	0.90	0.89
person	0.90	0.92
there	0.90	1.06
cheap	0.90	1.15
dog	0.90	1.20
matters	0.90	1.23
hella	0.90	1.09
silhouette	0.90	0.96
nigga	0.90	1.37
combo	0.91	0.98
always	0.91	1.19
today	0.92	0.84
list	0.92	0.95
tip	0.92	0.97
fuckin	0.92	1.29
extremely	0.92	1.08
wo	0.92	0.96
guy	0.92	0.96
mean	0.93	1.25
only	0.93	1.25
whatever	0.93	1.02
thought	0.93	1.02
perfect	0.93	1.27
idk	0.93	1.25
dat	0.93	1.04
gift	0.93	1.01
m	0.94	1.04
reply	0.94	1.29
redditor	0.94	1.11
dont	0.94	1.06
hyped	0.94	1.04
goddamn	0.94	0.92
insanely	0.95	1.08
brother	0.95	0.79
me	0.95	0.89
printed	0.96	0.89
hook	0.96	0.95
good	0.96	1.72
buy	0.96	0.99
indoor	0.96	0.80
need	0.96	0.97
pass	0.96	1.03
variety	0.97	1.08
interesting	0.97	1.44
aswell	0.97	0.98
go	0.98	1.02
ridiculously	0.98	1.10
incredibly	0.98	1.01
could	0.98	0.88
ha	0.99	1.12
exactly	0.99	1.21
seem	0.99	1.06
come	0.99	0.98
maybe	0.99	1.00
existed	0.99	1.05
touch	1.00	1.04
up	1.00	0.93
decided	1.01	0.86
gunna	1.01	0.93
sought	1.01	1.09
wan	1.02	0.90
ll	1.02	0.96
he	1.02	0.80
much	1.02	1.07
can	1.03	0.92
might	1.03	0.96
if	1.03	1.05
em	1.03	0.97
should	1.03	0.97
whats	1.03	1.10
deals	1.03	0.88
because	1.03	1.11
nbs	1.03	0.89
feeling	1.03	1.09
sauconys	1.04	0.97
proper	1.04	0.87
interested	1.04	1.39
imo	1.04	1.10
ta	1.04	0.98
custom	1.05	1.02
similar	1.05	1.29
something	1.05	0.98
may	1.05	0.95
canon	1.05	1.10
rare	1.05	1.06
source	1.06	0.80
what	1.06	1.13
were	1.06	0.86
find	1.06	0.99
will	1.06	0.93
u	1.07	1.08
helps	1.07	1.06
na	1.07	0.93
answer	1.07	0.92
was	1.07	0.91
want	1.07	0.97
detail	1.08	0.92
buttery	1.08	1.13
another	1.08	1.03
managed	1.08	0.85
pinroll	1.09	1.10
word	1.09	1.13
all	1.10	0.99
doubt	1.10	0.95
enough	1.10	0.99
grab	1.10	0.96
buddy	1.10	0.82
concept	1.10	1.03
oops	1.10	1.12
chance	1.11	0.98
suggestion	1.11	1.17
patient	1.11	1.02
way	1.11	1.01
lady	1.12	0.74
d	1.12	0.92
your	1.12	0.99
get	1.12	0.98
would	1.13	1.00
fucking	1.13	1.27
try	1.13	0.97
shut	1.13	1.16
even	1.14	1.06
genuinely	1.14	0.83
probably	1.14	0.92
cw	1.14	0.90
steals	1.14	1.04
definite	1.14	0.82
how	1.14	1.04
not	1.15	1.11
did	1.15	0.96
then	1.15	1.00
present	1.15	0.92
pair	1.15	0.83
pic	1.16	1.12
af	1.16	1.26
reeboks	1.16	0.92
or	1.17	0.95
say	1.17	1.04
birthday	1.18	0.93
sense	1.18	1.20
indeed	1.18	1.01
figured	1.19	1.18
which	1.19	1.00
able	1.19	0.93
snag	1.19	0.94
stoked	1.20	1.34
bet	1.21	1.01
looking	1.21	0.88
its	1.23	1.06
subtle	1.23	1.14
be	1.23	0.98
fuck	1.24	1.29
where	1.24	1.01
score	1.25	1.04
yours	1.25	1.08
just	1.25	1.08
janoskis	1.26	1.13
work	1.26	1.02
loving	1.27	1.01
successful	1.27	0.86
joints	1.27	1.11
honestly	1.28	1.08
fav	1.28	1.16
dad	1.28	0.75
heat	1.29	1.07
now	1.29	1.08
no	1.29	1.05
either	1.30	1.04
suggestions	1.30	1.07
still	1.30	0.93
beat	1.30	1.15
feel	1.30	1.07
hopefully	1.30	0.88
think	1.31	1.04
dem	1.31	1.12
colorway	1.31	0.92
hot	1.31	1.27
versatile	1.31	0.98
also	1.31	1.03
cop	1.31	0.97
ups	1.32	1.12
guess	1.32	1.17
great	1.32	1.56
wanted	1.32	1.00
pretty	1.32	1.04
proud	1.32	1.01
too	1.33	1.07
sounds	1.33	1.10
super	1.33	0.97
comfortable	1.34	1.05
nope	1.35	1.17
yo	1.37	1.24
shame	1.37	1.03
favourite	1.37	1.12
tempted	1.39	1.09
true	1.39	1.11
jelly	1.39	1.43
really	1.39	1.05
cake	1.39	0.96
sure	1.40	1.14
regardless	1.40	0.89
setup	1.40	1.11
digging	1.40	1.13
as	1.40	1.05
re	1.41	1.00
problem	1.41	1.11
so	1.43	1.06
scoop	1.43	0.94
wish	1.43	0.97
chill	1.44	1.16
decent	1.44	0.99
helpful	1.45	1.09
actually	1.45	1.03
classic	1.46	0.97
lookin	1.46	1.14
shoes	1.47	0.89
boss	1.47	0.99
shit	1.47	1.16
idea	1.48	1.03
soooo	1.49	1.00
sucker	1.49	1.03
pumped	1.50	1.23
very	1.52	0.95
advice	1.52	1.00
absolutely	1.52	1.09
look	1.53	1.02
cute	1.54	1.22
info	1.54	0.99
help	1.54	1.05
shoe	1.54	0.88
bud	1.55	1.06
aw	1.56	1.18
god	1.56	1.13
dang	1.56	1.12
justice	1.56	1.15
choice	1.57	0.78
impressive	1.57	1.15
well	1.58	1.09
dam	1.59	0.70
son	1.60	1.12
hah	1.60	1.11
sooo	1.60	0.58
yup	1.61	1.09
pizza	1.62	0.98
comfy	1.62	1.17
bad	1.63	1.14
got	1.64	0.91
anyways	1.64	1.05
expensive	1.64	1.14
thx	1.64	1.09
sharing	1.65	1.14
hell	1.66	1.05
crazy	1.66	1.24
hoping	1.66	1.02
job	1.67	1.29
neat	1.69	1.23
bruh	1.69	1.16
sorry	1.70	1.11
guys	1.71	1.12
hahaha	1.73	1.08
worries	1.75	1.08
ahh	1.76	1.12
sucks	1.76	1.13
input	1.77	1.06
fire	1.77	1.00
yeah	1.78	1.12
hear	1.79	1.05
def	1.80	1.00
solid	1.81	1.11
appreciated	1.82	1.08
anyway	1.84	1.06
grails	1.84	0.81
okay	1.84	1.08
shots	1.85	1.02
sir	1.85	1.04
underrated	1.86	0.91
deal	1.87	1.07
ok	1.88	1.08
gotcha	1.88	1.07
luck	1.89	1.07
mate	1.90	1.02
woah	1.90	1.05
yes	1.90	1.06
badass	1.90	0.64
yep	1.90	1.10
cool	1.90	1.14
killer	1.91	1.10
yea	1.91	1.08
ah	1.93	1.06
jk	1.94	1.00
such	1.94	1.05
cheers	1.94	1.05
alright	1.95	1.07
nah	1.95	1.08
glad	1.95	1.00
hope	1.97	1.03
ya	1.97	1.06
lol	1.97	1.08
props	1.98	1.04
thank	2.01	1.07
thats	2.01	1.06
steal	2.02	1.09
thanks	2.02	1.08
holy	2.02	1.02
pick	2.03	1.00
oh	2.03	1.05
appreciate	2.03	1.07
welcome	2.04	0.98
definitely	2.04	0.90
hey	2.05	1.06
clean	2.05	1.13
shot	2.06	1.04
haha	2.07	1.07
though	2.07	1.06
nonetheless	2.08	1.05
fam	2.08	1.04
gorgeous	2.09	0.77
lucky	2.09	1.02
op	2.09	1.01
fresh	2.10	1.09
homie	2.13	1.00
jealous	2.14	1.04
btw	2.14	1.07
tho	2.18	1.07
damn	2.18	1.02
dope	2.20	1.08
sweet	2.21	1.08
sick	2.21	1.08
kicks	2.21	1.00
dude	2.23	1.04
pickups	2.23	1.01
pickup	2.23	1.03
wow	2.24	1.05
those	2.24	1.05
congrats	2.24	1.06
bro	2.25	1.05
man	2.25	1.05
beautiful	2.26	0.73
collection	2.26	1.05
enjoy	2.32	1.05
