dislike	-4.24	0.67
hateful	-4.07	0.74
scum	-3.98	0.78
hating	-3.89	1.07
evil	-3.69	1.03
misogynist	-3.68	0.92
bad	-3.66	1.66
racist	-3.63	0.91
disgusting	-3.62	1.16
monster	-3.59	0.99
cruel	-3.57	1.08
despise	-3.57	1.26
labeled	-3.56	1.03
misogynistic	-3.50	0.53
unlike	-3.49	1.45
gross	-3.48	1.05
label	-3.46	1.02
jews	-3.42	1.57
blacks	-3.41	1.48
suffered	-3.29	1.38
offensive	-3.27	1.02
sexist	-3.25	0.64
criticize	-3.24	1.61
call	-3.23	1.52
cure	-3.20	1.64
pig	-3.19	0.62
caused	-3.17	1.49
hitler	-3.17	1.34
freak	-3.13	1.44
called	-3.11	1.24
bitchy	-3.10	1.41
abusive	-3.05	1.44
sorts	-3.04	1.60
everywhere	-3.01	1.71
toxic	-2.97	1.48
lame	-2.96	2.08
disease	-2.95	1.76
shitlord	-2.95	0.77
gays	-2.94	1.52
haters	-2.94	1.55
dirty	-2.92	1.41
calling	-2.90	0.94
spreading	-2.90	1.81
most	-2.87	2.69
worse	-2.87	1.85
anti	-2.85	1.62
beast	-2.85	1.47
case	-2.84	2.81
assholes	-2.83	1.43
rapist	-2.81	0.75
horror	-2.79	1.51
bashing	-2.77	1.65
brutal	-2.77	1.93
creep	-2.76	0.87
contempt	-2.74	1.55
creepy	-2.73	0.87
filled	-2.72	1.45
feminists	-2.71	1.91
associate	-2.71	1.88
joined	-2.71	2.19
hidden	-2.70	1.96
attracts	-2.69	1.68
complain	-2.66	2.28
shame	-2.64	1.77
kinds	-2.61	1.98
dare	-2.59	1.03
ridiculous	-2.59	1.67
bitter	-2.57	1.83
sjws	-2.57	1.91
manipulative	-2.56	0.92
host	-2.56	2.11
privileged	-2.56	0.82
feminazis	-2.55	1.75
hatred	-2.55	1.70
jealous	-2.54	2.04
considered	-2.54	1.49
misogyny	-2.53	0.90
liberals	-2.52	1.88
insulting	-2.51	1.00
resentment	-2.50	1.80
plain	-2.50	1.58
hypocritical	-2.49	0.94
pushed	-2.49	2.15
universally	-2.48	1.82
secretly	-2.45	1.62
accuse	-2.44	1.10
weird	-2.43	2.09
toronto	-2.41	2.34
rapists	-2.41	0.82
secret	-2.40	2.07
disrespectful	-2.40	0.87
lied	-2.39	2.21
minorities	-2.36	1.20
cringe	-2.36	2.23
taste	-2.35	2.02
strange	-2.35	2.19
jerk	-2.34	0.85
angry	-2.33	2.22
advocate	-2.33	2.30
muslims	-2.33	1.30
racism	-2.32	1.08
jealousy	-2.31	1.81
asshole	-2.31	0.86
poor	-2.31	1.62
equivalent	-2.29	1.72
sound	-2.28	2.36
patriarchy	-2.27	1.03
dedicated	-2.27	1.98
whites	-2.26	1.22
nightmare	-2.25	2.00
selfish	-2.21	1.00
reminded	-2.20	1.88
envy	-2.18	1.90
neckbeard	-2.17	1.04
shitty	-2.17	1.67
rest	-2.16	2.48
sexism	-2.15	1.14
sick	-2.15	2.32
vice	-2.14	2.20
pillers	-2.13	1.46
retarded	-2.13	1.94
harmful	-2.11	1.18
automatically	-2.11	1.68
depression	-2.10	1.10
unfortunate	-2.09	2.25
pissed	-2.08	2.66
oppressed	-2.08	1.28
unfair	-2.08	1.19
hostile	-2.07	0.93
bunch	-2.07	1.23
makes	-2.07	2.94
odd	-2.06	2.75
whining	-2.06	1.51
conspiracy	-2.06	1.13
suffer	-2.05	1.15
cunts	-2.05	1.07
jewish	-2.05	1.19
liar	-2.05	1.38
confuse	-2.05	2.05
desperate	-2.04	2.44
asians	-2.01	1.39
its	-2.00	3.26
illness	-1.99	1.14
privilege	-1.99	1.20
dishonest	-1.97	1.33
pathetic	-1.97	2.26
crappy	-1.97	1.53
rude	-1.96	0.96
patriarchal	-1.96	0.92
blaming	-1.95	1.64
confused	-1.95	2.74
outright	-1.94	1.45
ignorant	-1.93	1.32
depressing	-1.93	2.36
painful	-1.93	2.30
americans	-1.92	1.43
planet	-1.91	2.79
disgust	-1.91	1.37
oppression	-1.90	1.32
blatantly	-1.90	1.32
ironic	-1.89	2.22
annoying	-1.88	1.78
cunt	-1.88	1.21
obnoxious	-1.88	1.15
selected	-1.87	2.34
whiny	-1.86	1.63
difficult	-1.85	2.55
butthurt	-1.85	1.90
petty	-1.85	1.19
violent	-1.85	1.09
frustrated	-1.84	2.65
threatening	-1.83	1.27
severe	-1.82	1.31
losers	-1.82	1.63
shocking	-1.81	2.29
resent	-1.81	1.64
cause	-1.80	1.73
douchebag	-1.80	1.07
symptoms	-1.80	1.48
obese	-1.79	1.23
disgusted	-1.79	2.34
immature	-1.78	1.38
shallow	-1.78	1.23
sociopathic	-1.78	1.11
particularly	-1.78	1.99
race	-1.78	1.38
defensive	-1.77	1.90
boring	-1.77	2.48
anger	-1.77	1.52
scared	-1.76	2.47
lowest	-1.76	2.50
immoral	-1.75	2.46
insecure	-1.75	2.10
across	-1.75	1.64
machiavellian	-1.75	1.20
indians	-1.75	1.43
faggots	-1.75	1.49
depressed	-1.75	2.68
racial	-1.74	1.35
raging	-1.74	1.31
african	-1.73	1.42
weak	-1.72	2.46
africa	-1.72	1.46
narcissistic	-1.72	1.09
frankly	-1.71	2.60
solipsistic	-1.71	1.23
arrogant	-1.71	1.11
childish	-1.70	1.47
plenty	-1.70	2.13
immigrants	-1.70	1.42
included	-1.70	1.42
bitterness	-1.69	1.71
complaining	-1.69	1.98
harsh	-1.69	1.53
cry	-1.68	2.06
many	-1.67	2.21
unhealthy	-1.67	1.14
victims	-1.67	1.30
shamed	-1.66	1.37
misguided	-1.66	2.59
worried	-1.66	2.57
alike	-1.66	1.15
ethnic	-1.66	1.38
upset	-1.66	2.59
knights	-1.64	1.53
sociopaths	-1.64	1.11
uncomfortable	-1.63	2.63
inherently	-1.63	1.62
truth	-1.63	2.11
controlling	-1.62	1.29
scenario	-1.61	2.57
causes	-1.61	1.38
fear	-1.61	1.63
feeling	-1.61	2.55
vapid	-1.60	1.41
root	-1.60	1.94
suffering	-1.60	1.32
idiots	-1.59	1.41
mental	-1.59	1.42
made	-1.58	2.74
these	-1.58	1.81
european	-1.58	1.51
shaming	-1.58	1.61
entitled	-1.58	1.26
yelling	-1.57	1.95
disorder	-1.57	1.33
whine	-1.57	1.94
morally	-1.57	2.60
black	-1.57	1.38
bit	-1.57	3.13
criminals	-1.56	1.22
accused	-1.56	1.26
lying	-1.56	2.54
lots	-1.55	1.88
seem	-1.55	3.27
ashamed	-1.55	2.64
discrimination	-1.55	1.39
ton	-1.55	1.87
unstable	-1.55	1.50
lazy	-1.55	1.78
refuses	-1.55	2.87
insist	-1.54	1.63
white	-1.54	1.49
unattractive	-1.54	1.69
clueless	-1.54	1.74
comparing	-1.54	1.57
trauma	-1.53	1.31
embarrassing	-1.53	2.62
annoyed	-1.53	2.54
russia	-1.53	1.48
hardcore	-1.52	1.34
offended	-1.52	2.50
idiotic	-1.52	1.46
stupid	-1.52	1.59
viewed	-1.51	1.37
confusion	-1.51	1.72
loud	-1.51	1.60
rage	-1.51	1.62
injury	-1.51	1.32
especially	-1.51	2.31
intimidated	-1.51	2.71
seems	-1.51	3.09
destructive	-1.51	1.34
tired	-1.50	2.50
germany	-1.50	1.48
habit	-1.50	1.70
insecurity	-1.50	1.61
fool	-1.50	1.96
hearing	-1.50	2.25
lot	-1.49	3.07
dealing	-1.48	2.03
frustration	-1.48	1.66
publicly	-1.48	1.80
silly	-1.48	1.85
foolish	-1.48	1.69
desperation	-1.47	1.56
embarrassed	-1.47	2.70
minority	-1.47	1.47
various	-1.46	1.72
victim	-1.46	1.45
swallow	-1.46	2.15
those	-1.46	1.92
claim	-1.45	2.53
other	-1.45	2.47
needy	-1.45	1.90
muslim	-1.45	1.44
awkward	-1.45	2.14
yell	-1.45	1.94
runs	-1.45	2.67
full	-1.44	1.61
douche	-1.44	1.39
rant	-1.44	1.97
claiming	-1.44	1.69
scream	-1.43	1.92
morons	-1.43	1.51
nervous	-1.43	2.49
oneitis	-1.43	1.42
psycho	-1.43	1.31
excuses	-1.42	1.93
surprising	-1.42	2.69
hear	-1.42	2.97
including	-1.41	1.79
rampant	-1.41	1.38
races	-1.41	1.54
phase	-1.41	1.89
slavery	-1.41	1.47
lonely	-1.41	2.71
anxiety	-1.41	1.47
horny	-1.40	2.28
conditions	-1.40	1.57
ridiculously	-1.40	1.97
writes	-1.40	2.40
issues	-1.39	1.93
dozens	-1.39	2.16
stressed	-1.39	2.50
reject	-1.38	2.09
much	-1.38	2.86
christians	-1.38	1.45
piller	-1.38	1.56
overweight	-1.37	1.47
sociopath	-1.37	1.14
bitching	-1.37	2.09
hiding	-1.37	1.79
excuse	-1.36	1.76
illogical	-1.36	1.44
betas	-1.36	1.63
justify	-1.35	1.69
countless	-1.35	2.27
detrimental	-1.35	1.32
crying	-1.35	1.94
twisted	-1.35	1.21
stage	-1.34	1.88
feminazi	-1.34	1.53
speech	-1.34	2.37
screaming	-1.33	1.94
make	-1.33	3.48
habits	-1.33	1.38
problems	-1.32	2.27
condition	-1.32	1.48
usually	-1.32	3.16
truths	-1.32	2.05
tons	-1.31	2.00
leads	-1.31	1.58
neither	-1.31	2.74
often	-1.31	3.28
fact	-1.31	3.91
bothered	-1.31	3.16
deluded	-1.30	1.70
thing	-1.30	3.61
accusation	-1.30	1.79
too	-1.29	3.53
liking	-1.29	1.58
swallowing	-1.29	2.01
blatant	-1.29	1.48
harassment	-1.28	1.52
amusing	-1.28	2.49
tumblr	-1.28	1.91
falsely	-1.28	1.39
asia	-1.28	1.65
paint	-1.28	1.46
rape	-1.27	1.50
north	-1.27	1.63
kinda	-1.27	3.03
south	-1.27	1.66
obesity	-1.27	1.42
implies	-1.27	2.39
omega	-1.27	1.82
abuse	-1.27	1.49
regret	-1.26	1.99
east	-1.26	1.64
world	-1.26	2.56
circlejerk	-1.26	1.70
red	-1.26	2.03
loser	-1.26	1.58
eastern	-1.25	1.61
naive	-1.25	1.72
cold	-1.25	1.44
intentionally	-1.25	1.86
uncommon	-1.25	2.46
unlikely	-1.25	2.47
tolerate	-1.25	2.73
homeless	-1.25	1.59
tears	-1.25	1.57
blame	-1.25	2.30
spoiled	-1.25	1.35
unemployed	-1.24	1.53
pointless	-1.24	1.76
incel	-1.24	1.96
ironically	-1.23	1.36
nerds	-1.23	1.54
impression	-1.23	2.80
guilt	-1.23	1.92
inequality	-1.23	1.83
places	-1.23	2.15
obsessed	-1.23	1.87
pill	-1.23	2.04
causing	-1.23	1.62
stds	-1.22	1.82
generally	-1.22	2.61
countries	-1.22	1.67
towards	-1.22	1.66
suspicious	-1.22	2.33
china	-1.22	1.68
crisis	-1.22	2.17
india	-1.22	1.69
imagine	-1.21	3.56
situations	-1.21	2.35
hardly	-1.21	2.62
feel	-1.21	3.06
afraid	-1.21	2.64
easier	-1.21	2.34
japan	-1.21	1.96
perhaps	-1.21	3.25
abusing	-1.20	1.37
complaints	-1.20	1.95
german	-1.20	1.67
addict	-1.20	1.52
suicide	-1.20	1.53
acting	-1.20	1.56
problem	-1.20	3.84
numerous	-1.19	2.53
making	-1.19	3.11
refer	-1.19	2.03
emotion	-1.19	1.62
europe	-1.19	1.67
unnecessary	-1.19	1.51
korea	-1.19	1.67
coincidence	-1.19	2.77
demanding	-1.19	1.53
stages	-1.19	1.86
affairs	-1.19	2.69
amongst	-1.18	1.61
irresponsible	-1.18	1.62
realization	-1.18	2.16
america	-1.18	1.70
accusations	-1.18	1.57
cared	-1.18	2.99
imo	-1.18	2.91
scare	-1.18	1.76
islam	-1.18	1.53
openly	-1.18	1.97
raping	-1.18	1.36
experiencing	-1.17	1.78
obama	-1.17	1.55
pointing	-1.17	2.38
beyond	-1.16	2.12
pain	-1.16	1.56
preach	-1.16	1.95
sjw	-1.15	1.87
guilty	-1.15	1.49
death	-1.15	1.47
poison	-1.15	1.29
west	-1.15	1.71
worthless	-1.15	1.51
resort	-1.14	2.13
choices	-1.14	1.80
frustrating	-1.14	2.67
redpillers	-1.13	1.87
dangerous	-1.13	1.63
multiple	-1.13	2.21
bitches	-1.13	1.71
crap	-1.13	1.40
punished	-1.13	1.62
bitch	-1.13	1.64
chinese	-1.13	1.71
serial	-1.12	1.30
putin	-1.12	1.42
rejection	-1.12	2.04
somehow	-1.12	2.41
lie	-1.12	2.76
hurt	-1.12	3.21
cancer	-1.12	1.66
shocked	-1.12	2.43
thirsty	-1.12	1.83
vent	-1.12	2.10
affected	-1.12	2.11
scenarios	-1.12	2.32
occurs	-1.12	2.11
handful	-1.11	2.35
whale	-1.11	1.32
country	-1.11	1.80
prone	-1.11	1.62
hundreds	-1.11	2.31
harder	-1.11	2.25
potentially	-1.10	1.50
majority	-1.10	2.14
dumb	-1.10	1.90
assumed	-1.10	3.37
directed	-1.10	1.57
plugged	-1.10	2.39
prove	-1.10	2.96
total	-1.10	1.63
pisses	-1.10	2.39
usa	-1.10	1.73
certainly	-1.10	3.64
middle	-1.10	1.59
sink	-1.10	1.64
serious	-1.09	1.95
circumstances	-1.09	2.46
raped	-1.09	1.80
extreme	-1.09	2.00
struggling	-1.09	2.56
complete	-1.09	1.53
impossible	-1.09	2.40
canada	-1.09	1.77
fools	-1.09	1.67
attracted	-1.08	3.57
stereotype	-1.08	1.57
manipulate	-1.08	2.01
rejected	-1.08	2.12
only	-1.08	3.93
convince	-1.08	2.86
vocal	-1.07	1.79
little	-1.07	2.06
situation	-1.07	2.94
damaging	-1.07	1.31
worrying	-1.07	3.10
sounded	-1.07	2.50
far	-1.07	2.85
threatened	-1.07	2.20
inexperienced	-1.07	1.90
mostly	-1.07	2.76
unplugged	-1.07	2.17
delusional	-1.07	1.48
several	-1.07	2.43
parts	-1.07	2.01
etc	-1.06	2.15
concerned	-1.06	2.64
reveal	-1.06	1.95
been	-1.06	3.26
radical	-1.06	1.84
confront	-1.06	2.59
se	-1.06	1.74
where	-1.06	3.32
consider	-1.06	3.56
abused	-1.06	1.49
result	-1.05	1.64
toward	-1.05	1.79
identify	-1.05	2.14
hypocrisy	-1.05	1.64
latin	-1.05	1.75
laid	-1.05	3.24
hint	-1.05	2.48
solve	-1.05	2.77
manipulated	-1.05	1.81
american	-1.04	1.69
happening	-1.04	3.89
us	-1.04	3.74
sometimes	-1.04	3.78
inevitable	-1.04	2.32
attempt	-1.04	2.43
pity	-1.04	1.74
assault	-1.04	1.62
ignorance	-1.04	1.54
reality	-1.03	2.31
rationalize	-1.03	2.04
live	-1.03	2.21
paranoid	-1.03	1.89
practically	-1.03	2.61
cops	-1.03	1.64
resulting	-1.03	1.59
cultures	-1.03	1.54
dozen	-1.03	2.43
knighting	-1.02	1.63
slightly	-1.02	2.49
possibly	-1.02	3.45
sweden	-1.02	1.68
repeatedly	-1.02	2.18
useless	-1.02	1.80
part	-1.02	2.96
thousands	-1.02	2.31
unreasonable	-1.02	1.36
outrage	-1.01	1.69
tend	-1.01	2.30
confronted	-1.01	2.29
surprised	-1.01	3.55
admitting	-1.01	2.55
utter	-1.01	1.35
nations	-1.00	1.73
subconsciously	-1.00	2.16
realizing	-1.00	2.72
workplace	-1.00	1.42
better	-1.00	2.65
anywhere	-1.00	3.15
process	-1.00	2.12
issue	-1.00	3.25
acknowledging	-1.00	2.54
mad	-1.00	2.90
definitely	-1.00	3.86
surface	-1.00	2.12
lived	-1.00	1.92
bored	-0.99	2.54
terribly	-0.99	2.39
borderline	-0.99	1.42
cities	-0.99	1.96
real	-0.99	3.76
mens	-0.99	1.72
waking	-0.99	2.13
caught	-0.99	2.37
australia	-0.99	1.79
mess	-0.98	2.08
surrounded	-0.98	1.64
acknowledge	-0.98	3.27
and/or	-0.98	1.40
attacked	-0.98	1.89
therefore	-0.98	2.27
facing	-0.97	2.11
talk	-0.97	3.62
stuff	-0.97	3.66
justified	-0.97	1.88
trial	-0.97	1.91
attack	-0.96	2.05
california	-0.96	1.96
mentally	-0.96	1.54
mra	-0.96	1.94
shock	-0.96	1.79
disagreeing	-0.96	2.78
existence	-0.96	2.39
quite	-0.96	3.20
asian	-0.96	1.85
unwanted	-0.96	1.75
false	-0.96	1.78
deal	-0.96	3.87
pussies	-0.96	1.66
lies	-0.96	1.76
approve	-0.95	2.43
admit	-0.95	3.71
avoid	-0.95	2.04
which	-0.95	4.19
rapes	-0.95	1.67
variety	-0.95	1.80
fatties	-0.95	1.62
way	-0.95	4.16
japanese	-0.95	1.80
prison	-0.95	1.50
lately	-0.95	2.84
underlying	-0.95	2.48
bp	-0.95	1.35
thinking	-0.95	4.07
corrupt	-0.94	1.66
irrational	-0.94	1.40
uk	-0.94	1.75
beaten	-0.94	1.81
encourages	-0.94	1.67
france	-0.94	1.78
occur	-0.93	2.88
assaulted	-0.93	1.77
judged	-0.93	2.03
akin	-0.93	1.88
necessarily	-0.93	3.63
threats	-0.93	1.80
look	-0.93	3.24
giant	-0.93	1.38
gossip	-0.93	1.93
place	-0.93	3.84
ought	-0.93	2.37
otherwise	-0.93	4.12
ones	-0.92	2.71
texas	-0.92	1.92
utterly	-0.92	1.95
exist	-0.92	3.35
arguably	-0.92	1.94
std	-0.92	1.89
campaign	-0.92	1.78
struggle	-0.92	2.02
oblivious	-0.92	2.32
trivial	-0.92	1.84
opposite	-0.92	3.97
against	-0.92	1.72
unaware	-0.92	2.33
hurting	-0.92	2.15
may	-0.92	3.99
arrested	-0.92	1.68
burned	-0.92	1.94
names	-0.92	1.66
gay	-0.92	1.78
publicity	-0.92	1.75
easily	-0.92	2.88
circumstance	-0.92	2.14
exception	-0.92	3.17
offense	-0.91	1.87
criminal	-0.91	1.61
discovered	-0.91	2.57
swallowed	-0.91	2.81
city	-0.91	2.10
advocates	-0.91	1.98
jail	-0.91	1.56
heard	-0.90	3.14
complaint	-0.90	2.30
explain	-0.90	3.61
cases	-0.90	1.99
charges	-0.90	1.72
gang	-0.90	1.62
damaged	-0.90	1.81
equality	-0.90	2.01
appear	-0.90	2.29
judges	-0.90	1.71
perceive	-0.90	2.40
means	-0.90	4.21
sounds	-0.89	2.84
things	-0.89	3.95
reasons	-0.89	3.28
fraud	-0.89	1.75
deliberately	-0.89	2.21
unfortunately	-0.89	3.58
recording	-0.89	1.73
difference	-0.89	3.07
communities	-0.89	1.67
obviously	-0.89	4.23
health	-0.89	1.84
types	-0.89	1.97
knowing	-0.89	3.71
clear	-0.89	3.68
idiot	-0.89	1.80
worry	-0.88	3.83
syndrome	-0.88	1.47
retard	-0.88	2.03
picky	-0.88	2.16
deny	-0.88	3.03
area	-0.88	2.15
manipulation	-0.88	2.03
advocating	-0.88	2.71
moron	-0.88	1.70
korean	-0.88	1.86
elements	-0.88	1.97
easy	-0.87	2.48
native	-0.87	1.85
work	-0.87	3.54
simply	-0.87	4.36
defend	-0.87	2.30
reaction	-0.87	2.00
instinctively	-0.87	2.02
claimed	-0.86	2.51
violence	-0.86	1.74
therapist	-0.86	2.04
flaws	-0.86	2.51
harm	-0.86	1.96
led	-0.86	1.96
argue	-0.86	3.62
wondering	-0.86	3.51
areas	-0.86	2.33
noticing	-0.86	3.18
nothing	-0.86	4.28
arbitrary	-0.86	1.86
vary	-0.86	2.17
taking	-0.86	2.84
unable	-0.85	2.66
absurd	-0.85	1.76
apologizing	-0.85	2.66
nerd	-0.85	1.76
psychological	-0.85	1.80
revenge	-0.85	1.78
moment	-0.85	3.00
brainwashed	-0.85	1.75
pills	-0.85	1.85
ways	-0.85	2.98
mistaken	-0.85	3.43
u.s	-0.84	2.07
extension	-0.84	1.85
threaten	-0.84	2.27
alot	-0.84	2.51
enemy	-0.84	1.73
obvious	-0.84	2.75
denial	-0.84	1.83
severely	-0.84	1.81
talking	-0.84	4.11
moments	-0.84	1.99
recognize	-0.84	3.16
feeding	-0.84	1.69
bothers	-0.84	3.88
whores	-0.83	1.64
seeing	-0.83	3.63
notice	-0.83	3.75
discover	-0.83	2.68
likely	-0.83	2.81
getting	-0.83	2.99
western	-0.83	1.87
faster	-0.83	2.29
crime	-0.83	1.61
earth	-0.83	2.45
instances	-0.82	2.43
amoral	-0.82	2.31
sudden	-0.82	2.21
spread	-0.82	1.82
expose	-0.82	2.09
nyc	-0.82	2.00
nonsense	-0.82	1.42
attacks	-0.82	2.17
seemed	-0.82	2.41
suspect	-0.82	3.44
mixed	-0.82	1.74
stereotypes	-0.82	1.77
slaves	-0.82	1.73
straight	-0.82	2.46
resolve	-0.82	2.36
pretend	-0.82	3.83
sounding	-0.81	1.98
immigration	-0.81	1.68
misleading	-0.81	1.97
rationalizing	-0.81	2.26
spit	-0.81	1.92
handle	-0.81	3.14
objectively	-0.81	2.32
billions	-0.81	2.34
conflict	-0.81	2.16
due	-0.81	1.69
course	-0.81	4.39
defense	-0.81	1.93
minor	-0.81	2.02
regard	-0.81	2.01
comprehend	-0.80	3.40
refuse	-0.80	3.02
accept	-0.80	3.29
trolls	-0.80	1.98
attempts	-0.80	2.53
ill	-0.80	2.53
womyn	-0.80	1.52
hide	-0.80	1.91
actually	-0.80	4.40
mainly	-0.79	2.07
lesbian	-0.79	1.67
incredibly	-0.79	2.23
basement	-0.79	1.58
mix	-0.79	2.00
killer	-0.79	1.57
killed	-0.79	1.71
expressing	-0.79	1.84
none	-0.79	3.42
murder	-0.79	1.77
hungry	-0.79	2.00
exceptions	-0.79	3.35
poverty	-0.78	1.43
lesbians	-0.78	1.70
reason	-0.78	4.19
drug	-0.78	1.74
recognizing	-0.78	2.72
wing	-0.78	2.02
able	-0.78	3.21
drawn	-0.78	2.12
assume	-0.78	4.26
reporting	-0.78	1.80
damage	-0.78	1.87
movement	-0.78	1.95
possible	-0.78	3.53
occurred	-0.78	2.57
either	-0.78	4.43
domestic	-0.78	1.78
forgotten	-0.78	3.01
indian	-0.77	1.90
destroyed	-0.77	1.99
bs	-0.77	1.57
extremely	-0.77	2.28
believe	-0.77	4.40
mistake	-0.77	3.42
feminist	-0.77	1.82
powertalk	-0.77	2.09
hypergamous	-0.77	1.60
gap	-0.77	2.10
consciously	-0.77	2.96
two	-0.76	2.35
inherent	-0.76	2.17
today	-0.76	3.13
stigma	-0.76	1.85
begging	-0.76	2.14
attacking	-0.76	2.30
significantly	-0.76	2.20
file	-0.76	2.09
matter	-0.76	4.37
dissonance	-0.76	1.90
flaw	-0.76	2.94
blue	-0.76	1.77
realize	-0.76	4.16
hard	-0.76	2.51
nowadays	-0.75	2.21
sort	-0.75	2.48
atheist	-0.75	1.76
blind	-0.75	2.04
commit	-0.75	2.43
states	-0.75	2.08
maybe	-0.75	4.22
camp	-0.75	1.79
essence	-0.75	2.44
killing	-0.75	1.67
also	-0.75	4.26
probably	-0.75	4.20
judge	-0.75	2.56
common	-0.75	2.41
happen	-0.74	4.16
millions	-0.74	2.20
billion	-0.74	2.35
catching	-0.74	2.05
somewhat	-0.74	2.78
apologize	-0.74	2.98
virgin	-0.74	1.87
sluts	-0.74	1.72
insanity	-0.74	1.72
differences	-0.74	2.56
less	-0.74	2.27
mediocre	-0.74	1.43
triad	-0.74	1.54
permanent	-0.74	1.76
typically	-0.74	2.35
mean	-0.74	4.45
now	-0.74	4.43
throwing	-0.74	2.05
care	-0.74	3.85
behind	-0.74	2.37
doubt	-0.74	4.06
intentions	-0.74	2.20
justification	-0.74	2.12
dismiss	-0.73	2.32
disrespect	-0.73	1.75
ruining	-0.73	1.84
claims	-0.73	2.31
see	-0.73	4.21
deniability	-0.73	1.99
opposition	-0.72	2.02
excessive	-0.72	1.71
address	-0.72	3.06
say	-0.72	4.45
court	-0.72	1.97
mgtow	-0.72	2.14
stuck	-0.71	2.23
hardest	-0.71	3.20
exists	-0.71	2.59
creates	-0.71	1.64
imply	-0.71	3.11
confrontation	-0.71	1.99
tactic	-0.71	2.17
understanding	-0.71	2.72
grasp	-0.71	2.84
loads	-0.71	2.20
few	-0.71	2.50
prevent	-0.70	2.05
excited	-0.70	2.55
attribute	-0.70	2.46
neighborhood	-0.70	1.64
feelings	-0.70	1.92
tends	-0.70	2.14
turning	-0.70	2.32
biggest	-0.70	3.38
deals	-0.70	2.38
something	-0.70	4.46
groups	-0.70	1.85
through	-0.70	1.91
strikes	-0.70	2.26
must	-0.70	3.65
shit	-0.70	3.40
overcome	-0.69	2.17
why	-0.69	4.44
depend	-0.69	2.36
typical	-0.69	1.81
implying	-0.69	3.92
quickly	-0.69	2.81
moved	-0.69	2.25
letting	-0.69	3.04
involves	-0.69	2.15
messed	-0.69	1.90
crimes	-0.68	1.63
always	-0.68	4.24
certain	-0.68	2.19
doing	-0.68	4.42
communicating	-0.68	2.71
charged	-0.68	1.65
saying	-0.68	4.45
became	-0.68	2.42
trash	-0.68	1.64
though	-0.68	4.44
already	-0.68	4.22
translate	-0.68	2.18
itself	-0.68	2.76
wonder	-0.68	4.25
projecting	-0.68	1.79
explaining	-0.68	3.29
superficial	-0.68	1.81
yet	-0.67	4.17
endless	-0.67	1.68
pretending	-0.67	3.06
discovering	-0.67	2.47
historically	-0.67	1.58
done	-0.67	4.16
knight	-0.67	1.56
even	-0.67	4.30
la	-0.67	2.02
attitude	-0.66	1.69
addressing	-0.66	3.02
almost	-0.66	3.78
couple	-0.66	2.53
doctor	-0.66	1.76
stop	-0.66	2.80
verbally	-0.66	1.62
qualify	-0.66	2.73
psychopath	-0.66	1.36
fault	-0.66	3.95
clue	-0.66	4.26
camera	-0.66	1.77
voice	-0.66	2.01
ever	-0.66	3.96
chump	-0.66	2.07
meaningless	-0.66	1.72
aware	-0.66	3.39
really	-0.66	4.31
different	-0.65	2.40
might	-0.65	4.27
partly	-0.65	2.40
sooner	-0.65	3.14
hundred	-0.65	2.49
extent	-0.65	3.23
war	-0.65	1.66
works	-0.65	3.81
healthier	-0.65	2.03
entitlement	-0.65	1.58
dealt	-0.65	2.94
manipulating	-0.65	2.22
least	-0.65	3.48
proof	-0.65	2.69
going	-0.65	4.41
gender	-0.65	1.85
easiest	-0.65	3.33
lurking	-0.65	2.52
beneath	-0.65	1.76
supposed	-0.65	4.36
know	-0.64	4.33
relate	-0.64	3.27
alphas	-0.64	1.85
allowed	-0.64	3.24
army	-0.64	1.90
exclusively	-0.64	2.19
trick	-0.64	2.54
arguing	-0.64	3.46
remember	-0.64	4.15
england	-0.64	1.82
faced	-0.64	2.27
seen	-0.64	3.49
move	-0.64	3.17
increasingly	-0.64	2.00
proven	-0.64	2.60
24/7	-0.64	1.85
cognitive	-0.64	1.95
curious	-0.64	3.62
gut	-0.63	1.78
true	-0.63	4.50
inability	-0.63	2.56
same	-0.63	4.26
latter	-0.63	2.84
forcing	-0.63	2.76
refusing	-0.63	2.81
liked	-0.63	2.89
express	-0.63	1.88
reversed	-0.63	2.59
ran	-0.63	2.25
wars	-0.63	1.73
imagined	-0.63	2.49
forget	-0.63	4.14
although	-0.63	4.00
crowd	-0.62	1.81
forces	-0.62	2.04
denying	-0.62	2.90
universe	-0.62	2.16
coming	-0.62	3.68
three	-0.62	2.54
actual	-0.62	2.44
faith	-0.62	1.97
highly	-0.62	2.35
british	-0.62	1.83
narcissism	-0.62	1.69
rationalization	-0.62	1.97
realise	-0.62	3.63
physically	-0.62	1.72
smell	-0.62	1.61
exploit	-0.62	1.84
definition	-0.61	2.37
hominem	-0.61	2.47
threat	-0.61	1.97
global	-0.61	1.79
accepting	-0.61	2.53
believed	-0.61	2.84
guys	-0.61	2.64
meanwhile	-0.61	1.90
silence	-0.61	2.09
escape	-0.61	2.21
prefer	-0.61	2.43
trouble	-0.61	3.06
gotten	-0.61	3.56
communicate	-0.61	2.73
readily	-0.61	2.62
should	-0.61	4.31
addiction	-0.61	1.85
idea	-0.61	4.22
emotionally	-0.61	1.59
redpill	-0.61	2.31
questioning	-0.61	2.89
impressed	-0.61	2.56
forgive	-0.61	2.84
challenges	-0.60	2.17
trying	-0.60	3.53
pot	-0.60	1.83
flag	-0.60	2.29
nerdy	-0.60	1.72
existed	-0.60	2.52
forced	-0.60	2.97
understand	-0.60	4.18
public	-0.60	2.07
disadvantage	-0.60	2.15
again	-0.60	4.23
view	-0.60	2.54
compare	-0.60	2.37
influenced	-0.60	1.93
stress	-0.60	1.92
immune	-0.60	1.87
incident	-0.60	2.39
instance	-0.60	2.55
police	-0.59	1.84
assumption	-0.59	3.24
convert	-0.59	2.05
struck	-0.59	2.23
try	-0.59	3.56
around	-0.59	3.57
ultimately	-0.59	2.32
straw	-0.59	2.32
punish	-0.59	1.90
stronger	-0.59	2.01
insults	-0.59	1.94
rare	-0.59	2.93
isolated	-0.59	2.01
therapy	-0.59	2.02
joining	-0.59	1.85
iq	-0.59	1.82
rarely	-0.59	3.19
surely	-0.59	2.31
figure	-0.59	3.71
distinction	-0.59	2.87
effect	-0.58	2.45
sue	-0.58	2.01
internalize	-0.58	2.74
ca	-0.58	3.95
masses	-0.58	2.02
superiority	-0.58	1.95
could	-0.58	4.19
happens	-0.58	4.14
conservative	-0.58	1.82
weaknesses	-0.58	2.48
anymore	-0.58	4.28
example	-0.58	2.64
masturbating	-0.58	1.96
digging	-0.58	1.69
come	-0.58	3.95
taken	-0.58	3.76
apply	-0.58	2.94
rights	-0.58	2.10
flat	-0.57	2.25
honestly	-0.57	3.99
considering	-0.57	2.50
christ	-0.57	2.44
plausible	-0.57	1.97
bother	-0.57	3.94
anything	-0.57	4.26
stating	-0.57	3.08
environment	-0.57	1.77
thrive	-0.57	1.88
slightest	-0.57	2.85
self-esteem	-0.57	1.82
besides	-0.57	3.53
advances	-0.56	2.34
unless	-0.56	4.38
russian	-0.56	2.03
dying	-0.56	1.85
portion	-0.56	2.13
fundamental	-0.56	2.66
childhood	-0.56	1.72
involve	-0.56	2.18
fundamentally	-0.56	2.48
d	-0.56	4.26
theme	-0.56	2.23
intent	-0.56	2.95
joy	-0.56	1.61
realistically	-0.56	2.73
rp	-0.56	2.38
reactions	-0.56	2.00
fap	-0.56	1.99
orbiting	-0.56	2.11
feminism	-0.56	1.92
then	-0.56	4.16
leading	-0.56	2.00
noticed	-0.56	3.54
fewer	-0.55	2.32
burden	-0.55	1.92
weaker	-0.55	1.86
reasoning	-0.55	2.67
garbage	-0.55	1.63
negative	-0.55	1.89
bigger	-0.55	2.13
action	-0.55	2.58
faggot	-0.55	1.81
largest	-0.55	2.45
responsibility	-0.55	2.45
reverse	-0.55	2.82
failures	-0.55	2.39
ive	-0.55	3.32
wo	-0.55	4.10
screen	-0.54	2.02
others	-0.54	3.37
major	-0.54	1.98
nearly	-0.54	3.26
exactly	-0.54	4.50
homosexuality	-0.54	1.84
danger	-0.54	1.97
force	-0.54	2.59
realized	-0.54	3.23
beta	-0.54	1.95
quit	-0.54	2.22
subconscious	-0.54	1.98
save	-0.54	2.44
here	-0.54	3.74
significant	-0.54	2.26
law	-0.54	2.04
constant	-0.54	2.01
logic	-0.53	2.57
sure	-0.53	4.45
reported	-0.53	1.94
insult	-0.53	1.94
hypothetical	-0.53	2.27
dose	-0.53	2.06
stance	-0.53	2.40
enlightenment	-0.53	2.12
since	-0.53	3.68
completely	-0.52	3.01
corner	-0.52	2.13
unwilling	-0.52	2.92
eg	-0.52	1.65
accident	-0.52	1.88
foreign	-0.52	1.93
controversial	-0.52	2.08
actively	-0.52	2.65
weakness	-0.52	1.63
fat	-0.52	1.75
manage	-0.52	2.93
attempting	-0.52	2.84
stand	-0.52	3.21
entire	-0.52	2.39
approach	-0.52	2.84
attract	-0.52	2.27
over	-0.51	3.47
cleaning	-0.51	2.10
dark	-0.51	1.66
socialism	-0.51	2.28
tell	-0.51	4.12
repeating	-0.51	3.09
literally	-0.51	3.85
hamstering	-0.51	1.96
mentioning	-0.51	2.82
listening	-0.51	2.61
fired	-0.51	1.97
psychologically	-0.51	1.74
associated	-0.51	1.93
weather	-0.51	1.85
beg	-0.51	2.80
pretty	-0.51	3.11
still	-0.51	4.36
aspects	-0.51	2.49
insert	-0.51	1.81
chance	-0.51	2.97
ll	-0.51	4.08
take	-0.51	3.57
efficient	-0.51	2.14
need	-0.50	3.91
side	-0.50	3.07
conquer	-0.50	2.09
disappointed	-0.50	2.93
direction	-0.50	2.85
once	-0.50	3.72
devil	-0.50	1.82
decisions	-0.50	2.61
trigger	-0.50	1.57
help	-0.50	3.89
president	-0.50	1.83
expression	-0.50	1.86
risk	-0.50	1.99
patterns	-0.50	2.27
four	-0.50	2.59
projection	-0.50	1.83
go	-0.50	3.72
99	-0.50	2.37
did	-0.50	4.22
convey	-0.50	2.70
right	-0.50	4.56
recover	-0.49	2.37
york	-0.49	1.89
trend	-0.49	2.74
compared	-0.49	2.15
sea	-0.49	1.90
witnessed	-0.49	3.17
possibility	-0.49	2.94
whether	-0.49	3.78
decision	-0.49	2.68
evidence	-0.49	2.72
closer	-0.49	2.38
emotions	-0.49	1.94
debating	-0.49	2.90
christian	-0.48	1.78
teenager	-0.48	1.86
risky	-0.48	1.87
explicitly	-0.48	2.90
bastard	-0.48	1.44
perceived	-0.48	1.94
behaviors	-0.48	1.98
huge	-0.48	1.94
challenged	-0.48	2.16
behaviours	-0.48	1.92
gather	-0.48	2.05
disregard	-0.48	2.16
indirectly	-0.48	2.35
speak	-0.48	2.48
ve	-0.48	3.61
moving	-0.48	2.79
scheme	-0.47	2.16
beat	-0.47	2.38
dictate	-0.47	2.86
failure	-0.47	2.14
similarly	-0.47	2.28
tactics	-0.47	2.22
smaller	-0.47	2.14
nature	-0.47	2.34
versus	-0.47	2.17
piss	-0.47	1.95
felt	-0.47	2.83
eager	-0.47	2.26
inferior	-0.47	1.97
believing	-0.47	2.19
pissing	-0.47	2.14
pua	-0.47	2.36
tasks	-0.47	2.23
very	-0.47	2.67
phenomenon	-0.47	2.59
calls	-0.47	2.56
seemingly	-0.47	2.43
slut	-0.47	2.08
everything	-0.47	4.29
repeated	-0.47	2.53
fix	-0.47	3.49
allow	-0.47	3.25
diversity	-0.47	1.89
e.g	-0.47	1.66
point	-0.47	4.45
load	-0.47	1.95
insecurities	-0.46	2.00
preaching	-0.46	2.88
opening	-0.46	1.92
baggage	-0.46	2.08
ahead	-0.46	3.02
react	-0.46	2.62
versa	-0.46	2.24
entirely	-0.46	3.35
nation	-0.46	2.00
were	-0.46	3.85
attorney	-0.46	2.16
4chan	-0.46	2.13
managed	-0.46	2.88
handling	-0.46	2.43
define	-0.46	2.46
large	-0.46	2.06
bluepill	-0.46	1.76
absolute	-0.46	3.11
listed	-0.46	2.35
partially	-0.46	2.88
grows	-0.46	2.08
slapped	-0.46	2.10
said	-0.46	4.27
signs	-0.46	2.40
admitted	-0.45	2.86
basically	-0.45	4.41
mind	-0.45	3.38
massively	-0.45	2.15
personality	-0.45	1.79
appealing	-0.45	2.05
behaviour	-0.45	1.95
rhetoric	-0.45	2.18
religion	-0.45	1.82
let	-0.45	3.96
thousand	-0.45	2.55
fast	-0.45	2.46
ten	-0.45	2.59
canadian	-0.45	1.96
sexuality	-0.45	1.80
usual	-0.45	1.84
controlled	-0.45	1.88
suppose	-0.45	4.00
prepared	-0.45	2.87
remembered	-0.44	2.91
afterwards	-0.44	2.84
order	-0.44	3.11
consequence	-0.44	2.19
invisible	-0.44	2.07
whore	-0.44	1.79
christianity	-0.44	1.79
religious	-0.44	1.74
inclined	-0.44	2.90
drugs	-0.44	1.97
ideology	-0.44	2.31
fapping	-0.44	1.96
hamster	-0.44	2.12
military	-0.44	1.86
six	-0.44	2.68
known	-0.44	3.59
complicated	-0.44	2.16
five	-0.44	2.62
mindset	-0.44	2.26
movements	-0.44	2.02
however	-0.44	4.39
ready	-0.44	3.47
join	-0.44	1.99
attitudes	-0.44	1.91
supplicating	-0.44	1.93
target	-0.44	1.98
commonly	-0.44	2.40
core	-0.44	2.37
line	-0.44	3.12
ad	-0.44	2.36
fallacy	-0.43	2.62
pushing	-0.43	2.63
democracy	-0.43	2.01
seven	-0.43	2.64
masturbation	-0.43	1.93
revolution	-0.43	2.10
attempted	-0.43	2.36
difficulty	-0.43	2.15
toilet	-0.43	1.85
catch	-0.43	2.94
consequences	-0.43	2.18
scarcity	-0.43	1.83
effects	-0.43	2.14
small	-0.43	2.06
push	-0.43	2.47
spectrum	-0.43	2.22
speaking	-0.43	2.48
illegal	-0.42	1.87
defending	-0.42	2.29
admittedly	-0.42	2.62
fairly	-0.42	2.45
dime	-0.42	3.32
twenty	-0.42	2.57
recognized	-0.42	1.90
enemies	-0.42	2.01
tiny	-0.42	2.15
addicted	-0.42	1.89
impact	-0.42	2.34
tendencies	-0.42	1.86
wondered	-0.42	3.40
any	-0.42	3.83
department	-0.42	1.91
medium	-0.42	2.15
substance	-0.42	2.79
willing	-0.42	3.48
never	-0.42	4.01
expressed	-0.42	1.94
catholic	-0.42	1.72
french	-0.41	2.11
center	-0.41	2.01
tendency	-0.41	2.23
limits	-0.41	2.10
affects	-0.41	2.35
facts	-0.41	2.72
carried	-0.41	2.03
reached	-0.41	2.98
complains	-0.41	3.40
actions	-0.41	2.40
affirmative	-0.41	1.85
hurts	-0.41	2.17
signal	-0.41	2.05
whole	-0.41	3.01
begin	-0.41	2.95
2	-0.41	2.62
vs	-0.41	2.20
proved	-0.41	2.94
smoking	-0.41	1.96
yes	-0.40	4.59
argued	-0.40	3.38
construct	-0.40	2.07
telling	-0.40	3.57
elliot	-0.40	1.75
town	-0.40	2.22
empty	-0.40	1.75
charge	-0.40	1.79
religions	-0.40	1.75
oriented	-0.40	1.80
happened	-0.40	3.87
tradition	-0.40	1.69
2-3	-0.40	2.64
organized	-0.40	1.94
aside	-0.40	2.66
vast	-0.39	2.10
looked	-0.39	2.46
slowly	-0.39	2.84
masturbate	-0.39	2.26
demographic	-0.39	1.99
repercussions	-0.39	2.19
ignoring	-0.39	2.79
advantage	-0.39	2.66
predictable	-0.39	2.14
advantages	-0.39	2.35
abroad	-0.39	2.01
adapt	-0.39	2.49
strongest	-0.39	3.54
transition	-0.39	2.18
hamsters	-0.39	1.98
sucker	-0.39	1.95
4	-0.39	2.63
mentality	-0.39	2.16
color	-0.39	2.07
location	-0.39	2.49
misunderstanding	-0.39	4.13
pussy	-0.39	2.14
got	-0.39	3.03
psyche	-0.38	1.96
3	-0.38	2.66
away	-0.38	3.20
anyway	-0.38	4.40
forward	-0.38	2.65
visit	-0.38	2.38
resist	-0.38	2.38
century	-0.38	2.19
excess	-0.38	1.94
background	-0.38	1.80
medical	-0.38	1.83
cocks	-0.38	2.21
anyone	-0.38	4.17
shown	-0.38	2.65
methods	-0.38	2.38
except	-0.38	4.15
heading	-0.38	3.02
defining	-0.38	1.96
covered	-0.38	2.11
start	-0.37	3.10
homosexual	-0.37	1.82
mechanism	-0.37	2.32
i.e	-0.37	1.93
fucker	-0.37	1.99
preference	-0.37	2.10
stupidity	-0.37	1.64
validate	-0.37	2.48
ourselves	-0.37	3.30
influence	-0.37	2.24
sexes	-0.37	2.32
blown	-0.37	2.64
1-2	-0.37	2.68
clearly	-0.37	4.23
spite	-0.37	1.89
minded	-0.37	1.60
component	-0.37	3.00
hotter	-0.37	2.28
trp	-0.37	2.46
affect	-0.37	2.46
embrace	-0.37	2.25
exhibit	-0.37	1.86
big	-0.36	2.17
stories	-0.36	2.14
awalt	-0.36	2.86
enough	-0.36	3.80
attached	-0.36	2.01
default	-0.36	2.90
understood	-0.36	3.67
fate	-0.36	2.07
along	-0.36	3.74
pumped	-0.36	2.47
depending	-0.36	2.70
accountable	-0.36	2.54
drag	-0.36	2.50
overseas	-0.36	2.08
factors	-0.36	2.60
encounter	-0.36	2.26
well	-0.36	3.80
stood	-0.36	2.56
describing	-0.36	2.73
conscious	-0.36	2.53
figured	-0.36	3.83
generalization	-0.36	3.22
everytime	-0.35	2.61
become	-0.35	2.44
biased	-0.35	2.19
5	-0.35	2.59
using	-0.35	2.60
tricks	-0.35	2.22
central	-0.35	1.97
arguments	-0.35	2.71
jerking	-0.35	2.07
among	-0.35	2.08
compensate	-0.35	2.45
climate	-0.35	2.40
themselves	-0.35	3.42
confirmed	-0.35	2.71
encountered	-0.35	3.18
confirmation	-0.34	2.26
fake	-0.34	1.76
angle	-0.34	2.50
demonstrated	-0.34	2.93
justice	-0.34	1.84
closely	-0.34	2.34
bias	-0.34	2.10
exposed	-0.34	2.15
citizens	-0.34	2.13
applying	-0.34	2.57
marxism	-0.34	2.06
barely	-0.34	2.95
fail	-0.34	3.06
argument	-0.34	3.01
bathroom	-0.34	1.95
personally	-0.34	4.23
thought	-0.34	3.95
required	-0.34	2.44
tbh	-0.34	3.06
connect	-0.34	2.41
outside	-0.34	2.63
3-4	-0.34	2.63
yourself	-0.34	3.43
united	-0.34	1.96
crossed	-0.34	2.59
learned	-0.34	3.19
genders	-0.34	2.38
folks	-0.33	2.47
cultural	-0.33	1.94
nofap	-0.33	2.16
idk	-0.33	2.99
paradigm	-0.33	2.20
bet	-0.33	4.18
nawalt	-0.33	2.92
discuss	-0.33	3.09
2000	-0.33	2.41
avoiding	-0.33	1.99
kitchen	-0.33	1.88
established	-0.33	2.38
hell	-0.33	4.27
soon	-0.33	3.31
throughout	-0.33	2.11
described	-0.33	3.02
100	-0.33	2.64
generalizations	-0.33	2.73
mention	-0.33	3.75
whilst	-0.33	2.23
cues	-0.33	2.39
thrown	-0.33	2.42
development	-0.32	2.00
discussed	-0.32	2.82
regularly	-0.32	2.58
meant	-0.32	4.15
operate	-0.32	2.75
occasions	-0.32	2.88
pile	-0.32	1.82
manosphere	-0.32	2.38
orbiters	-0.32	1.89
change	-0.32	3.29
fraternity	-0.32	1.96
pulled	-0.32	2.55
working	-0.32	2.97
intention	-0.32	3.42
language	-0.32	2.36
failing	-0.32	2.68
traits	-0.32	2.12
liberal	-0.32	2.04
cock	-0.32	2.17
1000	-0.31	2.46
hospital	-0.31	1.87
ie	-0.31	2.12
feelz	-0.31	2.18
observing	-0.31	2.65
smarter	-0.31	2.20
avoided	-0.31	2.08
national	-0.31	2.00
consensus	-0.31	2.33
solely	-0.31	2.33
general	-0.31	2.68
group	-0.31	2.01
prevalent	-0.31	2.16
system	-0.31	1.99
control	-0.31	2.31
reach	-0.31	2.66
doomed	-0.31	2.07
nowhere	-0.31	2.96
slave	-0.31	1.85
million	-0.31	2.57
becomes	-0.31	2.65
predict	-0.31	3.09
risks	-0.30	2.25
considers	-0.30	3.42
younger	-0.30	2.40
8	-0.30	2.71
wherever	-0.30	2.69
10	-0.30	2.55
previously	-0.30	2.76
wake	-0.30	2.70
wreck	-0.30	1.94
preselection	-0.30	2.08
touched	-0.30	2.72
twice	-0.30	2.97
complex	-0.30	2.11
replaced	-0.30	2.36
intellectually	-0.30	1.94
screwing	-0.30	3.05
until	-0.30	3.49
whatever	-0.30	4.25
cover	-0.30	2.37
ask	-0.30	3.94
fishing	-0.30	1.71
acted	-0.29	2.23
fatty	-0.29	1.80
floor	-0.29	2.01
back	-0.29	3.33
statement	-0.29	3.18
forum	-0.29	2.27
tone	-0.29	1.94
factor	-0.29	2.89
headed	-0.29	2.18
behavior	-0.29	1.94
every	-0.29	2.92
proportion	-0.29	2.30
worlds	-0.29	3.33
forms	-0.29	1.91
addressed	-0.28	3.31
implications	-0.28	2.55
started	-0.28	3.18
fought	-0.28	1.87
hitting	-0.28	2.77
wouldnt	-0.28	3.43
larger	-0.28	2.04
analyze	-0.28	2.75
incentive	-0.28	2.62
forums	-0.28	2.18
unknown	-0.28	1.94
beginning	-0.28	2.74
observed	-0.28	2.90
culture	-0.28	1.95
fade	-0.28	3.06
sugar	-0.28	1.74
quick	-0.28	2.68
contrast	-0.28	2.10
subtle	-0.28	2.52
screw	-0.28	2.87
negatively	-0.28	2.53
solution	-0.28	2.94
nor	-0.28	3.80
figuring	-0.28	3.00
immediately	-0.28	3.27
church	-0.27	1.81
progressive	-0.27	2.06
experienced	-0.27	3.16
dominating	-0.27	1.50
pattern	-0.27	2.41
heck	-0.27	3.27
myself	-0.27	3.65
frequently	-0.27	2.58
educate	-0.27	2.61
within	-0.27	2.78
adjust	-0.27	2.59
forgetting	-0.27	2.96
initially	-0.27	2.59
tested	-0.27	2.62
aspect	-0.27	2.69
cop	-0.27	2.00
shift	-0.27	2.40
rsd	-0.27	2.22
cave	-0.27	1.66
logically	-0.26	2.69
handled	-0.26	2.85
notion	-0.26	2.64
perform	-0.26	2.27
bottom	-0.26	2.00
journey	-0.26	2.23
state	-0.26	1.98
answer	-0.26	3.93
bail	-0.26	3.18
undesirable	-0.26	1.77
courts	-0.26	2.00
gone	-0.26	3.64
step	-0.26	2.64
entry	-0.26	2.04
sometime	-0.26	2.82
streets	-0.26	2.02
changing	-0.26	2.67
press	-0.26	2.68
flying	-0.26	2.13
fuck	-0.26	3.96
draw	-0.25	2.76
mile	-0.25	2.31
cross	-0.25	2.64
albeit	-0.25	2.29
tried	-0.25	3.37
slight	-0.25	2.48
approaching	-0.25	2.63
lesson	-0.25	3.06
12	-0.25	2.59
starting	-0.25	3.37
isnt	-0.25	3.04
nutrition	-0.25	1.82
challenge	-0.25	2.45
differ	-0.25	2.50
delusion	-0.25	1.85
examples	-0.25	2.73
blunt	-0.25	1.51
badly	-0.25	2.77
stopped	-0.25	3.14
eliminate	-0.25	2.16
changes	-0.25	2.61
wage	-0.25	2.10
dirt	-0.24	1.90
lawyer	-0.24	2.04
worth	-0.24	3.54
internal	-0.24	2.11
choice	-0.24	3.17
waste	-0.24	3.11
instead	-0.24	3.09
football	-0.24	1.89
theories	-0.24	2.41
7	-0.24	2.63
job	-0.24	1.72
post-wall	-0.24	2.17
began	-0.24	2.95
rates	-0.24	2.08
designed	-0.24	2.54
later	-0.24	3.16
committing	-0.24	2.06
screwed	-0.24	2.13
found	-0.24	3.42
95	-0.24	2.03
created	-0.24	1.98
guess	-0.24	4.38
community	-0.24	2.22
hence	-0.23	2.28
element	-0.23	2.74
primarily	-0.23	2.11
ultimate	-0.23	1.55
constantly	-0.23	2.88
jumped	-0.23	2.36
flags	-0.23	2.52
90	-0.23	2.29
team	-0.23	1.91
related	-0.23	2.18
organization	-0.23	1.93
society	-0.23	1.97
minute	-0.23	2.95
asking	-0.23	3.63
identical	-0.23	2.56
strengths	-0.23	2.33
pulling	-0.23	2.96
frat	-0.23	2.02
opinion	-0.23	3.25
such	-0.23	2.51
apparent	-0.23	2.41
concepts	-0.23	2.54
technique	-0.23	2.51
days	-0.22	3.14
bag	-0.22	1.96
stopping	-0.22	2.61
effective	-0.22	2.24
suddenly	-0.22	3.01
pick	-0.22	3.07
believes	-0.22	3.26
successfully	-0.22	2.85
tolerance	-0.22	2.17
piece	-0.22	2.31
crack	-0.22	2.04
super	-0.22	2.41
worked	-0.22	3.16
totally	-0.22	3.42
tastes	-0.22	2.05
population	-0.22	2.08
finally	-0.22	3.44
squats	-0.22	2.74
fight	-0.22	2.41
signals	-0.22	2.58
weapon	-0.22	2.16
wait	-0.22	3.82
alcohol	-0.22	2.02
refused	-0.21	2.96
additionally	-0.21	2.11
overly	-0.21	1.94
upper	-0.21	1.99
capitalism	-0.21	2.08
evaluate	-0.21	2.83
moderation	-0.21	2.09
noise	-0.21	2.26
destroy	-0.21	2.09
wheel	-0.21	2.12
late	-0.21	2.79
kill	-0.21	2.33
categories	-0.21	2.45
leave	-0.21	3.77
upon	-0.21	2.54
rather	-0.21	3.30
limiting	-0.20	2.15
positive	-0.20	1.98
rule	-0.20	2.80
ideas	-0.20	2.58
blah	-0.20	2.51
brain	-0.20	2.33
seduce	-0.20	2.82
slow	-0.20	2.17
explained	-0.20	3.14
displaying	-0.20	2.08
dependent	-0.20	2.21
vibe	-0.20	1.91
ingrained	-0.20	1.95
onto	-0.20	2.39
randomly	-0.20	2.44
heavily	-0.20	2.32
becoming	-0.20	2.27
disappear	-0.19	2.88
alpha/beta	-0.19	2.24
modern	-0.19	2.04
calmly	-0.19	2.79
1	-0.19	2.72
disaster	-0.19	1.80
weapons	-0.19	1.87
vastly	-0.19	2.36
pregnancy	-0.19	2.00
official	-0.19	1.91
beating	-0.19	2.04
voting	-0.19	2.06
enforce	-0.19	2.04
guarantee	-0.19	3.92
denied	-0.19	2.69
ignore	-0.19	3.31
find	-0.19	3.75
informed	-0.19	2.19
rid	-0.19	2.49
chubby	-0.19	1.84
101	-0.19	2.32
blow	-0.18	2.93
wanting	-0.18	3.41
exposure	-0.18	2.01
lifting	-0.18	2.76
agency	-0.18	2.19
active	-0.18	2.20
heterosexual	-0.18	1.83
else	-0.18	4.08
entertain	-0.18	2.71
act	-0.18	2.50
r/mensrights	-0.18	2.59
times	-0.18	3.10
office	-0.18	2.25
pointed	-0.18	3.10
challenging	-0.18	1.91
freedom	-0.18	1.95
distant	-0.18	1.55
air	-0.18	2.06
necessary	-0.18	2.35
rep	-0.18	2.73
willingness	-0.18	2.44
solved	-0.18	2.74
observe	-0.18	2.68
laws	-0.17	2.05
running	-0.17	2.32
display	-0.17	2.12
directly	-0.17	3.12
reports	-0.17	2.03
allowing	-0.17	2.96
11	-0.17	2.53
steps	-0.17	2.70
fighting	-0.17	2.24
15	-0.17	2.48
universal	-0.17	2.07
supposedly	-0.17	1.91
coke	-0.17	1.97
pickup	-0.17	2.44
applies	-0.17	3.14
mistakes	-0.17	2.68
bait	-0.17	2.02
careful	-0.17	2.64
past	-0.17	2.99
interact	-0.17	3.05
superior	-0.17	2.12
equally	-0.17	2.00
warning	-0.17	2.52
collective	-0.17	2.13
laundry	-0.17	2.17
listened	-0.17	2.55
word	-0.16	3.14
report	-0.16	1.99
tyler	-0.16	2.13
egos	-0.16	2.16
desperately	-0.16	2.47
channel	-0.16	1.97
dumbass	-0.16	2.27
class	-0.16	1.85
promote	-0.16	2.09
reputation	-0.16	1.84
drama	-0.16	1.95
knocked	-0.16	2.59
grounds	-0.16	2.13
involved	-0.16	2.65
properly	-0.16	3.02
method	-0.16	2.54
dont	-0.16	3.95
kicking	-0.16	2.38
somewhere	-0.16	3.00
witness	-0.16	2.24
favor	-0.16	2.30
visiting	-0.16	2.31
deeply	-0.16	2.12
ability	-0.15	2.76
federal	-0.15	2.08
developing	-0.15	1.84
remind	-0.15	2.80
week	-0.15	2.91
belong	-0.15	2.64
convincing	-0.15	2.81
loss	-0.15	2.12
sun	-0.15	1.96
filling	-0.15	1.77
miss	-0.15	3.92
cooking	-0.15	2.20
overwhelming	-0.15	1.78
estrogen	-0.15	2.42
destruction	-0.15	1.95
worldview	-0.15	2.45
aggressive	-0.15	1.55
allows	-0.15	2.93
down	-0.15	3.03
invested	-0.14	2.46
20	-0.14	2.40
present	-0.14	2.98
condoms	-0.14	2.09
myth	-0.14	1.87
history	-0.14	2.19
500	-0.14	2.40
international	-0.14	1.69
stream	-0.14	1.98
shitting	-0.14	2.82
consciousness	-0.14	2.34
cried	-0.14	2.54
60	-0.14	2.39
continually	-0.14	2.64
theres	-0.14	2.90
blood	-0.14	1.94
likes	-0.14	3.41
walk	-0.14	2.97
blowing	-0.14	2.41
leftist	-0.14	2.15
economy	-0.14	2.07
ego	-0.14	2.15
salt	-0.14	2.29
builds	-0.13	1.99
promoted	-0.13	2.09
asked	-0.13	3.26
important	-0.13	2.83
safer	-0.13	2.05
campus	-0.13	2.14
rationally	-0.13	2.74
indicates	-0.13	2.36
stereotypical	-0.13	1.73
comparison	-0.13	2.61
dry	-0.13	2.09
include	-0.13	2.26
solutions	-0.13	2.82
board	-0.13	2.11
testosterone	-0.13	2.43
according	-0.13	2.32
judging	-0.13	2.69
drunk	-0.13	2.34
placed	-0.13	2.46
level	-0.13	2.04
assure	-0.13	3.12
hour	-0.13	2.90
philosophy	-0.13	2.33
meets	-0.13	3.45
shut	-0.12	3.03
finance	-0.12	1.89
r/seduction	-0.12	2.59
measures	-0.12	2.36
junk	-0.12	1.88
territory	-0.12	1.93
sentiment	-0.12	3.41
minutes	-0.12	3.04
terms	-0.12	2.83
weeks	-0.12	2.91
homework	-0.12	2.50
principles	-0.12	2.46
staring	-0.12	2.44
understandable	-0.12	2.45
wanted	-0.12	3.91
followers	-0.12	2.07
passive	-0.12	1.81
pressure	-0.12	2.13
matrix	-0.12	2.12
testing	-0.12	2.63
respected	-0.12	2.76
per	-0.12	2.66
classic	-0.12	2.10
run	-0.11	2.48
decide	-0.11	3.72
swear	-0.11	2.55
crash	-0.11	2.26
tied	-0.11	2.06
wave	-0.11	2.13
further	-0.11	2.52
decades	-0.11	2.95
14	-0.11	2.47
earlier	-0.11	3.36
wind	-0.11	2.25
degrees	-0.11	1.99
6	-0.11	2.57
principle	-0.11	2.71
consume	-0.11	1.94
non	-0.11	2.06
task	-0.11	2.17
hoping	-0.11	3.06
meet	-0.11	2.90
interacting	-0.11	2.81
promoting	-0.11	2.02
grain	-0.11	2.22
gaming	-0.11	1.95
45	-0.11	2.46
yours	-0.11	3.34
basic	-0.11	2.56
hr	-0.11	1.93
trends	-0.11	2.48
below	-0.11	2.18
talked	-0.11	3.37
disposable	-0.11	1.89
learn	-0.11	2.85
early	-0.10	2.62
game	-0.10	2.46
porn	-0.10	2.02
recently	-0.10	3.48
jump	-0.10	2.59
everyday	-0.10	2.19
turn	-0.10	3.20
song	-0.10	2.44
season	-0.10	1.83
record	-0.10	2.09
put	-0.10	2.97
ground	-0.10	2.52
describe	-0.10	2.73
beliefs	-0.10	2.36
dollars	-0.10	2.59
years	-0.10	2.96
assumes	-0.10	3.16
demonstrate	-0.10	2.43
chose	-0.10	3.15
medicine	-0.10	1.93
object	-0.10	1.97
hiring	-0.10	1.89
max	-0.10	2.58
altogether	-0.10	2.30
punishment	-0.10	1.98
seconds	-0.10	2.90
cult	-0.10	2.07
introduced	-0.10	2.43
logical	-0.10	2.60
fox	-0.10	2.00
depends	-0.10	2.91
decline	-0.09	2.37
rapidly	-0.09	2.67
numbers	-0.09	2.22
skip	-0.09	2.86
differently	-0.09	3.24
teenage	-0.09	1.98
regardless	-0.09	3.26
objective	-0.09	2.54
relatively	-0.09	2.18
27	-0.09	2.36
intend	-0.09	3.21
sheep	-0.09	2.04
dichotomy	-0.09	2.31
stepping	-0.09	2.38
200	-0.09	2.38
judgement	-0.09	2.60
26	-0.09	2.36
universities	-0.09	2.04
paternity	-0.09	2.12
politics	-0.09	2.14
fair	-0.09	3.78
event	-0.09	2.39
use	-0.09	2.49
<URL>	-0.09	1.98
<SPECIAL>	-0.09	1.98
theory	-0.09	2.50
involving	-0.09	2.00
strike	-0.09	2.51
narrative	-0.08	2.06
conclusion	-0.08	3.18
70	-0.08	2.17
approaches	-0.08	2.43
test	-0.08	2.73
warrior	-0.08	2.01
question	-0.08	3.86
months	-0.08	2.95
essential	-0.08	2.46
collapse	-0.08	1.91
13	-0.08	2.46
pounds	-0.08	2.22
hormonal	-0.08	2.10
subscribe	-0.08	3.02
results	-0.08	2.29
farm	-0.08	1.76
belief	-0.08	2.75
includes	-0.08	2.10
19	-0.08	2.40
worker	-0.08	2.33
virtually	-0.08	3.23
anybody	-0.07	3.98
views	-0.07	2.45
wasting	-0.07	2.99
orbiter	-0.07	1.91
bucks	-0.07	2.16
knife	-0.07	2.24
hypothesis	-0.07	2.65
16	-0.07	2.43
17	-0.07	2.43
dropped	-0.07	2.82
roughly	-0.07	2.35
bragging	-0.07	2.12
clock	-0.07	2.79
25	-0.07	2.40
promiscuous	-0.07	1.77
21	-0.07	2.40
off	-0.07	3.16
22	-0.07	2.40
opinions	-0.07	2.27
40	-0.07	2.37
shorter	-0.07	2.34
laughing	-0.07	2.48
ear	-0.07	2.33
opportunity	-0.07	2.63
hours	-0.07	2.94
accordingly	-0.07	2.85
legitimately	-0.07	2.38
crush	-0.07	2.23
bc	-0.07	2.14
hit	-0.07	2.65
main	-0.07	2.38
pull	-0.07	2.67
perception	-0.07	2.47
cycle	-0.07	2.58
lowering	-0.07	2.09
backwards	-0.07	1.88
ate	-0.07	1.97
carry	-0.07	2.20
widely	-0.06	1.96
oneself	-0.06	2.60
diet	-0.06	1.99
name	-0.06	2.05
wild	-0.06	1.78
norms	-0.06	2.08
consent	-0.06	2.35
combine	-0.06	1.96
advance	-0.06	2.29
judgment	-0.06	2.48
validated	-0.06	1.94
stomach	-0.06	2.02
size	-0.06	2.16
destroying	-0.06	1.91
policies	-0.06	2.08
local	-0.06	2.36
seed	-0.06	1.93
furthermore	-0.06	2.14
weed	-0.06	2.13
month	-0.06	2.91
norm	-0.06	2.40
meaning	-0.06	3.08
encourage	-0.06	2.47
consistently	-0.06	2.51
discussing	-0.05	2.96
focused	-0.05	2.35
burning	-0.05	1.78
tail	-0.05	2.54
whereas	-0.05	2.34
fetish	-0.05	1.88
basics	-0.05	2.54
invented	-0.05	2.28
28	-0.05	2.40
phrase	-0.05	2.71
before	-0.05	3.50
used	-0.05	3.32
bubble	-0.05	2.22
attracting	-0.05	2.70
23	-0.05	2.40
32	-0.05	2.40
putting	-0.05	2.92
showing	-0.05	2.22
employed	-0.05	2.41
tier	-0.05	2.08
recall	-0.05	2.88
assumptions	-0.05	3.03
massive	-0.05	1.72
implied	-0.05	3.03
government	-0.05	2.09
behaving	-0.05	2.20
normal	-0.05	2.05
vegas	-0.05	2.30
deeper	-0.05	2.34
rice	-0.05	2.05
systems	-0.05	2.13
teenagers	-0.04	1.95
failed	-0.04	2.56
breed	-0.04	1.74
project	-0.04	2.06
apparently	-0.04	3.25
bible	-0.04	2.07
education	-0.04	2.01
events	-0.04	2.36
effectively	-0.04	2.78
spend	-0.04	2.74
spell	-0.04	2.88
viewpoint	-0.04	2.57
expert	-0.04	2.35
sample	-0.04	2.18
experience	-0.04	2.94
percentage	-0.04	2.19
techniques	-0.04	2.46
strive	-0.04	2.79
opened	-0.04	2.57
waiting	-0.04	2.67
improve	-0.04	2.90
physical	-0.04	1.98
moral	-0.04	2.42
trait	-0.04	2.13
enormous	-0.04	2.25
corporations	-0.04	2.03
politicians	-0.04	1.96
during	-0.04	2.26
station	-0.04	2.00
year	-0.04	2.57
statements	-0.04	2.85
storm	-0.04	2.28
ball	-0.04	2.32
necessity	-0.04	1.98
theredpill	-0.04	2.70
innate	-0.04	2.11
picking	-0.03	2.92
insane	-0.03	2.33
purpose	-0.03	2.87
strip	-0.03	2.39
eventually	-0.03	3.35
sum	-0.03	2.63
old	-0.03	2.43
ago	-0.03	3.06
clubs	-0.03	2.46
35	-0.03	2.36
rejecting	-0.03	2.43
sleeping	-0.03	2.95
preferences	-0.03	2.25
30	-0.03	2.40
matters	-0.03	3.67
virgins	-0.03	1.87
age	-0.03	2.41
personalities	-0.03	2.03
24	-0.03	2.46
brag	-0.03	2.54
capital	-0.03	2.08
desk	-0.03	2.47
omg	-0.03	2.43
knock	-0.03	2.68
combat	-0.03	2.03
foods	-0.02	1.90
audience	-0.02	2.18
displays	-0.02	2.08
competition	-0.02	1.97
daily	-0.02	2.27
decade	-0.02	2.98
standing	-0.02	2.55
street	-0.02	2.41
outcome	-0.02	2.23
18	-0.02	2.45
jumping	-0.02	2.88
jobs	-0.02	2.35
ages	-0.02	2.51
our	-0.02	2.31
improving	-0.02	2.78
kicked	-0.02	2.40
encouraged	-0.02	2.01
fire	-0.02	2.00
greatest	-0.02	3.22
miserable	-0.02	3.01
bomb	-0.02	2.38
games	-0.01	2.03
needed	-0.01	3.16
teen	-0.01	2.10
worship	-0.01	1.87
similar	-0.01	2.61
introduce	-0.01	2.92
sub	-0.01	2.67
textbook	-0.01	2.14
breath	-0.01	2.13
creating	-0.01	2.10
pro	-0.01	1.93
leg	-0.01	2.34
earning	-0.01	2.20
day	-0.01	2.86
chicks	-0.01	2.31
lifts	-0.01	2.50
between	-0.01	2.41
fish	-0.01	2.23
lmr	-0.01	2.51
window	-0.01	2.35
lower	-0.01	2.19
individual	-0.01	2.53
ugly	-0.01	2.06
originally	-0.01	2.99
watched	-0.01	2.48
economic	-0.01	2.01
80	-0.01	2.20
music	-0.01	2.33
troll	-0.01	2.41
srs	-0.01	2.45
trolling	-0.01	2.50
conditioning	-0.01	2.02
reflect	-0.01	2.60
sky	-0.01	1.94
debate	-0.01	2.66
strongly	-0.01	3.14
route	-0.01	2.90
ruin	-0.01	2.32
front	-0.00	2.47
miles	-0.00	2.44
heavy	-0.00	2.37
die	-0.00	2.04
anytime	-0.00	3.29
minimum	-0.00	2.49
bb	-0.00	2.13
lawyers	-0.00	2.07
construction	-0.00	2.29
combination	-0.00	2.06
saw	-0.00	3.31
without	0.00	2.75
had	0.00	3.48
birth	0.00	2.14
300	0.00	2.37
refers	0.00	2.51
shoot	0.00	2.41
brad	0.00	2.59
suck	0.00	2.76
reasonable	0.00	2.00
benefits	0.00	2.35
awhile	0.00	3.26
graduated	0.00	2.45
give	0.00	3.86
societies	0.00	1.73
guessing	0.00	3.63
words	0.00	2.75
respond	0.00	3.04
ours	0.00	2.35
documentary	0.01	2.38
occasionally	0.01	2.76
arent	0.01	2.81
premise	0.01	3.45
category	0.01	1.97
shove	0.01	2.49
reinforce	0.01	2.23
definitions	0.01	2.74
employment	0.01	1.97
societal	0.01	2.02
steroids	0.01	2.35
both	0.01	2.71
shooting	0.01	2.13
equals	0.01	1.91
metal	0.01	2.20
positively	0.01	2.59
shot	0.01	2.63
someone	0.01	3.96
purposes	0.01	2.38
subreddit	0.01	2.69
bringing	0.01	3.17
responding	0.01	3.23
mirror	0.01	2.41
lives	0.01	2.13
zone	0.01	2.42
defined	0.01	2.41
wrapped	0.01	2.12
alpha	0.01	2.10
human	0.01	2.12
bring	0.01	3.45
loop	0.01	1.95
money	0.01	2.67
vaginas	0.01	2.26
internet	0.01	2.20
unacceptable	0.01	2.68
interview	0.01	2.11
flow	0.01	1.97
75	0.02	2.28
studies	0.02	2.37
set	0.02	2.54
masters	0.02	2.19
r	0.02	2.68
accountability	0.02	2.19
propose	0.02	2.83
combined	0.02	2.10
aggression	0.02	1.82
calories	0.02	2.08
29	0.02	2.47
till	0.02	2.87
sports	0.02	1.88
cake	0.02	1.82
fyi	0.02	1.90
walked	0.02	2.74
video	0.02	2.12
artificial	0.02	2.09
accepted	0.02	2.39
agreeing	0.02	3.32
gun	0.02	2.41
teens	0.02	2.36
period	0.02	2.32
riding	0.02	2.17
esteem	0.02	2.12
dudes	0.03	2.25
literal	0.03	2.91
fly	0.03	2.21
notes	0.03	2.32
members	0.03	2.22
bat	0.03	2.06
counter	0.03	2.84
subscribers	0.03	2.64
path	0.03	2.46
apple	0.03	1.97
socialize	0.03	2.93
field	0.03	2.20
scientific	0.03	2.50
psychology	0.03	2.25
radio	0.03	2.34
monk	0.03	2.15
everyone	0.03	3.75
motherfucker	0.03	2.07
peer	0.03	1.94
scale	0.03	2.26
feed	0.03	2.19
sentences	0.03	2.27
pure	0.03	1.62
lifestyle	0.03	1.94
swinging	0.03	2.44
door	0.03	2.43
propaganda	0.03	1.98
review	0.03	2.18
bench	0.03	2.44
orgasm	0.03	2.10
shit-test	0.03	2.50
range	0.03	2.22
characteristics	0.03	2.01
afbb	0.03	2.33
incentives	0.03	2.27
routine	0.03	2.80
regular	0.04	2.12
determined	0.04	2.46
de	0.04	2.30
kick	0.04	2.47
0	0.04	2.42
critical	0.04	2.61
blogs	0.04	2.28
okay	0.04	4.27
scary	0.04	2.85
concept	0.04	2.71
approached	0.04	2.74
key	0.04	2.85
adopt	0.04	2.15
policy	0.04	2.25
queen	0.04	1.75
qualities	0.04	2.05
applied	0.04	2.76
sets	0.04	2.47
throat	0.04	2.33
higher	0.04	2.22
regrets	0.04	2.46
came	0.04	3.19
rolling	0.04	2.48
succeed	0.04	2.64
sheer	0.04	1.75
flawed	0.04	2.60
dropping	0.04	2.61
carousel	0.04	2.17
doctors	0.04	1.99
wall	0.04	2.48
workers	0.04	2.27
proving	0.04	2.70
9	0.04	2.54
grabbed	0.04	2.45
prepare	0.04	2.37
id	0.04	3.22
colleges	0.04	2.10
opt	0.05	2.61
competing	0.05	2.13
relative	0.05	2.47
producing	0.05	1.91
reaching	0.05	2.26
confirm	0.05	2.63
beings	0.05	2.06
agenda	0.05	2.13
exercises	0.05	2.40
chain	0.05	2.39
waited	0.05	3.11
turned	0.05	2.95
unrelated	0.05	2.27
secondly	0.05	2.61
boundaries	0.05	2.42
condom	0.05	2.10
travel	0.05	2.31
amounts	0.05	2.41
verbal	0.05	2.23
served	0.05	2.07
park	0.05	2.36
mandatory	0.05	2.17
whoring	0.05	1.89
external	0.05	2.26
subs	0.05	2.72
abundance	0.05	2.16
ship	0.05	2.48
gene	0.05	1.91
punch	0.05	2.38
trained	0.05	2.31
cook	0.05	2.36
morality	0.05	2.47
bux	0.05	2.16
passed	0.05	2.71
picked	0.05	2.89
choose	0.05	3.27
light	0.05	1.99
promotion	0.05	2.04
50	0.05	2.26
answering	0.06	3.40
corporate	0.06	2.01
answered	0.06	3.46
took	0.06	3.15
machines	0.06	2.25
tries	0.06	3.27
slap	0.06	2.47
technology	0.06	2.02
decided	0.06	3.48
realm	0.06	2.29
starts	0.06	3.06
schedule	0.06	2.70
purely	0.06	2.36
benefit	0.06	2.73
row	0.06	2.61
computer	0.06	2.08
wash	0.06	1.88
near	0.06	2.66
summer	0.06	2.31
measure	0.06	2.55
songs	0.06	2.16
fully	0.06	3.13
hottest	0.06	2.38
weights	0.06	2.38
irl	0.07	2.57
train	0.07	2.31
peak	0.07	2.58
twitter	0.07	2.28
species	0.07	2.01
clean	0.07	1.87
responded	0.07	3.02
legally	0.07	2.24
spoken	0.07	2.76
marketplace	0.07	2.28
basis	0.07	2.48
roles	0.07	2.00
wrap	0.07	2.28
broken	0.07	2.39
existing	0.07	2.31
pitt	0.07	2.75
lost	0.07	2.85
lap	0.07	2.55
cc	0.07	2.18
r/theredpill	0.07	2.72
woke	0.07	2.78
schools	0.07	2.20
deliver	0.07	2.51
civilization	0.07	2.09
anal	0.07	1.91
protect	0.07	2.31
points	0.07	3.38
connected	0.07	2.02
employer	0.07	1.98
water	0.07	2.01
cents	0.07	2.46
rate	0.07	2.25
lines	0.07	2.71
performance	0.07	2.18
solipsism	0.07	2.14
assert	0.07	2.42
legitimate	0.07	2.51
posters	0.07	2.65
squat	0.07	2.35
food	0.07	1.88
management	0.07	2.04
bars	0.07	2.59
videos	0.07	2.48
manager	0.08	2.11
college	0.08	2.13
projects	0.08	2.34
uni	0.08	2.16
weigh	0.08	2.38
programs	0.08	2.23
low	0.08	2.17
power	0.08	2.25
under	0.08	2.24
dated	0.08	2.88
bend	0.08	2.66
social	0.08	1.90
hang	0.08	3.10
mid	0.08	2.59
skewed	0.08	2.28
plus	0.08	2.80
ok	0.08	4.24
olds	0.08	2.44
paper	0.08	2.17
convenient	0.08	2.17
guns	0.08	2.03
losing	0.08	2.57
carbs	0.08	2.00
university	0.08	2.16
employee	0.08	2.08
firmly	0.08	2.27
tests	0.08	2.64
league	0.08	2.07
ignored	0.08	2.53
deadlift	0.08	2.43
club	0.08	2.52
cant	0.08	3.74
shy	0.08	2.06
eating	0.08	1.95
greek	0.09	2.18
primary	0.09	2.21
cast	0.09	1.87
outcomes	0.09	2.34
traffic	0.09	2.26
herd	0.09	2.16
initial	0.09	1.99
fed	0.09	1.88
conclusions	0.09	2.75
tag	0.09	2.29
comes	0.09	3.35
note	0.09	3.79
requirements	0.09	2.30
persona	0.09	2.00
didnt	0.09	3.53
chatting	0.09	2.92
requirement	0.09	2.42
valued	0.09	1.87
prior	0.09	2.68
forth	0.09	2.17
stated	0.09	3.54
shortly	0.09	3.13
fucked	0.09	3.12
hypergamy	0.09	2.10
playing	0.09	2.12
powerful	0.09	1.85
application	0.10	2.58
interpret	0.10	3.26
net	0.10	2.21
listen	0.10	2.81
nfl	0.10	2.07
nut	0.10	2.47
whenever	0.10	3.50
instantly	0.10	2.66
quo	0.10	2.39
merely	0.10	3.12
progress	0.10	2.26
taller	0.10	2.32
wide	0.10	2.09
hooking	0.10	2.97
left	0.10	3.15
cum	0.10	2.27
curb	0.10	2.61
exit	0.10	2.36
dicks	0.10	2.29
improved	0.10	2.55
appeal	0.10	2.01
biologically	0.10	2.17
hope	0.10	3.72
pound	0.10	2.07
degree	0.10	2.10
strength	0.10	2.24
ditch	0.10	2.48
blew	0.11	2.85
wired	0.11	2.24
genetically	0.11	2.03
drop	0.11	2.72
list	0.11	2.75
privacy	0.11	2.09
weight	0.11	2.34
threw	0.11	2.64
follow	0.11	2.71
senior	0.11	2.10
wet	0.11	2.13
employees	0.11	2.02
outlook	0.11	2.33
battle	0.11	2.31
protected	0.11	1.94
wont	0.11	3.79
particular	0.11	2.94
spoke	0.11	2.88
chances	0.11	2.35
strict	0.11	1.94
teaches	0.11	2.52
mouth	0.11	2.45
buck	0.11	2.15
abortion	0.11	2.17
session	0.11	2.44
loaded	0.11	2.57
cream	0.11	2.01
referring	0.11	3.29
request	0.11	2.81
largely	0.11	2.76
granted	0.11	3.03
shits	0.11	2.87
frequent	0.11	2.43
serves	0.12	2.26
concerns	0.12	2.52
resistance	0.12	2.18
research	0.12	2.40
identity	0.12	2.13
ratio	0.12	2.23
free	0.12	2.66
study	0.12	2.41
effort	0.12	2.78
elite	0.12	1.97
fears	0.12	2.00
position	0.12	2.40
drunken	0.12	2.13
high	0.12	2.19
busy	0.12	2.99
cell	0.12	2.28
rules	0.12	2.28
equal	0.12	2.60
soldiers	0.12	1.99
pop	0.12	2.28
roosh	0.12	2.31
space	0.12	2.48
competitive	0.12	2.00
dollar	0.12	2.38
opposed	0.12	2.26
bachelor	0.12	2.11
inevitably	0.12	2.43
bullshit	0.12	1.89
c	0.12	2.51
tbp	0.12	2.56
context	0.12	3.08
sat	0.12	2.52
powers	0.12	1.83
rational	0.12	2.14
random	0.12	2.30
chair	0.13	2.62
accurately	0.13	2.79
machine	0.13	2.22
hi	0.13	2.92
bite	0.13	2.26
protein	0.13	2.07
behave	0.13	2.79
reflection	0.13	2.05
institutions	0.13	2.05
bull	0.13	1.84
edge	0.13	2.31
programmed	0.13	2.22
pass	0.13	2.76
amount	0.13	2.40
sack	0.13	1.83
hop	0.13	2.37
gains	0.13	2.39
herself	0.13	3.45
levels	0.13	2.21
ride	0.13	2.41
unhappy	0.13	3.14
peers	0.13	1.87
removing	0.14	2.56
lessons	0.14	2.53
customers	0.14	1.99
dynamics	0.14	2.31
players	0.14	2.09
bread	0.14	1.98
separate	0.14	2.25
rap	0.14	2.54
media	0.14	2.10
represent	0.14	2.42
translation	0.14	2.69
script	0.14	2.55
given	0.14	3.11
blank	0.14	2.34
qualified	0.14	2.23
proves	0.14	3.02
after	0.14	3.18
studying	0.14	2.39
regards	0.14	2.34
scratch	0.14	2.18
slutty	0.14	1.74
advertising	0.14	2.07
bulk	0.14	2.14
workout	0.14	2.48
seriously	0.14	4.01
strippers	0.14	2.12
heart	0.14	1.83
changed	0.14	2.94
abstract	0.14	2.49
trip	0.14	2.47
soccer	0.14	2.12
pack	0.15	2.04
hired	0.15	1.98
ruined	0.15	1.78
agreed	0.15	3.89
limited	0.15	2.35
went	0.15	3.02
serving	0.15	2.09
graduate	0.15	2.19
participate	0.15	2.62
switch	0.15	2.50
determine	0.15	2.81
muscles	0.15	2.19
civil	0.15	1.78
marketing	0.15	2.01
score	0.15	2.46
named	0.15	1.87
overall	0.15	2.50
options	0.15	2.85
boy	0.15	2.05
contest	0.15	2.48
require	0.15	2.43
twenties	0.15	2.50
natural	0.15	2.05
acceptance	0.15	1.94
tech	0.15	2.14
demonstrating	0.15	2.24
ice	0.15	2.00
professor	0.15	2.22
heads	0.15	2.48
students	0.16	2.17
nonetheless	0.16	1.87
efforts	0.16	2.49
economics	0.16	2.15
broad	0.16	2.36
continuing	0.16	2.67
statistically	0.16	2.27
union	0.16	2.07
instincts	0.16	2.06
treating	0.16	2.56
basketball	0.16	2.09
shoulders	0.16	2.29
naturally	0.16	2.28
private	0.16	2.38
statistics	0.16	2.46
room	0.16	2.35
hook	0.16	2.88
accomplish	0.16	2.56
bust	0.16	2.35
decrease	0.17	2.33
morning	0.17	2.68
looking	0.17	3.06
wages	0.17	2.16
courses	0.17	2.19
presumably	0.17	1.92
mode	0.17	2.24
20s	0.17	2.49
repeat	0.17	2.75
backed	0.17	2.66
bang	0.17	2.92
texting	0.17	2.87
continue	0.17	2.99
card	0.17	2.19
philosophical	0.17	2.50
doors	0.17	2.36
grades	0.17	2.20
played	0.17	2.21
stick	0.17	2.58
self-improvement	0.17	2.35
positions	0.17	2.08
mass	0.17	2.24
conditioned	0.17	2.34
fortunately	0.17	2.64
penis	0.17	2.23
via	0.17	2.30
cuckold	0.17	2.04
websites	0.17	2.35
throw	0.17	2.61
concern	0.17	2.74
meals	0.17	2.14
spaces	0.17	2.15
green	0.17	1.92
mountain	0.17	2.18
merit	0.17	2.97
workforce	0.17	2.11
increasing	0.17	2.23
wasnt	0.17	2.87
sucked	0.17	2.50
subjective	0.17	2.57
portrayed	0.18	1.79
crucial	0.18	2.98
stare	0.18	2.36
af	0.18	2.14
smoke	0.18	2.32
terminology	0.18	2.76
gym	0.18	2.41
enjoys	0.18	3.19
package	0.18	2.45
master	0.18	2.40
hoe	0.18	2.56
ugh	0.18	2.31
physics	0.18	2.22
asap	0.18	3.11
endorsed	0.18	2.62
bar	0.18	2.61
dominated	0.18	1.82
papers	0.18	2.14
news	0.18	2.22
seduction	0.18	2.40
break	0.18	3.12
closed	0.18	2.33
energy	0.18	2.52
cutting	0.18	2.55
breakfast	0.18	2.20
sole	0.18	2.48
arm	0.18	2.42
sign	0.18	2.09
demands	0.18	2.28
convinced	0.19	2.88
hs	0.19	2.16
photos	0.19	2.21
likelihood	0.19	2.31
prime	0.19	2.41
banging	0.19	2.58
walking	0.19	2.52
grocery	0.19	2.41
peoples	0.19	2.40
humanity	0.19	2.04
empowered	0.19	1.88
minds	0.19	2.35
sides	0.19	2.61
fortune	0.19	2.42
dick	0.19	2.28
comparable	0.19	2.12
based	0.19	2.70
remotely	0.19	3.11
function	0.19	2.44
recent	0.19	2.77
dating	0.19	2.67
circles	0.19	2.08
attributes	0.19	2.15
cardio	0.19	2.29
indicate	0.19	2.53
animal	0.19	1.95
artist	0.19	2.32
shoulder	0.19	2.48
exercise	0.20	2.13
specific	0.20	2.41
dig	0.20	2.38
obligation	0.20	2.52
holes	0.20	2.18
orbit	0.20	2.09
amp	0.20	2.38
jesus	0.20	2.20
sit	0.20	2.65
permission	0.20	2.68
academic	0.20	2.22
tune	0.20	2.41
player	0.20	2.15
hanging	0.20	2.93
type	0.20	2.48
stem	0.20	2.14
advanced	0.20	2.08
commenting	0.20	3.11
burn	0.20	2.21
hands	0.20	2.47
victory	0.20	2.02
ease	0.20	2.10
average	0.20	2.31
student	0.20	2.20
suggesting	0.20	3.15
abs	0.20	2.26
subreddits	0.20	2.63
last	0.20	3.08
school	0.20	2.16
steal	0.20	2.56
mystery	0.20	2.23
instinct	0.20	2.03
picture	0.20	2.61
science	0.21	2.24
poorly	0.21	2.87
dunno	0.21	3.32
aka	0.21	2.02
choosing	0.21	2.97
hormone	0.21	2.23
lift	0.21	2.52
tear	0.21	2.01
english	0.21	2.42
indicator	0.21	2.46
setting	0.21	2.24
vote	0.21	2.26
mail	0.21	2.48
ban	0.21	2.65
shows	0.21	2.16
strategies	0.21	2.41
block	0.21	2.57
eat	0.21	2.01
simultaneously	0.21	2.25
lead	0.21	2.43
gladly	0.21	3.06
limit	0.21	2.31
era	0.21	2.51
demonstrates	0.21	2.32
af/bb	0.21	2.19
urge	0.21	2.47
biological	0.21	2.14
studied	0.21	2.31
hire	0.21	2.05
intended	0.21	2.93
twist	0.21	2.07
growth	0.21	2.22
sticking	0.21	2.44
improvement	0.21	2.31
2014	0.21	2.72
error	0.21	2.76
animals	0.21	1.97
tool	0.21	2.43
bed	0.21	2.49
living	0.21	2.10
biology	0.22	2.14
string	0.22	2.33
showed	0.22	2.57
party	0.22	2.34
subjects	0.22	2.21
legal	0.22	2.10
statistic	0.22	2.38
equation	0.22	2.87
balls	0.22	2.28
labor	0.22	2.11
engineering	0.22	2.13
practice	0.22	2.51
goes	0.22	3.40
x	0.22	2.56
attend	0.22	2.22
version	0.22	2.18
hunt	0.22	2.03
film	0.22	1.73
number	0.22	2.29
signed	0.22	2.22
marry	0.22	3.36
regarding	0.22	2.37
brush	0.22	2.18
pedestal	0.22	2.40
discussions	0.22	2.54
meeting	0.22	2.73
tools	0.22	2.45
vulnerability	0.22	1.77
evolutionary	0.23	2.14
met	0.23	3.23
boils	0.23	2.45
creatures	0.23	1.61
absence	0.23	2.17
each	0.23	2.65
falling	0.23	2.84
profit	0.23	2.08
evolution	0.23	2.15
conform	0.23	2.47
periods	0.23	2.18
begins	0.23	2.72
heat	0.23	2.06
photo	0.23	2.29
deciding	0.23	2.83
rome	0.23	2.03
proper	0.23	3.09
association	0.23	1.96
requires	0.23	2.31
accidentally	0.23	2.67
correlation	0.23	2.48
fresh	0.23	1.97
providers	0.23	2.03
drove	0.23	2.03
tomorrow	0.23	3.12
hand	0.23	2.45
girls	0.23	2.46
thumb	0.23	2.48
brought	0.23	3.21
replace	0.23	2.65
magically	0.23	2.88
gaining	0.23	2.44
enforced	0.23	1.89
online	0.23	2.35
fan	0.23	2.02
activity	0.23	2.09
couch	0.24	2.39
ancient	0.24	2.05
member	0.24	1.93
articles	0.24	2.33
socially	0.24	2.03
company	0.24	2.05
surgery	0.24	1.94
arms	0.24	2.35
meat	0.24	2.03
feminized	0.24	2.07
keep	0.24	2.98
stone	0.24	2.01
show	0.24	2.36
surprisingly	0.24	2.51
motivations	0.24	2.20
unicorns	0.24	2.53
watching	0.24	2.17
sucking	0.24	2.32
hierarchy	0.24	2.07
lurk	0.24	2.78
specifically	0.24	2.98
3rd	0.24	2.57
saturday	0.24	2.77
lose	0.24	2.70
movie	0.24	1.75
vacation	0.24	2.36
fights	0.24	2.36
mentioned	0.24	3.45
stripper	0.24	2.23
win	0.24	2.57
production	0.24	2.16
grab	0.24	2.41
humans	0.24	2.05
presence	0.24	1.94
rich	0.24	2.36
next	0.24	3.30
receptive	0.24	2.44
takes	0.25	2.73
wonders	0.25	2.49
learning	0.25	2.44
slip	0.25	2.51
developed	0.25	1.99
iron	0.25	2.05
head	0.25	2.43
tongue	0.25	2.33
generate	0.25	2.09
mood	0.25	2.29
fux	0.25	2.14
value	0.25	2.51
2nd	0.25	2.55
addition	0.25	2.31
status	0.25	2.24
grew	0.25	2.04
belly	0.25	2.14
prenup	0.25	2.18
fucking	0.25	2.46
evolved	0.25	2.12
image	0.25	2.36
mere	0.25	2.10
swimming	0.25	2.13
into	0.25	2.73
published	0.25	2.32
users	0.26	2.60
sitting	0.26	2.39
awareness	0.26	2.19
adults	0.26	2.26
muscle	0.26	2.29
inner	0.26	2.22
programming	0.26	2.22
available	0.26	2.40
thus	0.26	2.53
anecdotal	0.26	2.69
cocky	0.26	2.02
grown	0.26	2.24
probability	0.26	2.48
independence	0.26	2.13
authority	0.26	2.25
engineer	0.26	2.13
fertility	0.26	2.28
lets	0.26	3.65
responsibilities	0.27	2.41
sending	0.27	2.58
beach	0.27	2.26
artists	0.27	2.19
greatly	0.27	2.60
grow	0.27	2.00
evening	0.27	2.70
time	0.27	3.26
older	0.27	2.37
laying	0.27	2.59
sites	0.27	2.42
supported	0.27	2.12
ears	0.27	2.34
chest	0.27	2.23
settling	0.27	2.44
increased	0.27	2.28
perfectly	0.27	2.73
adult	0.27	2.29
plane	0.27	2.31
eggs	0.27	2.07
responsible	0.27	2.24
survey	0.27	2.35
phd	0.27	2.24
chemical	0.27	2.05
night	0.27	2.67
climb	0.28	2.31
popular	0.28	2.36
nuts	0.28	1.86
watch	0.28	2.13
interested	0.28	3.72
eyes	0.28	2.28
dread	0.28	2.37
visible	0.28	2.36
sleep	0.28	2.96
observations	0.28	2.66
1st	0.28	2.54
closing	0.28	2.44
greater	0.28	2.18
expected	0.28	3.22
dance	0.28	2.37
v	0.28	2.55
inches	0.28	2.40
oral	0.28	2.23
ancestors	0.28	2.07
orders	0.28	2.33
secondary	0.28	2.31
newbies	0.29	2.57
phone	0.29	2.35
boost	0.29	2.26
political	0.29	2.19
sent	0.29	2.48
tough	0.29	2.23
shed	0.29	2.49
kissed	0.29	3.02
inch	0.29	2.38
features	0.29	2.26
raw	0.29	1.85
curve	0.29	2.45
command	0.29	2.17
own	0.29	2.57
bj	0.29	2.56
extra	0.29	2.51
standpoint	0.29	2.44
message	0.29	2.78
sunday	0.29	2.66
milk	0.29	2.17
vasectomy	0.29	2.28
self	0.29	2.25
wolf	0.29	1.92
bike	0.29	2.14
industry	0.29	2.14
roll	0.29	2.59
rpw	0.29	2.66
instant	0.29	2.43
handed	0.29	2.32
treat	0.29	2.52
figures	0.30	2.45
god	0.30	2.35
smv	0.30	2.27
brains	0.30	2.28
memories	0.30	1.90
reddit	0.30	2.67
guitar	0.30	2.27
forbid	0.30	2.38
carrying	0.30	2.24
favour	0.30	2.28
math	0.30	2.21
willingly	0.30	2.96
hold	0.30	2.61
nights	0.30	2.68
held	0.30	2.45
womens	0.30	2.15
app	0.30	2.43
seat	0.31	2.33
bare	0.31	2.33
33	0.31	2.40
pages	0.31	2.63
sober	0.31	2.34
communication	0.31	2.36
credibility	0.31	2.30
locked	0.31	2.11
him	0.31	3.69
framework	0.31	2.41
actor	0.31	2.13
coin	0.31	2.57
face	0.31	2.36
fails	0.31	3.06
fertile	0.31	2.30
hung	0.31	2.79
spent	0.31	3.02
gets	0.31	3.24
tom	0.31	2.51
promiscuity	0.31	2.01
abandon	0.31	2.41
sense	0.31	2.64
sufficient	0.31	2.60
reduce	0.31	2.28
focusing	0.31	2.71
supply	0.31	2.10
drawing	0.31	2.54
k	0.31	2.95
fields	0.32	2.14
cup	0.32	2.04
passing	0.32	2.52
monkey	0.32	2.30
sport	0.32	2.09
send	0.32	2.53
swing	0.32	2.51
vision	0.32	1.89
athletes	0.32	2.05
odds	0.32	2.58
appearance	0.32	2.24
table	0.32	2.39
e	0.32	2.65
grabbing	0.32	2.40
meal	0.32	2.21
gon	0.33	3.66
posture	0.33	2.11
strategy	0.33	2.50
mma	0.33	2.19
bus	0.33	2.29
topics	0.33	2.55
moderate	0.33	2.01
tattoos	0.33	1.97
rub	0.33	2.36
needing	0.33	2.64
lay	0.33	2.64
boot	0.33	1.91
compete	0.33	2.32
motivated	0.33	2.29
theirs	0.33	2.69
while	0.33	2.82
y	0.33	2.42
finger	0.33	2.37
thoroughly	0.33	1.97
questions	0.33	3.21
remove	0.33	2.42
pictures	0.33	2.37
masculinity	0.34	1.89
sends	0.34	2.55
escort	0.34	2.22
150	0.34	2.35
males	0.34	2.07
ownership	0.34	2.32
confidence	0.34	2.14
obtain	0.34	2.43
banned	0.34	2.67
accounts	0.34	2.34
stars	0.34	2.04
narrow	0.34	2.22
ideals	0.34	2.32
tinder	0.34	2.55
beats	0.34	2.47
ass	0.34	2.25
genetic	0.34	2.21
officer	0.34	2.08
oil	0.34	2.13
shots	0.34	2.24
web	0.34	2.39
reference	0.34	2.50
drinking	0.34	2.32
increase	0.34	2.32
admire	0.34	1.80
shake	0.34	2.28
flight	0.34	2.52
experiment	0.34	2.72
road	0.34	2.48
r/relationships	0.35	2.87
settled	0.35	2.19
describes	0.35	2.49
leaders	0.35	1.85
profession	0.35	2.06
sales	0.35	2.09
height	0.35	2.43
traditionally	0.35	1.94
investing	0.35	2.64
track	0.35	2.24
athlete	0.35	2.17
attractiveness	0.35	2.26
ends	0.35	2.91
hunting	0.35	2.05
profile	0.35	2.47
pregnant	0.35	2.25
bear	0.35	2.03
cat	0.35	1.85
scene	0.35	2.17
classes	0.35	2.21
okc	0.35	2.53
concrete	0.35	2.58
b	0.36	2.74
pieces	0.36	2.49
match	0.36	2.42
preferred	0.36	2.46
rise	0.36	2.18
budget	0.36	2.22
engineers	0.36	2.11
dominance	0.36	2.07
welfare	0.36	2.09
feet	0.36	2.39
imho	0.36	2.46
lesser	0.36	2.14
blindly	0.36	2.50
steak	0.36	2.14
account	0.36	2.37
length	0.36	2.35
customer	0.36	1.95
interactions	0.36	2.35
consensual	0.36	2.08
worthwhile	0.36	2.37
appears	0.36	2.47
submit	0.36	2.16
spare	0.36	2.79
naked	0.36	2.41
provider	0.36	2.14
stops	0.36	2.71
final	0.36	2.48
invite	0.36	2.79
fruit	0.36	1.79
kicks	0.36	2.81
boxing	0.37	2.28
tension	0.37	2.00
advise	0.37	2.74
share	0.37	2.39
cats	0.37	1.94
star	0.37	2.07
bdsm	0.37	1.81
finish	0.37	2.60
touching	0.37	2.41
responds	0.37	3.08
fitness	0.37	2.16
facebook	0.37	2.51
til	0.37	2.66
boss	0.37	2.39
rocks	0.37	2.21
percent	0.37	2.16
following	0.37	2.71
sympathy	0.37	2.03
texts	0.37	2.73
neck	0.38	2.33
eye	0.38	2.52
chicken	0.38	2.10
technical	0.38	2.13
discipline	0.38	2.30
lock	0.38	2.53
service	0.38	2.13
former	0.38	2.32
prostitute	0.38	2.07
produce	0.38	2.05
apartment	0.38	2.07
tonight	0.38	3.26
fb	0.38	2.52
guaranteed	0.38	2.78
obligated	0.38	3.33
leaving	0.38	3.02
zero	0.38	2.67
okcupid	0.38	2.51
charity	0.38	2.09
lasted	0.38	2.82
aloof	0.38	1.99
blog	0.38	2.41
na	0.38	3.59
abilities	0.38	2.24
celebrity	0.38	2.53
pic	0.38	2.41
email	0.38	2.68
owe	0.38	3.60
affair	0.38	2.23
play	0.39	2.32
ladder	0.39	2.28
chasing	0.39	2.41
nuclear	0.39	2.23
opportunities	0.39	2.33
third	0.39	2.54
bright	0.39	2.01
salary	0.39	2.27
broke	0.39	2.91
companies	0.39	2.08
income	0.39	2.32
tldr	0.39	2.56
rock	0.39	2.27
apology	0.39	2.71
insurance	0.39	2.17
reduced	0.39	2.27
increases	0.40	2.33
costs	0.40	2.29
expectations	0.40	2.23
software	0.40	2.09
site	0.40	2.48
spin	0.40	2.39
rely	0.40	2.39
mans	0.40	2.41
libido	0.40	2.18
standards	0.40	2.26
fill	0.40	1.84
yo	0.40	3.04
guard	0.40	2.48
half	0.40	2.42
cheaper	0.40	2.30
teacher	0.40	2.34
slept	0.40	3.03
ended	0.40	3.05
section	0.40	2.41
george	0.40	2.00
release	0.40	1.98
paid	0.40	2.32
sexually	0.41	1.98
lays	0.41	2.61
pet	0.41	1.99
fell	0.41	2.71
speed	0.41	2.21
arts	0.41	2.26
owners	0.41	2.03
achieve	0.41	2.30
minimal	0.41	2.22
write	0.41	2.35
sorority	0.41	2.36
hotel	0.41	2.35
f	0.41	2.71
individuals	0.41	2.28
climbing	0.41	2.16
bedroom	0.41	2.10
institution	0.41	1.82
horse	0.41	2.01
teaching	0.41	2.46
longer	0.42	2.89
bone	0.42	2.05
trap	0.42	2.09
matches	0.42	2.54
fuel	0.42	1.90
explains	0.42	2.64
gave	0.42	3.16
yesterday	0.42	3.18
traveling	0.42	2.44
ho	0.42	2.67
empire	0.42	1.98
suggested	0.42	3.25
genetics	0.42	2.18
spiritual	0.42	2.02
selection	0.42	2.18
website	0.42	2.46
driven	0.42	1.67
glass	0.42	2.11
thoughts	0.42	2.43
create	0.42	2.26
distance	0.42	2.33
posted	0.42	3.08
earn	0.42	2.77
open	0.43	2.49
practicing	0.43	2.39
hookers	0.43	2.26
treated	0.43	2.27
dogs	0.43	1.99
fingers	0.43	2.32
born	0.43	1.92
gain	0.43	2.45
helping	0.43	3.10
pics	0.43	2.45
skills	0.43	2.30
replying	0.43	3.39
bell	0.43	2.33
dominate	0.43	1.94
lunch	0.43	2.38
proceed	0.43	2.78
wealth	0.43	2.26
thats	0.43	3.38
whats	0.43	3.41
celebrities	0.43	2.13
elsewhere	0.43	3.06
taxes	0.43	2.29
parties	0.43	2.50
exercising	0.43	2.06
passes	0.43	2.88
himself	0.43	3.53
wasted	0.43	2.76
driver	0.43	2.11
aim	0.44	2.43
atm	0.44	2.09
perspective	0.44	2.67
training	0.44	2.22
hooked	0.44	2.81
dynamic	0.44	2.11
dancing	0.44	2.36
famous	0.44	2.44
aesthetics	0.44	2.29
tribe	0.44	2.03
hole	0.44	2.22
opens	0.44	2.45
cash	0.44	2.36
30s	0.44	2.51
cards	0.45	2.22
data	0.45	2.53
selective	0.45	2.19
demand	0.45	2.33
teach	0.45	2.65
achieved	0.45	2.30
bald	0.45	2.17
healthy	0.45	1.69
anecdote	0.45	2.67
survive	0.45	2.10
skill	0.45	2.33
virginity	0.45	2.26
messages	0.45	2.62
holding	0.45	2.56
having	0.45	3.04
treatment	0.45	2.14
won	0.45	2.40
maturity	0.45	2.11
died	0.45	2.05
winter	0.45	1.94
invited	0.45	2.27
blows	0.45	2.63
anyways	0.45	3.90
program	0.46	2.46
plays	0.46	2.40
lbs	0.46	2.28
threads	0.46	2.84
inside	0.46	2.18
frame	0.46	2.26
friday	0.46	2.70
literature	0.46	2.23
readers	0.46	2.42
goddamn	0.46	2.30
text	0.46	2.72
character	0.46	1.98
stranger	0.46	2.31
search	0.46	2.56
standard	0.46	2.32
design	0.46	2.15
throws	0.46	2.89
continues	0.46	2.91
asses	0.46	2.11
license	0.46	2.16
hers	0.46	2.87
thankfully	0.47	2.60
expand	0.47	2.20
aged	0.47	2.26
r/asktrp	0.47	3.07
vagina	0.47	2.15
male	0.47	2.03
snap	0.47	2.55
im	0.47	3.52
fame	0.47	2.30
mod	0.47	2.69
seeking	0.48	2.17
flip	0.48	2.51
breakup	0.48	2.53
staff	0.48	2.00
skin	0.48	1.98
followed	0.48	2.42
goal	0.48	2.23
faces	0.48	2.04
finished	0.48	2.59
rewarding	0.48	1.94
person	0.48	3.70
meditation	0.48	2.36
intelligence	0.48	2.21
professional	0.48	2.06
knees	0.48	2.41
hopefully	0.48	3.03
accomplishments	0.48	1.79
body	0.48	2.19
precious	0.48	2.40
breaking	0.48	2.47
tax	0.48	2.32
50/50	0.48	2.45
truck	0.49	2.22
hes	0.49	3.00
ups	0.49	2.40
highschool	0.49	2.27
void	0.49	1.88
clients	0.49	2.09
trips	0.49	2.10
40s	0.49	2.47
brown	0.49	1.94
coffee	0.49	2.34
needs	0.49	3.44
actors	0.49	2.06
engage	0.49	2.57
occasional	0.49	2.32
initiate	0.49	2.67
doesnt	0.49	3.44
counting	0.49	2.25
joke	0.49	2.72
kissing	0.49	2.48
above	0.49	2.76
sits	0.49	2.91
raises	0.49	2.38
winning	0.49	2.42
collect	0.49	2.29
teachers	0.49	2.24
kiss	0.49	2.56
debt	0.50	2.32
favorite	0.50	2.18
suggests	0.50	2.76
subject	0.50	2.44
sold	0.50	1.77
normally	0.50	2.86
fixing	0.50	2.79
cuz	0.50	3.39
planning	0.50	2.76
paycheck	0.50	2.27
author	0.50	2.75
belongs	0.50	2.96
leadership	0.50	2.12
mods	0.50	2.69
knowledge	0.50	2.49
damned	0.51	2.84
bullet	0.51	2.75
breaks	0.51	3.00
market	0.51	2.14
wise	0.51	2.48
hormones	0.51	2.16
television	0.51	1.99
criteria	0.51	2.27
rank	0.51	2.33
shes	0.51	3.00
banged	0.51	2.71
books	0.51	2.39
topic	0.51	2.85
hits	0.51	2.84
mature	0.52	1.98
emphasis	0.52	2.49
prostitution	0.52	2.04
balance	0.52	2.32
cuckolding	0.52	2.00
services	0.52	2.16
letter	0.52	2.66
youth	0.52	2.39
frank	0.52	2.09
develop	0.52	2.14
uses	0.52	2.89
settle	0.52	2.62
leader	0.52	2.06
description	0.52	2.73
details	0.52	2.88
turns	0.52	3.23
unrealistic	0.53	1.72
commented	0.53	3.30
tattoo	0.53	2.54
achievement	0.53	2.02
whatsoever	0.53	2.69
desirable	0.53	2.36
downvoted	0.53	2.60
escalate	0.53	2.61
tv	0.53	2.04
posting	0.53	2.84
custody	0.53	2.26
acts	0.53	3.08
shop	0.53	2.47
branch	0.53	2.69
man	0.54	3.59
primal	0.54	2.04
drink	0.54	2.34
wallet	0.54	2.20
suggest	0.54	3.06
babies	0.54	2.08
mentions	0.54	2.79
weekend	0.54	2.57
currently	0.54	2.99
dog	0.54	2.07
sources	0.54	2.49
unit	0.54	1.94
upbringing	0.54	1.92
lean	0.54	2.26
cheated	0.55	2.75
plan	0.55	2.58
gas	0.55	2.12
sadly	0.55	2.81
pay	0.55	2.46
searching	0.55	2.70
misery	0.55	2.63
explore	0.55	2.29
urges	0.55	2.00
boys	0.55	2.37
serve	0.55	2.31
acquire	0.55	2.25
retirement	0.55	2.39
drops	0.55	2.68
youtube	0.55	2.40
gained	0.55	2.47
egg	0.55	2.21
earned	0.55	2.33
em	0.55	3.56
ceo	0.56	2.09
motivation	0.56	2.23
joint	0.56	2.31
missed	0.56	3.71
intellectual	0.56	2.24
access	0.56	2.33
amplify	0.56	2.75
code	0.56	2.22
cuts	0.56	1.99
pays	0.56	2.40
fine	0.56	4.13
giving	0.56	3.07
sperm	0.56	2.25
savings	0.56	2.36
focus	0.56	2.48
n	0.56	2.84
weekends	0.56	2.62
financially	0.56	1.89
posts	0.56	2.90
laughed	0.57	2.50
adds	0.57	2.47
date	0.57	2.76
reads	0.57	2.08
girl	0.57	2.93
bank	0.57	2.33
imagination	0.57	2.34
hoes	0.57	2.93
patient	0.57	1.76
steve	0.57	2.08
tree	0.57	2.25
morals	0.57	2.37
episode	0.57	2.23
direct	0.57	2.31
generations	0.57	2.61
assets	0.57	2.32
compromise	0.58	2.68
loses	0.58	3.12
dominant	0.58	2.10
badass	0.58	2.25
goals	0.58	2.32
partying	0.58	2.56
casually	0.58	2.65
quotes	0.58	2.67
whoever	0.58	3.46
loans	0.58	2.31
walks	0.58	3.08
alternative	0.58	2.59
leaves	0.58	3.22
knew	0.59	3.27
anonymous	0.59	2.27
says	0.59	3.76
detail	0.59	2.26
comprehension	0.59	2.70
previous	0.59	2.94
panties	0.59	2.08
luckily	0.59	2.49
infidelity	0.59	2.14
genes	0.59	2.28
payment	0.59	2.34
attractive	0.59	2.54
yeah	0.59	3.90
top	0.59	2.31
smiling	0.59	2.31
writer	0.59	2.18
applicable	0.59	2.72
daddy	0.59	2.00
ticket	0.59	2.51
encouraging	0.59	2.08
plans	0.59	2.76
intense	0.59	1.75
interests	0.59	2.31
wan	0.59	3.60
escalating	0.60	2.51
absolutely	0.60	3.00
values	0.60	2.26
asks	0.60	3.39
another	0.60	3.38
saving	0.60	2.62
built	0.60	2.26
charm	0.60	1.99
mainstream	0.60	2.31
adopted	0.60	2.12
bills	0.60	2.27
looks	0.60	2.40
survival	0.60	2.23
carefully	0.60	2.80
expense	0.60	2.22
loan	0.61	2.32
kept	0.61	2.87
duty	0.61	2.25
youre	0.61	3.31
quoted	0.61	3.20
hooker	0.61	2.17
split	0.61	2.32
disagree	0.61	4.65
puppy	0.61	2.14
helped	0.61	2.81
credit	0.61	2.32
cut	0.61	2.27
delete	0.61	2.68
foot	0.61	2.38
click	0.62	2.42
sight	0.62	2.00
maximum	0.62	2.39
speaks	0.62	3.15
thick	0.62	2.08
mating	0.62	2.21
vague	0.62	2.61
chase	0.62	2.00
masculine	0.62	2.10
freely	0.62	2.56
bearing	0.62	2.16
current	0.62	2.59
count	0.62	2.28
ps	0.62	2.92
ethics	0.62	2.42
band	0.62	2.23
dead	0.62	1.96
model	0.62	2.32
deep	0.62	2.11
alimony	0.63	2.26
stretch	0.63	2.11
rip	0.63	2.66
capacity	0.63	2.20
filter	0.63	2.31
beer	0.63	2.26
wikipedia	0.63	2.58
brief	0.63	2.40
quote	0.63	2.98
approval	0.63	2.15
talks	0.63	2.93
protecting	0.63	2.30
source	0.63	2.66
sarcasm	0.63	2.87
manhood	0.63	2.09
skilled	0.63	2.32
rewarded	0.64	1.96
hookup	0.64	2.47
prostitutes	0.64	2.09
achieving	0.64	2.33
missing	0.64	4.39
plastic	0.64	1.99
voted	0.64	2.63
sake	0.64	2.20
agree	0.64	4.69
realizes	0.64	3.39
innocent	0.64	1.42
pulls	0.64	2.83
pizza	0.64	2.03
page	0.64	2.70
sarcastic	0.64	2.55
reading	0.64	2.46
backs	0.64	2.50
lt	0.65	2.63
feels	0.65	2.96
don	0.65	1.93
reproduction	0.65	2.27
moves	0.65	2.92
facial	0.65	2.09
james	0.65	2.15
legs	0.65	2.21
bold	0.65	2.33
network	0.65	2.17
wrote	0.65	2.83
replied	0.65	3.51
relax	0.65	2.82
written	0.65	2.31
base	0.65	2.06
strictly	0.65	2.04
w	0.65	2.72
initiated	0.66	2.36
emotional	0.66	1.95
currency	0.66	2.20
pool	0.66	2.27
responses	0.66	2.77
paragraphs	0.66	2.87
new	0.66	2.27
grade	0.66	2.44
votes	0.66	2.53
underestimate	0.66	2.29
maintenance	0.66	2.16
nobody	0.66	3.63
muscular	0.66	2.36
o	0.66	2.69
safety	0.67	2.18
smirk	0.67	2.49
amused	0.67	2.30
possess	0.67	2.16
scientists	0.67	2.17
likewise	0.67	2.35
worries	0.67	2.91
memory	0.67	2.14
females	0.67	2.27
martial	0.67	2.28
experiences	0.67	2.43
aint	0.67	3.29
asset	0.67	2.28
information	0.68	2.53
enjoyable	0.68	2.06
wealthy	0.68	2.40
tingles	0.68	2.11
produced	0.68	2.13
mastery	0.68	2.27
self-respect	0.68	2.27
fucks	0.68	3.10
rollo	0.68	2.45
historical	0.68	2.22
touch	0.68	2.46
linked	0.69	2.77
fence	0.69	2.39
irony	0.69	2.34
hug	0.69	2.84
networking	0.69	2.15
business	0.69	2.10
intellect	0.69	2.17
butt	0.69	2.24
keeps	0.69	2.91
rewards	0.70	2.18
objects	0.70	2.31
priorities	0.70	2.35
grey	0.70	1.71
bonus	0.70	2.43
cost	0.70	2.32
u	0.70	3.36
drives	0.70	1.89
products	0.70	1.74
read	0.70	2.43
structure	0.70	1.93
threesome	0.71	2.59
ta	0.71	3.52
millionaire	0.71	2.52
stats	0.71	2.43
boat	0.71	2.08
latest	0.71	2.24
entertainment	0.71	2.00
nose	0.71	2.28
skinny	0.71	2.19
presented	0.71	2.86
toy	0.71	2.08
cheat	0.72	3.13
honey	0.72	3.47
consistent	0.72	2.22
driving	0.72	2.05
physique	0.72	2.26
strong	0.72	2.09
boom	0.72	2.46
bill	0.72	2.32
lacking	0.72	2.16
cares	0.72	3.62
king	0.72	1.95
sidebar	0.72	2.74
user	0.72	2.78
businesses	0.72	2.16
wins	0.72	2.98
assertive	0.73	1.73
contact	0.73	2.54
lack	0.73	2.18
build	0.73	2.32
goods	0.73	2.07
confusing	0.73	3.22
bound	0.73	2.25
building	0.73	2.16
knows	0.73	3.74
payments	0.73	2.31
temporary	0.73	2.07
links	0.73	2.68
agreement	0.73	2.49
chat	0.73	2.62
woman	0.73	3.51
bottle	0.73	2.17
invest	0.74	2.62
laugh	0.74	2.60
wisdom	0.74	2.37
validation	0.74	2.17
answers	0.74	3.06
blowjob	0.74	2.40
interest	0.74	2.77
nope	0.74	3.44
upgrade	0.74	2.48
art	0.74	2.36
hey	0.74	3.63
taught	0.74	2.43
pump	0.74	2.40
ai	0.74	3.29
careers	0.74	1.99
dumped	0.74	2.66
spirit	0.74	2.02
comic	0.75	1.83
mortgage	0.75	2.26
puts	0.75	3.16
circle	0.75	1.99
encounters	0.75	2.11
google	0.75	2.51
breeding	0.75	2.26
reproduce	0.75	2.31
rush	0.75	2.15
flirt	0.75	2.55
box	0.75	2.12
resource	0.75	2.37
ftfy	0.75	2.74
marrying	0.75	2.34
couples	0.76	1.85
imperative	0.76	2.21
escalation	0.76	2.41
notch	0.76	2.41
educated	0.76	2.33
finances	0.76	2.31
mark	0.76	2.29
smile	0.76	2.42
guy	0.76	2.94
seek	0.76	2.53
sticks	0.76	2.68
beneficial	0.77	1.76
flair	0.77	2.82
drive	0.77	1.90
competent	0.77	1.81
amazed	0.77	2.47
bot	0.77	2.75
hilarious	0.77	2.94
magic	0.77	2.08
satisfying	0.77	2.01
provided	0.77	2.60
helps	0.78	2.83
dump	0.78	2.84
checking	0.78	2.49
additional	0.78	2.58
tl	0.78	2.41
shall	0.78	2.02
david	0.78	2.14
movies	0.78	1.80
product	0.79	1.96
lacks	0.79	2.28
ambition	0.79	2.00
cheating	0.79	2.77
kino	0.79	2.39
support	0.79	2.30
writing	0.79	2.25
aid	0.80	2.47
hmm	0.80	3.17
john	0.80	2.10
activities	0.80	2.23
checks	0.80	2.38
home	0.80	2.45
jack	0.80	2.11
comments	0.80	2.87
trade	0.80	2.18
spending	0.80	2.66
growing	0.80	2.14
success	0.81	2.20
hello	0.81	2.88
close	0.81	2.12
athletic	0.81	2.24
pursuing	0.81	2.41
dates	0.81	2.62
alright	0.81	3.64
financial	0.81	2.13
patrice	0.81	2.52
joking	0.81	2.97
sexual	0.81	2.10
young	0.81	2.16
somebody	0.81	3.81
karma	0.81	2.61
chick	0.81	2.59
tho	0.81	3.39
captain	0.82	2.25
discussion	0.82	2.61
copy	0.82	2.50
attention	0.82	2.24
traditional	0.82	1.77
maximize	0.82	2.29
nah	0.82	3.49
breakdown	0.82	2.00
metaphor	0.82	2.39
owner	0.82	2.25
maintained	0.83	2.25
kills	0.83	2.18
falls	0.83	2.79
collection	0.83	2.12
restaurant	0.83	2.27
poster	0.83	3.17
mobile	0.84	2.79
land	0.84	2.03
returns	0.84	2.46
huh	0.84	3.44
gear	0.84	2.14
boobs	0.84	2.06
importance	0.84	2.45
extended	0.84	2.01
dna	0.84	2.43
ya	0.84	3.53
conversations	0.85	2.56
beard	0.85	1.90
reproductive	0.85	2.33
agrees	0.85	3.59
desire	0.85	2.14
eats	0.85	2.97
joe	0.85	2.19
valuable	0.85	2.17
thread	0.85	3.05
female	0.85	2.12
sucks	0.86	2.94
counts	0.86	2.16
submission	0.86	1.91
pursue	0.86	2.21
owning	0.86	2.32
dumping	0.86	2.72
expectation	0.86	2.56
offer	0.86	3.27
foundation	0.86	2.14
spinning	0.86	2.21
o'neal	0.86	2.46
winner	0.86	2.62
productive	0.86	2.19
assuming	0.87	4.40
holds	0.87	2.95
shopping	0.87	2.14
trapped	0.87	2.77
offered	0.87	2.80
removed	0.87	2.87
deserves	0.87	2.71
talent	0.87	1.98
shower	0.87	2.01
chosen	0.87	2.71
deleted	0.87	2.87
content	0.87	2.74
sweat	0.87	2.11
tall	0.87	2.55
ripped	0.87	2.43
useful	0.88	2.26
gentlemen	0.88	2.35
practical	0.88	2.43
upvotes	0.88	2.66
p	0.88	2.94
afford	0.88	2.44
relation	0.88	2.30
vulnerable	0.88	1.86
material	0.88	2.40
t	0.89	2.42
sentence	0.89	3.03
pleasure	0.89	2.14
fantasies	0.89	1.75
jokes	0.89	2.47
typing	0.89	2.90
balanced	0.89	2.10
assessment	0.89	2.70
article	0.89	2.79
career	0.89	2.16
chris	0.89	2.44
grammar	0.89	2.69
lottery	0.89	2.58
engaging	0.89	2.30
resources	0.89	2.39
baby	0.89	2.09
comedy	0.89	2.25
property	0.89	2.31
linking	0.89	2.65
continued	0.89	2.16
rent	0.90	2.21
everybody	0.90	3.62
mommy	0.90	2.04
characters	0.90	1.98
grand	0.90	2.22
flirting	0.90	2.64
curiosity	0.90	1.99
replies	0.90	3.06
sleeps	0.90	3.34
independent	0.91	1.94
check	0.91	2.39
jacked	0.91	2.54
guide	0.91	2.49
accepts	0.91	3.58
nail	0.91	2.57
entering	0.91	2.26
sees	0.91	3.57
shades	0.92	1.87
link	0.92	2.75
special	0.92	2.51
paying	0.92	2.27
satire	0.92	2.33
exciting	0.92	1.99
bros	0.92	2.95
teeth	0.92	2.01
handsome	0.92	2.40
store	0.92	2.21
prices	0.93	2.16
expecting	0.93	3.29
prospect	0.93	2.06
eh	0.93	3.55
interaction	0.93	2.40
appropriate	0.94	2.37
chill	0.94	3.17
tells	0.94	3.52
uh	0.94	3.52
nigga	0.94	3.38
persons	0.95	2.29
desires	0.95	2.16
criticism	0.95	2.42
engaged	0.95	2.69
sorry	0.95	3.69
upvoted	0.95	2.95
title	0.95	2.99
admits	0.96	3.52
lord	0.96	1.96
tease	0.96	2.45
analogy	0.96	2.90
downvote	0.96	2.70
checked	0.96	2.72
wants	0.96	3.65
wtf	0.97	3.54
oh	0.97	3.55
add	0.97	2.97
series	0.97	1.92
decides	0.97	3.59
understands	0.97	3.59
saved	0.98	2.43
thinks	0.98	3.49
owned	0.98	2.16
happier	0.98	2.81
lucky	0.98	3.43
simple	0.98	2.82
remains	0.98	2.38
teasing	0.98	2.49
downvotes	0.98	2.73
gives	0.98	3.11
divorce	0.99	2.27
protection	0.99	2.27
dat	0.99	2.99
kidding	0.99	3.54
am	0.99	3.42
deserve	1.00	2.53
generation	1.00	2.28
humor	1.00	2.48
shape	1.00	2.25
fulfill	1.00	2.06
keeping	1.00	2.45
mission	1.00	2.10
household	1.00	2.07
receive	1.00	2.72
sane	1.00	1.79
fuckin	1.01	3.20
offering	1.01	2.86
meh	1.01	3.17
explanation	1.01	2.96
sex	1.01	2.37
guidance	1.01	2.42
recommended	1.02	2.44
happiness	1.02	2.10
respects	1.02	3.50
chooses	1.02	3.43
end	1.02	3.11
immediate	1.02	2.33
price	1.02	2.13
prize	1.03	2.49
pursuit	1.03	2.18
femininity	1.03	1.88
perfect	1.04	2.49
coworkers	1.04	2.24
relevant	1.04	2.56
option	1.05	3.41
finding	1.05	2.77
hobbies	1.05	1.85
personal	1.05	2.34
wit	1.05	2.34
excitement	1.05	1.88
nurture	1.05	2.10
relaxed	1.05	2.03
enjoyment	1.06	2.11
viable	1.06	2.50
kid	1.06	2.08
reasonably	1.06	2.38
lol	1.07	3.51
candy	1.07	2.02
tits	1.07	2.12
maintain	1.08	2.23
hopes	1.08	2.58
fund	1.08	2.49
brah	1.08	3.34
hobby	1.09	1.97
maintaining	1.09	2.22
confident	1.09	2.08
dignity	1.09	2.31
peace	1.09	2.06
conversation	1.09	2.49
crazy	1.09	2.81
hot	1.09	2.42
received	1.10	2.54
exact	1.10	3.78
short	1.10	2.33
worthy	1.10	1.94
providing	1.10	2.40
lmao	1.10	3.12
finds	1.10	3.50
op	1.10	3.54
essentially	1.11	3.55
response	1.11	2.99
crave	1.11	2.37
desired	1.11	3.08
contributing	1.11	2.41
forgot	1.11	3.44
smart	1.11	2.32
planned	1.11	2.48
round	1.12	2.15
um	1.12	3.51
48	1.12	2.26
leverage	1.12	2.22
stock	1.12	2.18
drinks	1.13	2.28
ideal	1.13	1.87
bf	1.13	2.79
friendzone	1.13	1.95
homes	1.13	2.02
contract	1.13	2.29
book	1.13	2.39
robert	1.13	2.28
permanently	1.14	2.20
families	1.14	1.98
roommate	1.14	2.70
housewife	1.14	1.86
seeks	1.14	2.76
sigh	1.15	3.05
surprise	1.15	2.79
attraction	1.15	2.36
witty	1.15	2.43
discourse	1.15	2.35
technically	1.15	3.66
child	1.15	2.16
integrity	1.15	2.30
fiction	1.15	1.94
security	1.16	2.09
pm	1.16	2.88
blowjobs	1.16	2.51
glad	1.16	3.50
offspring	1.16	2.35
potential	1.16	2.34
gtfo	1.16	3.14
cheap	1.17	2.14
house	1.17	2.07
advice	1.17	2.90
enter	1.17	2.25
quality	1.17	2.32
beauty	1.17	2.14
story	1.17	3.09
acceptable	1.18	3.05
boyfriend	1.18	2.87
investment	1.18	2.33
dreams	1.18	1.86
told	1.19	3.13
sell	1.19	2.11
mother	1.19	1.98
paragraph	1.19	2.95
silver	1.19	2.14
offers	1.20	2.67
mysterious	1.20	2.20
fantasy	1.20	1.90
courage	1.20	2.22
moms	1.21	2.06
creative	1.21	1.85
contribute	1.21	2.52
playful	1.22	2.41
irrelevant	1.22	3.58
fairness	1.23	2.40
shave	1.23	2.06
ons	1.23	2.37
good	1.24	2.64
despite	1.24	3.61
receiving	1.24	2.49
hollywood	1.25	1.97
importantly	1.25	2.28
girlfriend	1.25	2.78
dies	1.25	2.99
observation	1.25	2.65
nicely	1.25	2.37
gf	1.25	2.77
princess	1.25	1.91
noted	1.25	2.64
impress	1.26	2.71
ha	1.26	3.26
bro	1.26	3.40
wine	1.26	2.28
girlfriends	1.27	2.49
patience	1.27	2.24
dream	1.27	1.83
ending	1.27	2.22
hahaha	1.27	3.17
role	1.27	2.08
manly	1.27	1.99
neutral	1.28	2.03
wish	1.28	3.40
provide	1.28	2.55
added	1.28	2.84
trusted	1.28	2.09
stayed	1.28	2.38
brings	1.28	3.26
snowflake	1.28	2.30
suggestion	1.28	2.73
raised	1.28	2.11
strangers	1.28	2.30
stoic	1.29	2.03
ex-wife	1.29	2.59
virtue	1.29	2.35
honor	1.29	2.36
blonde	1.29	2.23
dinner	1.29	2.24
spouse	1.29	2.55
adding	1.29	2.76
whose	1.29	2.52
hero	1.30	2.05
pride	1.30	2.12
silent	1.30	2.18
indeed	1.30	2.80
cheats	1.30	3.41
selling	1.30	2.07
precisely	1.31	3.63
satisfaction	1.31	2.10
incapable	1.31	2.09
ex	1.31	2.76
stands	1.31	2.72
occasion	1.31	2.41
highest	1.32	3.26
buddies	1.32	2.58
realistic	1.33	1.90
alone	1.33	2.83
mine	1.33	2.69
divorces	1.33	2.20
fedora	1.34	1.67
golden	1.34	2.57
treats	1.34	3.25
parents	1.35	2.10
daughters	1.35	2.12
smooth	1.35	1.97
parenting	1.35	1.91
enjoying	1.36	2.40
reminder	1.36	2.35
clarity	1.36	2.37
staying	1.36	2.39
manner	1.36	2.13
ah	1.36	3.44
comment	1.37	3.00
pushes	1.37	3.12
comfortable	1.37	2.75
raise	1.37	2.16
dr	1.37	2.24
accomplished	1.37	2.26
respecting	1.38	2.01
noble	1.38	2.12
children	1.38	2.09
empathy	1.38	2.17
fellow	1.38	2.20
parent	1.38	2.10
cute	1.40	2.14
provides	1.41	2.43
cool	1.41	3.30
heh	1.41	3.19
buddy	1.41	3.16
ladies	1.41	2.51
wishes	1.42	3.08
double	1.42	2.44
remaining	1.42	2.05
raising	1.42	2.08
disney	1.42	1.82
correctly	1.43	3.48
husband	1.43	2.72
satisfy	1.43	2.07
hair	1.43	2.06
follows	1.43	3.13
friends	1.43	2.42
post	1.45	2.92
term	1.45	2.34
valid	1.45	3.65
capable	1.46	2.24
boyfriends	1.47	2.46
sons	1.47	2.16
dads	1.47	2.13
first	1.47	3.51
reward	1.48	2.18
consideration	1.48	2.47
steady	1.48	1.98
mothers	1.48	2.12
satisfied	1.48	2.89
amen	1.49	2.93
monogamy	1.49	1.90
sacrifice	1.50	2.36
thin	1.50	2.10
fathers	1.50	2.12
daughter	1.50	2.25
models	1.50	2.17
form	1.50	2.06
prince	1.50	1.86
single	1.50	2.13
optimal	1.50	3.20
expects	1.51	3.25
clever	1.51	2.50
family	1.51	2.15
select	1.51	3.12
genuinely	1.52	2.55
luck	1.52	3.14
lifetime	1.52	2.04
fit	1.52	2.32
deserved	1.52	2.26
funny	1.52	3.02
laughs	1.53	2.81
impressive	1.54	2.70
unicorn	1.54	2.19
establish	1.54	2.23
second	1.54	3.29
car	1.54	2.06
spends	1.54	3.27
praise	1.55	2.28
cars	1.55	1.93
friend	1.56	2.65
stealing	1.56	2.73
connections	1.56	2.11
houses	1.57	2.04
intelligent	1.57	2.12
tips	1.58	2.41
rough	1.58	1.97
shared	1.58	2.18
future	1.58	3.18
prospects	1.58	2.14
lover	1.58	2.30
comfort	1.58	2.19
sharp	1.59	2.10
gold	1.59	2.26
plate	1.59	2.33
sensible	1.59	2.25
update	1.59	2.46
return	1.60	2.64
loose	1.60	2.16
fiance	1.60	2.53
stays	1.60	3.11
pc	1.61	3.13
divorced	1.61	2.31
familiar	1.62	3.29
magical	1.63	1.89
edited	1.63	3.04
respect	1.63	2.49
depth	1.63	2.27
genius	1.63	2.17
calm	1.63	2.06
elaborate	1.64	2.79
firm	1.64	1.98
incorrect	1.64	3.77
summary	1.64	2.35
kids	1.65	2.11
relations	1.65	2.18
square	1.66	2.16
father	1.66	2.11
info	1.67	2.54
doormat	1.67	2.41
commentary	1.67	2.50
expect	1.67	3.49
favors	1.68	2.53
stability	1.68	2.07
warm	1.68	1.87
reply	1.69	3.00
honesty	1.69	2.13
plates	1.69	2.22
clarify	1.69	3.63
empowering	1.69	2.17
please	1.70	2.91
solid	1.70	2.03
safe	1.70	2.56
chemistry	1.70	1.98
yep	1.71	3.22
son	1.71	2.22
fwb	1.71	2.31
brothers	1.71	2.13
contrary	1.71	3.42
dressed	1.71	2.24
holy	1.72	2.84
yea	1.72	3.35
novel	1.72	1.99
mom	1.72	2.24
stay	1.73	2.34
compliment	1.73	2.37
fashion	1.73	2.05
passion	1.73	2.29
luxury	1.73	2.07
compliments	1.73	2.22
secure	1.74	2.10
rings	1.74	2.36
bud	1.74	3.04
decent	1.74	2.19
charming	1.74	2.08
priority	1.74	2.96
lady	1.76	2.00
yoga	1.76	2.06
edit	1.76	3.13
christmas	1.78	2.15
reminds	1.78	2.68
politically	1.78	2.92
supporting	1.79	1.96
belt	1.79	2.04
brand	1.79	2.08
wives	1.80	2.21
username	1.81	2.75
life	1.81	2.58
fun	1.82	2.98
uncle	1.82	2.36
ensure	1.82	3.11
birthday	1.82	2.19
welcome	1.82	2.85
alive	1.83	2.53
toys	1.83	1.99
interesting	1.83	2.67
slim	1.83	2.01
harem	1.83	1.96
gorgeous	1.83	2.15
dad	1.83	2.31
nailed	1.83	3.00
congrats	1.83	2.71
entertaining	1.83	2.55
sister	1.84	2.39
interpretation	1.84	3.50
husbands	1.84	2.22
nicer	1.85	2.58
connection	1.86	2.21
feedback	1.87	2.21
trust	1.87	3.48
his	1.89	3.13
committed	1.89	1.97
arrangement	1.89	1.96
remain	1.90	2.20
style	1.90	2.06
soul	1.94	2.11
exchange	1.94	2.44
lust	1.95	2.48
partners	1.95	2.13
inspired	1.95	2.42
someday	1.95	2.75
sisters	1.96	2.10
props	1.97	2.63
mate	1.98	2.93
buy	1.98	2.10
mates	1.98	3.00
haha	1.98	3.27
p.s	1.99	2.57
dude	1.99	3.25
owns	2.00	2.93
correctness	2.00	2.92
accurate	2.00	3.21
fascinating	2.03	2.40
gift	2.03	1.95
fulfilled	2.04	2.65
fixed	2.05	3.31
sexy	2.05	1.97
congratulations	2.05	2.70
respectable	2.06	1.72
original	2.07	3.52
marriage	2.08	2.04
quiet	2.08	1.94
wife	2.09	2.96
legit	2.13	2.85
insightful	2.13	2.07
makeup	2.13	2.11
ltrs	2.14	2.11
reserved	2.14	1.74
haircut	2.14	2.10
together	2.14	2.78
analysis	2.15	2.36
damn	2.16	3.11
apart	2.16	2.53
dear	2.16	2.19
cheers	2.17	2.77
dressing	2.17	2.14
buys	2.17	2.30
marriages	2.17	2.66
suggestions	2.18	2.32
fits	2.18	1.98
happily	2.19	2.60
fairy	2.19	2.38
pocket	2.20	2.11
suitable	2.20	2.73
submissive	2.22	1.83
ideally	2.22	2.69
wedding	2.23	2.08
ring	2.23	2.11
yup	2.24	3.03
bought	2.26	2.08
tale	2.26	2.26
stable	2.27	1.88
long-term	2.27	2.05
intimate	2.28	2.17
successful	2.30	2.33
input	2.30	2.32
contribution	2.31	2.10
ltr	2.32	2.10
married	2.32	2.77
fall	2.32	2.85
whom	2.33	2.56
supports	2.33	3.08
tip	2.34	2.31
constructive	2.34	2.09
glasses	2.34	2.03
helpful	2.34	1.88
compassion	2.35	2.62
casual	2.35	2.04
unique	2.37	2.36
mutually	2.38	2.19
epic	2.39	2.24
spelling	2.40	3.23
heels	2.42	2.06
partner	2.43	2.03
enjoy	2.44	2.55
sir	2.44	2.43
meaningful	2.44	2.22
ties	2.45	1.97
reliable	2.46	1.97
clothing	2.46	2.08
fr	2.47	2.24
insight	2.47	2.11
tight	2.49	1.99
bonding	2.50	2.17
bond	2.51	2.19
long	2.51	2.65
great	2.51	2.43
passionate	2.52	1.77
recommend	2.55	2.43
friendships	2.56	2.19
illusion	2.57	2.20
closest	2.57	2.57
gentleman	2.57	2.25
commitment	2.62	2.22
fulfilling	2.64	2.29
functional	2.64	2.24
gifts	2.65	2.06
relationships	2.66	2.07
bodies	2.66	2.34
wow	2.67	2.88
promise	2.67	2.59
exclusive	2.70	2.54
hat	2.71	1.93
feminine	2.71	1.87
10/10	2.71	2.43
romance	2.75	2.39
tie	2.75	2.04
brave	2.76	2.23
button	2.78	1.96
lasting	2.78	2.15
shirt	2.81	2.01
pants	2.81	2.03
cousin	2.85	2.47
truly	2.86	2.28
suit	2.88	2.04
loyalty	2.88	2.75
grateful	2.89	1.90
freaking	2.90	2.59
faithful	2.90	1.91
excellent	2.93	2.37
wearing	2.96	2.03
mr	2.99	2.08
brother	3.01	2.10
spot	3.03	2.47
honest	3.03	2.18
appreciated	3.04	1.46
thanks	3.05	2.50
expensive	3.05	2.45
forever	3.05	2.50
monogamous	3.06	2.30
proud	3.14	1.81
sensitive	3.15	2.06
upvote	3.15	2.55
companionship	3.15	2.54
loyal	3.17	1.89
buying	3.17	2.37
romantic	3.18	2.28
affection	3.21	2.49
soft	3.26	1.96
clothes	3.26	2.39
fancy	3.26	2.37
kind	3.28	2.25
btw	3.28	2.76
pair	3.28	1.77
intimacy	3.30	2.49
kindness	3.31	2.32
mutual	3.37	2.45
appreciate	3.37	2.03
friendship	3.39	2.46
relationship	3.40	2.21
supportive	3.40	1.77
dress	3.44	2.32
unconditional	3.46	2.49
wears	3.47	2.03
polite	3.48	2.08
friendly	3.50	2.08
genuine	3.51	2.15
suits	3.53	2.28
shoes	3.59	2.25
jeans	3.59	2.21
wear	3.59	2.25
flowers	3.61	1.99
brilliant	3.67	2.29
humble	3.69	1.96
sharing	3.72	2.07
beautiful	3.75	1.91
generous	3.79	1.97
caring	3.81	1.96
respectful	3.82	1.94
incredible	3.84	1.97
enjoyed	3.88	1.43
nurturing	3.89	1.89
loving	3.89	1.86
thank	3.93	2.18
pleasant	3.99	1.90
sweet	4.02	1.65
wonderful	4.36	1.26
