flu	-4.58	0.79
pain	-4.27	1.25
cramps	-4.25	1.24
nausea	-4.24	1.25
cause	-4.23	0.84
rid	-4.21	0.77
stomach	-4.13	1.22
intense	-4.05	1.25
poops	-4.05	1.09
experiencing	-4.01	1.24
mood	-3.97	1.21
mild	-3.95	1.19
headache	-3.85	1.16
hangover	-3.83	1.17
horrific	-3.83	1.27
pms	-3.78	1.27
cramp	-3.76	1.24
worse	-3.73	1.09
cramping	-3.64	1.07
caused	-3.63	1.12
poop	-3.57	1.24
swings	-3.56	1.07
painful	-3.55	1.23
miserable	-3.54	1.60
migraines	-3.54	1.03
symptoms	-3.53	0.96
causes	-3.51	1.13
gross	-3.44	0.97
bad	-3.43	1.12
smelled	-3.39	1.40
sore	-3.34	0.95
urine	-3.33	1.56
brutal	-3.33	1.37
sweat	-3.30	1.46
sweaty	-3.30	1.39
unpleasant	-3.29	1.28
bacteria	-3.29	1.44
messy	-3.26	1.24
constant	-3.25	1.19
experienced	-3.24	1.37
smell	-3.20	1.51
greasy	-3.15	1.40
suffering	-3.13	0.87
ridiculous	-3.12	1.39
bleeding	-3.11	1.01
chemical	-3.10	1.56
menstrual	-3.01	0.88
severe	-3.01	0.88
infection	-3.00	0.83
hateful	-3.00	1.46
dislike	-3.00	1.47
drives	-2.99	1.45
uti	-2.99	0.86
insertion	-2.98	1.01
shitty	-2.94	1.42
smelling	-2.93	1.60
diva	-2.93	1.55
dealing	-2.92	1.23
shits	-2.92	0.88
rejected	-2.89	1.59
chronic	-2.87	0.87
bladder	-2.87	0.84
toxic	-2.86	1.53
acne	-2.84	1.00
dirty	-2.83	1.57
periods	-2.80	1.03
discomfort	-2.80	0.95
spotting	-2.78	1.05
scary	-2.76	1.50
annoying	-2.75	1.66
infections	-2.75	0.86
causing	-2.74	0.91
yeast	-2.72	0.86
cycles	-2.70	1.02
prone	-2.70	0.93
period	-2.69	1.05
shame	-2.69	1.52
nonsense	-2.66	1.29
everywhere	-2.65	1.26
embarrassing	-2.65	1.30
overall	-2.63	1.67
nightmare	-2.63	1.35
antibiotics	-2.60	0.85
hatred	-2.59	1.53
occasional	-2.58	0.99
sick	-2.57	2.15
plus	-2.55	1.53
blame	-2.55	1.67
suffer	-2.55	0.90
hating	-2.54	1.73
flow	-2.53	0.93
hurts	-2.53	1.38
ibuprofen	-2.53	0.96
bleed	-2.52	1.00
exhausting	-2.49	1.71
pee	-2.48	0.92
granted	-2.47	1.48
minor	-2.47	0.91
heavy	-2.47	0.96
poo	-2.46	0.98
death	-2.46	1.68
suck	-2.44	1.49
vomit	-2.44	1.00
pcos	-2.43	0.96
menstruation	-2.43	0.95
discharge	-2.42	0.92
uncomfortable	-2.41	2.01
sudden	-2.41	0.95
blood	-2.41	0.90
smells	-2.38	1.67
exhausted	-2.38	2.50
negative	-2.37	1.75
crap	-2.37	1.47
minimal	-2.36	0.97
cycle	-2.35	0.99
pathetic	-2.34	1.84
guilty	-2.33	2.50
mras	-2.32	1.69
lonely	-2.32	2.53
syndrome	-2.31	0.88
piss	-2.30	1.08
massive	-2.29	1.45
immune	-2.29	0.92
slight	-2.29	0.92
irritated	-2.28	2.58
depressed	-2.27	2.75
pooping	-2.27	0.86
diagnosed	-2.24	0.97
afterwards	-2.24	0.93
depression	-2.24	1.00
heavier	-2.24	0.98
anxiety	-2.23	1.01
feeling	-2.22	2.11
disgusting	-2.22	1.35
feel	-2.21	2.01
evil	-2.20	1.36
awkward	-2.20	1.97
felt	-2.18	2.11
picked	-2.18	1.52
extreme	-2.17	0.87
frustrating	-2.15	1.71
anxious	-2.14	2.82
bow	-2.13	1.69
mentality	-2.13	1.63
hormonal	-2.12	0.96
sticky	-2.12	1.18
complain	-2.11	1.91
peeing	-2.11	0.88
hormone	-2.10	0.92
frustrated	-2.10	2.96
ovulation	-2.10	0.94
semen	-2.10	1.04
reduce	-2.09	0.92
disorder	-2.09	1.00
strange	-2.09	1.45
suffered	-2.09	0.94
illness	-2.09	0.94
suspicious	-2.08	2.74
unreasonable	-2.08	1.86
upsetting	-2.06	1.89
stress	-2.06	1.06
hurt	-2.05	1.58
labor	-2.05	0.95
overwhelmed	-2.05	2.84
bitter	-2.04	2.23
stressed	-2.03	2.82
caught	-2.03	1.68
hurtful	-2.03	1.16
cure	-2.02	0.94
bizarre	-2.01	1.41
tired	-2.01	2.82
disease	-2.00	0.96
vag	-2.00	1.05
due	-2.00	0.95
combined	-2.00	0.93
associate	-2.00	1.91
upset	-1.99	2.86
injury	-1.99	0.95
boring	-1.98	2.05
distracted	-1.98	2.33
icky	-1.98	1.00
farts	-1.98	1.03
makes	-1.97	2.30
insecure	-1.96	2.64
trapped	-1.95	1.30
angry	-1.95	2.97
uterus	-1.95	0.90
unlike	-1.95	1.63
freaked	-1.94	2.89
itchy	-1.94	1.14
hormones	-1.94	0.95
lead	-1.93	0.98
crazy	-1.93	1.37
cry	-1.92	2.28
grumpy	-1.92	2.73
ease	-1.92	0.88
sensation	-1.91	1.00
result	-1.91	0.98
relieved	-1.90	2.93
annoyed	-1.90	3.02
little	-1.89	2.25
horny	-1.89	2.97
unfair	-1.89	1.23
mad	-1.89	2.84
throat	-1.89	0.96
terrified	-1.89	2.99
disgusted	-1.89	2.97
fluid	-1.89	0.98
mirena	-1.89	0.99
memories	-1.89	1.44
familiar	-1.89	1.46
confused	-1.88	2.97
pissed	-1.88	2.98
attacks	-1.88	0.95
bug	-1.87	1.03
messed	-1.87	1.61
amused	-1.86	2.86
deodorant	-1.86	1.31
cervix	-1.86	0.91
embarrassed	-1.85	2.97
grossed	-1.85	2.49
problematic	-1.85	2.01
offended	-1.85	2.63
paranoid	-1.84	3.03
iud	-1.84	0.98
effects	-1.84	0.98
mess	-1.84	1.15
irritating	-1.84	1.47
infuriating	-1.83	1.58
scare	-1.83	1.33
hypocritical	-1.83	1.24
prevent	-1.83	0.98
ashamed	-1.83	2.89
bored	-1.83	2.60
bit	-1.82	2.15
complicated	-1.82	1.34
childish	-1.81	1.32
panic	-1.81	1.10
problems	-1.80	1.10
tampon	-1.80	0.85
disrespectful	-1.78	1.20
nervous	-1.78	2.91
pisses	-1.78	1.36
disappointing	-1.77	2.01
disappointment	-1.77	0.99
sharp	-1.77	1.01
scared	-1.76	3.01
horrifying	-1.75	1.54
damage	-1.74	1.01
insulting	-1.74	1.20
medication	-1.74	1.06
disappointed	-1.73	3.01
violent	-1.73	0.93
hostile	-1.72	1.31
misogynistic	-1.72	1.10
fear	-1.72	1.17
mental	-1.71	1.03
ill	-1.71	2.01
ignorant	-1.71	1.19
complains	-1.71	2.30
crappy	-1.71	1.61
childbirth	-1.70	0.98
referred	-1.70	1.66
scented	-1.70	1.20
fart	-1.69	0.98
implant	-1.69	0.96
occur	-1.68	1.27
puke	-1.68	1.11
depo	-1.68	0.98
crying	-1.67	2.08
mistaken	-1.67	2.43
monthly	-1.67	0.96
hungry	-1.67	2.62
defensive	-1.67	2.51
afterward	-1.66	1.02
obnoxious	-1.65	1.24
fucked	-1.65	1.72
condition	-1.65	0.98
idiot	-1.64	1.65
unfortunate	-1.64	1.62
rude	-1.64	1.24
inappropriate	-1.63	1.23
pressure	-1.63	0.98
stressful	-1.62	1.51
by	-1.62	2.09
copper	-1.61	1.00
calls	-1.61	2.36
insulted	-1.61	1.83
difficult	-1.61	1.39
raging	-1.60	1.14
bloody	-1.60	0.97
struggling	-1.59	1.18
clueless	-1.59	1.65
cells	-1.59	1.01
am	-1.59	2.66
sexist	-1.59	1.14
conscious	-1.59	2.68
flush	-1.58	1.05
dose	-1.58	1.01
dramatic	-1.58	1.69
worthless	-1.57	1.19
immature	-1.57	1.35
libido	-1.57	0.99
owner	-1.57	1.86
restroom	-1.56	1.00
toilet	-1.56	1.01
opposite	-1.56	1.98
creepy	-1.56	1.26
believes	-1.55	2.48
freak	-1.55	2.04
shallow	-1.55	1.29
inserted	-1.55	0.93
horrified	-1.55	2.67
admit	-1.54	2.24
stains	-1.54	1.13
gain	-1.54	1.01
timing	-1.53	1.61
manipulative	-1.53	1.24
mentions	-1.53	2.46
cum	-1.53	0.99
irrational	-1.52	1.22
worried	-1.52	2.66
lighter	-1.52	1.05
shocked	-1.52	2.55
strings	-1.51	0.93
unnecessary	-1.51	1.24
excuse	-1.51	1.57
afraid	-1.50	2.43
judged	-1.50	1.69
implanon	-1.50	1.01
obsessed	-1.50	2.08
guilt	-1.50	1.07
struggled	-1.50	1.09
wipe	-1.50	1.01
pills	-1.49	1.03
misogyny	-1.49	0.95
pointless	-1.49	1.36
wreck	-1.49	1.18
avoiding	-1.49	1.16
bc	-1.49	1.00
depressing	-1.48	1.71
string	-1.48	1.03
cringe	-1.48	1.78
outright	-1.47	1.17
cruel	-1.47	1.27
negativity	-1.47	1.09
desperate	-1.46	1.85
pill	-1.46	1.01
less	-1.46	1.46
dealt	-1.46	1.22
controlling	-1.45	1.20
insensitive	-1.45	1.27
functions	-1.45	1.07
protect	-1.45	1.13
chest	-1.45	0.94
bitching	-1.45	1.11
entitled	-1.44	1.35
vagina	-1.44	0.96
misogynist	-1.43	1.03
wipes	-1.43	0.88
unsure	-1.42	2.24
than	-1.42	1.28
risk	-1.41	1.16
conditions	-1.41	1.01
shitting	-1.41	0.99
violated	-1.40	1.89
justified	-1.40	2.33
arms	-1.40	0.92
lining	-1.40	0.89
behavior	-1.40	1.17
bothered	-1.39	2.10
shorter	-1.39	1.13
bullshit	-1.39	1.18
crotch	-1.39	1.06
iuds	-1.38	1.02
tricky	-1.38	1.33
stupid	-1.37	1.35
made	-1.37	2.13
develop	-1.36	0.98
vulva	-1.36	1.06
concerned	-1.36	2.55
removal	-1.36	0.95
smear	-1.36	0.94
whining	-1.36	1.36
brain	-1.36	0.93
weird	-1.36	1.68
psychological	-1.36	1.07
remove	-1.35	1.08
marks	-1.35	0.96
moment	-1.35	1.80
bothers	-1.35	1.31
affects	-1.34	1.10
trigger	-1.34	1.02
wondering	-1.34	2.57
offensive	-1.34	1.28
harmful	-1.34	1.18
sadness	-1.33	1.16
stall	-1.33	1.02
judgmental	-1.33	1.31
fewer	-1.32	1.23
lower	-1.31	1.04
petty	-1.31	1.37
hide	-1.31	1.39
usual	-1.31	1.33
motion	-1.31	0.94
longer	-1.31	1.36
constantly	-1.31	2.01
bodily	-1.31	1.08
initial	-1.31	1.04
seat	-1.30	1.01
surprised	-1.30	2.52
cough	-1.30	0.81
hard	-1.30	2.05
easier	-1.29	1.41
trauma	-1.29	1.04
blown	-1.29	1.05
avoid	-1.29	1.22
victim	-1.28	1.28
scenario	-1.28	1.91
harder	-1.28	1.37
vaginal	-1.28	0.90
prescription	-1.28	1.02
teenager	-1.27	1.73
behaviour	-1.27	1.18
pressured	-1.27	1.44
sperm	-1.27	1.01
thighs	-1.27	0.93
excitement	-1.27	1.10
rage	-1.26	1.34
implying	-1.26	2.90
leads	-1.26	1.11
acting	-1.26	1.35
dangerous	-1.26	1.23
shoulders	-1.26	0.94
denial	-1.25	1.03
overwhelming	-1.25	1.18
towards	-1.25	1.13
pads	-1.25	0.88
wet	-1.24	1.21
complete	-1.24	1.11
addiction	-1.24	1.02
abusive	-1.24	1.09
insecurity	-1.24	1.12
grief	-1.24	1.09
balls	-1.24	1.00
tampons	-1.24	0.90
scars	-1.24	0.96
peed	-1.23	1.04
bled	-1.22	1.03
aggressive	-1.22	1.27
shy	-1.22	2.34
pad	-1.22	0.90
much	-1.22	1.85
condescending	-1.22	1.25
fish	-1.21	1.15
emotional	-1.21	1.01
useless	-1.21	1.39
secretly	-1.21	1.64
acid	-1.21	0.98
odd	-1.21	1.49
selfish	-1.21	1.30
control	-1.21	1.05
garbage	-1.21	0.91
suicide	-1.21	1.10
butt	-1.21	0.95
shark	-1.20	1.01
excuses	-1.20	1.20
attacked	-1.20	1.43
normal	-1.20	2.38
patch	-1.20	0.97
birth	-1.19	1.02
tearing	-1.19	1.09
justify	-1.19	1.59
bitchy	-1.19	1.51
changes	-1.19	1.18
confusing	-1.19	1.32
anti	-1.19	0.91
clean	-1.19	1.07
bs	-1.19	1.04
frustration	-1.18	1.16
racist	-1.18	1.17
meds	-1.18	1.10
jerk	-1.18	1.27
rape	-1.18	1.28
spray	-1.18	1.11
sexism	-1.17	1.01
racism	-1.17	0.99
convinced	-1.16	1.82
determine	-1.16	1.45
damaging	-1.16	1.20
potentially	-1.16	1.27
guard	-1.16	1.37
thoroughly	-1.16	1.88
anger	-1.15	1.12
crime	-1.15	1.28
curious	-1.15	2.46
sort	-1.15	1.56
treatment	-1.15	1.05
imply	-1.15	3.02
hairy	-1.14	1.03
assholes	-1.14	1.17
burning	-1.14	0.90
expensive	-1.14	1.48
embarrassment	-1.14	1.12
crushing	-1.13	1.16
belly	-1.13	0.93
stream	-1.13	0.86
disappear	-1.13	1.40
trash	-1.13	1.02
boob	-1.12	1.07
expected	-1.12	1.84
busy	-1.12	2.15
die	-1.12	1.50
nicer	-1.11	1.28
talks	-1.11	2.76
pregnant	-1.11	1.80
must	-1.11	2.18
physical	-1.10	1.06
enjoyable	-1.10	1.18
victims	-1.10	1.18
removing	-1.10	1.28
immediate	-1.10	1.06
waxing	-1.10	1.05
retarded	-1.09	1.22
tells	-1.09	2.76
tp	-1.09	0.98
crimes	-1.09	1.29
impressed	-1.09	2.70
accident	-1.08	1.11
cleaning	-1.08	1.11
armpit	-1.08	1.09
scares	-1.08	1.11
towels	-1.07	1.02
impact	-1.07	1.16
demanding	-1.07	1.19
shamed	-1.06	1.20
change	-1.06	1.80
simple	-1.06	1.41
pregnancy	-1.06	1.08
assumes	-1.06	2.67
stronger	-1.06	1.25
blaming	-1.06	1.36
missing	-1.06	2.51
sees	-1.06	2.83
function	-1.06	1.35
naive	-1.06	1.37
commit	-1.06	1.32
unhappy	-1.06	2.85
rapist	-1.06	1.36
moments	-1.05	1.16
muscles	-1.05	1.00
increased	-1.05	1.05
handling	-1.05	1.42
harm	-1.05	1.32
standard	-1.05	1.39
hip	-1.05	0.95
cares	-1.04	2.84
harassed	-1.04	1.27
stage	-1.04	1.14
relief	-1.04	1.10
prefers	-1.04	2.74
accused	-1.04	1.36
pig	-1.04	1.03
removed	-1.04	1.03
tom	-1.03	1.65
skip	-1.03	1.24
lasts	-1.03	1.17
threatened	-1.03	1.38
legitimately	-1.03	1.90
drive	-1.03	1.03
pretending	-1.03	1.76
backwards	-1.03	1.18
bathroom	-1.02	1.06
shampoo	-1.02	1.14
twisted	-1.02	1.16
oblivious	-1.02	1.36
same	-1.02	2.58
catching	-1.01	1.16
somehow	-1.01	1.66
blatantly	-1.01	1.32
surgery	-1.01	1.03
jerks	-1.01	1.23
murder	-1.00	1.20
trouble	-1.00	1.49
pushed	-1.00	1.27
worth	-1.00	2.68
create	-1.00	1.29
lately	-1.00	1.35
prison	-1.00	1.27
release	-1.00	1.00
drugs	-1.00	1.00
significantly	-0.99	1.30
bias	-0.99	1.33
whatnot	-0.99	1.11
jail	-0.99	1.33
preventing	-0.99	1.20
scalp	-0.99	1.00
effect	-0.99	1.27
caffeine	-0.99	0.96
temporary	-0.98	1.11
attack	-0.98	1.17
jaw	-0.98	0.96
emotions	-0.98	1.17
noise	-0.98	1.18
medications	-0.97	1.09
expecting	-0.97	2.04
nerve	-0.97	1.10
attached	-0.97	1.23
lame	-0.97	1.43
tissue	-0.96	0.97
abuse	-0.96	1.11
violence	-0.96	1.12
tubes	-0.96	1.06
otherwise	-0.96	3.32
likes	-0.96	2.85
essentially	-0.96	1.46
says	-0.95	2.75
ignorance	-0.95	1.09
innocent	-0.95	1.28
allergy	-0.95	0.95
allergies	-0.95	1.03
claiming	-0.95	1.44
procedure	-0.95	1.06
unacceptable	-0.95	1.17
asshole	-0.95	1.28
puts	-0.95	2.23
combat	-0.94	1.05
organs	-0.94	1.05
facing	-0.94	1.25
loser	-0.94	1.29
dirt	-0.94	0.87
convenient	-0.94	1.32
unattractive	-0.94	1.03
greatest	-0.94	2.30
understands	-0.94	2.62
freaks	-0.93	1.35
calling	-0.93	1.20
shock	-0.93	1.01
ego	-0.93	1.35
switched	-0.93	1.09
genuinely	-0.92	1.95
neckbeard	-0.92	1.18
impossible	-0.92	1.67
balance	-0.92	1.19
permanent	-0.92	1.08
despite	-0.92	1.19
breath	-0.92	1.11
idiots	-0.92	1.22
gag	-0.92	1.35
slightly	-0.92	1.60
air	-0.91	1.05
mra	-0.91	1.17
tiny	-0.91	1.21
kill	-0.91	1.40
pregnancies	-0.91	1.18
showering	-0.91	1.08
unless	-0.90	3.35
overly	-0.90	1.74
severely	-0.90	1.47
attitudes	-0.90	1.24
shaming	-0.90	1.18
feminists	-0.90	1.26
enjoys	-0.90	2.81
pap	-0.89	1.03
jealousy	-0.89	1.17
assume	-0.89	3.33
make	-0.89	2.20
truth	-0.89	2.92
significant	-0.89	1.16
flat	-0.89	1.14
complaining	-0.89	1.50
truck	-0.89	0.88
cleaned	-0.89	1.14
thankfully	-0.89	1.15
filled	-0.88	1.07
ugh	-0.88	1.72
understand	-0.88	3.33
charged	-0.88	1.44
assault	-0.88	1.19
proven	-0.88	1.61
shots	-0.88	0.91
needing	-0.87	1.34
masculinity	-0.87	1.16
washed	-0.87	1.08
moron	-0.87	1.18
medicine	-0.87	1.08
upper	-0.87	0.97
regular	-0.87	1.29
intentionally	-0.87	1.35
harassment	-0.87	1.01
simultaneously	-0.86	1.80
pits	-0.86	1.06
accusations	-0.86	1.34
alas	-0.86	1.14
health	-0.86	1.21
conditioner	-0.86	1.05
inclined	-0.86	2.18
abused	-0.86	1.36
issues	-0.86	1.26
nipples	-0.86	0.99
laid	-0.86	1.55
rejection	-0.85	1.04
matter	-0.85	3.31
rapists	-0.85	1.28
risks	-0.85	1.20
internal	-0.85	1.03
light	-0.85	0.95
their	-0.85	1.41
confusion	-0.85	1.15
silly	-0.85	1.76
std	-0.85	1.10
perceived	-0.85	1.29
driving	-0.85	0.99
being	-0.85	1.42
regret	-0.85	1.54
growth	-0.85	1.05
clearly	-0.84	2.92
effective	-0.84	1.09
possibly	-0.84	1.88
pile	-0.84	1.00
joking	-0.84	2.54
pleased	-0.84	3.00
self	-0.84	1.26
stigma	-0.83	1.18
bathrooms	-0.83	1.03
followed	-0.83	1.02
car	-0.83	0.97
situations	-0.83	1.32
ran	-0.83	1.42
labia	-0.83	1.00
tolerance	-0.83	1.14
creates	-0.83	1.08
stimulation	-0.83	0.84
societal	-0.83	1.18
douchebag	-0.82	1.28
raped	-0.82	1.37
bugs	-0.82	1.05
butthurt	-0.82	1.45
armpits	-0.82	1.08
cunt	-0.82	1.19
vaginas	-0.82	1.10
taking	-0.82	1.55
offend	-0.81	2.11
serious	-0.81	1.25
deeply	-0.81	1.41
drunk	-0.81	2.00
spit	-0.81	1.10
switch	-0.81	1.17
directed	-0.81	1.13
lazy	-0.81	1.88
threat	-0.81	1.07
stretch	-0.81	1.02
etc	-0.81	1.28
tested	-0.81	1.35
danger	-0.80	1.34
resort	-0.80	1.05
scent	-0.80	1.23
orgasm	-0.80	0.84
fool	-0.80	1.37
easily	-0.80	1.63
assaulted	-0.80	1.22
runs	-0.80	1.18
drove	-0.80	1.03
traffic	-0.80	0.99
more	-0.80	1.70
drunken	-0.80	1.03
why	-0.80	3.41
absolute	-0.79	1.96
lying	-0.79	1.80
methods	-0.79	1.14
brains	-0.79	1.22
nothing	-0.79	3.33
consequences	-0.79	1.27
lotion	-0.79	1.09
better	-0.79	1.69
increase	-0.79	1.18
defending	-0.79	1.54
tube	-0.78	0.98
seem	-0.78	2.36
driver	-0.78	0.97
poor	-0.78	1.73
bitches	-0.78	1.20
ew	-0.78	1.64
thinks	-0.78	2.67
esteem	-0.78	1.15
laundry	-0.78	1.10
emotion	-0.78	1.18
monster	-0.78	1.18
teenage	-0.77	1.52
lot	-0.77	1.84
yelled	-0.77	1.35
sjw	-0.77	1.22
creeps	-0.77	1.14
avoided	-0.77	1.25
sheer	-0.77	1.21
abortions	-0.77	1.23
deny	-0.77	1.59
wins	-0.76	2.44
attract	-0.76	1.37
gets	-0.76	1.59
gyno	-0.76	1.04
holes	-0.76	1.13
likely	-0.76	1.89
prefer	-0.76	1.19
genetic	-0.76	1.06
physically	-0.76	1.34
average	-0.76	1.30
redpill	-0.76	0.98
bigger	-0.75	1.29
affected	-0.75	1.27
sobbing	-0.75	1.35
unrealistic	-0.75	1.27
joy	-0.75	1.18
broken	-0.75	1.18
defend	-0.75	1.74
rinse	-0.75	1.00
tests	-0.75	1.12
believing	-0.75	1.65
leak	-0.74	1.09
e.g	-0.74	1.04
guessing	-0.74	2.07
mock	-0.74	1.54
cops	-0.74	1.25
funnier	-0.74	1.34
cheaper	-0.74	1.32
normally	-0.74	2.03
doing	-0.74	3.24
bum	-0.74	1.04
tummy	-0.74	0.96
self-esteem	-0.74	1.12
placed	-0.74	1.05
shooting	-0.74	1.15
smaller	-0.73	1.21
costs	-0.73	1.36
doubt	-0.73	3.10
obvious	-0.73	1.54
arm	-0.73	0.96
lies	-0.73	1.53
heavily	-0.73	1.44
sluts	-0.73	1.19
contraception	-0.73	1.13
boobs	-0.73	1.03
pulled	-0.73	1.10
expectations	-0.73	1.32
taller	-0.72	1.22
burn	-0.72	1.03
stereotypes	-0.72	1.22
socially	-0.72	1.40
judging	-0.72	1.82
notion	-0.72	1.37
something	-0.72	3.33
ovaries	-0.72	1.03
dishes	-0.72	1.07
messing	-0.72	1.33
handle	-0.72	1.97
screwed	-0.72	1.39
supposed	-0.72	3.38
feminist	-0.72	1.34
unhealthy	-0.72	1.15
save	-0.71	1.59
aside	-0.71	1.16
slightest	-0.71	1.51
focused	-0.71	1.42
toward	-0.71	1.19
paper	-0.71	0.96
false	-0.71	1.50
therapy	-0.71	1.19
penis	-0.71	1.04
sink	-0.71	1.03
discrimination	-0.71	1.12
unemployed	-0.71	1.59
arguing	-0.70	1.79
fault	-0.70	2.13
vulnerable	-0.70	1.78
philosophy	-0.70	1.08
soap	-0.70	1.02
weirdo	-0.70	1.53
believed	-0.70	1.07
saying	-0.70	3.34
whole	-0.70	2.50
test	-0.70	1.17
stuck	-0.69	1.35
suddenly	-0.69	1.42
gut	-0.69	1.13
exist	-0.69	2.36
system	-0.69	1.23
levels	-0.69	1.08
getting	-0.69	2.07
drain	-0.69	0.99
frequently	-0.69	1.20
bitch	-0.69	1.24
track	-0.68	1.10
offense	-0.68	1.47
bodies	-0.68	1.18
finals	-0.68	1.40
knees	-0.68	0.98
take	-0.68	1.85
faster	-0.68	1.47
bubble	-0.68	1.08
mean	-0.68	3.40
difficulty	-0.68	1.20
faced	-0.68	1.25
cents	-0.67	1.40
educate	-0.67	1.66
fact	-0.67	3.30
mildly	-0.67	1.68
ride	-0.67	1.05
unlikely	-0.67	1.33
ignored	-0.67	1.24
affect	-0.67	1.35
reject	-0.67	1.34
maintenance	-0.67	1.08
unexpected	-0.67	1.34
fed	-0.67	1.72
switching	-0.67	1.02
denying	-0.66	1.92
and/or	-0.66	1.46
biggest	-0.66	2.43
sucked	-0.66	1.18
leading	-0.66	1.03
cancer	-0.66	1.09
teenagers	-0.66	1.40
encountered	-0.66	2.52
hips	-0.66	1.02
latter	-0.66	1.71
medical	-0.66	1.15
assuming	-0.66	2.44
attacking	-0.65	1.79
threatening	-0.65	1.10
product	-0.65	1.10
bleach	-0.65	1.00
catch	-0.65	1.83
tattoos	-0.65	0.98
patriarchy	-0.65	1.14
exams	-0.65	1.32
disturbing	-0.65	1.30
burst	-0.65	1.51
insane	-0.65	1.51
yell	-0.65	1.55
nuts	-0.65	0.90
hurting	-0.65	1.94
attitude	-0.65	1.39
related	-0.65	1.15
disabled	-0.65	1.35
breast	-0.64	1.04
tends	-0.64	1.45
total	-0.64	1.18
attempt	-0.64	1.50
pops	-0.64	0.97
knowing	-0.64	2.51
safer	-0.64	1.33
stereotype	-0.64	1.16
act	-0.64	1.47
pool	-0.64	1.11
including	-0.64	1.22
threats	-0.63	1.05
poking	-0.63	1.24
tears	-0.63	1.30
tend	-0.63	1.58
point	-0.63	3.13
police	-0.63	1.19
suspect	-0.63	1.12
standards	-0.63	1.41
clitoris	-0.63	0.97
considering	-0.63	1.68
hardest	-0.63	2.44
either	-0.63	3.37
against	-0.63	1.28
frankly	-0.63	1.53
negatively	-0.63	1.40
googled	-0.63	1.92
piece	-0.62	1.25
remembering	-0.62	1.36
figuring	-0.62	1.55
society	-0.62	1.26
small	-0.62	1.13
treats	-0.62	2.52
no	-0.62	3.16
drop	-0.62	1.31
recognize	-0.62	2.01
breasts	-0.62	1.05
minus	-0.62	1.18
illegal	-0.62	1.31
associated	-0.62	1.15
managed	-0.62	1.66
basement	-0.62	1.30
merely	-0.62	1.69
wash	-0.61	1.02
loud	-0.61	1.32
side	-0.61	1.54
empty	-0.61	0.99
seemed	-0.61	1.65
pride	-0.61	1.27
solve	-0.61	1.88
spreading	-0.61	1.29
awake	-0.61	1.65
bones	-0.61	1.04
aspect	-0.61	1.26
scream	-0.61	1.46
shoulder	-0.61	1.01
stain	-0.61	1.00
acceptance	-0.61	1.28
tolerate	-0.61	2.23
smoke	-0.61	1.08
punishment	-0.61	1.22
developed	-0.61	1.18
odds	-0.61	1.34
cried	-0.61	1.50
report	-0.61	1.25
radical	-0.60	1.33
became	-0.60	1.36
complained	-0.60	1.45
developing	-0.60	1.18
include	-0.60	1.05
kills	-0.60	1.13
needless	-0.60	1.29
panties	-0.60	0.96
inherently	-0.60	1.36
tongue	-0.60	1.02
additional	-0.60	1.20
emotionally	-0.59	1.36
flag	-0.59	1.11
stopping	-0.59	1.36
insecurities	-0.59	1.23
signs	-0.59	1.24
brings	-0.59	1.87
interested	-0.59	2.30
wondered	-0.59	1.65
relax	-0.59	1.33
cloth	-0.59	0.92
hands	-0.59	1.03
percentage	-0.59	1.19
sometimes	-0.58	2.28
blind	-0.58	1.23
volume	-0.58	1.04
nature	-0.58	1.19
complex	-0.58	1.34
criminal	-0.58	1.23
mentally	-0.58	1.36
creep	-0.58	1.26
bun	-0.58	1.08
spread	-0.58	1.11
larger	-0.58	1.17
often	-0.58	1.91
reduced	-0.58	1.14
decides	-0.58	2.16
towel	-0.58	1.00
claimed	-0.58	1.32
get	-0.58	2.36
genitals	-0.58	1.07
harassing	-0.58	1.16
therapist	-0.57	1.24
breathe	-0.57	1.56
cases	-0.57	1.40
pick	-0.57	2.00
charge	-0.57	1.23
realise	-0.57	2.25
lasted	-0.57	1.26
means	-0.57	3.14
burden	-0.57	1.29
vocal	-0.57	1.11
aware	-0.57	2.14
ruining	-0.57	1.31
world	-0.57	2.66
tail	-0.57	1.13
factors	-0.57	1.47
hits	-0.57	1.13
generalization	-0.56	1.69
weed	-0.56	1.03
overnight	-0.56	1.09
bone	-0.56	1.02
reproductive	-0.56	1.13
punching	-0.56	1.22
admittedly	-0.56	1.19
awkwardly	-0.56	1.42
ever	-0.56	2.60
judge	-0.56	2.29
gas	-0.56	1.04
react	-0.56	1.87
appear	-0.56	1.47
oppression	-0.56	1.19
huge	-0.56	1.42
clit	-0.56	0.95
deeper	-0.56	1.21
ignore	-0.56	1.74
closer	-0.56	1.36
weirdest	-0.55	2.41
called	-0.55	1.17
believe	-0.55	2.82
statements	-0.55	1.53
higher	-0.55	1.16
toe	-0.55	1.03
thigh	-0.55	0.98
mode	-0.55	1.10
necessarily	-0.55	2.58
poke	-0.55	1.17
insults	-0.55	1.20
unusual	-0.55	1.20
regularly	-0.55	1.25
prove	-0.55	2.11
plain	-0.54	1.28
threw	-0.54	1.13
boner	-0.54	0.89
following	-0.54	1.15
screaming	-0.54	1.40
alternative	-0.54	1.19
thrown	-0.54	1.27
horribly	-0.54	1.46
lift	-0.54	1.14
thing	-0.54	2.50
norms	-0.54	1.25
without	-0.54	1.73
anywhere	-0.54	2.27
ourselves	-0.54	2.02
giant	-0.54	1.12
war	-0.54	1.13
systems	-0.54	1.12
reported	-0.54	1.25
mindset	-0.54	1.45
alarm	-0.54	1.04
tempted	-0.54	2.04
however	-0.54	3.31
preference	-0.53	1.45
ugly	-0.53	1.26
attempted	-0.53	1.57
drug	-0.53	1.12
box	-0.53	0.94
general	-0.53	1.28
hole	-0.53	1.05
razors	-0.53	1.08
lifting	-0.53	1.30
fails	-0.53	1.47
dumb	-0.53	1.49
condoms	-0.53	1.15
important	-0.53	1.30
generally	-0.53	1.82
besides	-0.53	1.76
burns	-0.53	1.21
trp	-0.52	1.07
minimum	-0.52	1.26
doc	-0.52	1.10
reached	-0.52	1.26
genitalia	-0.52	1.03
healthier	-0.52	1.24
spectrum	-0.52	1.37
burned	-0.52	1.17
begin	-0.52	1.84
shower	-0.52	1.03
making	-0.52	1.77
prepared	-0.52	1.75
legs	-0.52	1.00
meant	-0.51	2.99
bother	-0.51	2.74
longest	-0.51	2.66
ear	-0.51	1.17
improved	-0.51	1.23
amounts	-0.51	1.15
battery	-0.51	1.11
norm	-0.51	1.28
wage	-0.51	1.20
slut	-0.51	1.16
most	-0.51	2.36
method	-0.51	1.16
cotton	-0.50	1.03
wrap	-0.50	1.07
dry	-0.50	1.11
acknowledge	-0.50	2.03
wave	-0.50	1.00
toss	-0.50	1.34
days	-0.50	1.33
experiment	-0.50	1.28
possibility	-0.50	1.60
whenever	-0.50	1.82
drops	-0.50	1.09
sexually	-0.50	1.36
today	-0.50	1.60
imagine	-0.50	2.72
common	-0.50	1.33
cups	-0.50	0.98
settle	-0.50	1.73
perform	-0.50	1.31
punched	-0.49	1.25
handy	-0.49	1.37
bend	-0.49	1.34
large	-0.49	1.19
options	-0.49	1.50
acts	-0.49	1.21
type	-0.49	1.17
butthole	-0.49	1.12
killed	-0.49	1.12
piercings	-0.49	0.94
kicked	-0.49	1.18
forgive	-0.49	1.61
host	-0.49	1.05
stared	-0.48	1.51
compared	-0.48	1.34
repeatedly	-0.48	1.35
led	-0.48	1.09
farting	-0.48	1.03
waste	-0.48	1.29
throws	-0.48	1.58
stood	-0.48	1.48
questioning	-0.48	1.69
forcing	-0.48	1.92
penises	-0.48	1.11
bunch	-0.48	1.45
hairs	-0.48	1.01
doctor	-0.48	1.16
roles	-0.48	1.22
bound	-0.48	1.75
loudly	-0.48	1.23
knee	-0.48	1.00
happier	-0.48	2.05
stand	-0.48	2.38
rare	-0.47	1.40
24/7	-0.47	0.97
haters	-0.47	1.86
cost	-0.47	1.48
cover	-0.47	1.33
admitting	-0.47	1.47
laws	-0.47	1.26
legally	-0.47	1.92
passive	-0.47	1.20
nose	-0.47	1.04
oddly	-0.47	1.58
solved	-0.47	1.37
dump	-0.47	1.10
argue	-0.47	2.34
reacting	-0.47	1.53
pinch	-0.46	1.25
process	-0.46	1.30
misandry	-0.46	1.25
assumed	-0.46	1.91
douche	-0.46	1.26
coverage	-0.46	1.34
beforehand	-0.46	1.33
else	-0.46	2.41
body	-0.46	1.33
pretend	-0.46	2.85
practically	-0.46	1.27
chubby	-0.46	1.00
negging	-0.46	1.20
ignoring	-0.46	1.72
generalizations	-0.46	1.51
battle	-0.46	1.09
amazed	-0.46	2.66
stops	-0.46	1.29
major	-0.46	1.33
racial	-0.45	1.20
cooler	-0.45	1.28
sexual	-0.45	1.23
focusing	-0.45	1.52
exposed	-0.45	1.20
weights	-0.45	1.31
privilege	-0.45	1.28
picking	-0.45	1.60
limits	-0.45	1.29
themselves	-0.45	1.83
urge	-0.45	1.87
squats	-0.45	1.33
ban	-0.45	1.29
instances	-0.45	1.55
difference	-0.45	1.88
big	-0.45	1.25
dicks	-0.45	1.25
butts	-0.45	1.07
giggling	-0.45	1.40
incident	-0.45	1.37
curiosity	-0.44	1.50
stubble	-0.44	0.91
rush	-0.44	1.17
minority	-0.44	1.17
based	-0.44	1.73
greater	-0.44	1.23
involve	-0.44	1.42
shaving	-0.44	1.04
pushing	-0.44	1.67
puberty	-0.44	1.10
explain	-0.44	2.61
brief	-0.44	1.20
appealing	-0.44	1.47
domestic	-0.44	1.19
hearing	-0.44	1.42
braid	-0.44	1.07
simply	-0.43	2.49
vast	-0.43	1.28
anything	-0.43	2.73
endless	-0.43	1.08
orgasms	-0.43	0.87
vary	-0.43	1.30
digging	-0.43	1.23
throwing	-0.43	1.30
expressing	-0.43	1.35
nor	-0.43	1.87
defense	-0.43	1.29
spots	-0.43	1.05
jumped	-0.43	1.41
see	-0.43	2.85
happening	-0.43	2.57
rates	-0.43	1.27
sounding	-0.43	1.38
fired	-0.43	1.22
rate	-0.43	1.26
factor	-0.43	1.51
sides	-0.42	1.33
work	-0.42	2.39
pleasure	-0.42	1.14
pure	-0.42	1.03
killer	-0.42	1.09
weigh	-0.42	1.20
freezing	-0.42	1.02
destroy	-0.42	1.28
bus	-0.42	1.09
embrace	-0.42	1.16
afford	-0.42	1.55
limited	-0.42	1.28
rolling	-0.42	1.25
permanently	-0.42	1.13
therefore	-0.42	1.45
wasting	-0.42	1.71
influence	-0.42	1.23
wax	-0.42	1.00
projecting	-0.42	1.40
cup	-0.42	1.00
walls	-0.42	1.08
magically	-0.42	1.47
kitchen	-0.41	1.13
whore	-0.41	1.17
fire	-0.41	1.17
forget	-0.41	2.80
patients	-0.41	1.15
plastic	-0.41	1.03
shave	-0.41	1.04
depending	-0.41	1.54
advantage	-0.41	1.44
pulls	-0.41	1.76
neck	-0.41	1.03
wind	-0.41	1.11
part	-0.41	2.48
during	-0.41	1.01
fix	-0.41	2.19
leg	-0.41	1.02
dropped	-0.41	1.18
ass	-0.41	1.25
basis	-0.41	1.10
visible	-0.41	1.07
walks	-0.41	2.05
around	-0.41	1.37
blah	-0.41	1.25
across	-0.41	1.40
autonomy	-0.40	1.28
abortion	-0.40	1.42
angle	-0.40	1.10
pointing	-0.40	1.82
gel	-0.40	1.11
smoking	-0.40	1.17
population	-0.40	1.26
nightmares	-0.40	1.14
cultural	-0.40	1.23
when	-0.40	2.23
generic	-0.40	1.11
panty	-0.40	1.03
fly	-0.40	1.26
expect	-0.40	2.62
portion	-0.40	1.18
drama	-0.40	1.20
beat	-0.40	1.39
encounter	-0.40	1.44
trying	-0.39	2.37
trade	-0.39	1.42
leaking	-0.39	1.19
meanwhile	-0.39	1.10
call	-0.39	1.54
noticeable	-0.39	1.31
set	-0.39	1.30
razor	-0.39	1.02
trap	-0.39	1.39
deals	-0.39	1.22
convince	-0.39	2.24
entertaining	-0.39	1.40
unable	-0.39	1.93
edge	-0.39	1.25
cutting	-0.39	1.15
talk	-0.39	2.39
daily	-0.39	1.07
worry	-0.39	2.66
rain	-0.38	1.15
liking	-0.38	1.33
laser	-0.38	1.17
gun	-0.38	1.07
allowed	-0.38	2.66
chances	-0.38	1.22
purely	-0.38	1.28
mouth	-0.38	1.15
happen	-0.38	2.65
noticing	-0.38	2.07
pussy	-0.38	1.15
oppressed	-0.38	1.31
swear	-0.38	1.58
adds	-0.38	1.13
scratch	-0.38	1.12
putting	-0.38	1.77
mocking	-0.38	1.27
circumstances	-0.38	1.31
extra	-0.38	1.22
strongly	-0.38	1.44
raw	-0.38	1.02
dynamic	-0.38	1.27
expressed	-0.38	1.30
figure	-0.38	2.60
price	-0.38	1.24
quality	-0.38	1.22
enjoying	-0.37	1.35
automatically	-0.37	1.78
grab	-0.37	1.31
single	-0.37	2.50
bangs	-0.37	1.08
differences	-0.37	1.35
appears	-0.37	1.37
handled	-0.37	1.40
reaching	-0.37	1.31
carpet	-0.37	1.06
storm	-0.37	1.00
gender	-0.37	1.37
gap	-0.37	1.28
relaxed	-0.37	1.72
priority	-0.37	1.32
beast	-0.37	1.13
satisfying	-0.37	1.30
allowing	-0.37	1.52
forms	-0.37	1.20
core	-0.37	1.27
cars	-0.37	1.17
standing	-0.37	1.33
men	-0.37	1.38
dropping	-0.36	1.11
shove	-0.36	1.28
survive	-0.36	1.56
partially	-0.36	1.43
failing	-0.36	1.36
speed	-0.36	1.21
lobby	-0.36	1.25
contract	-0.36	1.47
stop	-0.36	1.98
yelling	-0.36	1.41
quit	-0.36	1.35
belief	-0.36	1.50
bring	-0.36	2.02
deal	-0.36	2.34
status	-0.36	1.26
weak	-0.36	1.22
adjust	-0.36	1.35
tattoo	-0.36	0.99
telling	-0.36	2.09
solely	-0.36	1.40
superior	-0.36	1.28
rack	-0.35	1.08
forehead	-0.35	1.11
concerns	-0.35	1.50
floor	-0.35	1.15
punch	-0.35	1.32
weekly	-0.35	1.11
ups	-0.35	1.12
workplace	-0.35	1.18
slip	-0.35	1.51
downstairs	-0.35	1.21
biased	-0.35	1.43
comparison	-0.35	1.52
remotely	-0.35	1.89
barely	-0.35	2.12
put	-0.35	1.45
neighbors	-0.35	1.30
aspects	-0.35	1.38
exists	-0.35	1.63
retail	-0.35	1.27
theory	-0.34	1.24
mask	-0.34	1.06
happens	-0.34	1.97
comes	-0.34	1.52
insurance	-0.34	1.27
prepare	-0.34	1.27
products	-0.34	1.13
purpose	-0.34	1.90
does	-0.34	2.53
anymore	-0.34	2.82
yesterday	-0.34	1.49
grateful	-0.34	2.53
fat	-0.34	1.08
trial	-0.34	1.37
myself	-0.34	2.29
masturbate	-0.34	1.49
height	-0.34	1.24
hitting	-0.34	1.49
typical	-0.34	1.15
talking	-0.34	2.40
covered	-0.34	1.11
empathize	-0.34	1.91
hence	-0.34	1.19
any	-0.34	2.37
narrow	-0.34	1.13
phase	-0.33	1.19
imagined	-0.33	1.55
behave	-0.33	1.51
duty	-0.33	1.22
object	-0.33	1.26
consent	-0.33	1.42
habits	-0.33	1.23
keep	-0.33	2.11
perhaps	-0.33	2.18
say	-0.33	2.91
treating	-0.33	1.27
depends	-0.33	1.60
how	-0.33	2.78
chunk	-0.33	1.32
reach	-0.33	1.69
improve	-0.33	1.33
imagining	-0.33	1.32
myth	-0.33	1.36
safety	-0.33	1.39
lean	-0.33	1.19
month	-0.33	1.32
catcalling	-0.33	1.11
dare	-0.33	1.90
running	-0.33	1.59
manage	-0.33	1.84
beating	-0.33	1.37
masculine	-0.33	1.23
count	-0.33	1.95
appeal	-0.32	1.75
tries	-0.32	1.98
ends	-0.32	1.27
there	-0.32	3.00
ruined	-0.32	1.23
certainly	-0.32	2.61
pity	-0.32	1.20
began	-0.32	1.46
practical	-0.32	1.26
exam	-0.32	1.17
remember	-0.32	2.52
grabbed	-0.32	1.19
sample	-0.32	1.13
cue	-0.32	1.29
testing	-0.32	1.15
know	-0.32	2.96
covering	-0.32	1.13
focus	-0.32	1.30
squeeze	-0.32	1.27
pulling	-0.32	1.36
walking	-0.32	1.28
expectation	-0.32	1.43
care	-0.32	2.84
agree	-0.31	3.24
changed	-0.31	1.37
continue	-0.31	1.82
falling	-0.31	1.40
absurd	-0.31	1.30
muscle	-0.31	1.15
circlejerk	-0.31	1.23
throw	-0.31	1.62
rarely	-0.31	1.54
somewhat	-0.31	1.62
appointment	-0.31	1.15
different	-0.31	1.41
culture	-0.31	1.19
doctors	-0.31	1.17
or	-0.31	2.92
pounds	-0.31	1.24
complaints	-0.31	1.37
boxes	-0.31	0.99
heads	-0.31	1.28
breaking	-0.31	1.57
hint	-0.31	1.35
hitachi	-0.31	0.92
reasoning	-0.31	1.65
touching	-0.31	1.15
nearby	-0.31	1.11
plan	-0.30	1.17
religious	-0.30	1.16
passes	-0.30	1.21
pattern	-0.30	1.15
attention	-0.30	1.65
behind	-0.30	1.49
movement	-0.30	1.24
particularly	-0.30	1.59
anyone	-0.30	2.50
bothering	-0.30	2.50
prices	-0.30	1.16
proceeded	-0.30	1.84
becomes	-0.30	1.39
limit	-0.30	1.21
social	-0.30	1.19
habit	-0.30	1.42
routine	-0.30	1.16
start	-0.30	1.80
blowjob	-0.30	1.01
escape	-0.30	1.55
full	-0.30	1.17
sounded	-0.30	1.59
counseling	-0.30	1.31
trim	-0.30	1.03
statistics	-0.30	1.42
bears	-0.30	1.09
instead	-0.30	1.81
leave	-0.30	2.34
tell	-0.30	2.70
wont	-0.29	2.38
issue	-0.29	1.85
workers	-0.29	1.29
push	-0.29	1.61
form	-0.29	1.24
grasp	-0.29	1.71
recommended	-0.29	1.09
picky	-0.29	2.05
covers	-0.29	1.17
parking	-0.29	1.16
hardly	-0.29	1.98
reflect	-0.29	1.76
lie	-0.29	2.69
taco	-0.29	1.04
waist	-0.29	1.06
harsh	-0.29	1.40
teeth	-0.29	1.09
right	-0.29	3.07
movements	-0.29	1.22
touch	-0.29	1.89
anybody	-0.29	2.03
occurred	-0.29	1.71
egg	-0.29	1.01
want	-0.29	2.78
heart	-0.29	1.16
silent	-0.29	1.12
fine	-0.29	3.07
challenge	-0.29	1.28
sure	-0.29	3.23
consider	-0.29	2.19
license	-0.29	1.12
hear	-0.29	2.10
kept	-0.28	1.73
feels	-0.28	1.47
masturbation	-0.28	1.00
public	-0.28	1.09
cheeks	-0.28	1.04
attempting	-0.28	2.03
walked	-0.28	1.34
spare	-0.28	1.29
losing	-0.28	1.27
activity	-0.28	1.14
reasons	-0.28	1.78
communicate	-0.28	2.04
mentioning	-0.28	1.83
even	-0.28	2.94
sits	-0.28	1.32
head	-0.28	1.23
types	-0.28	1.44
lbs	-0.28	1.19
manager	-0.28	1.25
addicted	-0.28	1.25
walk	-0.28	1.53
helping	-0.28	2.04
sticking	-0.28	1.29
ways	-0.28	1.79
dense	-0.28	1.31
level	-0.28	1.25
pull	-0.28	1.49
sun	-0.28	1.06
sitting	-0.28	1.38
policy	-0.28	1.19
assumptions	-0.27	1.60
breakfast	-0.27	1.09
alone	-0.27	2.37
compromise	-0.27	2.09
wild	-0.27	1.01
tied	-0.27	1.14
intentions	-0.27	1.98
badly	-0.27	1.80
rooms	-0.27	1.16
hiding	-0.27	1.26
chance	-0.27	2.02
hr	-0.27	1.23
employee	-0.27	1.26
regardless	-0.27	1.80
low	-0.27	1.14
run	-0.27	1.72
nobody	-0.27	2.24
working	-0.27	1.72
surprising	-0.27	1.51
bringing	-0.27	1.85
surface	-0.27	1.15
things	-0.27	2.47
claim	-0.27	1.70
require	-0.27	1.39
thinking	-0.27	2.53
fast	-0.27	1.50
repeat	-0.27	1.46
ultimately	-0.27	1.59
court	-0.27	1.45
kinda	-0.27	1.65
breakup	-0.27	1.18
typically	-0.27	1.53
dish	-0.27	1.03
score	-0.26	1.17
similar	-0.26	1.77
noises	-0.26	1.33
way	-0.26	2.58
advocate	-0.26	1.39
mostly	-0.26	1.88
lube	-0.26	0.95
beliefs	-0.26	1.41
realize	-0.26	2.77
anal	-0.26	0.91
conflict	-0.26	1.39
agrees	-0.26	2.73
taste	-0.26	1.24
stopped	-0.26	1.54
decide	-0.26	2.46
encourage	-0.26	1.58
chin	-0.26	1.02
attempts	-0.26	1.47
communicating	-0.26	1.66
moral	-0.26	1.58
seek	-0.26	1.53
whilst	-0.26	1.43
hold	-0.26	1.64
stating	-0.26	2.00
none	-0.26	2.02
cope	-0.26	1.94
cheek	-0.26	1.04
whip	-0.26	1.06
fingers	-0.26	1.18
whatsoever	-0.26	1.56
bike	-0.25	1.15
involving	-0.25	1.23
slap	-0.25	1.34
denied	-0.25	1.24
fixing	-0.25	1.65
follows	-0.25	1.17
feet	-0.25	1.06
smiling	-0.25	1.42
shift	-0.25	1.35
pharmacy	-0.25	1.10
preferences	-0.25	1.57
grabbing	-0.25	1.21
intend	-0.25	2.52
starts	-0.25	1.58
basically	-0.25	2.43
leaving	-0.25	1.68
deep	-0.25	1.16
wide	-0.25	1.16
responsibility	-0.25	1.51
forced	-0.25	2.09
apologize	-0.25	1.82
introduce	-0.25	1.90
recognized	-0.25	1.22
direction	-0.25	1.43
rules	-0.25	1.29
shoot	-0.25	1.37
flying	-0.24	1.12
double	-0.24	1.20
seeking	-0.24	1.37
these	-0.24	1.62
break	-0.24	1.96
except	-0.24	2.28
notice	-0.24	2.51
knocked	-0.24	1.34
compare	-0.24	2.03
hobby	-0.24	1.37
subjective	-0.24	1.76
station	-0.24	1.13
judgement	-0.24	1.61
exactly	-0.24	2.90
parenthood	-0.24	1.12
range	-0.24	1.36
harass	-0.24	1.53
groups	-0.24	1.21
overweight	-0.24	1.13
ready	-0.24	2.18
staring	-0.24	1.38
dreams	-0.24	1.16
stands	-0.24	1.07
slide	-0.24	1.31
able	-0.24	2.60
gotten	-0.24	1.76
stairs	-0.24	1.40
considered	-0.24	1.61
dies	-0.24	1.59
pin	-0.24	1.04
equality	-0.24	1.26
authority	-0.24	1.30
protection	-0.24	1.14
obviously	-0.24	2.76
wasted	-0.24	1.40
employer	-0.24	1.34
feminism	-0.24	1.32
obligated	-0.23	2.38
modern	-0.23	1.20
others	-0.23	2.04
where	-0.23	2.47
keeping	-0.23	1.65
desk	-0.23	1.38
tl	-0.23	1.10
counter	-0.23	1.27
reactions	-0.23	1.27
ca	-0.23	2.59
finish	-0.23	1.45
cashier	-0.23	1.47
road	-0.23	1.20
asking	-0.23	2.36
forward	-0.23	1.53
help	-0.23	2.32
although	-0.23	2.73
staff	-0.23	1.16
wall	-0.23	1.20
ankle	-0.23	1.01
other	-0.23	1.78
root	-0.23	1.18
ball	-0.23	1.05
flirting	-0.23	1.40
healthcare	-0.22	1.40
fetus	-0.22	1.37
room	-0.22	1.26
purposes	-0.22	1.30
emergency	-0.22	1.37
desperately	-0.22	1.60
blowjobs	-0.22	1.00
can	-0.22	2.70
asses	-0.22	1.27
problem	-0.22	2.39
mind	-0.22	2.59
intake	-0.22	1.17
express	-0.22	1.64
carries	-0.22	1.02
potential	-0.22	1.30
which	-0.22	2.57
depend	-0.22	1.63
im	-0.22	1.95
achieve	-0.22	1.34
should	-0.22	2.82
trend	-0.22	1.43
kicking	-0.22	1.17
largely	-0.22	1.38
reliable	-0.21	1.17
maintain	-0.21	1.39
sit	-0.21	1.47
apartment	-0.21	1.21
building	-0.21	1.24
sat	-0.21	1.40
whether	-0.21	2.33
pass	-0.21	1.84
snarky	-0.21	1.42
ones	-0.21	1.79
those	-0.21	1.59
wo	-0.21	2.64
downvoted	-0.21	1.77
pit	-0.21	1.09
wonder	-0.21	2.58
kick	-0.21	1.35
evidence	-0.21	1.87
failure	-0.21	1.13
blowing	-0.21	1.30
beard	-0.21	1.03
become	-0.21	1.42
easy	-0.21	1.54
bond	-0.21	0.98
happily	-0.21	1.61
environment	-0.21	1.26
flipped	-0.21	1.34
laugh	-0.21	1.40
oral	-0.21	0.97
breathing	-0.21	1.04
nurse	-0.21	1.13
cleavage	-0.21	1.15
religion	-0.21	1.25
try	-0.21	2.66
corner	-0.21	1.39
unwanted	-0.21	1.17
essential	-0.21	1.21
bat	-0.21	0.91
turn	-0.20	1.87
awareness	-0.20	1.17
majority	-0.20	1.41
contain	-0.20	1.14
packed	-0.20	1.06
established	-0.20	1.30
inches	-0.20	1.24
laughed	-0.20	1.56
falls	-0.20	1.29
whatever	-0.20	2.75
asks	-0.20	2.52
decision	-0.20	1.74
blow	-0.20	1.28
wants	-0.20	2.68
stick	-0.20	1.46
laughs	-0.20	1.12
hanging	-0.20	1.80
did	-0.20	2.81
current	-0.20	1.29
tax	-0.20	1.27
grow	-0.20	1.26
doors	-0.20	1.29
universal	-0.20	1.48
smack	-0.20	1.44
go	-0.20	2.41
explore	-0.20	1.57
record	-0.20	1.23
cop	-0.20	1.19
weirdly	-0.20	1.55
employees	-0.20	1.35
opportunity	-0.20	1.92
come	-0.20	2.38
finding	-0.20	1.55
begging	-0.19	1.70
supply	-0.19	1.13
vaguely	-0.19	1.16
held	-0.19	1.30
seeing	-0.19	2.17
piv	-0.19	0.97
forgotten	-0.19	1.77
really	-0.19	2.53
destroyed	-0.19	1.18
thus	-0.19	1.55
ask	-0.19	2.54
gaining	-0.19	1.18
pubes	-0.19	1.05
joke	-0.19	1.73
western	-0.19	1.34
stuff	-0.19	1.95
stem	-0.19	1.24
schedule	-0.19	1.25
dismiss	-0.19	1.75
started	-0.19	1.57
effectively	-0.19	1.37
mainly	-0.19	1.28
snack	-0.19	1.21
clicked	-0.19	1.56
audience	-0.19	1.32
perception	-0.19	1.51
ive	-0.19	1.71
realizing	-0.18	1.90
happened	-0.18	2.09
various	-0.18	1.45
taxes	-0.18	1.29
deliberately	-0.18	1.48
freedom	-0.18	1.28
complaint	-0.18	1.52
pace	-0.18	1.33
reason	-0.18	2.70
tendency	-0.18	1.54
wheel	-0.18	1.05
rather	-0.18	2.22
woke	-0.18	1.40
decisions	-0.18	1.58
sight	-0.18	1.12
brush	-0.18	1.06
fascinating	-0.18	1.32
views	-0.18	1.44
pay	-0.18	1.33
door	-0.18	1.30
fill	-0.18	1.07
owe	-0.18	1.83
value	-0.17	1.48
touched	-0.17	1.26
tons	-0.17	1.64
could	-0.17	2.69
rights	-0.17	1.25
front	-0.17	1.36
bam	-0.17	1.26
earn	-0.17	1.26
performance	-0.17	1.10
bedroom	-0.17	1.23
pack	-0.17	1.10
numbers	-0.17	1.19
actively	-0.17	1.46
changing	-0.17	1.41
ton	-0.17	1.66
them	-0.17	2.68
shed	-0.16	0.99
would	-0.16	2.82
inside	-0.16	1.09
casually	-0.16	1.44
failed	-0.16	1.30
kinds	-0.16	1.49
sexes	-0.16	1.34
struggles	-0.16	1.30
foul	-0.16	1.06
places	-0.16	1.84
custody	-0.16	1.18
strict	-0.16	1.24
stupidity	-0.16	1.21
instantly	-0.16	1.43
desire	-0.16	1.48
genders	-0.16	1.36
an	-0.16	1.34
acted	-0.16	1.38
divorce	-0.16	1.35
confirmed	-0.16	1.18
importantly	-0.16	0.96
long-term	-0.16	1.26
quite	-0.16	1.91
mass	-0.16	1.15
force	-0.16	1.77
letting	-0.16	2.23
reality	-0.15	1.37
wound	-0.15	1.31
addition	-0.15	1.08
flip	-0.15	1.21
ideas	-0.15	1.58
willing	-0.15	2.48
window	-0.15	1.24
while	-0.15	1.47
everytime	-0.15	1.65
shaved	-0.15	1.03
apologized	-0.15	1.61
situation	-0.15	1.83
sober	-0.15	1.34
yourself	-0.15	2.37
areas	-0.15	1.41
exercising	-0.15	1.18
share	-0.15	1.82
male	-0.15	1.49
shit	-0.15	1.81
patterns	-0.15	1.37
continuing	-0.15	1.58
masturbating	-0.15	1.05
worker	-0.15	1.25
sentiment	-0.15	1.99
move	-0.15	1.90
popped	-0.15	1.30
wanting	-0.15	2.39
waiting	-0.15	1.88
jump	-0.15	1.78
closet	-0.15	1.24
heat	-0.15	1.09
egalitarian	-0.14	1.48
because	-0.14	2.94
terribly	-0.14	1.53
currently	-0.14	1.56
into	-0.14	1.52
treat	-0.14	1.36
initiate	-0.14	1.40
agreement	-0.14	1.67
nerdy	-0.14	1.38
interact	-0.14	1.87
actions	-0.14	1.52
rent	-0.14	1.28
speech	-0.14	1.20
discovered	-0.14	1.24
becoming	-0.14	1.39
obese	-0.14	1.29
differently	-0.14	1.87
management	-0.14	1.25
will	-0.14	2.55
personal	-0.14	1.59
mention	-0.14	2.78
having	-0.14	2.05
legal	-0.14	1.40
bags	-0.14	0.96
length	-0.14	1.09
continues	-0.14	1.49
again	-0.14	2.67
weight	-0.14	1.19
house	-0.14	1.31
objects	-0.14	1.25
race	-0.14	1.38
bust	-0.14	1.11
requires	-0.14	1.27
occasionally	-0.14	1.54
law	-0.14	1.44
need	-0.14	2.60
grows	-0.14	1.11
inevitably	-0.14	1.64
fabric	-0.14	1.04
finger	-0.14	1.09
paying	-0.14	1.30
fucks	-0.13	1.40
hospital	-0.13	1.17
struggle	-0.13	1.33
office	-0.13	1.27
surrounding	-0.13	1.20
bills	-0.13	1.23
consistent	-0.13	1.28
suggesting	-0.13	1.92
financial	-0.13	1.28
usually	-0.13	2.38
imo	-0.13	1.83
people	-0.13	2.20
build	-0.13	1.25
ended	-0.13	1.60
down	-0.13	1.59
tooth	-0.13	1.07
dont	-0.13	2.43
well	-0.13	2.99
judgment	-0.13	1.25
benefit	-0.13	1.51
keys	-0.13	1.28
varies	-0.13	1.43
appearance	-0.13	1.44
broad	-0.13	1.32
instance	-0.13	1.28
option	-0.13	1.74
construction	-0.13	1.23
washing	-0.13	1.07
fight	-0.13	1.39
decided	-0.13	2.34
income	-0.13	1.28
shout	-0.12	1.46
finds	-0.12	2.56
slowly	-0.12	1.67
money	-0.12	1.49
boost	-0.12	1.16
time	-0.12	2.09
experience	-0.12	1.68
wings	-0.12	1.06
ticket	-0.12	1.14
connect	-0.12	1.92
exercise	-0.12	1.19
opposed	-0.12	1.33
extent	-0.12	1.48
foot	-0.12	1.13
guarantee	-0.12	1.96
feelings	-0.12	1.42
coconut	-0.12	1.11
parts	-0.12	1.46
mainstream	-0.12	1.08
hygiene	-0.12	1.35
lifestyle	-0.12	1.41
stare	-0.12	1.37
bath	-0.12	1.03
growing	-0.12	1.09
lose	-0.11	1.19
anatomy	-0.11	1.18
quarter	-0.11	1.24
insist	-0.11	1.32
file	-0.11	1.23
free	-0.11	1.28
owned	-0.11	1.12
women	-0.11	1.44
demand	-0.11	1.38
stance	-0.11	1.44
resting	-0.11	1.25
customer	-0.11	1.18
hes	-0.11	1.55
explicitly	-0.11	1.99
sized	-0.11	1.13
cock	-0.11	0.97
twist	-0.11	1.10
sake	-0.11	1.34
committed	-0.11	1.23
weeks	-0.11	1.47
plenty	-0.11	1.69
bits	-0.11	1.07
hair	-0.11	1.06
inch	-0.11	1.21
precisely	-0.11	1.73
skin	-0.11	1.06
popping	-0.11	1.29
carried	-0.11	1.34
cell	-0.11	1.18
think	-0.10	2.91
let	-0.10	2.59
carrying	-0.10	1.26
justice	-0.10	1.26
theres	-0.10	1.49
crossing	-0.10	1.40
peoples	-0.10	1.27
designed	-0.10	1.53
variety	-0.10	1.43
specific	-0.10	1.31
ship	-0.10	1.27
blew	-0.10	1.21
camp	-0.10	1.17
companies	-0.10	1.34
knock	-0.10	1.57
logic	-0.10	2.02
bottom	-0.10	1.17
many	-0.10	1.58
bucks	-0.10	1.58
meal	-0.10	1.16
riding	-0.10	1.10
feeding	-0.10	1.26
bastard	-0.10	1.24
includes	-0.10	0.98
calorie	-0.09	1.19
mark	-0.09	1.19
lied	-0.09	1.33
healthy	-0.09	1.32
pays	-0.09	1.28
submissive	-0.09	1.17
layers	-0.09	1.09
takes	-0.09	1.41
presence	-0.09	1.17
end	-0.09	1.92
psych	-0.09	1.20
dick	-0.09	1.14
train	-0.09	1.11
continued	-0.09	1.34
trust	-0.09	2.24
bush	-0.09	0.90
similarly	-0.09	1.57
secret	-0.09	1.09
toes	-0.09	1.14
greatly	-0.09	1.17
clinic	-0.09	1.16
randomly	-0.09	1.45
attraction	-0.09	1.23
knows	-0.09	2.60
worrying	-0.09	1.79
follow	-0.09	1.46
sorts	-0.09	1.49
somebody	-0.09	2.16
personally	-0.09	2.65
flaws	-0.09	1.63
guns	-0.09	1.24
wrapped	-0.09	1.09
find	-0.09	2.27
replaced	-0.09	1.06
toys	-0.08	1.02
disclaimer	-0.08	1.39
mens	-0.08	1.24
existence	-0.08	1.51
among	-0.08	1.30
going	-0.08	2.82
dildo	-0.08	0.99
reads	-0.08	1.73
concern	-0.08	1.47
implied	-0.08	2.06
deciding	-0.08	1.68
supplies	-0.08	1.20
matters	-0.08	1.78
sorta	-0.08	1.43
irrelevant	-0.08	1.68
alive	-0.08	1.30
courtesy	-0.08	1.35
frame	-0.08	1.24
vibrator	-0.08	0.96
srs	-0.08	1.26
then	-0.08	2.42
paid	-0.08	1.27
tape	-0.08	1.13
were	-0.08	2.61
temperature	-0.08	1.08
subtle	-0.08	1.23
off	-0.08	1.75
both	-0.08	1.83
rub	-0.08	1.11
facial	-0.08	1.05
rolled	-0.08	1.29
popular	-0.08	1.08
number	-0.08	1.40
proof	-0.08	1.50
holds	-0.07	1.13
<URL>	-0.07	1.13
<SPECIAL>	-0.07	1.13
pro	-0.07	1.18
texting	-0.07	1.44
re	-0.07	2.85
choose	-0.07	2.19
begins	-0.07	1.25
condom	-0.07	1.18
shelf	-0.07	1.32
job	-0.07	1.38
charm	-0.07	1.21
away	-0.07	1.67
fair	-0.07	3.14
spin	-0.07	1.15
fold	-0.07	1.14
company	-0.07	1.35
some	-0.07	2.15
impress	-0.07	1.90
address	-0.07	1.56
carry	-0.07	1.39
doesnt	-0.07	2.04
customers	-0.07	1.36
bobby	-0.07	1.09
yet	-0.07	2.49
lock	-0.07	1.31
we	-0.06	2.59
addressed	-0.06	1.57
ties	-0.06	0.97
bonus	-0.06	0.91
darker	-0.06	1.09
dollars	-0.06	1.58
high	-0.06	1.14
everybody	-0.06	2.57
far	-0.06	2.11
diet	-0.06	1.14
dorm	-0.06	1.25
grand	-0.06	1.19
opening	-0.06	1.19
insisted	-0.06	1.61
utterly	-0.06	1.43
cold	-0.06	1.09
warning	-0.06	1.45
case	-0.06	2.69
cheat	-0.06	1.78
listen	-0.06	1.65
cooking	-0.06	1.31
came	-0.06	1.78
miles	-0.06	1.34
least	-0.06	2.61
sizes	-0.06	1.14
feminine	-0.06	1.21
opens	-0.06	1.18
allow	-0.06	2.12
shared	-0.06	1.32
nowhere	-0.05	1.63
along	-0.05	2.02
shake	-0.05	1.20
brand	-0.05	1.17
wednesday	-0.05	1.26
applies	-0.05	1.37
biological	-0.05	1.27
quietly	-0.05	1.43
agency	-0.05	1.30
trolling	-0.05	1.43
bag	-0.05	1.03
calories	-0.05	1.26
immediately	-0.05	1.77
kissing	-0.05	1.12
i.e	-0.05	1.27
bikini	-0.05	1.02
insult	-0.05	1.47
decent	-0.05	1.75
worked	-0.05	1.32
nearly	-0.05	1.40
refusing	-0.05	1.98
explaining	-0.05	1.98
persons	-0.05	1.51
literally	-0.05	2.23
locked	-0.05	1.38
incorrect	-0.05	2.84
refuse	-0.05	2.17
thumb	-0.05	1.11
extremely	-0.05	1.61
fetish	-0.05	1.21
garden	-0.05	1.09
between	-0.05	1.61
department	-0.05	1.30
country	-0.05	1.56
energy	-0.05	1.28
liked	-0.05	2.10
chatting	-0.05	1.86
packs	-0.04	1.10
favor	-0.04	1.28
gendered	-0.04	1.49
interview	-0.04	1.32
honestly	-0.04	2.83
existed	-0.04	1.99
ability	-0.04	1.64
connection	-0.04	1.32
entirely	-0.04	2.14
up	-0.04	1.95
inspired	-0.04	1.23
lunch	-0.04	1.28
reward	-0.04	1.26
eats	-0.04	2.39
undies	-0.04	1.00
shot	-0.04	1.11
flight	-0.04	1.24
hidden	-0.04	1.34
teens	-0.04	1.37
graphic	-0.04	1.00
view	-0.04	1.75
bite	-0.04	1.12
hell	-0.04	2.71
circle	-0.04	1.13
remembered	-0.04	1.46
phone	-0.04	1.20
said	-0.04	2.19
sing	-0.04	1.27
purse	-0.04	1.13
back	-0.04	1.89
delivery	-0.04	1.10
lip	-0.04	1.06
pound	-0.04	1.20
session	-0.03	1.32
ripped	-0.03	0.97
500	-0.03	1.52
took	-0.03	1.50
inform	-0.03	1.84
combination	-0.03	1.15
exact	-0.03	2.03
expert	-0.03	1.45
successfully	-0.03	1.41
asap	-0.03	1.39
ie	-0.03	1.32
state	-0.03	1.49
min	-0.03	1.33
memory	-0.03	1.18
breaks	-0.03	1.23
load	-0.03	1.17
satisfaction	-0.03	1.29
shut	-0.03	1.44
bj	-0.03	1.19
multiple	-0.03	1.48
creating	-0.03	1.29
cheap	-0.03	1.24
square	-0.03	1.20
alcoholic	-0.03	1.04
spaces	-0.03	1.27
texts	-0.03	1.15
tie	-0.03	0.95
regrets	-0.03	1.18
participate	-0.02	1.63
presented	-0.02	1.38
swing	-0.02	1.19
regards	-0.02	1.16
pop	-0.02	1.25
probably	-0.02	2.91
enemy	-0.02	1.18
living	-0.02	1.41
over	-0.02	2.03
might	-0.02	2.80
bare	-0.02	1.12
yellow	-0.02	1.02
group	-0.02	1.27
herself	-0.02	1.94
services	-0.02	1.26
arrested	-0.02	1.04
identity	-0.02	1.38
buys	-0.02	2.56
idk	-0.02	1.90
donate	-0.02	1.27
property	-0.02	1.14
psychology	-0.02	1.28
highest	-0.02	1.20
created	-0.02	1.33
slow	-0.02	1.33
steal	-0.02	1.39
implies	-0.02	1.98
sucks	-0.01	1.99
zero	-0.01	1.67
ears	-0.01	1.05
pocket	-0.01	1.22
got	-0.01	1.65
stays	-0.01	1.25
lawyer	-0.01	1.28
oil	-0.01	1.09
sunday	-0.01	1.24
permission	-0.01	1.60
table	-0.01	1.27
marry	-0.01	2.21
each	-0.01	1.77
scumbag	-0.01	1.15
homework	-0.01	1.19
keto	-0.01	1.11
size	-0.01	1.14
workout	-0.01	1.17
interviews	-0.01	1.18
primarily	-0.01	1.31
specifically	-0.01	1.85
states	-0.01	1.40
morning	-0.01	1.32
actually	-0.01	2.83
needs	-0.01	2.50
given	-0.01	1.77
sheets	-0.01	1.06
order	-0.01	1.79
security	-0.01	1.24
separate	-0.01	1.41
active	-0.01	1.42
government	-0.01	1.33
ll	-0.01	2.61
mile	-0.01	1.36
done	-0.01	2.36
discover	-0.00	1.45
filling	-0.00	1.24
medium	-0.00	1.19
studying	-0.00	1.29
week	-0.00	1.35
hit	-0.00	1.35
gained	-0.00	1.27
facts	-0.00	1.85
training	-0.00	1.23
involved	-0.00	1.37
wake	-0.00	1.36
disagree	-0.00	2.33
redditors	-0.00	1.38
pieces	-0.00	1.21
final	-0.00	1.19
eggs	0.00	1.01
nurses	0.00	1.16
cut	0.00	1.11
jokes	0.00	1.28
privacy	0.00	1.26
shrug	0.00	1.43
males	0.00	1.30
commitment	0.00	1.40
messages	0.00	1.13
millions	0.00	1.47
countries	0.01	1.44
someone	0.01	2.31
strike	0.01	1.22
openly	0.01	1.35
debt	0.01	1.31
always	0.01	2.71
obligation	0.01	2.01
pins	0.01	1.11
roll	0.01	1.17
highly	0.01	1.58
onto	0.01	1.44
itself	0.01	1.31
included	0.01	1.23
lots	0.01	1.62
connected	0.01	1.31
required	0.01	1.64
cultures	0.01	1.32
gamers	0.01	1.07
scientific	0.01	1.59
applying	0.01	1.22
opinions	0.01	1.57
listed	0.01	1.38
boss	0.01	1.39
adding	0.01	1.24
looking	0.01	2.35
tub	0.01	1.00
initially	0.02	1.74
jealous	0.02	2.93
yogurt	0.02	0.96
regarding	0.02	1.26
frequent	0.02	1.34
alcohol	0.02	1.02
home	0.02	1.47
goes	0.02	1.77
beyond	0.02	1.40
commercial	0.02	1.03
alert	0.02	1.25
travel	0.02	1.28
sell	0.02	1.17
leaves	0.02	1.18
windows	0.02	1.22
preferred	0.02	1.24
boundaries	0.02	1.39
server	0.02	1.18
importance	0.02	1.29
directly	0.02	1.70
lab	0.02	1.23
intent	0.02	1.86
brands	0.02	1.39
lips	0.02	1.07
bill	0.02	1.26
max	0.02	1.43
loans	0.02	1.29
comparing	0.02	1.54
tuesday	0.02	1.30
involves	0.02	1.29
monday	0.02	1.30
choices	0.02	1.60
minds	0.02	1.35
forever	0.02	2.06
spend	0.02	1.60
maybe	0.02	2.88
color	0.03	1.04
financially	0.03	1.35
plane	0.03	1.14
quickly	0.03	1.73
buying	0.03	1.25
concept	0.03	1.81
rubber	0.03	1.07
swimming	0.03	1.35
ruin	0.03	1.50
dye	0.03	1.02
attracted	0.03	1.56
shipping	0.03	1.25
dairy	0.03	1.04
replace	0.03	1.18
motivation	0.03	1.26
impression	0.03	1.97
killing	0.03	1.22
dryer	0.03	1.09
insert	0.03	0.99
layer	0.03	1.00
reverse	0.03	1.18
percent	0.03	1.31
figured	0.03	1.94
results	0.03	1.20
buy	0.03	1.18
guaranteed	0.03	1.34
accept	0.03	1.88
rubbing	0.03	1.09
material	0.03	1.22
positions	0.03	1.35
represent	0.03	1.23
equal	0.03	1.32
moving	0.03	1.65
went	0.03	1.72
benefits	0.04	1.34
very	0.04	1.64
identify	0.04	1.66
realized	0.04	1.72
seems	0.04	1.91
budget	0.04	1.19
europe	0.04	1.41
shapes	0.04	1.25
grades	0.04	1.27
fail	0.04	1.29
primary	0.04	1.28
hiring	0.04	1.25
fights	0.04	1.21
torn	0.04	1.07
intimate	0.04	1.28
rule	0.04	1.53
face	0.04	1.12
throughout	0.04	1.51
underwear	0.04	1.02
showers	0.04	1.06
position	0.04	1.37
intended	0.04	1.75
traditional	0.04	1.16
label	0.04	1.61
fake	0.04	1.25
expense	0.04	1.32
carbs	0.04	1.17
fresh	0.04	1.08
conclusion	0.04	1.86
strip	0.04	1.11
sex	0.04	1.06
moves	0.04	1.24
suggest	0.04	1.86
interpreted	0.05	1.68
hours	0.05	1.52
legitimate	0.05	1.57
semester	0.05	1.27
lesbians	0.05	1.46
flirt	0.05	1.56
chair	0.05	1.35
tear	0.05	1.08
lecture	0.05	1.42
meals	0.05	1.10
warned	0.05	1.31
bachelorette	0.05	1.03
abs	0.05	1.19
refuses	0.05	2.48
closely	0.05	1.30
thought	0.05	2.34
spot	0.05	1.23
silence	0.05	1.23
knife	0.05	1.12
amount	0.05	1.36
fell	0.05	1.34
items	0.05	1.13
somewhere	0.05	2.11
red	0.05	1.06
device	0.05	1.08
thankful	0.05	2.56
upon	0.05	1.42
liberal	0.05	1.26
own	0.05	1.50
zone	0.05	1.18
entertainment	0.05	1.12
wanted	0.06	2.37
key	0.06	1.25
meet	0.06	2.17
midnight	0.06	1.32
supposedly	0.06	1.23
crisis	0.06	1.17
foreplay	0.06	0.97
pat	0.06	1.14
everyday	0.06	1.12
assumption	0.06	1.87
jumping	0.06	1.30
water	0.06	1.01
seconds	0.06	1.40
technology	0.06	1.24
after	0.06	1.60
spiders	0.06	1.22
per	0.06	1.47
equally	0.06	1.44
compatible	0.06	1.41
cheating	0.06	1.51
step	0.06	1.47
lack	0.06	1.27
chemistry	0.06	1.30
america	0.06	1.35
chose	0.06	1.88
sadly	0.06	2.02
shade	0.07	1.04
answering	0.07	1.89
certain	0.07	1.38
course	0.07	2.83
opinion	0.07	1.96
almost	0.07	1.85
skinny	0.07	1.09
deserved	0.07	1.29
dozens	0.07	1.49
town	0.07	1.57
dollar	0.07	1.18
boot	0.07	1.09
campus	0.07	1.22
tools	0.07	1.17
freeze	0.07	1.11
cities	0.07	1.46
live	0.07	1.57
eyebrows	0.07	1.05
upside	0.07	1.13
service	0.07	1.31
litter	0.07	1.05
suggests	0.07	1.46
valid	0.07	1.95
coming	0.07	2.08
walmart	0.07	1.14
prior	0.07	1.39
paint	0.07	1.08
cant	0.07	1.91
may	0.07	2.74
supported	0.07	1.21
brought	0.07	1.28
area	0.07	1.49
australia	0.07	1.40
remind	0.07	1.85
business	0.08	1.44
steps	0.08	1.41
activities	0.08	1.18
responsible	0.08	1.46
selling	0.08	1.24
hunt	0.08	1.26
accepted	0.08	1.34
chain	0.08	1.15
wood	0.08	1.05
together	0.08	1.75
ought	0.08	1.70
turning	0.08	1.53
completely	0.08	1.95
tomorrow	0.08	1.42
choosing	0.08	1.64
afternoon	0.08	1.31
experiences	0.08	1.54
answered	0.08	1.97
metal	0.08	1.02
actual	0.08	1.49
signed	0.08	1.35
territory	0.08	1.23
courses	0.08	1.49
night	0.08	1.32
science	0.08	1.45
international	0.08	1.07
sooo	0.08	1.65
imaginary	0.08	1.10
gray	0.08	1.03
market	0.09	1.14
lost	0.09	1.22
biology	0.09	1.34
from	0.09	1.69
awhile	0.09	1.78
left	0.09	1.63
jobs	0.09	1.36
shall	0.09	1.67
below	0.09	1.35
supporting	0.09	1.46
ratio	0.09	1.20
rise	0.09	1.08
sexuality	0.09	1.51
black	0.09	1.04
physics	0.09	1.30
still	0.09	2.76
theirs	0.09	1.86
looked	0.09	1.50
never	0.09	2.24
vibe	0.09	1.01
seemingly	0.09	1.33
scale	0.09	1.28
grown	0.09	1.22
torture	0.09	1.23
holding	0.09	1.26
hand	0.09	1.15
liner	0.09	1.09
years	0.09	1.55
young	0.09	1.35
200	0.09	1.61
bottles	0.09	1.00
human	0.10	1.35
refused	0.10	2.00
1000	0.10	1.60
computers	0.10	1.31
asked	0.10	1.77
satisfied	0.10	2.18
pursue	0.10	1.49
relative	0.10	1.54
unfortunately	0.10	2.66
waited	0.10	1.59
straw	0.10	1.49
sooner	0.10	1.64
personality	0.10	1.13
excited	0.10	2.89
uni	0.10	1.26
chosen	0.10	1.51
incredibly	0.10	1.57
basic	0.10	1.55
lacking	0.10	1.33
dunno	0.10	1.67
protein	0.10	1.09
sales	0.10	1.17
coast	0.10	1.54
mall	0.10	1.20
thursday	0.10	1.25
coworkers	0.10	1.37
defined	0.10	1.43
park	0.10	1.25
mountain	0.10	1.05
mirror	0.10	1.31
treated	0.11	1.27
300	0.11	1.60
detail	0.11	1.36
student	0.11	1.29
center	0.11	1.15
canada	0.11	1.48
equivalent	0.11	1.35
tits	0.11	1.27
waking	0.11	1.25
she	0.11	2.26
comforting	0.11	1.86
dudes	0.11	1.35
massage	0.11	1.01
discuss	0.11	1.74
reporting	0.11	1.21
safely	0.11	1.60
kink	0.11	1.02
degree	0.11	1.28
responses	0.11	1.37
christian	0.11	1.12
skype	0.11	1.27
give	0.11	2.00
fit	0.11	1.20
goal	0.11	1.25
grad	0.11	1.29
arguments	0.11	1.74
finally	0.11	1.91
vice	0.11	1.35
female	0.11	1.25
discussing	0.11	1.42
sign	0.11	1.59
curly	0.11	1.11
ago	0.11	1.58
snacks	0.11	1.12
stayed	0.11	1.48
fairly	0.11	1.61
bell	0.11	1.05
toy	0.11	1.02
hotel	0.11	1.17
west	0.12	1.47
sephora	0.12	1.13
minutes	0.12	1.43
purchase	0.12	1.16
regard	0.12	1.39
look	0.12	2.15
apply	0.12	1.12
exclusively	0.12	1.32
spider	0.12	1.15
line	0.12	1.87
studies	0.12	1.37
moved	0.12	1.50
mission	0.12	1.29
released	0.12	1.15
instant	0.12	1.14
behalf	0.12	1.51
serving	0.12	1.10
text	0.12	1.26
circles	0.12	1.27
out	0.12	1.85
died	0.12	1.30
settings	0.12	1.23
masters	0.12	1.31
nursing	0.12	1.28
hired	0.12	1.20
dominated	0.12	1.25
deserves	0.12	1.61
haircut	0.12	1.32
versus	0.12	1.19
white	0.12	1.28
borrow	0.12	1.59
later	0.13	1.61
understandable	0.13	1.81
display	0.13	1.22
hobbies	0.13	1.19
teen	0.13	1.15
fall	0.13	1.54
partners	0.13	1.35
served	0.13	1.18
values	0.13	1.42
laying	0.13	1.31
city	0.13	1.47
setting	0.13	1.29
cash	0.13	1.22
yard	0.13	1.07
graduate	0.13	1.30
lightly	0.13	1.13
saturday	0.13	1.29
receiving	0.13	1.29
stereotypical	0.13	1.20
foreign	0.13	1.31
anytime	0.13	1.85
visual	0.13	1.18
bye	0.13	1.38
inner	0.13	0.99
brown	0.13	1.04
pot	0.13	1.03
hundreds	0.13	1.54
access	0.13	1.26
offers	0.13	1.20
ahead	0.13	1.87
emails	0.13	1.16
saving	0.13	1.50
lived	0.13	1.48
professor	0.13	1.33
understood	0.13	1.72
enter	0.13	1.42
headed	0.13	1.35
wand	0.13	1.00
reasonable	0.14	1.56
existing	0.14	1.38
measurements	0.14	1.18
phd	0.14	1.32
north	0.14	1.43
eventually	0.14	2.03
consensual	0.14	1.33
legit	0.14	1.44
grocery	0.14	1.17
pixie	0.14	1.13
girls	0.14	1.54
press	0.14	1.17
everyone	0.14	2.53
lets	0.14	2.01
necessary	0.14	1.65
blue	0.14	1.04
sensitive	0.14	1.87
viewed	0.14	1.16
anyway	0.14	2.79
president	0.14	1.22
base	0.14	1.15
agreeing	0.14	2.03
boston	0.14	1.29
responded	0.14	1.90
aid	0.14	1.26
0	0.14	1.25
schools	0.14	1.28
suggested	0.14	1.66
halfway	0.14	1.22
qualities	0.14	1.29
interests	0.14	1.40
hunting	0.14	1.52
checked	0.14	1.38
degrees	0.15	1.19
place	0.15	2.12
east	0.15	1.44
asleep	0.15	1.44
bras	0.15	1.13
traits	0.15	1.29
beards	0.15	1.08
misunderstood	0.15	1.85
military	0.15	1.24
argument	0.15	1.94
south	0.15	1.44
green	0.15	1.02
especially	0.15	1.73
helps	0.15	1.40
further	0.15	1.47
engineering	0.15	1.29
household	0.15	1.21
undergrad	0.15	1.28
colored	0.15	1.05
exclusive	0.15	1.56
next	0.15	1.44
outside	0.15	1.15
painted	0.15	1.08
answer	0.15	2.38
organization	0.15	1.20
another	0.15	1.84
props	0.15	1.05
button	0.15	1.25
stated	0.15	1.95
example	0.15	2.01
isnt	0.15	1.55
code	0.15	1.30
california	0.15	1.42
grain	0.16	1.09
gently	0.16	1.22
laughter	0.16	1.41
epic	0.16	0.99
meat	0.16	1.04
insanity	0.16	1.08
projects	0.16	1.24
boys	0.16	1.39
alternate	0.16	1.34
wasnt	0.16	1.77
students	0.16	1.30
sets	0.16	1.22
born	0.16	1.64
resist	0.16	1.70
feed	0.16	1.30
motherfucker	0.16	1.49
shaped	0.16	1.23
colors	0.16	1.07
dark	0.16	1.04
olive	0.16	1.07
forgetting	0.16	1.61
closed	0.16	1.28
contribute	0.16	1.26
application	0.17	1.21
according	0.17	1.37
slept	0.17	1.38
crack	0.17	1.09
finishing	0.17	1.28
respond	0.17	1.86
army	0.17	1.11
wait	0.17	2.59
us	0.17	2.47
produce	0.17	1.22
blonde	0.17	1.06
bra	0.17	1.03
carefully	0.17	1.30
whoever	0.17	1.59
googling	0.17	1.30
staying	0.17	1.39
girly	0.17	1.07
dependent	0.17	1.37
london	0.17	1.40
acceptable	0.17	1.58
vegetarian	0.17	1.12
middle	0.17	1.41
measure	0.17	1.21
tech	0.17	1.34
conservative	0.17	1.21
apart	0.17	1.56
bottle	0.17	0.98
sells	0.17	1.16
target	0.17	1.12
glasses	0.17	1.02
pen	0.18	1.07
cherry	0.18	0.96
events	0.18	1.17
university	0.18	1.28
fertility	0.18	1.16
email	0.18	1.20
downvoting	0.18	1.93
landlord	0.18	1.28
classes	0.18	1.32
desires	0.18	1.28
faith	0.18	1.28
scientist	0.18	1.34
passed	0.18	1.45
nights	0.18	1.27
opened	0.18	1.29
replying	0.18	2.05
sacrifice	0.18	1.34
electric	0.18	1.10
sold	0.18	1.17
york	0.18	1.44
england	0.18	1.42
political	0.18	1.31
college	0.18	1.28
until	0.18	1.90
stock	0.18	1.15
machines	0.19	1.18
visit	0.19	1.46
goals	0.19	1.34
bright	0.19	1.05
program	0.19	1.28
nails	0.19	1.13
comments	0.19	1.40
sole	0.19	1.40
store	0.19	1.15
doll	0.19	1.29
iirc	0.19	0.91
individuals	0.19	1.36
voting	0.19	1.45
gone	0.19	2.05
coke	0.19	1.03
iron	0.19	1.20
burrito	0.19	1.15
ground	0.19	1.14
though	0.19	2.62
powder	0.19	1.08
abroad	0.19	1.30
purple	0.19	1.05
through	0.19	1.44
dozen	0.19	1.46
central	0.19	1.41
topics	0.19	1.38
liquid	0.19	1.08
math	0.19	1.34
shadow	0.19	1.08
category	0.20	1.35
street	0.20	1.23
sound	0.20	1.56
everything	0.20	2.53
sarcastic	0.20	1.41
suppose	0.20	2.61
sticks	0.20	1.11
sizing	0.20	1.17
orange	0.20	1.03
bay	0.20	1.16
virgin	0.20	1.29
person	0.20	1.95
truly	0.20	1.51
parenting	0.20	1.28
clarify	0.20	2.28
eyebrow	0.20	1.16
rant	0.20	1.53
ordering	0.20	1.14
graduating	0.20	1.29
transition	0.20	1.24
responding	0.20	1.96
occasions	0.20	1.46
master	0.20	1.26
band	0.20	1.13
straight	0.20	1.70
drinking	0.20	1.03
elsewhere	0.20	1.37
nyc	0.21	1.50
belt	0.21	1.00
craving	0.21	1.15
starting	0.21	1.73
national	0.21	1.09
handful	0.21	1.56
school	0.21	1.28
go-to	0.21	1.03
list	0.21	1.38
camera	0.21	1.34
jar	0.21	1.04
idea	0.21	2.51
eyeliner	0.21	1.09
field	0.21	1.25
vegetables	0.21	1.02
clue	0.21	2.18
polish	0.21	1.07
id	0.21	1.46
dust	0.21	1.00
provide	0.21	1.47
pale	0.21	1.05
now	0.21	2.49
loads	0.21	1.27
grey	0.21	1.04
class	0.21	1.49
above	0.21	1.50
hour	0.21	1.40
florida	0.21	1.32
wears	0.21	1.50
veggies	0.21	1.02
ironic	0.21	1.36
super	0.21	1.64
texas	0.21	1.35
bought	0.21	1.13
adults	0.21	1.43
tight	0.21	1.21
ensure	0.22	1.28
goddamn	0.22	1.50
stores	0.22	1.19
sewing	0.22	1.26
nail	0.22	1.10
shop	0.22	1.19
discount	0.22	1.13
drank	0.22	0.98
himself	0.22	2.04
data	0.22	1.38
adult	0.22	1.45
romantic	0.22	1.27
long	0.22	1.59
studied	0.22	1.31
sends	0.22	1.27
admitted	0.22	1.49
horror	0.22	1.10
professors	0.22	1.24
relationship	0.22	1.37
glitter	0.22	1.04
academic	0.22	1.18
minded	0.22	1.29
ending	0.22	1.28
thin	0.23	1.27
computer	0.23	1.28
months	0.23	1.36
space	0.23	1.40
him	0.23	2.35
define	0.23	1.94
whereas	0.23	1.20
top	0.23	1.20
contact	0.23	1.30
effort	0.23	1.49
programs	0.23	1.31
selection	0.23	1.17
learn	0.23	2.06
jelly	0.23	1.43
every	0.23	1.82
freshman	0.23	1.30
lipstick	0.23	1.07
relatively	0.23	1.46
monogamous	0.23	1.33
95	0.23	1.22
didnt	0.23	2.18
late	0.23	1.41
weekends	0.24	1.36
roughly	0.24	1.30
youth	0.24	1.18
trip	0.24	1.30
foods	0.24	1.06
lay	0.24	1.29
individual	0.24	1.43
screen	0.24	1.17
kinky	0.24	1.26
interest	0.24	1.56
vs	0.24	1.34
hopes	0.24	1.42
route	0.24	1.55
devil	0.24	1.09
pink	0.24	1.01
gym	0.24	1.24
realised	0.24	1.77
lease	0.24	1.39
ol	0.24	1.25
sent	0.24	1.19
boy	0.24	1.43
cooked	0.24	1.04
fucker	0.24	1.48
helped	0.24	1.40
foundation	0.24	1.11
random	0.24	1.39
terrifying	0.25	1.57
debate	0.25	1.66
curl	0.25	1.07
senior	0.25	1.26
blush	0.25	1.10
restaurants	0.25	1.19
restaurant	0.25	1.16
fighting	0.25	1.28
couples	0.25	1.42
gives	0.25	1.76
solid	0.25	1.54
pan	0.25	1.06
bowl	0.25	1.00
encouraged	0.25	1.69
chicago	0.25	1.35
comfort	0.25	1.39
communication	0.25	1.43
gear	0.25	1.05
ridiculously	0.25	1.64
claims	0.25	2.08
eating	0.26	1.07
project	0.26	1.22
pointed	0.26	1.68
surrounded	0.26	1.24
education	0.26	1.32
fields	0.26	1.40
ed	0.26	1.28
spent	0.26	1.43
guys	0.26	1.86
victoria	0.26	1.13
gave	0.26	1.46
kiss	0.26	1.24
nipple	0.26	1.05
hire	0.26	1.48
as	0.26	2.07
forth	0.26	1.36
teach	0.26	1.66
cis	0.26	1.44
slutty	0.26	1.08
alpha	0.26	1.16
uncommon	0.26	1.51
allergic	0.26	1.11
date	0.26	1.84
direct	0.26	1.29
til	0.27	1.74
needed	0.27	1.89
lick	0.27	1.11
mystery	0.27	1.31
worded	0.27	1.83
available	0.27	1.31
gay	0.27	1.54
dead	0.27	1.30
consistently	0.27	1.22
lives	0.27	1.57
redditor	0.27	1.49
before	0.27	1.87
food	0.27	1.10
arts	0.27	1.30
credit	0.27	1.24
surprisingly	0.27	1.60
someday	0.27	2.08
pairs	0.27	1.13
short	0.27	1.05
invented	0.27	1.22
teachers	0.27	1.45
humanity	0.27	1.12
searching	0.28	1.43
explained	0.28	1.71
non	0.28	1.16
microwave	0.28	1.07
joint	0.28	1.20
draw	0.28	1.47
talked	0.28	1.69
been	0.28	2.02
previously	0.28	1.64
ireland	0.28	1.44
block	0.28	1.36
tumblr	0.28	1.26
junior	0.28	1.29
grew	0.28	1.32
handed	0.28	1.14
industry	0.28	1.26
meh	0.28	1.69
steak	0.28	1.06
lines	0.28	1.67
confidence	0.28	1.25
logical	0.28	1.64
shops	0.28	1.21
stay	0.28	1.77
counts	0.28	1.05
letters	0.28	1.06
incapable	0.28	1.38
beans	0.28	1.03
catholic	0.28	1.21
elementary	0.29	1.29
outcome	0.29	1.42
exception	0.29	1.44
misunderstanding	0.29	1.77
machine	0.29	1.10
first	0.29	1.85
feature	0.29	1.05
sale	0.29	1.08
passing	0.29	1.27
cook	0.29	1.10
la	0.29	1.40
relationships	0.29	1.30
details	0.29	1.52
woman	0.29	1.74
houses	0.29	1.30
woah	0.29	1.39
poorly	0.29	1.63
friday	0.29	1.31
too	0.29	2.32
properly	0.29	1.90
uses	0.29	1.71
delete	0.30	1.35
guess	0.30	2.71
open	0.30	1.36
phones	0.30	1.23
stalking	0.30	1.33
island	0.30	1.33
trick	0.30	1.49
patience	0.30	1.28
counting	0.30	1.29
official	0.30	1.48
blocked	0.30	1.31
plate	0.30	1.04
underneath	0.30	1.07
professional	0.30	1.20
wonders	0.30	1.16
liquor	0.30	1.03
meeting	0.30	1.55
vegan	0.30	1.06
lesson	0.30	1.48
receive	0.30	1.34
keeps	0.30	2.07
shortly	0.30	1.81
distance	0.30	1.50
viewing	0.30	1.22
rough	0.31	1.72
extended	0.31	1.21
mascara	0.31	1.13
remain	0.31	1.43
bank	0.31	1.25
enough	0.31	2.26
shoe	0.31	1.13
swim	0.31	1.04
sleeping	0.31	1.31
ingredients	0.31	1.12
make-up	0.31	1.15
bang	0.31	1.88
taken	0.31	1.81
hella	0.31	1.64
near	0.31	1.53
laptop	0.31	1.11
tastes	0.31	1.15
dates	0.31	1.38
discussed	0.31	1.56
study	0.31	1.39
resume	0.31	1.14
determined	0.31	1.99
cuts	0.31	1.04
rum	0.31	0.98
applied	0.31	1.25
glass	0.31	0.99
earlier	0.31	1.56
minute	0.32	1.48
conversations	0.32	1.47
dating	0.32	1.73
navy	0.32	1.12
craft	0.32	1.10
uk	0.32	1.45
tried	0.32	1.79
outta	0.32	1.65
graduated	0.32	1.30
our	0.32	1.46
amusing	0.32	1.27
amazon	0.32	1.15
hook	0.32	1.56
he	0.32	2.29
daddy	0.32	1.34
horse	0.32	1.19
colour	0.32	1.05
neighborhood	0.33	1.18
bird	0.33	1.01
noticed	0.33	1.87
teacher	0.33	1.33
ideal	0.33	1.26
split	0.33	1.24
tool	0.33	1.21
aka	0.33	1.14
southern	0.33	1.39
snow	0.33	1.10
clubs	0.33	1.26
fridge	0.33	1.11
soda	0.33	0.99
booty	0.33	1.21
wherever	0.33	1.60
frog	0.33	1.15
evening	0.33	1.27
engage	0.33	1.42
twice	0.33	1.54
highschool	0.33	1.26
built	0.33	1.21
rice	0.33	1.10
intention	0.33	1.89
till	0.34	1.51
deliver	0.34	1.53
officially	0.34	1.66
points	0.34	1.68
sources	0.34	1.48
turns	0.34	1.52
technically	0.34	3.05
originally	0.34	1.77
envy	0.34	1.22
soup	0.34	1.05
under	0.34	1.16
voices	0.34	1.23
media	0.34	1.20
er	0.34	1.32
mine	0.34	1.88
spoiler	0.35	1.28
sometime	0.35	1.90
married	0.35	1.71
beach	0.35	1.16
cross	0.35	1.58
courage	0.35	1.75
added	0.35	1.31
wallet	0.35	1.20
provided	0.35	1.42
empathy	0.35	1.30
easiest	0.35	1.90
politics	0.35	1.31
raised	0.35	1.30
damned	0.35	1.35
lifetime	0.35	1.22
already	0.35	2.28
found	0.35	1.69
times	0.35	1.73
bi	0.35	1.42
question	0.36	2.26
fb	0.36	1.31
teaching	0.36	1.45
eye	0.36	1.10
competition	0.36	0.91
insanely	0.36	1.59
aisle	0.36	1.17
realistic	0.36	1.19
serve	0.36	1.12
vodka	0.36	0.98
posters	0.36	1.48
action	0.36	1.04
approval	0.36	1.23
urban	0.36	1.23
wolf	0.36	1.18
received	0.36	1.32
bullet	0.36	1.19
exes	0.36	1.55
poly	0.36	1.33
elaborate	0.36	1.22
private	0.36	1.27
virginity	0.36	1.32
drink	0.36	0.99
stolen	0.36	1.33
software	0.37	1.21
thousands	0.37	1.50
billion	0.37	1.30
ordered	0.37	1.13
who	0.37	2.32
beer	0.37	1.00
sleep	0.37	1.36
inbox	0.37	1.25
banned	0.37	1.43
passion	0.37	1.05
mail	0.37	1.18
nap	0.37	1.19
recall	0.37	1.21
blank	0.38	1.21
round	0.38	1.12
oblivion	0.38	1.44
sane	0.38	1.45
divorced	0.38	1.42
genetics	0.38	1.19
describing	0.38	1.43
third	0.38	1.47
partner	0.38	1.56
sour	0.38	1.03
use	0.38	1.38
pepper	0.38	1.02
gt	0.38	2.58
research	0.38	1.31
beauty	0.38	1.28
strategy	0.38	1.34
snap	0.38	1.22
90	0.38	1.32
once	0.38	1.89
dig	0.38	1.26
forbid	0.38	1.33
coworker	0.39	1.86
salt	0.39	1.01
deleted	0.39	1.47
turned	0.39	1.44
y'know	0.39	1.38
trained	0.39	1.22
second	0.39	1.60
cow	0.39	1.20
jewish	0.39	1.17
one	0.39	2.55
politely	0.39	1.62
definitely	0.39	2.54
friendship	0.39	1.39
its	0.39	1.94
eaten	0.39	1.11
germany	0.39	1.35
local	0.40	1.21
giving	0.40	1.53
hang	0.40	2.19
listening	0.40	1.24
analogy	0.40	1.65
bar	0.40	1.10
leaked	0.40	1.31
goods	0.40	1.09
broke	0.40	1.62
clothes	0.40	1.14
visiting	0.40	1.32
he/she	0.40	1.88
fully	0.40	1.47
okc	0.40	1.48
humans	0.40	1.22
main	0.40	1.24
stable	0.40	1.21
oven	0.40	1.05
eyeshadow	0.40	1.09
lights	0.41	1.08
resources	0.41	1.35
wtf	0.41	1.91
advance	0.41	1.34
filter	0.41	1.36
facebook	0.41	1.34
neither	0.41	1.46
females	0.41	1.47
karma	0.41	1.48
celebrities	0.41	1.20
rip	0.41	1.29
trans	0.41	1.44
quick	0.41	1.45
invested	0.41	1.93
20s	0.42	1.29
visited	0.42	1.36
church	0.42	1.15
practice	0.42	1.36
marrying	0.42	1.63
vague	0.42	1.19
tone	0.42	1.44
interaction	0.42	1.30
papers	0.42	1.13
lesbian	0.42	1.39
sentences	0.42	1.56
voice	0.43	1.27
d	0.43	2.66
sense	0.43	1.83
pour	0.43	1.01
pasta	0.43	1.07
spoon	0.43	1.11
section	0.43	1.24
messaged	0.43	1.42
bisexual	0.43	1.53
particular	0.43	1.34
send	0.43	1.28
message	0.43	1.26
james	0.43	1.10
surely	0.43	1.67
item	0.43	1.16
stole	0.43	1.13
had	0.43	1.86
canadian	0.43	1.32
useful	0.43	1.27
roommates	0.43	1.56
salad	0.43	1.02
heard	0.43	2.34
power	0.44	1.21
cheated	0.44	1.60
apparently	0.44	2.42
shades	0.44	1.01
planet	0.44	1.40
career	0.44	1.36
opportunities	0.44	1.36
tickets	0.44	1.00
dragon	0.44	1.08
humor	0.44	1.30
year	0.44	1.41
mommy	0.44	1.21
used	0.44	1.82
commented	0.44	1.59
saw	0.44	1.62
mac	0.44	1.06
several	0.44	1.45
nicely	0.44	1.66
gon	0.44	2.44
beers	0.44	1.09
pc	0.44	1.08
previous	0.44	1.40
recent	0.44	1.19
hardcore	0.44	1.00
million	0.45	1.41
asian	0.45	1.35
junk	0.45	1.07
examples	0.45	1.49
soon	0.45	1.95
bible	0.45	1.16
commenting	0.45	1.59
fortunately	0.45	1.09
maturity	0.45	1.25
cutest	0.45	2.20
wine	0.45	0.98
invest	0.45	1.06
referring	0.45	1.91
friendships	0.45	1.27
juice	0.45	0.98
respect	0.45	1.33
contributing	0.45	1.30
drawn	0.45	1.25
critical	0.46	1.29
hung	0.46	1.39
review	0.46	1.18
guest	0.46	1.19
loose	0.46	1.09
sandwich	0.46	1.01
precious	0.46	1.25
pockets	0.46	1.08
amirite	0.46	1.44
former	0.46	1.36
fedora	0.46	1.18
soo	0.46	1.43
mentioned	0.46	1.75
tan	0.46	1.13
faces	0.46	1.18
beef	0.46	1.06
okcupid	0.47	1.50
toast	0.47	1.06
80	0.47	1.28
skills	0.47	1.37
letter	0.47	1.23
replied	0.47	1.89
eat	0.47	1.03
cracked	0.47	1.37
return	0.47	1.42
package	0.47	1.02
within	0.47	1.41
mutual	0.47	1.51
interactions	0.47	1.24
natural	0.47	1.32
na	0.47	2.18
cloud	0.47	1.32
interpretation	0.47	1.99
usa	0.47	1.35
posting	0.47	1.60
stone	0.48	1.13
web	0.48	1.17
traveling	0.48	1.30
past	0.48	1.54
log	0.48	1.33
ai	0.48	1.62
olds	0.48	1.38
tinder	0.48	1.54
tall	0.48	1.16
clear	0.48	2.46
fries	0.48	1.10
jennifer	0.48	1.19
bold	0.48	1.19
moms	0.48	1.47
spouse	0.48	1.55
vent	0.48	1.62
weather	0.48	1.15
google	0.49	1.27
role	0.49	1.05
hm	0.49	1.53
raise	0.49	1.28
dedicated	0.49	1.37
whiskey	0.49	1.00
dancing	0.49	1.17
tip	0.49	1.22
de	0.49	1.10
mixed	0.49	1.12
gah	0.49	1.32
promised	0.49	1.52
species	0.49	1.19
venting	0.49	1.31
camping	0.49	1.07
aged	0.49	1.29
4chan	0.49	1.22
sugar	0.49	1.07
whose	0.49	1.29
shown	0.50	1.35
heal	0.50	1.45
promise	0.50	2.18
replies	0.50	1.55
fuck	0.50	1.94
beings	0.50	1.30
tank	0.50	1.00
trips	0.50	1.16
alien	0.50	1.01
providing	0.50	1.43
only	0.50	2.61
ad	0.50	1.14
mfw	0.50	1.10
hoped	0.50	1.69
bdsm	0.50	1.09
profile	0.50	1.32
decades	0.51	1.39
witch	0.51	1.12
indian	0.51	1.28
sauce	0.51	1.03
joe	0.51	0.91
answers	0.51	1.73
heating	0.51	0.98
adoption	0.51	1.23
ben	0.51	0.94
mothers	0.51	1.34
showed	0.51	1.24
request	0.51	1.33
structure	0.51	1.43
default	0.51	1.41
figures	0.52	1.22
hopefully	0.52	2.08
questions	0.52	1.69
fourth	0.52	1.21
2x	0.52	1.41
mistake	0.52	1.87
apology	0.52	1.39
stories	0.52	1.35
information	0.52	1.52
blast	0.52	1.22
curls	0.52	1.15
offered	0.52	1.36
subscribe	0.52	1.39
capable	0.52	1.33
earth	0.53	1.04
app	0.53	1.32
fruit	0.53	0.95
learning	0.53	1.82
collection	0.53	0.98
famous	0.53	1.05
presumably	0.53	1.37
nudes	0.53	1.26
honesty	0.53	1.28
knowledge	0.53	1.34
owners	0.54	1.12
thoughts	0.54	1.36
guy	0.54	1.87
crush	0.54	1.06
mid	0.54	1.21
texted	0.54	1.58
sassy	0.54	1.94
rely	0.54	1.41
celebrity	0.54	1.21
grade	0.54	1.24
via	0.55	1.23
features	0.55	1.27
sushi	0.55	1.16
refers	0.55	1.29
graduation	0.55	1.26
dumped	0.55	1.49
showing	0.55	1.41
invite	0.55	1.64
45	0.55	1.33
singing	0.55	1.21
last	0.55	1.40
path	0.55	1.40
ours	0.55	1.27
happiness	0.55	1.31
prime	0.55	1.16
bed	0.55	1.24
firm	0.55	1.26
early	0.56	1.26
sport	0.56	0.87
dip	0.56	1.05
criticism	0.56	1.35
parent	0.56	1.37
coffee	0.56	0.99
co-worker	0.56	1.75
thick	0.56	1.08
taught	0.56	1.41
cheesy	0.56	1.08
generation	0.57	1.24
cast	0.57	1.06
mods	0.57	1.41
wikipedia	0.57	1.26
nude	0.57	1.24
safe	0.57	1.74
brb	0.57	1.56
instagram	0.57	1.35
loop	0.57	1.08
lawrence	0.57	1.19
turkey	0.57	1.00
dads	0.57	1.48
70	0.57	1.32
bump	0.57	1.25
dated	0.57	1.60
surprise	0.57	1.38
bomb	0.58	1.19
learned	0.58	1.72
european	0.58	1.41
drinks	0.58	0.99
matching	0.58	1.01
styles	0.58	1.18
worthy	0.58	1.15
chris	0.58	0.97
photos	0.58	1.26
tbh	0.58	1.48
click	0.58	1.30
toddler	0.58	1.25
using	0.58	1.68
plug	0.58	1.08
discussions	0.59	1.36
jesus	0.59	1.81
mini	0.59	1.14
concert	0.59	1.10
twitter	0.59	1.30
duh	0.59	1.47
technique	0.59	1.16
speak	0.59	2.16
funniest	0.59	2.08
100	0.59	1.62
location	0.59	1.30
wan	0.59	2.01
posts	0.60	1.49
trees	0.60	0.96
voted	0.60	1.55
typing	0.60	1.59
dance	0.60	1.24
screw	0.60	1.38
print	0.60	0.99
tea	0.60	0.99
belong	0.60	1.55
poster	0.60	1.65
accidentally	0.60	1.53
tops	0.60	1.01
tonight	0.60	1.17
delivered	0.60	1.23
search	0.60	1.32
child	0.60	1.40
described	0.61	1.55
neighbor	0.61	1.34
subs	0.61	1.41
websites	0.61	1.36
perspective	0.61	1.59
99	0.61	1.26
secure	0.61	1.25
eh	0.61	1.84
progress	0.62	1.28
jeans	0.62	1.05
communities	0.62	1.27
planned	0.62	1.18
fist	0.62	1.16
chinese	0.62	1.31
dodged	0.62	1.60
boom	0.62	1.15
affection	0.62	1.18
content	0.62	1.38
apple	0.62	1.00
girl	0.62	1.63
childhood	0.62	0.96
intelligence	0.62	1.31
ex	0.62	1.88
beginning	0.62	1.32
strength	0.62	1.26
folks	0.62	1.37
ate	0.62	1.01
bars	0.62	1.03
reasonably	0.62	1.44
missed	0.62	1.58
makeup	0.63	1.25
reading	0.63	1.50
mate	0.63	1.29
obama	0.63	1.25
fwb	0.63	1.69
silver	0.63	1.13
milk	0.63	1.04
please	0.63	2.24
mod	0.63	1.40
clock	0.63	1.19
topic	0.63	1.52
speaks	0.63	1.74
pic	0.63	1.26
nsfw	0.63	1.31
unsolicited	0.64	1.23
notes	0.64	1.12
names	0.64	1.34
won	0.64	0.96
banana	0.64	0.97
irony	0.64	1.42
girlfriends	0.64	1.67
theme	0.64	1.11
pictures	0.64	1.25
fried	0.64	1.03
met	0.64	1.62
peanut	0.64	0.98
pretty	0.64	1.91
whats	0.64	1.58
old	0.64	1.39
approach	0.64	1.53
design	0.64	1.16
decade	0.64	1.34
crossed	0.64	1.43
browse	0.65	1.43
planning	0.65	1.31
known	0.65	1.79
recently	0.65	1.85
skirts	0.65	1.02
introduced	0.65	1.43
grandmother	0.65	1.67
background	0.65	1.15
rolls	0.65	1.20
gloves	0.65	1.08
34	0.65	1.28
marriage	0.65	1.35
americans	0.65	1.48
civil	0.65	1.29
browsing	0.65	1.45
add	0.65	1.24
birds	0.65	1.11
friends	0.66	1.74
whom	0.66	1.77
reply	0.66	1.69
ages	0.66	1.38
threads	0.66	1.44
stars	0.66	1.05
development	0.66	1.04
pics	0.66	1.20
slice	0.66	0.94
pants	0.66	1.03
matches	0.66	1.17
gaming	0.66	1.11
uniform	0.66	1.00
shoes	0.66	1.04
subreddits	0.66	1.41
row	0.66	1.40
gamer	0.67	1.09
giggle	0.67	1.22
corn	0.67	1.00
story	0.67	1.59
pair	0.67	1.02
anyways	0.67	1.90
ta	0.67	1.66
online	0.67	1.32
flavor	0.67	1.11
res	0.67	1.35
conversation	0.67	1.59
informed	0.67	1.34
flowers	0.67	0.91
reddit	0.67	1.40
daughters	0.68	1.52
campaign	0.68	1.11
instructions	0.68	1.31
library	0.68	1.05
jacket	0.68	1.05
popcorn	0.68	0.89
models	0.68	1.13
mix	0.68	1.06
stealing	0.68	1.33
shirts	0.68	1.03
spring	0.69	1.17
husbands	0.69	1.56
boat	0.69	1.57
booze	0.69	0.99
songs	0.69	1.18
attend	0.69	1.21
leather	0.69	1.03
r/all	0.69	1.45
chat	0.69	1.50
card	0.69	1.15
le	0.69	1.39
users	0.69	1.41
subject	0.69	1.30
sidebar	0.69	1.42
grandma	0.69	1.71
butter	0.69	1.03
plot	0.69	1.06
grandfather	0.69	1.63
ops	0.69	1.64
unique	0.69	1.22
age	0.69	1.36
her	0.69	1.94
couch	0.70	1.15
music	0.70	1.12
husband	0.70	2.07
compliments	0.70	1.21
hundred	0.70	1.44
new	0.70	1.38
baking	0.70	0.98
frozen	0.70	0.90
roommate	0.70	1.87
january	0.70	1.18
check	0.70	1.75
nowadays	0.70	1.62
lego	0.70	1.01
pages	0.70	1.14
downvotes	0.70	1.52
his	0.70	1.83
sooooo	0.71	1.57
hmmm	0.71	1.46
pajamas	0.71	1.04
shorts	0.71	1.00
version	0.71	1.04
educated	0.71	1.21
life	0.71	2.25
page	0.71	1.38
linked	0.71	1.36
works	0.71	1.95
shape	0.71	1.25
thesis	0.72	1.24
encouraging	0.72	1.46
event	0.72	1.08
shirt	0.72	1.05
forum	0.72	1.34
explanation	0.72	1.64
cinnamon	0.72	1.02
emma	0.72	1.12
has	0.72	2.08
rocks	0.72	1.08
allows	0.72	1.14
mua	0.73	1.45
50	0.73	1.37
engaged	0.73	1.43
chip	0.73	0.95
thread	0.73	1.56
september	0.73	1.22
thousand	0.73	1.39
coat	0.73	1.07
wisdom	0.73	1.29
75	0.73	1.18
sub	0.73	1.47
true	0.73	2.81
trolly	0.73	1.46
since	0.73	1.48
comment	0.73	1.81
article	0.74	1.34
posted	0.74	1.51
pillow	0.74	1.11
rational	0.74	1.45
r/abrathatfits	0.74	1.19
sports	0.74	0.93
offering	0.74	1.42
lover	0.74	1.04
checks	0.74	1.08
kids	0.74	1.51
ads	0.74	0.97
anonymous	0.74	1.28
o_o	0.75	1.45
boots	0.75	1.05
fitting	0.75	1.11
commercials	0.75	1.00
bake	0.75	1.02
mother	0.75	1.71
land	0.75	1.14
skirt	0.75	1.02
links	0.76	1.32
magazine	0.76	1.14
children	0.76	1.36
raising	0.76	1.31
source	0.76	1.48
aunt	0.76	1.71
friend	0.76	1.97
clothing	0.76	1.08
eyes	0.76	1.20
dem	0.76	1.34
hooked	0.76	1.36
nerd	0.76	1.05
okay	0.76	2.82
plays	0.76	1.89
winter	0.77	1.12
ice	0.77	0.90
twox	0.77	1.44
older	0.77	1.49
seen	0.77	2.26
boyfriends	0.77	1.78
read	0.77	1.26
articles	0.77	1.21
subreddit	0.77	1.49
shopping	0.77	1.07
ok	0.77	2.43
strangers	0.78	1.25
gal	0.78	1.32
29	0.78	1.35
subscribed	0.78	1.49
totally	0.78	2.31
occasion	0.78	1.17
downvote	0.78	1.51
parents	0.78	1.53
kid	0.78	1.53
entire	0.78	2.20
write	0.78	1.02
votes	0.78	1.43
written	0.78	1.06
yoga	0.78	1.08
mum	0.78	1.96
uncle	0.78	1.71
grace	0.78	1.27
mexican	0.78	1.25
reviews	0.78	1.18
ve	0.78	2.33
subbed	0.78	1.49
prom	0.79	1.13
george	0.79	1.03
shudder	0.79	1.41
wife	0.79	1.99
cuz	0.79	1.70
players	0.79	0.91
upvotes	0.79	1.42
tights	0.79	1.03
father	0.79	1.64
cousin	0.80	1.77
sincerely	0.80	1.28
da	0.80	1.50
manly	0.80	1.16
goodbye	0.80	1.31
upvoted	0.80	1.48
grandparents	0.80	1.62
26	0.80	1.35
jerry	0.80	0.97
guide	0.80	1.17
mom	0.80	1.93
drawing	0.80	1.37
noooo	0.80	1.40
history	0.80	1.50
23	0.80	1.35
november	0.80	1.17
john	0.80	0.93
jack	0.80	1.00
dinner	0.80	1.02
update	0.80	1.41
commonly	0.81	1.48
sea	0.81	0.92
ditto	0.81	1.18
heck	0.81	1.69
dr	0.81	1.04
crowd	0.81	1.02
sarcasm	0.81	1.76
consideration	0.81	1.28
sweatpants	0.81	1.07
post	0.81	1.55
wise	0.81	1.18
dresses	0.81	1.03
27	0.81	1.35
chicken	0.81	1.01
dad	0.81	1.77
mobile	0.81	1.39
passionate	0.81	1.19
skill	0.82	1.28
marketing	0.82	1.21
copy	0.82	1.24
day	0.82	1.31
soccer	0.82	0.95
art	0.82	1.12
cookie	0.82	0.94
theater	0.82	0.94
board	0.82	1.08
gtfo	0.82	1.64
cheese	0.82	1.00
trollx	0.82	1.50
king	0.82	1.07
relatives	0.82	1.39
4th	0.82	1.21
understanding	0.82	1.35
cousins	0.83	1.62
fiance	0.83	1.96
win	0.83	1.17
gf	0.83	2.31
hers	0.83	1.82
site	0.83	1.26
sites	0.83	1.26
lessons	0.83	1.56
website	0.83	1.27
hockey	0.83	0.93
style	0.83	0.95
network	0.83	1.10
oldest	0.83	1.53
32	0.84	1.32
football	0.84	0.94
candy	0.84	0.85
queen	0.84	1.00
japanese	0.84	1.36
fyi	0.84	1.29
bros	0.84	1.40
worn	0.84	1.02
daughter	0.84	1.62
younger	0.84	1.49
hearts	0.84	1.13
youre	0.84	1.65
favourite	0.84	1.96
apologies	0.84	1.74
summer	0.84	1.10
son	0.84	1.60
dough	0.84	0.94
vanilla	0.85	0.95
leggings	0.85	1.04
community	0.85	1.22
31	0.85	1.35
90s	0.85	0.99
brothers	0.85	1.62
yummy	0.85	1.19
phrasing	0.85	1.96
kindness	0.85	1.19
representation	0.85	1.18
suits	0.85	1.02
irl	0.85	1.49
pizza	0.85	0.98
flattering	0.86	1.77
mr	0.86	0.99
b	0.86	1.47
soooo	0.86	1.67
classy	0.86	1.35
hmm	0.86	1.69
28	0.87	1.31
real	0.87	2.33
19	0.87	1.35
accounts	0.87	1.31
blog	0.87	1.23
t-shirt	0.87	1.04
brother	0.87	1.81
actors	0.87	1.02
chips	0.87	0.92
21	0.88	1.35
v	0.88	1.39
sister	0.88	1.82
jeez	0.88	1.47
team	0.88	0.93
vet	0.88	1.12
ginger	0.89	0.94
author	0.89	1.05
members	0.89	1.21
romance	0.89	0.94
american	0.89	1.50
radio	0.89	1.02
rest	0.89	2.23
16	0.90	1.33
casual	0.90	1.15
bacon	0.90	1.03
league	0.90	0.92
player	0.90	0.91
em	0.90	1.75
here	0.90	2.00
17	0.90	1.33
formal	0.90	1.11
yours	0.90	1.65
chick	0.90	1.38
link	0.90	1.40
18	0.91	1.36
join	0.91	1.49
fucking	0.91	1.84
engineer	0.91	1.22
chicks	0.91	1.43
painting	0.91	1.12
siblings	0.92	1.50
brows	0.92	1.10
reminding	0.92	1.65
joining	0.92	1.29
fantasy	0.92	0.91
golden	0.92	1.03
brownies	0.92	0.98
wearing	0.92	1.05
cared	0.92	1.77
laughing	0.93	1.31
statement	0.93	2.24
manner	0.93	1.35
original	0.93	1.71
wrote	0.93	1.11
dress	0.93	1.02
wear	0.93	1.04
r/makeupaddiction	0.93	1.41
naked	0.93	1.20
joined	0.94	1.24
40	0.94	1.33
e	0.94	1.49
imgur	0.94	1.22
revenge	0.94	1.75
genuine	0.94	1.34
misread	0.95	1.80
dean	0.95	1.07
steam	0.95	1.03
22	0.95	1.33
60	0.95	1.35
rabbit	0.95	1.01
bff	0.95	1.78
meaning	0.95	2.13
spoke	0.95	1.67
proud	0.95	2.40
wore	0.95	1.04
russian	0.95	1.50
sisters	0.95	1.52
families	0.96	1.23
yo	0.96	1.65
porn	0.96	1.01
plans	0.96	1.24
1/2	0.97	1.11
told	0.97	1.55
checking	0.97	1.44
exchange	0.97	1.07
enjoyed	0.97	1.28
successful	0.97	1.19
march	0.97	1.17
lurking	0.97	1.47
weddings	0.97	1.15
24	0.97	1.33
context	0.97	1.93
cream	0.97	0.90
35	0.98	1.33
universe	0.98	1.00
account	0.98	1.32
advise	0.98	1.60
bread	0.98	0.93
parties	0.98	1.16
fits	0.98	1.13
dude	0.98	1.83
captain	0.98	0.98
earned	0.98	1.09
accepting	0.99	1.32
solution	0.99	1.97
special	0.99	1.01
seriousness	0.99	1.47
paragraph	0.99	1.55
noted	0.99	1.23
bf	0.99	2.32
ms	0.99	1.13
fitness	1.00	1.24
vote	1.00	1.29
meantime	1.00	1.43
jam	1.00	1.21
native	1.00	1.58
3-4	1.00	1.40
sweater	1.00	1.06
club	1.00	1.27
fans	1.00	0.89
memes	1.01	1.16
italian	1.01	1.54
calm	1.01	1.35
images	1.01	1.17
man	1.01	1.71
info	1.01	1.41
good	1.01	1.69
lingerie	1.01	1.11
drag	1.01	1.01
recipe	1.01	0.99
shiny	1.01	1.06
choice	1.02	2.29
mil	1.02	1.60
homemade	1.02	0.99
australian	1.02	1.34
boyfriend	1.02	2.34
ultimate	1.02	1.05
playing	1.02	0.93
1	1.02	1.18
accurately	1.02	1.37
april	1.03	1.18
attractive	1.03	1.14
member	1.03	1.25
twenty	1.03	1.40
hat	1.03	1.05
25	1.03	1.33
healing	1.04	1.20
novel	1.04	1.03
model	1.04	1.24
mistakes	1.04	2.16
pm	1.04	1.54
irish	1.04	1.52
potato	1.04	1.00
productive	1.04	1.37
steve	1.05	1.01
positive	1.05	1.24
comedy	1.05	1.03
kudos	1.05	1.25
girlfriend	1.05	2.31
michael	1.05	0.99
dying	1.05	1.30
w	1.05	1.46
volunteer	1.06	1.11
sharing	1.06	1.38
admire	1.06	1.17
powers	1.06	1.10
harmless	1.06	1.65
french	1.07	1.62
future	1.07	1.43
independent	1.07	1.20
june	1.07	1.22
feedback	1.07	1.37
spoken	1.08	1.67
socks	1.08	1.09
classic	1.08	1.00
clever	1.08	1.21
tough	1.08	1.46
welp	1.09	1.61
writing	1.09	1.04
amen	1.09	1.32
hubby	1.09	2.18
nine	1.09	1.40
game	1.09	0.90
chocolate	1.10	0.89
miracle	1.10	0.98
gods	1.10	1.27
pokemon	1.10	0.84
cheesecake	1.10	0.91
bummer	1.10	1.60
confirm	1.10	1.27
wardrobe	1.10	1.13
cards	1.11	1.03
trusted	1.11	1.43
wars	1.11	0.96
14	1.11	1.34
dressing	1.11	1.10
mature	1.11	1.23
ftw	1.12	1.04
13	1.12	1.34
success	1.12	1.22
heels	1.12	1.03
f	1.12	1.48
3rd	1.12	1.13
unite	1.12	1.30
games	1.12	0.90
suggestions	1.12	1.47
spice	1.12	1.04
discussion	1.13	1.37
clarification	1.13	1.65
explains	1.13	1.24
jewelry	1.13	1.00
miss	1.13	1.54
fashion	1.13	1.18
prince	1.14	1.08
song	1.14	1.12
expression	1.14	1.17
yea	1.14	1.85
perfectly	1.14	1.55
amp	1.14	1.44
refer	1.15	1.91
spanish	1.15	1.76
marvel	1.15	1.01
august	1.15	1.19
thor	1.15	1.03
l	1.15	1.52
bear	1.15	1.16
batman	1.15	1.04
response	1.16	1.47
literal	1.16	1.45
comic	1.16	1.06
knew	1.16	1.73
suggestion	1.16	1.52
o.o	1.16	1.39
baked	1.16	0.92
k	1.17	1.47
quiet	1.17	1.79
2nd	1.17	1.10
t	1.17	1.60
unrelated	1.17	1.30
german	1.17	1.70
yikes	1.17	1.58
dang	1.17	1.44
seven	1.17	1.39
kind	1.17	1.64
30	1.18	1.35
finished	1.18	1.05
description	1.18	1.25
peace	1.18	1.29
fan	1.18	0.96
2-3	1.18	1.41
n	1.18	1.43
quotes	1.19	1.31
20	1.19	1.35
match	1.19	1.23
writer	1.19	1.02
christ	1.19	1.44
thats	1.19	1.79
channel	1.19	0.83
donuts	1.19	1.01
rich	1.20	1.13
october	1.20	1.19
english	1.20	1.81
outfits	1.20	1.06
cookies	1.20	0.88
trolls	1.20	1.43
blanket	1.20	1.07
actor	1.21	0.94
meme	1.21	1.15
recipes	1.21	1.08
costumes	1.21	1.01
nah	1.21	1.74
2014	1.22	1.11
actress	1.22	1.00
babies	1.22	1.19
play	1.22	0.89
british	1.22	1.19
photo	1.22	1.20
preach	1.22	1.34
outfit	1.22	1.05
unicorn	1.22	0.90
kisses	1.23	1.08
half	1.23	1.35
costume	1.23	0.98
family	1.23	1.29
definition	1.23	2.28
um	1.23	1.78
appreciated	1.23	1.24
dream	1.23	1.60
11	1.23	1.33
advice	1.24	1.49
pie	1.24	0.91
hats	1.24	1.04
dammit	1.24	1.35
ten	1.24	1.39
latte	1.25	1.01
blows	1.25	1.44
offer	1.25	1.42
r	1.25	1.48
december	1.25	1.21
starbucks	1.25	1.00
nope	1.26	1.79
rubs	1.26	1.68
duck	1.26	1.29
heaven	1.26	1.33
x	1.26	1.54
y'all	1.26	1.64
pinterest	1.26	1.12
also	1.26	2.47
rocking	1.27	1.19
homeless	1.27	1.11
blankets	1.27	1.10
h	1.27	1.40
invited	1.27	1.21
15	1.28	1.36
party	1.28	1.18
syrup	1.28	1.03
disney	1.29	1.03
journey	1.29	1.26
term	1.29	2.30
cheer	1.30	1.57
potatoes	1.30	1.01
characters	1.30	0.94
error	1.30	2.10
luckily	1.30	1.44
eight	1.30	1.39
naturally	1.31	1.08
weekend	1.31	1.23
bride	1.31	0.99
wut	1.31	1.50
tree	1.31	1.02
y	1.31	1.52
two	1.31	1.40
c	1.32	1.53
delicate	1.32	1.07
support	1.32	1.34
twin	1.32	1.17
spending	1.32	1.25
flavored	1.32	1.00
constructive	1.33	1.34
few	1.33	1.41
adventure	1.33	0.93
freakin	1.34	1.47
seriously	1.34	2.27
bro	1.34	1.64
santa	1.34	1.07
ouch	1.34	1.49
terms	1.35	2.32
impressive	1.35	1.52
film	1.35	0.97
deserve	1.35	1.28
sounds	1.35	1.87
cider	1.35	0.98
qualified	1.35	1.66
films	1.36	0.96
suit	1.36	1.00
geez	1.36	1.57
priorities	1.36	1.41
sweaters	1.37	1.10
huh	1.37	1.72
winning	1.37	1.33
damnit	1.37	1.39
loss	1.38	1.22
tagged	1.38	1.23
hoping	1.38	1.98
patient	1.38	1.15
news	1.38	1.16
accent	1.39	1.35
dressed	1.39	1.06
heh	1.39	1.39
yeah	1.39	2.01
interesting	1.39	1.28
agreed	1.40	1.62
album	1.40	1.12
totes	1.40	1.52
tips	1.40	1.30
fuckin	1.41	1.57
couple	1.41	1.41
pun	1.41	1.19
magic	1.41	1.36
word	1.41	2.39
curse	1.41	1.34
cupcakes	1.41	0.91
pleasant	1.42	1.54
title	1.42	1.72
picture	1.42	1.18
baby	1.42	1.21
character	1.42	0.97
6	1.42	1.40
babe	1.42	1.74
book	1.42	1.01
o	1.42	1.60
insight	1.43	1.42
gold	1.43	1.20
mrw	1.43	1.21
u	1.43	1.67
named	1.43	1.00
enjoy	1.44	1.34
soul	1.44	0.92
three	1.44	1.40
cartoon	1.44	0.94
rings	1.44	1.06
listened	1.45	1.43
pls	1.45	1.40
vacation	1.45	1.23
july	1.45	1.21
smile	1.45	1.49
ya	1.45	1.68
valuable	1.45	1.16
input	1.46	1.32
bb	1.46	1.38
image	1.46	1.16
neat	1.46	1.50
comics	1.46	0.95
whoa	1.46	1.50
videos	1.47	0.98
oops	1.47	1.67
wedding	1.47	1.09
closest	1.47	1.94
tag	1.47	1.19
2	1.47	1.37
phrase	1.48	1.65
mama	1.48	1.30
scenes	1.48	1.02
op	1.48	1.85
trek	1.48	0.93
respected	1.49	1.21
youtube	1.49	0.98
bob	1.49	1.01
absolutely	1.49	1.74
kidding	1.49	1.72
five	1.49	1.40
comfy	1.49	1.15
creatures	1.50	1.05
smooth	1.50	1.71
four	1.50	1.40
anime	1.50	0.96
4	1.51	1.39
holy	1.51	1.79
six	1.51	1.41
tease	1.51	1.33
worries	1.51	1.60
lemon	1.51	1.05
gurl	1.51	1.63
references	1.52	1.10
ninja	1.52	1.22
twins	1.52	1.23
correctly	1.52	2.13
creative	1.52	1.13
speaking	1.53	2.06
honest	1.53	1.81
darn	1.53	1.49
pumpkin	1.53	0.98
star	1.54	0.96
sorry	1.54	1.62
usage	1.54	2.18
lap	1.54	1.66
recommend	1.54	1.59
forgot	1.55	1.66
uh	1.55	1.79
12	1.55	1.37
harry	1.56	0.95
movies	1.56	1.05
gifts	1.56	1.16
video	1.56	0.98
cuddling	1.56	1.05
honey	1.56	1.56
10	1.56	1.39
fixed	1.56	2.00
princess	1.57	0.85
oooh	1.57	1.43
sums	1.57	1.20
gift	1.57	1.14
sending	1.58	1.22
close	1.58	1.65
tasty	1.58	1.12
possible	1.58	2.14
5	1.59	1.40
hero	1.59	0.99
angel	1.59	1.01
buddies	1.59	1.21
confident	1.59	1.45
9	1.59	1.38
alright	1.60	1.86
wording	1.60	2.14
8	1.60	1.39
describe	1.60	2.05
7	1.61	1.39
ldr	1.61	1.39
gals	1.61	1.39
seasons	1.61	1.07
fuzzy	1.62	1.20
words	1.62	2.35
gawd	1.62	1.56
name	1.62	1.24
mmm	1.62	1.16
dat	1.63	1.46
funny	1.64	1.43
sweetheart	1.64	1.58
careful	1.64	1.75
wat	1.64	1.62
comfortable	1.65	1.72
favorite	1.65	1.78
breed	1.65	1.08
keeper	1.66	1.49
season	1.66	1.03
relate	1.66	1.63
neutral	1.66	2.03
stranger	1.66	1.33
stuffed	1.67	0.99
combo	1.67	1.36
appropriate	1.67	1.14
chill	1.67	1.62
ohh	1.67	1.71
watch	1.68	1.09
spell	1.68	2.20
episodes	1.68	1.06
sympathy	1.69	1.28
burgers	1.69	0.94
such	1.69	1.34
tv	1.69	1.05
gotcha	1.69	1.62
cuddle	1.69	1.04
oh	1.70	1.63
language	1.70	2.27
whoops	1.70	2.03
shows	1.71	1.06
respectful	1.72	1.26
wow	1.72	1.83
sentence	1.72	2.26
potter	1.72	0.97
exciting	1.73	1.33
moon	1.73	0.98
hope	1.73	1.58
edited	1.74	2.24
favorites	1.74	1.44
fur	1.74	1.05
binge	1.74	0.99
grammar	1.75	2.31
recovery	1.75	1.18
played	1.75	1.33
marathon	1.76	0.99
user	1.76	1.25
goddess	1.76	1.13
troll	1.77	1.41
supernatural	1.77	1.04
shelter	1.77	1.02
netflix	1.78	0.97
spelling	1.78	2.23
anniversary	1.78	1.22
sweetie	1.78	1.56
bless	1.78	1.28
parks	1.78	1.00
edit	1.79	2.15
hun	1.79	1.48
animals	1.79	1.06
hah	1.80	1.59
saved	1.80	1.43
hey	1.80	1.96
artist	1.81	1.45
watching	1.82	1.00
adopt	1.82	1.04
series	1.82	1.01
thanksgiving	1.82	1.23
sir	1.82	1.29
ooooh	1.84	1.44
pet	1.84	0.96
sigh	1.84	1.48
hello	1.84	1.27
internet	1.84	1.36
lol	1.86	1.83
gilmore	1.86	1.01
amazingly	1.87	1.39
hug	1.88	1.42
mmmm	1.88	1.15
yup	1.89	1.59
lord	1.89	1.39
hi	1.89	1.49
ooh	1.90	1.54
hooray	1.90	1.12
books	1.91	1.32
fancy	1.91	1.48
solidarity	1.91	1.31
clip	1.91	0.96
encouragement	1.92	1.26
ah	1.92	1.61
trollxers	1.92	1.34
intelligent	1.92	1.11
reaction	1.93	1.22
honor	1.93	1.47
buffy	1.93	1.00
haha	1.94	1.80
dogs	1.94	0.97
sailor	1.94	0.95
tho	1.94	1.44
bunny	1.95	0.94
eve	1.95	1.18
compliment	1.96	1.40
damn	1.96	1.75
gosh	1.96	1.52
thoughtful	1.96	1.17
strong	1.97	1.10
indeed	1.98	1.53
p	1.99	1.84
adopted	1.99	1.02
aw	1.99	1.49
ohhh	1.99	1.52
rescue	1.99	1.01
holiday	2.00	1.28
aww	2.01	1.44
yep	2.01	1.67
halloween	2.01	1.09
typo	2.01	1.91
snuggle	2.01	1.01
hahahahaha	2.02	1.43
rad	2.02	1.54
dog	2.02	0.96
dear	2.02	1.43
10/10	2.02	1.13
hugs	2.03	1.38
fun	2.03	1.49
david	2.04	1.02
cool	2.04	1.75
caring	2.05	1.11
glad	2.05	1.89
scene	2.05	1.17
ahh	2.05	1.55
hot	2.06	1.52
ring	2.07	1.05
hahah	2.07	1.50
animal	2.07	0.94
charming	2.07	0.96
kittens	2.08	0.96
movie	2.08	1.37
proper	2.09	1.72
pets	2.09	0.99
trollxer	2.10	1.25
hehe	2.12	1.40
vibes	2.13	1.28
engagement	2.13	1.04
helpful	2.15	1.36
polite	2.15	1.51
looks	2.16	1.39
warm	2.17	1.57
boo	2.17	1.50
lady	2.19	1.10
loving	2.19	1.01
ahhh	2.20	1.42
yes	2.20	1.73
rock	2.21	1.30
lmao	2.21	1.35
omfg	2.21	1.41
puppies	2.21	1.00
woo	2.22	1.21
cat	2.22	0.99
episode	2.22	0.96
goodness	2.22	1.43
cats	2.23	0.99
kitty	2.23	0.99
powerful	2.24	1.12
genius	2.24	1.25
present	2.25	1.53
cake	2.25	1.27
delicious	2.25	1.19
bet	2.25	1.83
ladies	2.27	1.26
presents	2.28	1.48
cuddles	2.28	1.16
kitties	2.29	1.00
kitten	2.29	0.97
puppy	2.30	0.97
quote	2.31	1.01
appreciate	2.32	1.28
hahahaha	2.32	1.41
watched	2.32	1.24
glorious	2.32	1.02
xd	2.33	1.36
luck	2.34	1.25
accurate	2.34	1.10
reminder	2.35	1.29
approve	2.36	1.21
thanks	2.36	1.56
cheers	2.36	1.19
relevant	2.37	1.09
describes	2.38	1.08
brave	2.39	0.98
hilarious	2.39	1.31
holidays	2.39	1.60
valentine	2.40	1.55
hahaha	2.40	1.46
reminded	2.40	1.07
fellow	2.41	1.17
show	2.42	1.26
soft	2.42	1.33
magical	2.43	0.96
christmas	2.44	1.57
supportive	2.44	1.28
god	2.47	1.41
ha	2.48	1.29
friendly	2.51	1.26
buddy	2.53	1.42
p.s	2.54	1.25
lucky	2.54	1.29
gentle	2.55	1.19
note	2.57	1.18
lt	2.57	1.41
celebrate	2.57	1.49
celebrating	2.58	1.52
ps	2.58	1.07
btw	2.59	1.21
smart	2.60	1.08
welcome	2.61	1.44
freaking	2.62	1.31
birthday	2.62	1.51
reminds	2.62	1.06
gifs	2.64	1.12
great	2.67	1.22
tina	2.69	1.18
thank	2.73	1.43
incredible	2.74	1.09
3	2.75	1.43
spirit	2.77	1.08
wishing	2.82	1.04
merry	2.82	1.24
username	2.83	1.23
wishes	2.83	1.02
fluffy	2.85	1.14
awe	2.87	1.29
upvote	2.87	1.07
omg	2.89	1.27
adore	2.91	1.01
wish	2.92	1.27
handsome	2.93	0.97
badass	2.95	1.05
reference	2.96	0.99
sexy	2.97	1.19
brilliant	2.98	1.08
cute	3.02	1.12
adorable	3.09	1.05
excellent	3.10	0.88
yay	3.20	1.19
congratulations	3.21	1.00
congrats	3.24	1.01
gif	3.28	0.83
perfect	3.29	0.86
fabulous	3.29	0.83
gorgeous	3.39	0.87
inspiration	3.41	0.79
sweet	3.44	0.79
flair	3.44	0.87
wonderful	3.48	0.71
beautiful	3.48	0.76
lovely	3.69	0.66
